timestamp_utc,timestamp_local,team_member,plug_id,plug_alias,plug_model,appliance,session_id,mode,sample_interval_sec,power_w,voltage_v,current_a,energy_today_kwh,energy_this_month_kwh,energy_total_kwh,state,rssi,signal_level,notes
2026-06-08T07:27:50.132713+00:00,2026-06-08 12:57:50,Abel,plug_2,NW_P2_Abel,P110,washing_machine,147a8794,normal_wash,5.0,2.155,236.173,0.044,0.0,1.924,,on,-62,,44 minute wash cycle run 2
2026-06-08T07:27:55.692166+00:00,2026-06-08 12:57:55,Abel,plug_2,NW_P2_Abel,P110,washing_machine,147a8794,normal_wash,5.0,1.894,236.179,0.044,0.0,1.924,,on,-63,,44 minute wash cycle run 2
2026-06-08T07:28:01.354286+00:00,2026-06-08 12:58:01,Abel,plug_2,NW_P2_Abel,P110,washing_machine,147a8794,normal_wash,5.0,1.846,236.145,0.044,0.0,1.924,,on,-63,,44 minute wash cycle run 2
2026-06-08T07:28:06.936684+00:00,2026-06-08 12:58:06,Abel,plug_2,NW_P2_Abel,P110,washing_machine,147a8794,normal_wash,5.0,1.939,236.283,0.044,0.0,1.924,,on,-61,,44 minute wash cycle run 2
2026-06-08T07:28:12.612763+00:00,2026-06-08 12:58:12,Abel,plug_2,NW_P2_Abel,P110,washing_machine,147a8794,normal_wash,5.0,1.812,236.356,0.044,0.0,1.924,,on,-62,,44 minute wash cycle run 2
2026-06-08T07:28:18.649925+00:00,2026-06-08 12:58:18,Abel,plug_2,NW_P2_Abel,P110,washing_machine,147a8794,normal_wash,5.0,1.871,236.294,0.044,0.0,1.924,,on,-63,,44 minute wash cycle run 2
2026-06-08T07:28:24.241955+00:00,2026-06-08 12:58:24,Abel,plug_2,NW_P2_Abel,P110,washing_machine,147a8794,normal_wash,5.0,1.845,236.532,0.044,0.0,1.924,,on,-63,,44 minute wash cycle run 2
2026-06-08T07:28:29.874180+00:00,2026-06-08 12:58:29,Abel,plug_2,NW_P2_Abel,P110,washing_machine,147a8794,normal_wash,5.0,2.074,236.553,0.044,0.0,1.924,,on,-62,,44 minute wash cycle run 2
2026-06-08T07:28:35.608043+00:00,2026-06-08 12:58:35,Abel,plug_2,NW_P2_Abel,P110,washing_machine,147a8794,normal_wash,5.0,2.147,236.549,0.045,0.0,1.924,,on,-61,,44 minute wash cycle run 2
2026-06-08T07:28:41.650444+00:00,2026-06-08 12:58:41,Abel,plug_2,NW_P2_Abel,P110,washing_machine,147a8794,normal_wash,5.0,2.072,236.573,0.045,0.0,1.924,,on,-61,,44 minute wash cycle run 2
2026-06-08T07:28:47.526918+00:00,2026-06-08 12:58:47,Abel,plug_2,NW_P2_Abel,P110,washing_machine,147a8794,normal_wash,5.0,2.479,236.467,0.05,0.0,1.924,,on,-60,,44 minute wash cycle run 2
2026-06-08T07:28:55.372027+00:00,2026-06-08 12:58:55,Abel,plug_2,NW_P2_Abel,P110,washing_machine,147a8794,normal_wash,5.0,8.723,236.566,0.044,0.0,1.924,,on,-63,,44 minute wash cycle run 2
2026-06-08T07:29:00.926697+00:00,2026-06-08 12:59:00,Abel,plug_2,NW_P2_Abel,P110,washing_machine,147a8794,normal_wash,5.0,5.516,236.251,0.043,0.0,1.924,,on,-62,,44 minute wash cycle run 2
2026-06-08T07:29:06.188105+00:00,2026-06-08 12:59:06,Abel,plug_2,NW_P2_Abel,P110,washing_machine,147a8794,normal_wash,5.0,8.879,236.418,0.045,0.0,1.924,,on,-63,,44 minute wash cycle run 2
2026-06-08T07:29:12.512244+00:00,2026-06-08 12:59:12,Abel,plug_2,NW_P2_Abel,P110,washing_machine,147a8794,normal_wash,5.0,8.859,236.637,0.044,0.0,1.924,,on,-63,,44 minute wash cycle run 2
2026-06-08T07:29:18.862226+00:00,2026-06-08 12:59:18,Abel,plug_2,NW_P2_Abel,P110,washing_machine,147a8794,normal_wash,5.0,8.741,236.655,0.044,0.0,1.925,,on,-64,,44 minute wash cycle run 2
2026-06-08T07:29:24.674948+00:00,2026-06-08 12:59:24,Abel,plug_2,NW_P2_Abel,P110,washing_machine,147a8794,normal_wash,5.0,8.74,236.815,0.044,0.0,1.925,,on,-62,,44 minute wash cycle run 2
2026-06-08T07:29:30.394464+00:00,2026-06-08 12:59:30,Abel,plug_2,NW_P2_Abel,P110,washing_machine,147a8794,normal_wash,5.0,8.736,236.928,0.044,0.0,1.925,,on,-63,,44 minute wash cycle run 2
2026-06-08T07:29:36.042568+00:00,2026-06-08 12:59:36,Abel,plug_2,NW_P2_Abel,P110,washing_machine,147a8794,normal_wash,5.0,8.736,237.041,0.044,0.0,1.925,,on,-63,,44 minute wash cycle run 2
2026-06-08T07:29:42.061992+00:00,2026-06-08 12:59:42,Abel,plug_2,NW_P2_Abel,P110,washing_machine,147a8794,normal_wash,5.0,8.757,237.248,0.044,0.0,1.925,,on,-63,,44 minute wash cycle run 2
2026-06-08T07:29:47.802287+00:00,2026-06-08 12:59:47,Abel,plug_2,NW_P2_Abel,P110,washing_machine,147a8794,normal_wash,5.0,8.78,237.289,1.62,0.0,1.925,,on,-63,,44 minute wash cycle run 2
2026-06-08T07:29:54.334245+00:00,2026-06-08 12:59:54,Abel,plug_2,NW_P2_Abel,P110,washing_machine,147a8794,normal_wash,5.0,102.578,236.876,1.745,0.001,1.925,,on,-63,,44 minute wash cycle run 2
2026-06-08T07:30:00.407084+00:00,2026-06-08 13:00:00,Abel,plug_2,NW_P2_Abel,P110,washing_machine,147a8794,normal_wash,5.0,2.645,237.139,0.045,0.001,1.925,,on,-63,,44 minute wash cycle run 2
2026-06-08T07:30:05.683460+00:00,2026-06-08 13:00:05,Abel,plug_2,NW_P2_Abel,P110,washing_machine,147a8794,normal_wash,5.0,2.655,237.335,0.045,0.001,1.925,,on,-62,,44 minute wash cycle run 2
2026-06-08T07:30:10.986122+00:00,2026-06-08 13:00:10,Abel,plug_2,NW_P2_Abel,P110,washing_machine,147a8794,normal_wash,5.0,91.454,237.15,1.505,0.001,1.925,,on,-62,,44 minute wash cycle run 2
2026-06-08T07:30:16.247817+00:00,2026-06-08 13:00:16,Abel,plug_2,NW_P2_Abel,P110,washing_machine,147a8794,normal_wash,5.0,65.139,237.087,2.087,0.001,1.925,,on,-62,,44 minute wash cycle run 2
2026-06-08T07:30:21.525509+00:00,2026-06-08 13:00:21,Abel,plug_2,NW_P2_Abel,P110,washing_machine,147a8794,normal_wash,5.0,86.077,237.242,2.166,0.001,1.925,,on,-63,,44 minute wash cycle run 2
2026-06-08T07:30:26.808228+00:00,2026-06-08 13:00:26,Abel,plug_2,NW_P2_Abel,P110,washing_machine,147a8794,normal_wash,5.0,93.44,237.371,1.781,0.001,1.925,,on,-63,,44 minute wash cycle run 2
2026-06-08T07:30:34.132268+00:00,2026-06-08 13:00:34,Abel,plug_2,NW_P2_Abel,P110,washing_machine,147a8794,normal_wash,5.0,8.762,237.645,0.045,0.001,1.925,,on,-63,,44 minute wash cycle run 2
2026-06-08T07:30:39.630286+00:00,2026-06-08 13:00:39,Abel,plug_2,NW_P2_Abel,P110,washing_machine,147a8794,normal_wash,5.0,2.618,237.89,0.045,0.001,1.925,,on,-62,,44 minute wash cycle run 2
2026-06-08T07:30:44.975452+00:00,2026-06-08 13:00:44,Abel,plug_2,NW_P2_Abel,P110,washing_machine,147a8794,normal_wash,5.0,93.856,237.473,3.18,0.001,1.925,,on,-63,,44 minute wash cycle run 2
2026-06-08T07:30:50.364088+00:00,2026-06-08 13:00:50,Abel,plug_2,NW_P2_Abel,P110,washing_machine,147a8794,normal_wash,5.0,91.513,237.63,2.172,0.001,1.926,,on,-63,,44 minute wash cycle run 2
2026-06-08T07:30:55.865790+00:00,2026-06-08 13:00:55,Abel,plug_2,NW_P2_Abel,P110,washing_machine,147a8794,normal_wash,5.0,2.637,238.164,0.045,0.001,1.926,,on,-63,,44 minute wash cycle run 2
2026-06-08T07:31:01.631807+00:00,2026-06-08 13:01:01,Abel,plug_2,NW_P2_Abel,P110,washing_machine,147a8794,normal_wash,5.0,6.9,238.04,0.045,0.001,1.926,,on,-63,,44 minute wash cycle run 2
2026-06-08T07:31:07.212003+00:00,2026-06-08 13:01:07,Abel,plug_2,NW_P2_Abel,P110,washing_machine,147a8794,normal_wash,5.0,90.31,237.686,1.933,0.002,1.926,,on,-62,,44 minute wash cycle run 2
2026-06-08T07:31:12.828790+00:00,2026-06-08 13:01:12,Abel,plug_2,NW_P2_Abel,P110,washing_machine,147a8794,normal_wash,5.0,81.222,237.697,2.368,0.002,1.926,,on,-63,,44 minute wash cycle run 2
2026-06-08T07:31:18.712036+00:00,2026-06-08 13:01:18,Abel,plug_2,NW_P2_Abel,P110,washing_machine,147a8794,normal_wash,5.0,80.047,237.692,2.591,0.002,1.926,,on,-62,,44 minute wash cycle run 2
2026-06-08T07:31:24.241367+00:00,2026-06-08 13:01:24,Abel,plug_2,NW_P2_Abel,P110,washing_machine,147a8794,normal_wash,5.0,7.64,238.082,0.699,0.002,1.926,,on,-63,,44 minute wash cycle run 2
2026-06-08T07:31:29.705017+00:00,2026-06-08 13:01:29,Abel,plug_2,NW_P2_Abel,P110,washing_machine,147a8794,normal_wash,5.0,2.622,238.022,0.045,0.002,1.926,,on,-63,,44 minute wash cycle run 2
2026-06-08T07:31:35.150839+00:00,2026-06-08 13:01:35,Abel,plug_2,NW_P2_Abel,P110,washing_machine,147a8794,normal_wash,5.0,2.621,238.06,0.045,0.002,1.926,,on,-63,,44 minute wash cycle run 2
2026-06-08T07:31:42.114796+00:00,2026-06-08 13:01:42,Abel,plug_2,NW_P2_Abel,P110,washing_machine,147a8794,normal_wash,5.0,118.592,237.413,2.48,0.002,1.926,,on,-64,,44 minute wash cycle run 2
2026-06-08T07:31:47.488814+00:00,2026-06-08 13:01:47,Abel,plug_2,NW_P2_Abel,P110,washing_machine,147a8794,normal_wash,5.0,2.68,237.91,0.472,0.002,1.926,,on,-63,,44 minute wash cycle run 2
2026-06-08T07:31:52.968477+00:00,2026-06-08 13:01:52,Abel,plug_2,NW_P2_Abel,P110,washing_machine,147a8794,normal_wash,5.0,93.675,237.456,2.313,0.002,1.927,,on,-63,,44 minute wash cycle run 2
2026-06-08T07:31:58.296500+00:00,2026-06-08 13:01:58,Abel,plug_2,NW_P2_Abel,P110,washing_machine,147a8794,normal_wash,5.0,94.075,237.601,2.295,0.002,1.927,,on,-62,,44 minute wash cycle run 2
2026-06-08T07:32:03.622463+00:00,2026-06-08 13:02:03,Abel,plug_2,NW_P2_Abel,P110,washing_machine,147a8794,normal_wash,5.0,2.623,237.846,0.045,0.003,1.927,,on,-63,,44 minute wash cycle run 2
2026-06-08T07:32:09.192676+00:00,2026-06-08 13:02:09,Abel,plug_2,NW_P2_Abel,P110,washing_machine,147a8794,normal_wash,5.0,2.688,238.056,0.045,0.003,1.927,,on,-63,,44 minute wash cycle run 2
2026-06-08T07:32:15.239806+00:00,2026-06-08 13:02:15,Abel,plug_2,NW_P2_Abel,P110,washing_machine,147a8794,normal_wash,5.0,96.578,237.674,3.586,0.003,1.927,,on,-63,,44 minute wash cycle run 2
2026-06-08T07:32:20.692545+00:00,2026-06-08 13:02:20,Abel,plug_2,NW_P2_Abel,P110,washing_machine,147a8794,normal_wash,5.0,118.897,237.881,2.009,0.003,1.927,,on,-62,,44 minute wash cycle run 2
2026-06-08T07:32:26.059896+00:00,2026-06-08 13:02:26,Abel,plug_2,NW_P2_Abel,P110,washing_machine,147a8794,normal_wash,5.0,8.613,238.226,0.044,0.003,1.927,,on,-64,,44 minute wash cycle run 2
2026-06-08T07:32:31.485288+00:00,2026-06-08 13:02:31,Abel,plug_2,NW_P2_Abel,P110,washing_machine,147a8794,normal_wash,5.0,133.11,238.182,3.873,0.003,1.927,,on,-63,,44 minute wash cycle run 2
2026-06-08T07:32:36.886766+00:00,2026-06-08 13:02:36,Abel,plug_2,NW_P2_Abel,P110,washing_machine,147a8794,normal_wash,5.0,99.387,237.561,2.211,0.003,1.927,,on,-62,,44 minute wash cycle run 2
2026-06-08T07:32:42.285377+00:00,2026-06-08 13:02:42,Abel,plug_2,NW_P2_Abel,P110,washing_machine,147a8794,normal_wash,5.0,76.559,237.698,2.178,0.003,1.928,,on,-62,,44 minute wash cycle run 2
2026-06-08T07:32:47.753362+00:00,2026-06-08 13:02:47,Abel,plug_2,NW_P2_Abel,P110,washing_machine,147a8794,normal_wash,5.0,2.622,238.075,0.045,0.003,1.928,,on,-63,,44 minute wash cycle run 2
2026-06-08T07:32:53.187052+00:00,2026-06-08 13:02:53,Abel,plug_2,NW_P2_Abel,P110,washing_machine,147a8794,normal_wash,5.0,176.348,237.661,1.679,0.003,1.928,,on,-62,,44 minute wash cycle run 2
2026-06-08T07:32:58.854559+00:00,2026-06-08 13:02:58,Abel,plug_2,NW_P2_Abel,P110,washing_machine,147a8794,normal_wash,5.0,102.754,237.636,2.119,0.004,1.928,,on,-62,,44 minute wash cycle run 2
2026-06-08T07:33:04.286708+00:00,2026-06-08 13:03:04,Abel,plug_2,NW_P2_Abel,P110,washing_machine,147a8794,normal_wash,5.0,2.629,237.716,0.045,0.004,1.928,,on,-62,,44 minute wash cycle run 2
2026-06-08T07:33:09.631703+00:00,2026-06-08 13:03:09,Abel,plug_2,NW_P2_Abel,P110,washing_machine,147a8794,normal_wash,5.0,11.753,238.068,1.656,0.004,1.928,,on,-61,,44 minute wash cycle run 2
2026-06-08T07:33:15.027566+00:00,2026-06-08 13:03:15,Abel,plug_2,NW_P2_Abel,P110,washing_machine,147a8794,normal_wash,5.0,97.518,237.544,2.296,0.004,1.928,,on,-63,,44 minute wash cycle run 2
2026-06-08T07:33:21.581084+00:00,2026-06-08 13:03:21,Abel,plug_2,NW_P2_Abel,P110,washing_machine,147a8794,normal_wash,5.0,100.733,237.347,2.434,0.004,1.928,,on,-62,,44 minute wash cycle run 2
2026-06-08T07:34:15.219646+00:00,2026-06-08 13:04:15,Abel,plug_2,NW_P2_Abel,P110,washing_machine,147a8794,normal_wash,5.0,106.994,237.422,4.056,0.005,1.929,,on,-63,,44 minute wash cycle run 2
2026-06-08T07:34:36.704457+00:00,2026-06-08 13:04:36,Abel,plug_2,NW_P2_Abel,P110,washing_machine,147a8794,normal_wash,5.0,116.577,237.069,2.507,0.005,1.93,,on,-63,,44 minute wash cycle run 2
2026-06-08T07:34:42.078771+00:00,2026-06-08 13:04:42,Abel,plug_2,NW_P2_Abel,P110,washing_machine,147a8794,normal_wash,5.0,110.347,236.982,2.627,0.005,1.93,,on,-62,,44 minute wash cycle run 2
2026-06-08T07:34:47.528662+00:00,2026-06-08 13:04:47,Abel,plug_2,NW_P2_Abel,P110,washing_machine,147a8794,normal_wash,5.0,2.61,237.054,0.045,0.005,1.93,,on,-62,,44 minute wash cycle run 2
2026-06-08T07:34:52.883572+00:00,2026-06-08 13:04:52,Abel,plug_2,NW_P2_Abel,P110,washing_machine,147a8794,normal_wash,5.0,183.647,237.061,2.085,0.006,1.93,,on,-64,,44 minute wash cycle run 2
2026-06-08T07:34:58.346200+00:00,2026-06-08 13:04:58,Abel,plug_2,NW_P2_Abel,P110,washing_machine,147a8794,normal_wash,5.0,103.538,236.685,2.57,0.006,1.93,,on,-63,,44 minute wash cycle run 2
2026-06-08T07:35:03.887560+00:00,2026-06-08 13:05:03,Abel,plug_2,NW_P2_Abel,P110,washing_machine,147a8794,normal_wash,5.0,2.693,236.765,0.046,0.006,1.93,,on,-62,,44 minute wash cycle run 2
2026-06-08T07:35:09.325846+00:00,2026-06-08 13:05:09,Abel,plug_2,NW_P2_Abel,P110,washing_machine,147a8794,normal_wash,5.0,2.684,237.266,0.046,0.006,1.93,,on,-63,,44 minute wash cycle run 2
2026-06-08T07:35:15.185378+00:00,2026-06-08 13:05:15,Abel,plug_2,NW_P2_Abel,P110,washing_machine,147a8794,normal_wash,5.0,114.87,236.62,2.707,0.006,1.93,,on,-62,,44 minute wash cycle run 2
2026-06-08T07:35:20.585153+00:00,2026-06-08 13:05:20,Abel,plug_2,NW_P2_Abel,P110,washing_machine,147a8794,normal_wash,5.0,118.808,236.64,2.745,0.006,1.93,,on,-62,,44 minute wash cycle run 2
2026-06-08T07:35:25.980566+00:00,2026-06-08 13:05:25,Abel,plug_2,NW_P2_Abel,P110,washing_machine,147a8794,normal_wash,5.0,2.606,237.267,0.045,0.006,1.931,,on,-64,,44 minute wash cycle run 2
2026-06-08T07:35:31.542148+00:00,2026-06-08 13:05:31,Abel,plug_2,NW_P2_Abel,P110,washing_machine,147a8794,normal_wash,5.0,2.729,237.232,0.046,0.006,1.931,,on,-63,,44 minute wash cycle run 2
2026-06-08T07:35:40.404348+00:00,2026-06-08 13:05:40,Abel,plug_2,NW_P2_Abel,P110,washing_machine,147a8794,normal_wash,5.0,123.167,236.597,2.83,0.007,1.931,,on,-64,,44 minute wash cycle run 2
2026-06-08T07:35:45.829250+00:00,2026-06-08 13:05:45,Abel,plug_2,NW_P2_Abel,P110,washing_machine,147a8794,normal_wash,5.0,2.695,237.0,0.045,0.007,1.931,,on,-63,,44 minute wash cycle run 2
2026-06-08T07:35:51.273942+00:00,2026-06-08 13:05:51,Abel,plug_2,NW_P2_Abel,P110,washing_machine,147a8794,normal_wash,5.0,81.034,236.215,0.046,0.007,1.931,,on,-64,,44 minute wash cycle run 2
2026-06-08T07:35:56.576433+00:00,2026-06-08 13:05:56,Abel,plug_2,NW_P2_Abel,P110,washing_machine,147a8794,normal_wash,5.0,134.275,236.596,2.673,0.007,1.931,,on,-62,,44 minute wash cycle run 2
2026-06-08T07:36:01.970573+00:00,2026-06-08 13:06:01,Abel,plug_2,NW_P2_Abel,P110,washing_machine,147a8794,normal_wash,5.0,119.084,236.534,2.774,0.007,1.931,,on,-64,,44 minute wash cycle run 2
2026-06-08T07:36:07.331172+00:00,2026-06-08 13:06:07,Abel,plug_2,NW_P2_Abel,P110,washing_machine,147a8794,normal_wash,5.0,2.663,237.159,0.046,0.007,1.931,,on,-64,,44 minute wash cycle run 2
2026-06-08T07:36:12.771133+00:00,2026-06-08 13:06:12,Abel,plug_2,NW_P2_Abel,P110,washing_machine,147a8794,normal_wash,5.0,184.444,236.956,4.097,0.007,1.931,,on,-64,,44 minute wash cycle run 2
2026-06-08T07:36:19.379944+00:00,2026-06-08 13:06:19,Abel,plug_2,NW_P2_Abel,P110,washing_machine,147a8794,normal_wash,5.0,126.054,236.591,2.841,0.007,1.932,,on,-63,,44 minute wash cycle run 2
2026-06-08T07:36:24.792562+00:00,2026-06-08 13:06:24,Abel,plug_2,NW_P2_Abel,P110,washing_machine,147a8794,normal_wash,5.0,2.671,237.149,0.046,0.008,1.932,,on,-62,,44 minute wash cycle run 2
2026-06-08T07:36:31.905294+00:00,2026-06-08 13:06:31,Abel,plug_2,NW_P2_Abel,P110,washing_machine,147a8794,normal_wash,5.0,2.998,237.003,4.218,0.008,1.932,,on,-62,,44 minute wash cycle run 2
2026-06-08T07:36:37.338510+00:00,2026-06-08 13:06:37,Abel,plug_2,NW_P2_Abel,P110,washing_machine,147a8794,normal_wash,5.0,120.233,236.578,2.832,0.008,1.932,,on,-62,,44 minute wash cycle run 2
2026-06-08T07:36:42.787166+00:00,2026-06-08 13:06:42,Abel,plug_2,NW_P2_Abel,P110,washing_machine,147a8794,normal_wash,5.0,81.027,236.593,2.738,0.008,1.932,,on,-62,,44 minute wash cycle run 2
2026-06-08T07:36:48.443911+00:00,2026-06-08 13:06:48,Abel,plug_2,NW_P2_Abel,P110,washing_machine,147a8794,normal_wash,5.0,2.736,237.028,0.045,0.008,1.932,,on,-62,,44 minute wash cycle run 2
2026-06-08T07:36:53.789204+00:00,2026-06-08 13:06:53,Abel,plug_2,NW_P2_Abel,P110,washing_machine,147a8794,normal_wash,5.0,196.571,236.222,2.369,0.008,1.932,,on,-64,,44 minute wash cycle run 2
2026-06-08T07:36:59.196294+00:00,2026-06-08 13:06:59,Abel,plug_2,NW_P2_Abel,P110,washing_machine,147a8794,normal_wash,5.0,124.943,236.462,2.884,0.008,1.933,,on,-63,,44 minute wash cycle run 2
2026-06-08T07:37:04.694454+00:00,2026-06-08 13:07:04,Abel,plug_2,NW_P2_Abel,P110,washing_machine,147a8794,normal_wash,5.0,2.594,236.738,0.045,0.008,1.933,,on,-64,,44 minute wash cycle run 2
2026-06-08T07:37:10.142393+00:00,2026-06-08 13:07:10,Abel,plug_2,NW_P2_Abel,P110,washing_machine,147a8794,normal_wash,5.0,30.146,236.988,2.6,0.008,1.933,,on,-64,,44 minute wash cycle run 2
2026-06-08T07:37:15.584611+00:00,2026-06-08 13:07:15,Abel,plug_2,NW_P2_Abel,P110,washing_machine,147a8794,normal_wash,5.0,115.891,236.422,2.788,0.009,1.933,,on,-62,,44 minute wash cycle run 2
2026-06-08T07:37:20.885206+00:00,2026-06-08 13:07:20,Abel,plug_2,NW_P2_Abel,P110,washing_machine,147a8794,normal_wash,5.0,118.825,236.579,2.716,0.009,1.933,,on,-62,,44 minute wash cycle run 2
2026-06-08T07:37:26.159969+00:00,2026-06-08 13:07:26,Abel,plug_2,NW_P2_Abel,P110,washing_machine,147a8794,normal_wash,5.0,2.611,236.976,0.045,0.009,1.933,,on,-64,,44 minute wash cycle run 2
2026-06-08T07:37:31.436841+00:00,2026-06-08 13:07:31,Abel,plug_2,NW_P2_Abel,P110,washing_machine,147a8794,normal_wash,5.0,2.595,236.984,0.046,0.009,1.933,,on,-62,,44 minute wash cycle run 2
2026-06-08T07:37:36.711185+00:00,2026-06-08 13:07:36,Abel,plug_2,NW_P2_Abel,P110,washing_machine,147a8794,normal_wash,5.0,117.222,236.425,2.966,0.009,1.933,,on,-63,,44 minute wash cycle run 2
2026-06-08T07:37:41.974036+00:00,2026-06-08 13:07:41,Abel,plug_2,NW_P2_Abel,P110,washing_machine,147a8794,normal_wash,5.0,122.489,236.391,2.781,0.009,1.934,,on,-62,,44 minute wash cycle run 2
2026-06-08T07:37:47.269888+00:00,2026-06-08 13:07:47,Abel,plug_2,NW_P2_Abel,P110,washing_machine,147a8794,normal_wash,5.0,2.538,236.752,0.045,0.009,1.934,,on,-62,,44 minute wash cycle run 2
2026-06-08T07:37:52.561237+00:00,2026-06-08 13:07:52,Abel,plug_2,NW_P2_Abel,P110,washing_machine,147a8794,normal_wash,5.0,161.561,236.099,2.924,0.009,1.934,,on,-64,,44 minute wash cycle run 2
2026-06-08T07:37:59.067588+00:00,2026-06-08 13:07:59,Abel,plug_2,NW_P2_Abel,P110,washing_machine,147a8794,normal_wash,5.0,118.29,236.448,2.882,0.01,1.934,,on,-64,,44 minute wash cycle run 2
2026-06-08T07:38:04.326347+00:00,2026-06-08 13:08:04,Abel,plug_2,NW_P2_Abel,P110,washing_machine,147a8794,normal_wash,5.0,2.694,236.633,0.045,0.01,1.934,,on,-64,,44 minute wash cycle run 2
2026-06-08T07:38:09.582996+00:00,2026-06-08 13:08:09,Abel,plug_2,NW_P2_Abel,P110,washing_machine,147a8794,normal_wash,5.0,2.716,236.918,0.045,0.01,1.934,,on,-62,,44 minute wash cycle run 2
2026-06-08T07:38:14.848243+00:00,2026-06-08 13:08:14,Abel,plug_2,NW_P2_Abel,P110,washing_machine,147a8794,normal_wash,5.0,140.57,236.167,3.879,0.01,1.934,,on,-62,,44 minute wash cycle run 2
2026-06-08T07:38:20.148186+00:00,2026-06-08 13:08:20,Abel,plug_2,NW_P2_Abel,P110,washing_machine,147a8794,normal_wash,5.0,114.628,236.341,2.732,0.01,1.934,,on,-62,,44 minute wash cycle run 2
2026-06-08T07:38:25.432563+00:00,2026-06-08 13:08:25,Abel,plug_2,NW_P2_Abel,P110,washing_machine,147a8794,normal_wash,5.0,2.668,236.6,0.046,0.01,1.934,,on,-63,,44 minute wash cycle run 2
2026-06-08T07:38:30.678368+00:00,2026-06-08 13:08:30,Abel,plug_2,NW_P2_Abel,P110,washing_machine,147a8794,normal_wash,5.0,198.004,236.49,0.045,0.01,1.934,,on,-63,,44 minute wash cycle run 2
2026-06-08T07:38:35.938990+00:00,2026-06-08 13:08:35,Abel,plug_2,NW_P2_Abel,P110,washing_machine,147a8794,normal_wash,5.0,121.711,236.161,2.907,0.01,1.935,,on,-64,,44 minute wash cycle run 2
2026-06-08T07:38:41.217228+00:00,2026-06-08 13:08:41,Abel,plug_2,NW_P2_Abel,P110,washing_machine,147a8794,normal_wash,5.0,116.814,236.311,2.74,0.011,1.935,,on,-63,,44 minute wash cycle run 2
2026-06-08T07:38:46.514374+00:00,2026-06-08 13:08:46,Abel,plug_2,NW_P2_Abel,P110,washing_machine,147a8794,normal_wash,5.0,2.7,236.707,0.045,0.011,1.935,,on,-62,,44 minute wash cycle run 2
2026-06-08T07:38:51.783580+00:00,2026-06-08 13:08:51,Abel,plug_2,NW_P2_Abel,P110,washing_machine,147a8794,normal_wash,5.0,42.313,236.697,0.046,0.011,1.935,,on,-62,,44 minute wash cycle run 2
2026-06-08T07:38:57.093938+00:00,2026-06-08 13:08:57,Abel,plug_2,NW_P2_Abel,P110,washing_machine,147a8794,normal_wash,5.0,121.525,236.046,2.793,0.011,1.935,,on,-63,,44 minute wash cycle run 2
2026-06-08T07:39:02.360540+00:00,2026-06-08 13:09:02,Abel,plug_2,NW_P2_Abel,P110,washing_machine,147a8794,normal_wash,5.0,123.29,236.146,2.775,0.011,1.935,,on,-64,,44 minute wash cycle run 2
2026-06-08T07:39:07.603687+00:00,2026-06-08 13:09:07,Abel,plug_2,NW_P2_Abel,P110,washing_machine,147a8794,normal_wash,5.0,2.678,236.623,0.045,0.011,1.935,,on,-63,,44 minute wash cycle run 2
2026-06-08T07:39:12.861476+00:00,2026-06-08 13:09:12,Abel,plug_2,NW_P2_Abel,P110,washing_machine,147a8794,normal_wash,5.0,121.807,236.539,2.879,0.011,1.935,,on,-62,,44 minute wash cycle run 2
2026-06-08T07:39:18.141982+00:00,2026-06-08 13:09:18,Abel,plug_2,NW_P2_Abel,P110,washing_machine,147a8794,normal_wash,5.0,117.627,236.409,2.728,0.011,1.936,,on,-62,,44 minute wash cycle run 2
2026-06-08T07:39:23.427726+00:00,2026-06-08 13:09:23,Abel,plug_2,NW_P2_Abel,P110,washing_machine,147a8794,normal_wash,5.0,2.612,236.444,2.71,0.011,1.936,,on,-64,,44 minute wash cycle run 2
2026-06-08T07:39:28.752596+00:00,2026-06-08 13:09:28,Abel,plug_2,NW_P2_Abel,P110,washing_machine,147a8794,normal_wash,5.0,2.754,236.896,0.045,0.011,1.936,,on,-64,,44 minute wash cycle run 2
2026-06-08T07:39:34.020383+00:00,2026-06-08 13:09:34,Abel,plug_2,NW_P2_Abel,P110,washing_machine,147a8794,normal_wash,5.0,130.51,236.034,0.086,0.012,1.936,,on,-63,,44 minute wash cycle run 2
2026-06-08T07:39:39.285991+00:00,2026-06-08 13:09:39,Abel,plug_2,NW_P2_Abel,P110,washing_machine,147a8794,normal_wash,5.0,122.083,236.493,2.666,0.012,1.936,,on,-63,,44 minute wash cycle run 2
2026-06-08T07:39:44.559842+00:00,2026-06-08 13:09:44,Abel,plug_2,NW_P2_Abel,P110,washing_machine,147a8794,normal_wash,5.0,2.64,236.917,0.064,0.012,1.936,,on,-63,,44 minute wash cycle run 2
2026-06-08T07:39:49.805631+00:00,2026-06-08 13:09:49,Abel,plug_2,NW_P2_Abel,P110,washing_machine,147a8794,normal_wash,5.0,2.721,236.891,0.067,0.012,1.936,,on,-64,,44 minute wash cycle run 2
2026-06-08T07:39:55.084624+00:00,2026-06-08 13:09:55,Abel,plug_2,NW_P2_Abel,P110,washing_machine,147a8794,normal_wash,5.0,122.03,236.546,2.764,0.012,1.936,,on,-62,,44 minute wash cycle run 2
2026-06-08T07:40:00.412400+00:00,2026-06-08 13:10:00,Abel,plug_2,NW_P2_Abel,P110,washing_machine,147a8794,normal_wash,5.0,122.184,236.575,2.737,0.012,1.936,,on,-63,,44 minute wash cycle run 2
2026-06-08T07:40:05.681653+00:00,2026-06-08 13:10:05,Abel,plug_2,NW_P2_Abel,P110,washing_machine,147a8794,normal_wash,5.0,119.147,236.331,0.074,0.012,1.937,,on,-62,,44 minute wash cycle run 2
2026-06-08T07:40:10.939311+00:00,2026-06-08 13:10:10,Abel,plug_2,NW_P2_Abel,P110,washing_machine,147a8794,normal_wash,5.0,110.979,236.554,2.766,0.013,1.937,,on,-63,,44 minute wash cycle run 2
2026-06-08T07:40:20.480751+00:00,2026-06-08 13:10:20,Abel,plug_2,NW_P2_Abel,P110,washing_machine,147a8794,normal_wash,5.0,2.686,237.154,0.045,0.013,1.937,,on,-64,,44 minute wash cycle run 2
2026-06-08T07:40:25.737565+00:00,2026-06-08 13:10:25,Abel,plug_2,NW_P2_Abel,P110,washing_machine,147a8794,normal_wash,5.0,2.572,237.345,0.045,0.013,1.937,,on,-63,,44 minute wash cycle run 2
2026-06-08T07:40:31.022761+00:00,2026-06-08 13:10:31,Abel,plug_2,NW_P2_Abel,P110,washing_machine,147a8794,normal_wash,5.0,125.956,236.891,3.668,0.013,1.937,,on,-64,,44 minute wash cycle run 2
2026-06-08T07:40:36.307764+00:00,2026-06-08 13:10:36,Abel,plug_2,NW_P2_Abel,P110,washing_machine,147a8794,normal_wash,5.0,131.21,236.875,2.974,0.013,1.937,,on,-62,,44 minute wash cycle run 2
2026-06-08T07:40:41.560823+00:00,2026-06-08 13:10:41,Abel,plug_2,NW_P2_Abel,P110,washing_machine,147a8794,normal_wash,5.0,2.594,237.379,0.045,0.013,1.937,,on,-63,,44 minute wash cycle run 2
2026-06-08T07:40:46.831347+00:00,2026-06-08 13:10:46,Abel,plug_2,NW_P2_Abel,P110,washing_machine,147a8794,normal_wash,5.0,208.356,237.308,3.516,0.013,1.937,,on,-64,,44 minute wash cycle run 2
2026-06-08T07:40:52.104853+00:00,2026-06-08 13:10:52,Abel,plug_2,NW_P2_Abel,P110,washing_machine,147a8794,normal_wash,5.0,112.139,237.155,2.661,0.013,1.938,,on,-62,,44 minute wash cycle run 2
2026-06-08T07:40:57.390727+00:00,2026-06-08 13:10:57,Abel,plug_2,NW_P2_Abel,P110,washing_machine,147a8794,normal_wash,5.0,114.575,237.056,2.754,0.014,1.938,,on,-62,,44 minute wash cycle run 2
2026-06-08T07:41:02.697177+00:00,2026-06-08 13:11:02,Abel,plug_2,NW_P2_Abel,P110,washing_machine,147a8794,normal_wash,5.0,2.64,237.474,0.046,0.014,1.938,,on,-62,,44 minute wash cycle run 2
2026-06-08T07:41:08.010043+00:00,2026-06-08 13:11:08,Abel,plug_2,NW_P2_Abel,P110,washing_machine,147a8794,normal_wash,5.0,47.128,237.356,3.299,0.014,1.938,,on,-64,,44 minute wash cycle run 2
2026-06-08T07:41:13.283578+00:00,2026-06-08 13:11:13,Abel,plug_2,NW_P2_Abel,P110,washing_machine,147a8794,normal_wash,5.0,118.951,236.756,2.69,0.014,1.938,,on,-62,,44 minute wash cycle run 2
2026-06-08T07:41:18.560988+00:00,2026-06-08 13:11:18,Abel,plug_2,NW_P2_Abel,P110,washing_machine,147a8794,normal_wash,5.0,76.547,237.053,2.855,0.014,1.938,,on,-63,,44 minute wash cycle run 2
2026-06-08T07:41:23.836023+00:00,2026-06-08 13:11:23,Abel,plug_2,NW_P2_Abel,P110,washing_machine,147a8794,normal_wash,5.0,2.689,237.118,0.045,0.014,1.938,,on,-63,,44 minute wash cycle run 2
2026-06-08T07:41:29.105604+00:00,2026-06-08 13:11:29,Abel,plug_2,NW_P2_Abel,P110,washing_machine,147a8794,normal_wash,5.0,116.249,236.727,2.804,0.014,1.938,,on,-64,,44 minute wash cycle run 2
2026-06-08T07:41:34.464014+00:00,2026-06-08 13:11:34,Abel,plug_2,NW_P2_Abel,P110,washing_machine,147a8794,normal_wash,5.0,111.46,236.829,2.648,0.014,1.939,,on,-62,,44 minute wash cycle run 2
2026-06-08T07:41:39.736897+00:00,2026-06-08 13:11:39,Abel,plug_2,NW_P2_Abel,P110,washing_machine,147a8794,normal_wash,5.0,2.647,237.434,1.97,0.014,1.939,,on,-63,,44 minute wash cycle run 2
2026-06-08T07:41:45.011957+00:00,2026-06-08 13:11:45,Abel,plug_2,NW_P2_Abel,P110,washing_machine,147a8794,normal_wash,5.0,2.665,237.288,0.046,0.014,1.939,,on,-64,,44 minute wash cycle run 2
2026-06-08T07:41:50.276122+00:00,2026-06-08 13:11:50,Abel,plug_2,NW_P2_Abel,P110,washing_machine,147a8794,normal_wash,5.0,127.574,236.575,2.93,0.015,1.939,,on,-63,,44 minute wash cycle run 2
2026-06-08T07:41:55.542493+00:00,2026-06-08 13:11:55,Abel,plug_2,NW_P2_Abel,P110,washing_machine,147a8794,normal_wash,5.0,128.656,236.871,2.729,0.015,1.939,,on,-63,,44 minute wash cycle run 2
2026-06-08T07:42:00.809613+00:00,2026-06-08 13:12:00,Abel,plug_2,NW_P2_Abel,P110,washing_machine,147a8794,normal_wash,5.0,2.655,237.128,0.047,0.015,1.939,,on,-63,,44 minute wash cycle run 2
2026-06-08T07:42:06.071683+00:00,2026-06-08 13:12:06,Abel,plug_2,NW_P2_Abel,P110,washing_machine,147a8794,normal_wash,5.0,159.263,236.347,0.338,0.015,1.939,,on,-60,,44 minute wash cycle run 2
2026-06-08T07:42:11.352557+00:00,2026-06-08 13:12:11,Abel,plug_2,NW_P2_Abel,P110,washing_machine,147a8794,normal_wash,5.0,135.671,236.643,2.844,0.015,1.939,,on,-61,,44 minute wash cycle run 2
2026-06-08T07:42:16.621456+00:00,2026-06-08 13:12:16,Abel,plug_2,NW_P2_Abel,P110,washing_machine,147a8794,normal_wash,5.0,118.693,236.794,2.844,0.015,1.939,,on,-62,,44 minute wash cycle run 2
2026-06-08T07:42:21.900152+00:00,2026-06-08 13:12:21,Abel,plug_2,NW_P2_Abel,P110,washing_machine,147a8794,normal_wash,5.0,2.762,237.341,0.045,0.015,1.939,,on,-62,,44 minute wash cycle run 2
2026-06-08T07:42:27.188205+00:00,2026-06-08 13:12:27,Abel,plug_2,NW_P2_Abel,P110,washing_machine,147a8794,normal_wash,5.0,10.435,237.079,0.045,0.015,1.94,,on,-61,,44 minute wash cycle run 2
2026-06-08T07:42:32.444547+00:00,2026-06-08 13:12:32,Abel,plug_2,NW_P2_Abel,P110,washing_machine,147a8794,normal_wash,5.0,116.52,236.704,2.898,0.015,1.94,,on,-64,,44 minute wash cycle run 2
2026-06-08T07:42:37.724563+00:00,2026-06-08 13:12:37,Abel,plug_2,NW_P2_Abel,P110,washing_machine,147a8794,normal_wash,5.0,120.658,236.753,2.008,0.016,1.94,,on,-63,,44 minute wash cycle run 2
2026-06-08T07:42:43.033504+00:00,2026-06-08 13:12:43,Abel,plug_2,NW_P2_Abel,P110,washing_machine,147a8794,normal_wash,5.0,2.61,237.137,0.045,0.016,1.94,,on,-61,,44 minute wash cycle run 2
2026-06-08T07:42:48.333818+00:00,2026-06-08 13:12:48,Abel,plug_2,NW_P2_Abel,P110,washing_machine,147a8794,normal_wash,5.0,125.902,236.771,3.485,0.016,1.94,,on,-63,,44 minute wash cycle run 2
2026-06-08T07:42:53.620094+00:00,2026-06-08 13:12:53,Abel,plug_2,NW_P2_Abel,P110,washing_machine,147a8794,normal_wash,5.0,120.192,236.709,2.76,0.016,1.94,,on,-63,,44 minute wash cycle run 2
2026-06-08T07:42:58.889493+00:00,2026-06-08 13:12:58,Abel,plug_2,NW_P2_Abel,P110,washing_machine,147a8794,normal_wash,5.0,23.991,236.796,0.045,0.016,1.94,,on,-63,,44 minute wash cycle run 2
2026-06-08T07:43:04.146517+00:00,2026-06-08 13:13:04,Abel,plug_2,NW_P2_Abel,P110,washing_machine,147a8794,normal_wash,5.0,2.633,237.167,0.045,0.016,1.94,,on,-62,,44 minute wash cycle run 2
2026-06-08T07:43:09.402423+00:00,2026-06-08 13:13:09,Abel,plug_2,NW_P2_Abel,P110,washing_machine,147a8794,normal_wash,5.0,138.719,236.717,3.271,0.016,1.94,,on,-62,,44 minute wash cycle run 2
2026-06-08T07:43:14.660575+00:00,2026-06-08 13:13:14,Abel,plug_2,NW_P2_Abel,P110,washing_machine,147a8794,normal_wash,5.0,118.238,236.658,2.768,0.016,1.941,,on,-62,,44 minute wash cycle run 2
2026-06-08T07:43:19.914426+00:00,2026-06-08 13:13:19,Abel,plug_2,NW_P2_Abel,P110,washing_machine,147a8794,normal_wash,5.0,2.503,236.928,0.045,0.016,1.941,,on,-64,,44 minute wash cycle run 2
2026-06-08T07:43:25.218653+00:00,2026-06-08 13:13:25,Abel,plug_2,NW_P2_Abel,P110,washing_machine,147a8794,normal_wash,5.0,4.349,237.071,0.045,0.017,1.941,,on,-64,,44 minute wash cycle run 2
2026-06-08T07:43:30.484682+00:00,2026-06-08 13:13:30,Abel,plug_2,NW_P2_Abel,P110,washing_machine,147a8794,normal_wash,5.0,117.469,236.228,2.793,0.017,1.941,,on,-63,,44 minute wash cycle run 2
2026-06-08T07:43:37.470518+00:00,2026-06-08 13:13:37,Abel,plug_2,NW_P2_Abel,P110,washing_machine,147a8794,normal_wash,5.0,116.846,236.221,2.002,0.017,1.941,,on,-62,,44 minute wash cycle run 2
2026-06-08T07:43:42.760602+00:00,2026-06-08 13:13:42,Abel,plug_2,NW_P2_Abel,P110,washing_machine,147a8794,normal_wash,5.0,2.561,236.81,0.045,0.017,1.941,,on,-62,,44 minute wash cycle run 2
2026-06-08T07:43:48.042979+00:00,2026-06-08 13:13:48,Abel,plug_2,NW_P2_Abel,P110,washing_machine,147a8794,normal_wash,5.0,157.689,236.11,0.441,0.017,1.941,,on,-62,,44 minute wash cycle run 2
2026-06-08T07:43:53.312645+00:00,2026-06-08 13:13:53,Abel,plug_2,NW_P2_Abel,P110,washing_machine,147a8794,normal_wash,5.0,112.208,236.29,2.954,0.017,1.941,,on,-63,,44 minute wash cycle run 2
2026-06-08T07:43:58.592213+00:00,2026-06-08 13:13:58,Abel,plug_2,NW_P2_Abel,P110,washing_machine,147a8794,normal_wash,5.0,17.693,236.335,0.045,0.017,1.942,,on,-63,,44 minute wash cycle run 2
2026-06-08T07:44:04.975907+00:00,2026-06-08 13:14:04,Abel,plug_2,NW_P2_Abel,P110,washing_machine,147a8794,normal_wash,5.0,2.664,236.801,0.484,0.017,1.942,,on,-62,,44 minute wash cycle run 2
2026-06-08T07:44:10.257043+00:00,2026-06-08 13:14:10,Abel,plug_2,NW_P2_Abel,P110,washing_machine,147a8794,normal_wash,5.0,121.685,236.316,2.93,0.018,1.942,,on,-61,,44 minute wash cycle run 2
2026-06-08T07:44:18.151084+00:00,2026-06-08 13:14:18,Abel,plug_2,NW_P2_Abel,P110,washing_machine,147a8794,normal_wash,5.0,123.02,236.535,2.726,0.018,1.942,,on,-62,,44 minute wash cycle run 2
2026-06-08T07:44:23.425225+00:00,2026-06-08 13:14:23,Abel,plug_2,NW_P2_Abel,P110,washing_machine,147a8794,normal_wash,5.0,2.669,236.515,0.045,0.018,1.942,,on,-62,,44 minute wash cycle run 2
2026-06-08T07:44:28.685182+00:00,2026-06-08 13:14:28,Abel,plug_2,NW_P2_Abel,P110,washing_machine,147a8794,normal_wash,5.0,203.898,236.222,3.489,0.018,1.942,,on,-62,,44 minute wash cycle run 2
2026-06-08T07:44:33.952002+00:00,2026-06-08 13:14:33,Abel,plug_2,NW_P2_Abel,P110,washing_machine,147a8794,normal_wash,5.0,115.804,236.08,2.8,0.018,1.942,,on,-65,,44 minute wash cycle run 2
2026-06-08T07:44:39.223822+00:00,2026-06-08 13:14:39,Abel,plug_2,NW_P2_Abel,P110,washing_machine,147a8794,normal_wash,5.0,2.685,236.56,2.11,0.018,1.942,,on,-64,,44 minute wash cycle run 2
2026-06-08T07:44:44.523988+00:00,2026-06-08 13:14:44,Abel,plug_2,NW_P2_Abel,P110,washing_machine,147a8794,normal_wash,5.0,12.489,236.73,0.045,0.018,1.942,,on,-61,,44 minute wash cycle run 2
2026-06-08T07:44:49.813432+00:00,2026-06-08 13:14:49,Abel,plug_2,NW_P2_Abel,P110,washing_machine,147a8794,normal_wash,5.0,115.41,236.442,2.99,0.018,1.943,,on,-62,,44 minute wash cycle run 2
2026-06-08T07:44:55.067573+00:00,2026-06-08 13:14:55,Abel,plug_2,NW_P2_Abel,P110,washing_machine,147a8794,normal_wash,5.0,127.827,236.282,2.934,0.019,1.943,,on,-62,,44 minute wash cycle run 2
2026-06-08T07:45:00.408195+00:00,2026-06-08 13:15:00,Abel,plug_2,NW_P2_Abel,P110,washing_machine,147a8794,normal_wash,5.0,2.684,236.729,0.045,0.019,1.943,,on,-61,,44 minute wash cycle run 2
2026-06-08T07:45:05.770575+00:00,2026-06-08 13:15:05,Abel,plug_2,NW_P2_Abel,P110,washing_machine,147a8794,normal_wash,5.0,2.767,236.771,0.046,0.019,1.943,,on,-63,,44 minute wash cycle run 2
2026-06-08T07:45:11.449364+00:00,2026-06-08 13:15:11,Abel,plug_2,NW_P2_Abel,P110,washing_machine,147a8794,normal_wash,5.0,132.406,236.255,2.947,0.019,1.943,,on,-62,,44 minute wash cycle run 2
2026-06-08T07:45:16.882839+00:00,2026-06-08 13:15:16,Abel,plug_2,NW_P2_Abel,P110,washing_machine,147a8794,normal_wash,5.0,125.133,236.346,2.907,0.019,1.943,,on,-62,,44 minute wash cycle run 2
2026-06-08T07:45:22.330095+00:00,2026-06-08 13:15:22,Abel,plug_2,NW_P2_Abel,P110,washing_machine,147a8794,normal_wash,5.0,2.7,236.867,0.046,0.019,1.943,,on,-62,,44 minute wash cycle run 2
2026-06-08T07:45:27.613979+00:00,2026-06-08 13:15:27,Abel,plug_2,NW_P2_Abel,P110,washing_machine,147a8794,normal_wash,5.0,148.632,236.449,3.88,0.019,1.943,,on,-62,,44 minute wash cycle run 2
2026-06-08T07:45:32.882221+00:00,2026-06-08 13:15:32,Abel,plug_2,NW_P2_Abel,P110,washing_machine,147a8794,normal_wash,5.0,115.019,236.489,2.851,0.019,1.944,,on,-61,,44 minute wash cycle run 2
2026-06-08T07:45:38.166271+00:00,2026-06-08 13:15:38,Abel,plug_2,NW_P2_Abel,P110,washing_machine,147a8794,normal_wash,5.0,119.168,236.478,1.725,0.019,1.944,,on,-63,,44 minute wash cycle run 2
2026-06-08T07:45:43.425944+00:00,2026-06-08 13:15:43,Abel,plug_2,NW_P2_Abel,P110,washing_machine,147a8794,normal_wash,5.0,2.669,236.996,0.046,0.019,1.944,,on,-61,,44 minute wash cycle run 2
2026-06-08T07:45:48.714386+00:00,2026-06-08 13:15:48,Abel,plug_2,NW_P2_Abel,P110,washing_machine,147a8794,normal_wash,5.0,180.014,236.219,0.606,0.02,1.944,,on,-62,,44 minute wash cycle run 2
2026-06-08T07:45:53.974134+00:00,2026-06-08 13:15:53,Abel,plug_2,NW_P2_Abel,P110,washing_machine,147a8794,normal_wash,5.0,126.204,236.638,2.788,0.02,1.944,,on,-61,,44 minute wash cycle run 2
2026-06-08T07:45:59.274807+00:00,2026-06-08 13:15:59,Abel,plug_2,NW_P2_Abel,P110,washing_machine,147a8794,normal_wash,5.0,11.248,236.744,0.045,0.02,1.944,,on,-61,,44 minute wash cycle run 2
2026-06-08T07:46:04.577974+00:00,2026-06-08 13:16:04,Abel,plug_2,NW_P2_Abel,P110,washing_machine,147a8794,normal_wash,5.0,2.887,237.244,0.581,0.02,1.944,,on,-61,,44 minute wash cycle run 2
2026-06-08T07:46:09.842047+00:00,2026-06-08 13:16:09,Abel,plug_2,NW_P2_Abel,P110,washing_machine,147a8794,normal_wash,5.0,134.446,236.669,2.866,0.02,1.944,,on,-62,,44 minute wash cycle run 2
2026-06-08T07:46:15.106348+00:00,2026-06-08 13:16:15,Abel,plug_2,NW_P2_Abel,P110,washing_machine,147a8794,normal_wash,5.0,114.764,236.666,2.843,0.02,1.944,,on,-61,,44 minute wash cycle run 2
2026-06-08T07:46:20.396690+00:00,2026-06-08 13:16:20,Abel,plug_2,NW_P2_Abel,P110,washing_machine,147a8794,normal_wash,5.0,2.578,237.09,0.046,0.02,1.945,,on,-62,,44 minute wash cycle run 2
2026-06-08T07:46:25.669544+00:00,2026-06-08 13:16:25,Abel,plug_2,NW_P2_Abel,P110,washing_machine,147a8794,normal_wash,5.0,2.746,237.193,0.046,0.02,1.945,,on,-62,,44 minute wash cycle run 2
2026-06-08T07:46:30.946763+00:00,2026-06-08 13:16:30,Abel,plug_2,NW_P2_Abel,P110,washing_machine,147a8794,normal_wash,5.0,113.433,236.78,3.395,0.021,1.945,,on,-63,,44 minute wash cycle run 2
2026-06-08T07:46:36.216616+00:00,2026-06-08 13:16:36,Abel,plug_2,NW_P2_Abel,P110,washing_machine,147a8794,normal_wash,5.0,131.085,236.708,2.906,0.021,1.945,,on,-62,,44 minute wash cycle run 2
2026-06-08T07:46:41.493982+00:00,2026-06-08 13:16:41,Abel,plug_2,NW_P2_Abel,P110,washing_machine,147a8794,normal_wash,5.0,2.759,237.132,0.046,0.021,1.945,,on,-64,,44 minute wash cycle run 2
2026-06-08T07:46:46.751698+00:00,2026-06-08 13:16:46,Abel,plug_2,NW_P2_Abel,P110,washing_machine,147a8794,normal_wash,5.0,196.414,237.063,3.297,0.021,1.945,,on,-65,,44 minute wash cycle run 2
2026-06-08T07:46:52.052695+00:00,2026-06-08 13:16:52,Abel,plug_2,NW_P2_Abel,P110,washing_machine,147a8794,normal_wash,5.0,117.284,236.786,2.926,0.021,1.945,,on,-64,,44 minute wash cycle run 2
2026-06-08T07:46:57.343444+00:00,2026-06-08 13:16:57,Abel,plug_2,NW_P2_Abel,P110,washing_machine,147a8794,normal_wash,5.0,117.312,236.79,2.868,0.021,1.945,,on,-65,,44 minute wash cycle run 2
2026-06-08T07:47:02.642260+00:00,2026-06-08 13:17:02,Abel,plug_2,NW_P2_Abel,P110,washing_machine,147a8794,normal_wash,5.0,2.72,237.236,0.045,0.021,1.945,,on,-65,,44 minute wash cycle run 2
2026-06-08T07:47:07.905000+00:00,2026-06-08 13:17:07,Abel,plug_2,NW_P2_Abel,P110,washing_machine,147a8794,normal_wash,5.0,86.89,237.211,4.146,0.021,1.945,,on,-64,,44 minute wash cycle run 2
2026-06-08T07:47:13.170140+00:00,2026-06-08 13:17:13,Abel,plug_2,NW_P2_Abel,P110,washing_machine,147a8794,normal_wash,5.0,121.971,236.566,2.969,0.021,1.946,,on,-64,,44 minute wash cycle run 2
2026-06-08T07:47:18.462706+00:00,2026-06-08 13:17:18,Abel,plug_2,NW_P2_Abel,P110,washing_machine,147a8794,normal_wash,5.0,54.565,236.981,2.794,0.022,1.946,,on,-64,,44 minute wash cycle run 2
2026-06-08T07:47:23.729705+00:00,2026-06-08 13:17:23,Abel,plug_2,NW_P2_Abel,P110,washing_machine,147a8794,normal_wash,5.0,2.554,236.853,0.045,0.022,1.946,,on,-64,,44 minute wash cycle run 2
2026-06-08T07:47:28.986183+00:00,2026-06-08 13:17:28,Abel,plug_2,NW_P2_Abel,P110,washing_machine,147a8794,normal_wash,5.0,104.863,236.483,2.951,0.022,1.946,,on,-63,,44 minute wash cycle run 2
2026-06-08T07:47:34.641438+00:00,2026-06-08 13:17:34,Abel,plug_2,NW_P2_Abel,P110,washing_machine,147a8794,normal_wash,5.0,114.492,236.408,2.85,0.022,1.946,,on,-64,,44 minute wash cycle run 2
2026-06-08T07:47:39.899896+00:00,2026-06-08 13:17:39,Abel,plug_2,NW_P2_Abel,P110,washing_machine,147a8794,normal_wash,5.0,2.571,237.029,1.739,0.022,1.946,,on,-62,,44 minute wash cycle run 2
2026-06-08T07:47:45.232917+00:00,2026-06-08 13:17:45,Abel,plug_2,NW_P2_Abel,P110,washing_machine,147a8794,normal_wash,5.0,2.575,237.067,0.045,0.022,1.946,,on,-63,,44 minute wash cycle run 2
2026-06-08T07:47:50.526436+00:00,2026-06-08 13:17:50,Abel,plug_2,NW_P2_Abel,P110,washing_machine,147a8794,normal_wash,5.0,120.61,236.337,2.897,0.022,1.946,,on,-63,,44 minute wash cycle run 2
2026-06-08T07:47:55.808249+00:00,2026-06-08 13:17:55,Abel,plug_2,NW_P2_Abel,P110,washing_machine,147a8794,normal_wash,5.0,111.967,236.491,2.885,0.022,1.947,,on,-66,,44 minute wash cycle run 2
2026-06-08T07:48:01.072787+00:00,2026-06-08 13:18:01,Abel,plug_2,NW_P2_Abel,P110,washing_machine,147a8794,normal_wash,5.0,2.591,236.94,0.045,0.022,1.947,,on,-63,,44 minute wash cycle run 2
2026-06-08T07:48:06.331478+00:00,2026-06-08 13:18:06,Abel,plug_2,NW_P2_Abel,P110,washing_machine,147a8794,normal_wash,5.0,170.835,236.232,0.614,0.023,1.947,,on,-65,,44 minute wash cycle run 2
2026-06-08T07:48:11.607819+00:00,2026-06-08 13:18:11,Abel,plug_2,NW_P2_Abel,P110,washing_machine,147a8794,normal_wash,5.0,115.972,236.559,2.827,0.023,1.947,,on,-63,,44 minute wash cycle run 2
2026-06-08T07:48:16.883168+00:00,2026-06-08 13:18:16,Abel,plug_2,NW_P2_Abel,P110,washing_machine,147a8794,normal_wash,5.0,119.369,236.681,2.959,0.023,1.947,,on,-63,,44 minute wash cycle run 2
2026-06-08T07:48:22.188153+00:00,2026-06-08 13:18:22,Abel,plug_2,NW_P2_Abel,P110,washing_machine,147a8794,normal_wash,5.0,2.714,237.205,0.046,0.023,1.947,,on,-64,,44 minute wash cycle run 2
2026-06-08T07:48:27.452212+00:00,2026-06-08 13:18:27,Abel,plug_2,NW_P2_Abel,P110,washing_machine,147a8794,normal_wash,5.0,40.229,236.842,0.045,0.023,1.947,,on,-64,,44 minute wash cycle run 2
2026-06-08T07:48:32.724111+00:00,2026-06-08 13:18:32,Abel,plug_2,NW_P2_Abel,P110,washing_machine,147a8794,normal_wash,5.0,116.719,236.685,2.948,0.023,1.947,,on,-64,,44 minute wash cycle run 2
2026-06-08T07:48:37.998025+00:00,2026-06-08 13:18:37,Abel,plug_2,NW_P2_Abel,P110,washing_machine,147a8794,normal_wash,5.0,118.351,236.666,1.211,0.023,1.947,,on,-64,,44 minute wash cycle run 2
2026-06-08T07:48:43.282687+00:00,2026-06-08 13:18:43,Abel,plug_2,NW_P2_Abel,P110,washing_machine,147a8794,normal_wash,5.0,2.728,237.175,0.046,0.023,1.947,,on,-63,,44 minute wash cycle run 2
2026-06-08T07:48:48.548096+00:00,2026-06-08 13:18:48,Abel,plug_2,NW_P2_Abel,P110,washing_machine,147a8794,normal_wash,5.0,123.337,236.851,3.184,0.023,1.948,,on,-64,,44 minute wash cycle run 2
2026-06-08T07:48:53.832573+00:00,2026-06-08 13:18:53,Abel,plug_2,NW_P2_Abel,P110,washing_machine,147a8794,normal_wash,5.0,107.135,236.91,2.842,0.024,1.948,,on,-64,,44 minute wash cycle run 2
2026-06-08T07:48:59.140602+00:00,2026-06-08 13:18:59,Abel,plug_2,NW_P2_Abel,P110,washing_machine,147a8794,normal_wash,5.0,6.711,236.994,0.046,0.024,1.948,,on,-63,,44 minute wash cycle run 2
2026-06-08T07:49:04.418944+00:00,2026-06-08 13:19:04,Abel,plug_2,NW_P2_Abel,P110,washing_machine,147a8794,normal_wash,5.0,2.675,237.552,0.046,0.024,1.948,,on,-64,,44 minute wash cycle run 2
2026-06-08T07:49:09.721044+00:00,2026-06-08 13:19:09,Abel,plug_2,NW_P2_Abel,P110,washing_machine,147a8794,normal_wash,5.0,132.365,237.172,4.135,0.024,1.948,,on,-62,,44 minute wash cycle run 2
2026-06-08T07:49:14.993200+00:00,2026-06-08 13:19:14,Abel,plug_2,NW_P2_Abel,P110,washing_machine,147a8794,normal_wash,5.0,133.938,237.03,2.888,0.024,1.948,,on,-62,,44 minute wash cycle run 2
2026-06-08T07:49:20.262339+00:00,2026-06-08 13:19:20,Abel,plug_2,NW_P2_Abel,P110,washing_machine,147a8794,normal_wash,5.0,2.664,237.52,0.045,0.024,1.948,,on,-63,,44 minute wash cycle run 2
2026-06-08T07:49:25.533782+00:00,2026-06-08 13:19:25,Abel,plug_2,NW_P2_Abel,P110,washing_machine,147a8794,normal_wash,5.0,86.752,237.482,0.045,0.024,1.948,,on,-63,,44 minute wash cycle run 2
2026-06-08T07:49:30.811254+00:00,2026-06-08 13:19:30,Abel,plug_2,NW_P2_Abel,P110,washing_machine,147a8794,normal_wash,5.0,118.53,237.159,2.85,0.024,1.949,,on,-62,,44 minute wash cycle run 2
2026-06-08T07:49:36.082150+00:00,2026-06-08 13:19:36,Abel,plug_2,NW_P2_Abel,P110,washing_machine,147a8794,normal_wash,5.0,112.501,236.847,2.732,0.024,1.949,,on,-64,,44 minute wash cycle run 2
2026-06-08T07:49:41.360247+00:00,2026-06-08 13:19:41,Abel,plug_2,NW_P2_Abel,P110,washing_machine,147a8794,normal_wash,5.0,2.696,237.48,0.046,0.025,1.949,,on,-64,,44 minute wash cycle run 2
2026-06-08T07:49:46.680516+00:00,2026-06-08 13:19:46,Abel,plug_2,NW_P2_Abel,P110,washing_machine,147a8794,normal_wash,5.0,4.049,237.551,0.045,0.025,1.949,,on,-64,,44 minute wash cycle run 2
2026-06-08T07:49:51.970513+00:00,2026-06-08 13:19:51,Abel,plug_2,NW_P2_Abel,P110,washing_machine,147a8794,normal_wash,5.0,118.309,236.932,2.906,0.025,1.949,,on,-65,,44 minute wash cycle run 2
2026-06-08T07:49:57.233399+00:00,2026-06-08 13:19:57,Abel,plug_2,NW_P2_Abel,P110,washing_machine,147a8794,normal_wash,5.0,113.466,237.016,3.039,0.025,1.949,,on,-63,,44 minute wash cycle run 2
2026-06-08T07:50:02.515319+00:00,2026-06-08 13:20:02,Abel,plug_2,NW_P2_Abel,P110,washing_machine,147a8794,normal_wash,5.0,2.678,237.432,0.046,0.025,1.949,,on,-63,,44 minute wash cycle run 2
2026-06-08T07:50:07.802960+00:00,2026-06-08 13:20:07,Abel,plug_2,NW_P2_Abel,P110,washing_machine,147a8794,normal_wash,5.0,128.208,236.666,0.9,0.025,1.949,,on,-63,,44 minute wash cycle run 2
2026-06-08T07:50:13.072964+00:00,2026-06-08 13:20:13,Abel,plug_2,NW_P2_Abel,P110,washing_machine,147a8794,normal_wash,5.0,132.275,236.894,3.003,0.025,1.949,,on,-64,,44 minute wash cycle run 2
2026-06-08T07:50:18.365293+00:00,2026-06-08 13:20:18,Abel,plug_2,NW_P2_Abel,P110,washing_machine,147a8794,normal_wash,5.0,79.381,237.373,2.836,0.025,1.95,,on,-63,,44 minute wash cycle run 2
2026-06-08T07:50:23.633933+00:00,2026-06-08 13:20:23,Abel,plug_2,NW_P2_Abel,P110,washing_machine,147a8794,normal_wash,5.0,21.262,237.369,0.17,0.025,1.95,,on,-64,,44 minute wash cycle run 2
2026-06-08T07:50:28.928162+00:00,2026-06-08 13:20:28,Abel,plug_2,NW_P2_Abel,P110,washing_machine,147a8794,normal_wash,5.0,184.691,236.951,3.022,0.026,1.95,,on,-63,,44 minute wash cycle run 2
2026-06-08T07:50:34.222404+00:00,2026-06-08 13:20:34,Abel,plug_2,NW_P2_Abel,P110,washing_machine,147a8794,normal_wash,5.0,122.473,236.791,2.773,0.026,1.95,,on,-64,,44 minute wash cycle run 2
2026-06-08T07:50:39.488091+00:00,2026-06-08 13:20:39,Abel,plug_2,NW_P2_Abel,P110,washing_machine,147a8794,normal_wash,5.0,19.731,237.166,1.484,0.026,1.95,,on,-63,,44 minute wash cycle run 2
2026-06-08T07:50:44.770865+00:00,2026-06-08 13:20:44,Abel,plug_2,NW_P2_Abel,P110,washing_machine,147a8794,normal_wash,5.0,19.872,237.368,0.17,0.026,1.95,,on,-64,,44 minute wash cycle run 2
2026-06-08T07:50:50.045207+00:00,2026-06-08 13:20:50,Abel,plug_2,NW_P2_Abel,P110,washing_machine,147a8794,normal_wash,5.0,119.24,236.817,2.742,0.026,1.95,,on,-64,,44 minute wash cycle run 2
2026-06-08T07:50:55.316667+00:00,2026-06-08 13:20:55,Abel,plug_2,NW_P2_Abel,P110,washing_machine,147a8794,normal_wash,5.0,154.442,236.893,2.97,0.026,1.95,,on,-63,,44 minute wash cycle run 2
2026-06-08T07:51:00.576863+00:00,2026-06-08 13:21:00,Abel,plug_2,NW_P2_Abel,P110,washing_machine,147a8794,normal_wash,5.0,87.059,237.092,2.1,0.026,1.951,,on,-63,,44 minute wash cycle run 2
2026-06-08T07:51:05.900439+00:00,2026-06-08 13:21:05,Abel,plug_2,NW_P2_Abel,P110,washing_machine,147a8794,normal_wash,5.0,54.767,237.069,1.285,0.026,1.951,,on,-63,,44 minute wash cycle run 2
2026-06-08T07:51:11.181648+00:00,2026-06-08 13:21:11,Abel,plug_2,NW_P2_Abel,P110,washing_machine,147a8794,normal_wash,5.0,54.326,237.121,1.297,0.027,1.951,,on,-63,,44 minute wash cycle run 2
2026-06-08T07:51:16.662441+00:00,2026-06-08 13:21:16,Abel,plug_2,NW_P2_Abel,P110,washing_machine,147a8794,normal_wash,5.0,61.008,237.021,1.29,0.027,1.951,,on,-64,,44 minute wash cycle run 2
2026-06-08T07:51:22.242859+00:00,2026-06-08 13:21:22,Abel,plug_2,NW_P2_Abel,P110,washing_machine,147a8794,normal_wash,5.0,220.014,236.846,2.478,0.027,1.951,,on,-63,,44 minute wash cycle run 2
2026-06-08T07:51:27.646167+00:00,2026-06-08 13:21:27,Abel,plug_2,NW_P2_Abel,P110,washing_machine,147a8794,normal_wash,5.0,100.481,237.203,1.475,0.027,1.951,,on,-65,,44 minute wash cycle run 2
2026-06-08T07:51:33.097464+00:00,2026-06-08 13:21:33,Abel,plug_2,NW_P2_Abel,P110,washing_machine,147a8794,normal_wash,5.0,99.957,237.234,1.427,0.027,1.952,,on,-66,,44 minute wash cycle run 2
2026-06-08T07:51:38.545354+00:00,2026-06-08 13:21:38,Abel,plug_2,NW_P2_Abel,P110,washing_machine,147a8794,normal_wash,5.0,92.8,237.253,1.413,0.027,1.952,,on,-64,,44 minute wash cycle run 2
2026-06-08T07:51:43.910197+00:00,2026-06-08 13:21:43,Abel,plug_2,NW_P2_Abel,P110,washing_machine,147a8794,normal_wash,5.0,92.494,236.726,1.411,0.028,1.952,,on,-64,,44 minute wash cycle run 2
2026-06-08T07:51:49.365642+00:00,2026-06-08 13:21:49,Abel,plug_2,NW_P2_Abel,P110,washing_machine,147a8794,normal_wash,5.0,93.47,236.706,1.404,0.028,1.952,,on,-63,,44 minute wash cycle run 2
2026-06-08T07:51:54.905992+00:00,2026-06-08 13:21:54,Abel,plug_2,NW_P2_Abel,P110,washing_machine,147a8794,normal_wash,5.0,126.845,236.662,1.642,0.028,1.952,,on,-64,,44 minute wash cycle run 2
2026-06-08T07:52:00.361134+00:00,2026-06-08 13:22:00,Abel,plug_2,NW_P2_Abel,P110,washing_machine,147a8794,normal_wash,5.0,137.695,236.74,1.638,0.028,1.952,,on,-64,,44 minute wash cycle run 2
2026-06-08T07:52:05.839496+00:00,2026-06-08 13:22:05,Abel,plug_2,NW_P2_Abel,P110,washing_machine,147a8794,normal_wash,5.0,177.258,236.729,1.732,0.028,1.953,,on,-64,,44 minute wash cycle run 2
2026-06-08T07:52:11.263053+00:00,2026-06-08 13:22:11,Abel,plug_2,NW_P2_Abel,P110,washing_machine,147a8794,normal_wash,5.0,180.468,236.991,1.76,0.029,1.953,,on,-64,,44 minute wash cycle run 2
2026-06-08T07:52:16.689289+00:00,2026-06-08 13:22:16,Abel,plug_2,NW_P2_Abel,P110,washing_machine,147a8794,normal_wash,5.0,193.88,236.978,1.759,0.029,1.953,,on,-64,,44 minute wash cycle run 2
2026-06-08T07:52:22.039158+00:00,2026-06-08 13:22:22,Abel,plug_2,NW_P2_Abel,P110,washing_machine,147a8794,normal_wash,5.0,211.366,236.805,1.772,0.029,1.953,,on,-62,,44 minute wash cycle run 2
2026-06-08T07:52:27.313119+00:00,2026-06-08 13:22:27,Abel,plug_2,NW_P2_Abel,P110,washing_machine,147a8794,normal_wash,5.0,230.86,236.872,1.772,0.03,1.954,,on,-63,,44 minute wash cycle run 2
2026-06-08T07:52:32.573639+00:00,2026-06-08 13:22:32,Abel,plug_2,NW_P2_Abel,P110,washing_machine,147a8794,normal_wash,5.0,242.464,236.911,1.785,0.03,1.954,,on,-65,,44 minute wash cycle run 2
2026-06-08T07:52:37.904549+00:00,2026-06-08 13:22:37,Abel,plug_2,NW_P2_Abel,P110,washing_machine,147a8794,normal_wash,5.0,261.035,236.986,1.79,0.03,1.955,,on,-65,,44 minute wash cycle run 2
2026-06-08T07:52:43.197975+00:00,2026-06-08 13:22:43,Abel,plug_2,NW_P2_Abel,P110,washing_machine,147a8794,normal_wash,5.0,274.64,236.783,1.798,0.031,1.955,,on,-63,,44 minute wash cycle run 2
2026-06-08T07:52:48.471086+00:00,2026-06-08 13:22:48,Abel,plug_2,NW_P2_Abel,P110,washing_machine,147a8794,normal_wash,5.0,20.174,237.609,0.169,0.031,1.955,,on,-64,,44 minute wash cycle run 2
2026-06-08T07:52:53.737645+00:00,2026-06-08 13:22:53,Abel,plug_2,NW_P2_Abel,P110,washing_machine,147a8794,normal_wash,5.0,19.935,237.213,0.169,0.031,1.955,,on,-67,,44 minute wash cycle run 2
2026-06-08T07:52:59.023846+00:00,2026-06-08 13:22:59,Abel,plug_2,NW_P2_Abel,P110,washing_machine,147a8794,normal_wash,5.0,19.786,237.431,0.168,0.031,1.955,,on,-65,,44 minute wash cycle run 2
2026-06-08T07:53:04.283500+00:00,2026-06-08 13:23:04,Abel,plug_2,NW_P2_Abel,P110,washing_machine,147a8794,normal_wash,5.0,19.8,237.34,0.169,0.031,1.955,,on,-64,,44 minute wash cycle run 2
2026-06-08T07:53:09.552567+00:00,2026-06-08 13:23:09,Abel,plug_2,NW_P2_Abel,P110,washing_machine,147a8794,normal_wash,5.0,19.646,237.409,0.169,0.031,1.955,,on,-64,,44 minute wash cycle run 2
2026-06-08T07:53:14.841627+00:00,2026-06-08 13:23:14,Abel,plug_2,NW_P2_Abel,P110,washing_machine,147a8794,normal_wash,5.0,19.729,237.651,0.169,0.031,1.955,,on,-63,,44 minute wash cycle run 2
2026-06-08T07:53:20.162997+00:00,2026-06-08 13:23:20,Abel,plug_2,NW_P2_Abel,P110,washing_machine,147a8794,normal_wash,5.0,19.662,237.763,0.169,0.031,1.955,,on,-66,,44 minute wash cycle run 2
2026-06-08T07:53:25.437444+00:00,2026-06-08 13:23:25,Abel,plug_2,NW_P2_Abel,P110,washing_machine,147a8794,normal_wash,5.0,19.878,237.806,0.169,0.031,1.955,,on,-63,,44 minute wash cycle run 2
2026-06-08T07:53:30.713691+00:00,2026-06-08 13:23:30,Abel,plug_2,NW_P2_Abel,P110,washing_machine,147a8794,normal_wash,5.0,50.325,237.295,2.214,0.031,1.955,,on,-64,,44 minute wash cycle run 2
2026-06-08T07:53:35.974383+00:00,2026-06-08 13:23:35,Abel,plug_2,NW_P2_Abel,P110,washing_machine,147a8794,normal_wash,5.0,40.908,237.049,1.228,0.031,1.955,,on,-63,,44 minute wash cycle run 2
2026-06-08T07:53:41.248509+00:00,2026-06-08 13:23:41,Abel,plug_2,NW_P2_Abel,P110,washing_machine,147a8794,normal_wash,5.0,37.611,237.506,0.59,0.031,1.955,,on,-63,,44 minute wash cycle run 2
2026-06-08T07:53:46.501106+00:00,2026-06-08 13:23:46,Abel,plug_2,NW_P2_Abel,P110,washing_machine,147a8794,normal_wash,5.0,8.782,237.692,0.044,0.031,1.955,,on,-63,,44 minute wash cycle run 2
2026-06-08T07:53:51.759586+00:00,2026-06-08 13:23:51,Abel,plug_2,NW_P2_Abel,P110,washing_machine,147a8794,normal_wash,5.0,86.575,237.173,0.846,0.031,1.955,,on,-62,,44 minute wash cycle run 2
2026-06-08T07:53:57.038150+00:00,2026-06-08 13:23:57,Abel,plug_2,NW_P2_Abel,P110,washing_machine,147a8794,normal_wash,5.0,68.489,237.298,1.582,0.031,1.955,,on,-63,,44 minute wash cycle run 2
2026-06-08T07:54:02.346858+00:00,2026-06-08 13:24:02,Abel,plug_2,NW_P2_Abel,P110,washing_machine,147a8794,normal_wash,5.0,8.666,237.358,0.044,0.031,1.956,,on,-63,,44 minute wash cycle run 2
2026-06-08T07:54:07.604185+00:00,2026-06-08 13:24:07,Abel,plug_2,NW_P2_Abel,P110,washing_machine,147a8794,normal_wash,5.0,8.837,237.622,0.044,0.031,1.956,,on,-63,,44 minute wash cycle run 2
2026-06-08T07:54:12.868407+00:00,2026-06-08 13:24:12,Abel,plug_2,NW_P2_Abel,P110,washing_machine,147a8794,normal_wash,5.0,74.974,237.211,1.896,0.031,1.956,,on,-64,,44 minute wash cycle run 2
2026-06-08T07:54:18.150760+00:00,2026-06-08 13:24:18,Abel,plug_2,NW_P2_Abel,P110,washing_machine,147a8794,normal_wash,5.0,80.071,236.782,1.866,0.032,1.956,,on,-63,,44 minute wash cycle run 2
2026-06-08T07:54:23.458203+00:00,2026-06-08 13:24:23,Abel,plug_2,NW_P2_Abel,P110,washing_machine,147a8794,normal_wash,5.0,8.85,237.55,0.045,0.032,1.956,,on,-63,,44 minute wash cycle run 2
2026-06-08T07:54:28.720210+00:00,2026-06-08 13:24:28,Abel,plug_2,NW_P2_Abel,P110,washing_machine,147a8794,normal_wash,5.0,8.832,237.546,0.045,0.032,1.956,,on,-66,,44 minute wash cycle run 2
2026-06-08T07:54:34.206574+00:00,2026-06-08 13:24:34,Abel,plug_2,NW_P2_Abel,P110,washing_machine,147a8794,normal_wash,5.0,98.587,237.256,2.156,0.032,1.956,,on,-64,,44 minute wash cycle run 2
2026-06-08T07:54:39.465669+00:00,2026-06-08 13:24:39,Abel,plug_2,NW_P2_Abel,P110,washing_machine,147a8794,normal_wash,5.0,95.04,237.31,2.311,0.032,1.956,,on,-63,,44 minute wash cycle run 2
2026-06-08T07:54:44.814972+00:00,2026-06-08 13:24:44,Abel,plug_2,NW_P2_Abel,P110,washing_machine,147a8794,normal_wash,5.0,8.809,237.544,0.045,0.032,1.956,,on,-66,,44 minute wash cycle run 2
2026-06-08T07:54:50.081807+00:00,2026-06-08 13:24:50,Abel,plug_2,NW_P2_Abel,P110,washing_machine,147a8794,normal_wash,5.0,145.209,237.159,0.045,0.032,1.956,,on,-63,,44 minute wash cycle run 2
2026-06-08T07:54:55.352270+00:00,2026-06-08 13:24:55,Abel,plug_2,NW_P2_Abel,P110,washing_machine,147a8794,normal_wash,5.0,108.26,237.284,2.358,0.032,1.956,,on,-62,,44 minute wash cycle run 2
2026-06-08T07:55:00.617839+00:00,2026-06-08 13:25:00,Abel,plug_2,NW_P2_Abel,P110,washing_machine,147a8794,normal_wash,5.0,96.995,237.311,2.469,0.032,1.957,,on,-63,,44 minute wash cycle run 2
2026-06-08T07:55:05.885657+00:00,2026-06-08 13:25:05,Abel,plug_2,NW_P2_Abel,P110,washing_machine,147a8794,normal_wash,5.0,8.795,237.543,0.045,0.032,1.957,,on,-63,,44 minute wash cycle run 2
2026-06-08T07:55:11.172853+00:00,2026-06-08 13:25:11,Abel,plug_2,NW_P2_Abel,P110,washing_machine,147a8794,normal_wash,5.0,134.941,237.582,0.045,0.032,1.957,,on,-62,,44 minute wash cycle run 2
2026-06-08T07:55:16.449189+00:00,2026-06-08 13:25:16,Abel,plug_2,NW_P2_Abel,P110,washing_machine,147a8794,normal_wash,5.0,113.07,237.088,2.654,0.033,1.957,,on,-62,,44 minute wash cycle run 2
2026-06-08T07:55:21.734028+00:00,2026-06-08 13:25:21,Abel,plug_2,NW_P2_Abel,P110,washing_machine,147a8794,normal_wash,5.0,34.313,236.985,2.563,0.033,1.957,,on,-63,,44 minute wash cycle run 2
2026-06-08T07:55:27.025761+00:00,2026-06-08 13:25:27,Abel,plug_2,NW_P2_Abel,P110,washing_machine,147a8794,normal_wash,5.0,2.633,237.692,0.045,0.033,1.957,,on,-63,,44 minute wash cycle run 2
2026-06-08T07:55:32.288561+00:00,2026-06-08 13:25:32,Abel,plug_2,NW_P2_Abel,P110,washing_machine,147a8794,normal_wash,5.0,105.726,237.018,4.488,0.033,1.957,,on,-63,,44 minute wash cycle run 2
2026-06-08T07:55:37.565213+00:00,2026-06-08 13:25:37,Abel,plug_2,NW_P2_Abel,P110,washing_machine,147a8794,normal_wash,5.0,115.967,237.255,2.493,0.033,1.957,,on,-63,,44 minute wash cycle run 2
2026-06-08T07:55:42.827571+00:00,2026-06-08 13:25:42,Abel,plug_2,NW_P2_Abel,P110,washing_machine,147a8794,normal_wash,5.0,2.575,237.213,1.017,0.033,1.957,,on,-63,,44 minute wash cycle run 2
2026-06-08T07:55:48.100897+00:00,2026-06-08 13:25:48,Abel,plug_2,NW_P2_Abel,P110,washing_machine,147a8794,normal_wash,5.0,2.57,237.088,0.045,0.033,1.957,,on,-62,,44 minute wash cycle run 2
2026-06-08T07:55:53.374435+00:00,2026-06-08 13:25:53,Abel,plug_2,NW_P2_Abel,P110,washing_machine,147a8794,normal_wash,5.0,124.786,236.477,1.488,0.033,1.958,,on,-64,,44 minute wash cycle run 2
2026-06-08T07:55:58.631446+00:00,2026-06-08 13:25:58,Abel,plug_2,NW_P2_Abel,P110,washing_machine,147a8794,normal_wash,5.0,121.739,236.681,2.562,0.033,1.958,,on,-63,,44 minute wash cycle run 2
2026-06-08T07:56:03.906940+00:00,2026-06-08 13:26:03,Abel,plug_2,NW_P2_Abel,P110,washing_machine,147a8794,normal_wash,5.0,2.669,236.692,0.045,0.033,1.958,,on,-63,,44 minute wash cycle run 2
2026-06-08T07:56:09.166769+00:00,2026-06-08 13:26:09,Abel,plug_2,NW_P2_Abel,P110,washing_machine,147a8794,normal_wash,5.0,5.339,237.082,1.371,0.034,1.958,,on,-64,,44 minute wash cycle run 2
2026-06-08T07:56:14.430020+00:00,2026-06-08 13:26:14,Abel,plug_2,NW_P2_Abel,P110,washing_machine,147a8794,normal_wash,5.0,116.988,236.707,2.605,0.034,1.958,,on,-63,,44 minute wash cycle run 2
2026-06-08T07:56:19.706017+00:00,2026-06-08 13:26:19,Abel,plug_2,NW_P2_Abel,P110,washing_machine,147a8794,normal_wash,5.0,116.929,236.731,2.576,0.034,1.958,,on,-63,,44 minute wash cycle run 2
2026-06-08T07:56:25.005804+00:00,2026-06-08 13:26:25,Abel,plug_2,NW_P2_Abel,P110,washing_machine,147a8794,normal_wash,5.0,2.664,237.29,0.045,0.034,1.958,,on,-63,,44 minute wash cycle run 2
2026-06-08T07:56:30.281589+00:00,2026-06-08 13:26:30,Abel,plug_2,NW_P2_Abel,P110,washing_machine,147a8794,normal_wash,5.0,2.625,237.106,0.045,0.034,1.958,,on,-63,,44 minute wash cycle run 2
2026-06-08T07:56:35.558862+00:00,2026-06-08 13:26:35,Abel,plug_2,NW_P2_Abel,P110,washing_machine,147a8794,normal_wash,5.0,112.313,236.688,2.827,0.034,1.958,,on,-62,,44 minute wash cycle run 2
2026-06-08T07:56:40.823191+00:00,2026-06-08 13:26:40,Abel,plug_2,NW_P2_Abel,P110,washing_machine,147a8794,normal_wash,5.0,122.568,236.607,2.738,0.034,1.959,,on,-62,,44 minute wash cycle run 2
2026-06-08T07:56:46.091338+00:00,2026-06-08 13:26:46,Abel,plug_2,NW_P2_Abel,P110,washing_machine,147a8794,normal_wash,5.0,2.588,237.04,0.045,0.034,1.959,,on,-58,,44 minute wash cycle run 2
2026-06-08T07:56:51.355733+00:00,2026-06-08 13:26:51,Abel,plug_2,NW_P2_Abel,P110,washing_machine,147a8794,normal_wash,5.0,149.999,236.417,2.956,0.034,1.959,,on,-63,,44 minute wash cycle run 2
2026-06-08T07:56:56.625029+00:00,2026-06-08 13:26:56,Abel,plug_2,NW_P2_Abel,P110,washing_machine,147a8794,normal_wash,5.0,120.35,236.627,2.903,0.035,1.959,,on,-63,,44 minute wash cycle run 2
2026-06-08T07:57:01.892577+00:00,2026-06-08 13:27:01,Abel,plug_2,NW_P2_Abel,P110,washing_machine,147a8794,normal_wash,5.0,108.444,236.797,2.719,0.035,1.959,,on,-63,,44 minute wash cycle run 2
2026-06-08T07:57:07.151078+00:00,2026-06-08 13:27:07,Abel,plug_2,NW_P2_Abel,P110,washing_machine,147a8794,normal_wash,5.0,2.648,237.145,0.045,0.035,1.959,,on,-61,,44 minute wash cycle run 2
2026-06-08T07:57:12.433602+00:00,2026-06-08 13:27:12,Abel,plug_2,NW_P2_Abel,P110,washing_machine,147a8794,normal_wash,5.0,220.454,237.039,4.326,0.035,1.959,,on,-63,,44 minute wash cycle run 2
2026-06-08T07:57:17.702274+00:00,2026-06-08 13:27:17,Abel,plug_2,NW_P2_Abel,P110,washing_machine,147a8794,normal_wash,5.0,133.725,236.636,2.892,0.035,1.959,,on,-62,,44 minute wash cycle run 2
2026-06-08T07:57:22.986499+00:00,2026-06-08 13:27:22,Abel,plug_2,NW_P2_Abel,P110,washing_machine,147a8794,normal_wash,5.0,21.92,237.118,2.821,0.035,1.959,,on,-63,,44 minute wash cycle run 2
2026-06-08T07:57:28.262786+00:00,2026-06-08 13:27:28,Abel,plug_2,NW_P2_Abel,P110,washing_machine,147a8794,normal_wash,5.0,27.531,237.186,0.17,0.035,1.959,,on,-63,,44 minute wash cycle run 2
2026-06-08T07:57:33.528361+00:00,2026-06-08 13:27:33,Abel,plug_2,NW_P2_Abel,P110,washing_machine,147a8794,normal_wash,5.0,120.193,236.7,2.722,0.035,1.96,,on,-63,,44 minute wash cycle run 2
2026-06-08T07:57:38.798428+00:00,2026-06-08 13:27:38,Abel,plug_2,NW_P2_Abel,P110,washing_machine,147a8794,normal_wash,5.0,122.154,236.773,2.775,0.036,1.96,,on,-61,,44 minute wash cycle run 2
2026-06-08T07:57:44.059633+00:00,2026-06-08 13:27:44,Abel,plug_2,NW_P2_Abel,P110,washing_machine,147a8794,normal_wash,5.0,20.19,237.043,0.682,0.036,1.96,,on,-63,,44 minute wash cycle run 2
2026-06-08T07:57:49.326711+00:00,2026-06-08 13:27:49,Abel,plug_2,NW_P2_Abel,P110,washing_machine,147a8794,normal_wash,5.0,20.731,236.974,0.169,0.036,1.96,,on,-63,,44 minute wash cycle run 2
2026-06-08T07:57:54.592076+00:00,2026-06-08 13:27:54,Abel,plug_2,NW_P2_Abel,P110,washing_machine,147a8794,normal_wash,5.0,20.752,236.695,0.169,0.036,1.96,,on,-63,,44 minute wash cycle run 2
2026-06-08T07:57:59.848520+00:00,2026-06-08 13:27:59,Abel,plug_2,NW_P2_Abel,P110,washing_machine,147a8794,normal_wash,5.0,110.971,236.435,2.415,0.036,1.96,,on,-64,,44 minute wash cycle run 2
2026-06-08T07:58:05.147176+00:00,2026-06-08 13:28:05,Abel,plug_2,NW_P2_Abel,P110,washing_machine,147a8794,normal_wash,5.0,67.408,236.767,1.643,0.036,1.96,,on,-63,,44 minute wash cycle run 2
2026-06-08T07:58:10.437514+00:00,2026-06-08 13:28:10,Abel,plug_2,NW_P2_Abel,P110,washing_machine,147a8794,normal_wash,5.0,57.121,236.598,1.355,0.036,1.96,,on,-63,,44 minute wash cycle run 2
2026-06-08T07:58:15.713332+00:00,2026-06-08 13:28:15,Abel,plug_2,NW_P2_Abel,P110,washing_machine,147a8794,normal_wash,5.0,57.542,236.306,1.327,0.036,1.961,,on,-63,,44 minute wash cycle run 2
2026-06-08T07:58:20.981415+00:00,2026-06-08 13:28:20,Abel,plug_2,NW_P2_Abel,P110,washing_machine,147a8794,normal_wash,5.0,173.229,236.051,2.367,0.037,1.961,,on,-63,,44 minute wash cycle run 2
2026-06-08T07:58:26.258209+00:00,2026-06-08 13:28:26,Abel,plug_2,NW_P2_Abel,P110,washing_machine,147a8794,normal_wash,5.0,127.928,236.193,1.999,0.037,1.961,,on,-65,,44 minute wash cycle run 2
2026-06-08T07:58:31.858493+00:00,2026-06-08 13:28:31,Abel,plug_2,NW_P2_Abel,P110,washing_machine,147a8794,normal_wash,5.0,97.204,236.173,1.425,0.037,1.961,,on,-63,,44 minute wash cycle run 2
2026-06-08T07:58:37.121379+00:00,2026-06-08 13:28:37,Abel,plug_2,NW_P2_Abel,P110,washing_machine,147a8794,normal_wash,5.0,93.082,236.654,1.41,0.037,1.961,,on,-64,,44 minute wash cycle run 2
2026-06-08T07:58:42.364408+00:00,2026-06-08 13:28:42,Abel,plug_2,NW_P2_Abel,P110,washing_machine,147a8794,normal_wash,5.0,92.125,236.599,1.4,0.037,1.961,,on,-62,,44 minute wash cycle run 2
2026-06-08T07:58:47.627182+00:00,2026-06-08 13:28:47,Abel,plug_2,NW_P2_Abel,P110,washing_machine,147a8794,normal_wash,5.0,91.593,236.771,1.397,0.037,1.962,,on,-62,,44 minute wash cycle run 2
2026-06-08T07:58:52.892459+00:00,2026-06-08 13:28:52,Abel,plug_2,NW_P2_Abel,P110,washing_machine,147a8794,normal_wash,5.0,121.26,236.588,1.608,0.037,1.962,,on,-62,,44 minute wash cycle run 2
2026-06-08T07:58:58.157652+00:00,2026-06-08 13:28:58,Abel,plug_2,NW_P2_Abel,P110,washing_machine,147a8794,normal_wash,5.0,129.527,236.52,1.637,0.038,1.962,,on,-63,,44 minute wash cycle run 2
2026-06-08T07:59:03.429792+00:00,2026-06-08 13:29:03,Abel,plug_2,NW_P2_Abel,P110,washing_machine,147a8794,normal_wash,5.0,138.257,236.474,1.639,0.038,1.962,,on,-62,,44 minute wash cycle run 2
2026-06-08T07:59:08.699209+00:00,2026-06-08 13:29:08,Abel,plug_2,NW_P2_Abel,P110,washing_machine,147a8794,normal_wash,5.0,154.598,236.495,1.679,0.038,1.962,,on,-62,,44 minute wash cycle run 2
2026-06-08T07:59:13.994166+00:00,2026-06-08 13:29:13,Abel,plug_2,NW_P2_Abel,P110,washing_machine,147a8794,normal_wash,5.0,180.979,236.522,1.746,0.038,1.963,,on,-61,,44 minute wash cycle run 2
2026-06-08T07:59:19.294272+00:00,2026-06-08 13:29:19,Abel,plug_2,NW_P2_Abel,P110,washing_machine,147a8794,normal_wash,5.0,195.094,236.565,1.761,0.039,1.963,,on,-61,,44 minute wash cycle run 2
2026-06-08T07:59:24.556529+00:00,2026-06-08 13:29:24,Abel,plug_2,NW_P2_Abel,P110,washing_machine,147a8794,normal_wash,5.0,213.325,236.441,1.77,0.039,1.963,,on,-62,,44 minute wash cycle run 2
2026-06-08T07:59:29.829595+00:00,2026-06-08 13:29:29,Abel,plug_2,NW_P2_Abel,P110,washing_machine,147a8794,normal_wash,5.0,226.259,236.538,1.773,0.039,1.964,,on,-64,,44 minute wash cycle run 2
2026-06-08T07:59:35.137408+00:00,2026-06-08 13:29:35,Abel,plug_2,NW_P2_Abel,P110,washing_machine,147a8794,normal_wash,5.0,244.547,236.491,1.78,0.04,1.964,,on,-62,,44 minute wash cycle run 2
2026-06-08T07:59:40.402748+00:00,2026-06-08 13:29:40,Abel,plug_2,NW_P2_Abel,P110,washing_machine,147a8794,normal_wash,5.0,257.853,236.536,1.789,0.04,1.964,,on,-63,,44 minute wash cycle run 2
2026-06-08T07:59:45.660086+00:00,2026-06-08 13:29:45,Abel,plug_2,NW_P2_Abel,P110,washing_machine,147a8794,normal_wash,5.0,241.536,236.492,1.5,0.04,1.965,,on,-64,,44 minute wash cycle run 2
2026-06-08T07:59:50.938687+00:00,2026-06-08 13:29:50,Abel,plug_2,NW_P2_Abel,P110,washing_machine,147a8794,normal_wash,5.0,20.391,237.28,0.169,0.04,1.965,,on,-63,,44 minute wash cycle run 2
2026-06-08T07:59:56.210282+00:00,2026-06-08 13:29:56,Abel,plug_2,NW_P2_Abel,P110,washing_machine,147a8794,normal_wash,5.0,20.121,237.368,0.168,0.04,1.965,,on,-63,,44 minute wash cycle run 2
2026-06-08T08:00:01.479027+00:00,2026-06-08 13:30:01,Abel,plug_2,NW_P2_Abel,P110,washing_machine,147a8794,normal_wash,5.0,19.945,237.274,0.168,0.04,1.965,,on,-63,,44 minute wash cycle run 2
2026-06-08T08:00:06.739710+00:00,2026-06-08 13:30:06,Abel,plug_2,NW_P2_Abel,P110,washing_machine,147a8794,normal_wash,5.0,19.893,237.228,0.168,0.04,1.965,,on,-66,,44 minute wash cycle run 2
2026-06-08T08:00:12.010264+00:00,2026-06-08 13:30:12,Abel,plug_2,NW_P2_Abel,P110,washing_machine,147a8794,normal_wash,5.0,19.857,237.173,0.168,0.04,1.965,,on,-63,,44 minute wash cycle run 2
2026-06-08T08:00:17.270348+00:00,2026-06-08 13:30:17,Abel,plug_2,NW_P2_Abel,P110,washing_machine,147a8794,normal_wash,5.0,20.155,237.258,0.168,0.041,1.965,,on,-65,,44 minute wash cycle run 2
2026-06-08T08:00:22.523718+00:00,2026-06-08 13:30:22,Abel,plug_2,NW_P2_Abel,P110,washing_machine,147a8794,normal_wash,5.0,19.938,237.219,0.168,0.041,1.965,,on,-62,,44 minute wash cycle run 2
2026-06-08T08:00:27.789298+00:00,2026-06-08 13:30:27,Abel,plug_2,NW_P2_Abel,P110,washing_machine,147a8794,normal_wash,5.0,19.981,237.248,0.168,0.041,1.965,,on,-62,,44 minute wash cycle run 2
2026-06-08T08:00:33.054985+00:00,2026-06-08 13:30:33,Abel,plug_2,NW_P2_Abel,P110,washing_machine,147a8794,normal_wash,5.0,76.987,237.038,1.761,0.041,1.965,,on,-63,,44 minute wash cycle run 2
2026-06-08T08:00:38.354109+00:00,2026-06-08 13:30:38,Abel,plug_2,NW_P2_Abel,P110,washing_machine,147a8794,normal_wash,5.0,72.613,237.246,1.63,0.041,1.965,,on,-62,,44 minute wash cycle run 2
2026-06-08T08:00:43.610444+00:00,2026-06-08 13:30:43,Abel,plug_2,NW_P2_Abel,P110,washing_machine,147a8794,normal_wash,5.0,5.093,237.707,1.709,0.041,1.965,,on,-63,,44 minute wash cycle run 2
2026-06-08T08:00:48.869256+00:00,2026-06-08 13:30:48,Abel,plug_2,NW_P2_Abel,P110,washing_machine,147a8794,normal_wash,5.0,2.623,237.588,0.045,0.041,1.965,,on,-63,,44 minute wash cycle run 2
2026-06-08T08:00:54.140371+00:00,2026-06-08 13:30:54,Abel,plug_2,NW_P2_Abel,P110,washing_machine,147a8794,normal_wash,5.0,71.597,237.232,1.82,0.041,1.965,,on,-62,,44 minute wash cycle run 2
2026-06-08T08:00:59.404025+00:00,2026-06-08 13:30:59,Abel,plug_2,NW_P2_Abel,P110,washing_machine,147a8794,normal_wash,5.0,73.121,237.167,1.684,0.041,1.965,,on,-64,,44 minute wash cycle run 2
2026-06-08T08:01:04.681582+00:00,2026-06-08 13:31:04,Abel,plug_2,NW_P2_Abel,P110,washing_machine,147a8794,normal_wash,5.0,12.405,237.573,0.547,0.041,1.965,,on,-63,,44 minute wash cycle run 2
2026-06-08T08:01:09.961100+00:00,2026-06-08 13:31:09,Abel,plug_2,NW_P2_Abel,P110,washing_machine,147a8794,normal_wash,5.0,14.687,237.647,0.063,0.041,1.965,,on,-63,,44 minute wash cycle run 2
2026-06-08T08:01:15.226449+00:00,2026-06-08 13:31:15,Abel,plug_2,NW_P2_Abel,P110,washing_machine,147a8794,normal_wash,5.0,71.361,237.346,1.746,0.041,1.965,,on,-63,,44 minute wash cycle run 2
2026-06-08T08:01:20.493311+00:00,2026-06-08 13:31:20,Abel,plug_2,NW_P2_Abel,P110,washing_machine,147a8794,normal_wash,5.0,77.141,237.304,1.791,0.041,1.966,,on,-63,,44 minute wash cycle run 2
2026-06-08T08:01:25.756231+00:00,2026-06-08 13:31:25,Abel,plug_2,NW_P2_Abel,P110,washing_machine,147a8794,normal_wash,5.0,4.153,237.32,0.063,0.041,1.966,,on,-64,,44 minute wash cycle run 2
2026-06-08T08:01:31.018697+00:00,2026-06-08 13:31:31,Abel,plug_2,NW_P2_Abel,P110,washing_machine,147a8794,normal_wash,5.0,2.547,237.08,0.045,0.041,1.966,,on,-63,,44 minute wash cycle run 2
2026-06-08T08:01:36.276697+00:00,2026-06-08 13:31:36,Abel,plug_2,NW_P2_Abel,P110,washing_machine,147a8794,normal_wash,5.0,77.733,236.776,1.981,0.042,1.966,,on,-63,,44 minute wash cycle run 2
2026-06-08T08:01:41.598574+00:00,2026-06-08 13:31:41,Abel,plug_2,NW_P2_Abel,P110,washing_machine,147a8794,normal_wash,5.0,80.411,236.913,2.066,0.042,1.966,,on,-63,,44 minute wash cycle run 2
2026-06-08T08:01:46.870371+00:00,2026-06-08 13:31:46,Abel,plug_2,NW_P2_Abel,P110,washing_machine,147a8794,normal_wash,5.0,14.289,237.289,0.045,0.042,1.966,,on,-64,,44 minute wash cycle run 2
2026-06-08T08:01:52.149746+00:00,2026-06-08 13:31:52,Abel,plug_2,NW_P2_Abel,P110,washing_machine,147a8794,normal_wash,5.0,140.024,237.274,3.02,0.042,1.966,,on,-63,,44 minute wash cycle run 2
2026-06-08T08:01:57.410417+00:00,2026-06-08 13:31:57,Abel,plug_2,NW_P2_Abel,P110,washing_machine,147a8794,normal_wash,5.0,90.734,236.803,2.098,0.042,1.966,,on,-62,,44 minute wash cycle run 2
2026-06-08T08:02:02.674955+00:00,2026-06-08 13:32:02,Abel,plug_2,NW_P2_Abel,P110,washing_machine,147a8794,normal_wash,5.0,89.448,235.937,2.186,0.042,1.966,,on,-63,,44 minute wash cycle run 2
2026-06-08T08:02:07.935296+00:00,2026-06-08 13:32:07,Abel,plug_2,NW_P2_Abel,P110,washing_machine,147a8794,normal_wash,5.0,14.674,236.269,0.064,0.042,1.966,,on,-63,,44 minute wash cycle run 2
2026-06-08T08:02:13.179105+00:00,2026-06-08 13:32:13,Abel,plug_2,NW_P2_Abel,P110,washing_machine,147a8794,normal_wash,5.0,63.483,236.433,1.607,0.042,1.966,,on,-63,,44 minute wash cycle run 2
2026-06-08T08:02:18.437886+00:00,2026-06-08 13:32:18,Abel,plug_2,NW_P2_Abel,P110,washing_machine,147a8794,normal_wash,5.0,99.336,236.96,2.226,0.042,1.967,,on,-63,,44 minute wash cycle run 2
2026-06-08T08:02:23.695627+00:00,2026-06-08 13:32:23,Abel,plug_2,NW_P2_Abel,P110,washing_machine,147a8794,normal_wash,5.0,87.494,236.963,2.248,0.042,1.967,,on,-64,,44 minute wash cycle run 2
2026-06-08T08:02:28.955815+00:00,2026-06-08 13:32:28,Abel,plug_2,NW_P2_Abel,P110,washing_machine,147a8794,normal_wash,5.0,14.773,237.427,0.064,0.042,1.967,,on,-64,,44 minute wash cycle run 2
2026-06-08T08:02:34.222335+00:00,2026-06-08 13:32:34,Abel,plug_2,NW_P2_Abel,P110,washing_machine,147a8794,normal_wash,5.0,116.321,236.759,2.5,0.043,1.967,,on,-63,,44 minute wash cycle run 2
2026-06-08T08:02:39.487747+00:00,2026-06-08 13:32:39,Abel,plug_2,NW_P2_Abel,P110,washing_machine,147a8794,normal_wash,5.0,124.071,236.873,2.687,0.043,1.967,,on,-64,,44 minute wash cycle run 2
2026-06-08T08:02:44.778230+00:00,2026-06-08 13:32:44,Abel,plug_2,NW_P2_Abel,P110,washing_machine,147a8794,normal_wash,5.0,14.79,237.284,2.734,0.043,1.967,,on,-64,,44 minute wash cycle run 2
2026-06-08T08:02:50.041578+00:00,2026-06-08 13:32:50,Abel,plug_2,NW_P2_Abel,P110,washing_machine,147a8794,normal_wash,5.0,14.816,237.274,0.064,0.043,1.967,,on,-64,,44 minute wash cycle run 2
2026-06-08T08:02:55.336901+00:00,2026-06-08 13:32:55,Abel,plug_2,NW_P2_Abel,P110,washing_machine,147a8794,normal_wash,5.0,131.681,236.786,2.89,0.043,1.967,,on,-64,,44 minute wash cycle run 2
2026-06-08T08:03:00.599646+00:00,2026-06-08 13:33:00,Abel,plug_2,NW_P2_Abel,P110,washing_machine,147a8794,normal_wash,5.0,125.467,236.561,2.825,0.043,1.967,,on,-63,,44 minute wash cycle run 2
2026-06-08T08:03:05.864900+00:00,2026-06-08 13:33:05,Abel,plug_2,NW_P2_Abel,P110,washing_machine,147a8794,normal_wash,5.0,2.824,237.126,0.956,0.043,1.968,,on,-62,,44 minute wash cycle run 2
2026-06-08T08:03:11.149571+00:00,2026-06-08 13:33:11,Abel,plug_2,NW_P2_Abel,P110,washing_machine,147a8794,normal_wash,5.0,178.985,236.47,0.046,0.043,1.968,,on,-62,,44 minute wash cycle run 2
2026-06-08T08:03:16.430936+00:00,2026-06-08 13:33:16,Abel,plug_2,NW_P2_Abel,P110,washing_machine,147a8794,normal_wash,5.0,121.518,236.674,2.768,0.044,1.968,,on,-64,,44 minute wash cycle run 2
2026-06-08T08:03:21.691755+00:00,2026-06-08 13:33:21,Abel,plug_2,NW_P2_Abel,P110,washing_machine,147a8794,normal_wash,5.0,123.237,236.526,2.901,0.044,1.968,,on,-65,,44 minute wash cycle run 2
2026-06-08T08:03:27.007681+00:00,2026-06-08 13:33:27,Abel,plug_2,NW_P2_Abel,P110,washing_machine,147a8794,normal_wash,5.0,2.638,237.036,0.046,0.044,1.968,,on,-63,,44 minute wash cycle run 2
2026-06-08T08:03:32.252585+00:00,2026-06-08 13:33:32,Abel,plug_2,NW_P2_Abel,P110,washing_machine,147a8794,normal_wash,5.0,15.132,237.393,0.045,0.044,1.968,,on,-65,,44 minute wash cycle run 2
2026-06-08T08:03:37.528654+00:00,2026-06-08 13:33:37,Abel,plug_2,NW_P2_Abel,P110,washing_machine,147a8794,normal_wash,5.0,122.322,236.845,2.787,0.044,1.968,,on,-63,,44 minute wash cycle run 2
2026-06-08T08:03:42.799598+00:00,2026-06-08 13:33:42,Abel,plug_2,NW_P2_Abel,P110,washing_machine,147a8794,normal_wash,5.0,127.911,236.836,2.94,0.044,1.968,,on,-64,,44 minute wash cycle run 2
2026-06-08T08:03:48.064867+00:00,2026-06-08 13:33:48,Abel,plug_2,NW_P2_Abel,P110,washing_machine,147a8794,normal_wash,5.0,2.653,237.344,0.046,0.044,1.968,,on,-64,,44 minute wash cycle run 2
2026-06-08T08:03:53.326263+00:00,2026-06-08 13:33:53,Abel,plug_2,NW_P2_Abel,P110,washing_machine,147a8794,normal_wash,5.0,140.783,236.819,4.402,0.044,1.969,,on,-63,,44 minute wash cycle run 2
2026-06-08T08:03:58.612531+00:00,2026-06-08 13:33:58,Abel,plug_2,NW_P2_Abel,P110,washing_machine,147a8794,normal_wash,5.0,134.588,236.911,3.041,0.045,1.969,,on,-63,,44 minute wash cycle run 2
2026-06-08T08:04:03.881626+00:00,2026-06-08 13:34:03,Abel,plug_2,NW_P2_Abel,P110,washing_machine,147a8794,normal_wash,5.0,6.487,236.896,0.195,0.045,1.969,,on,-63,,44 minute wash cycle run 2
2026-06-08T08:04:09.149345+00:00,2026-06-08 13:34:09,Abel,plug_2,NW_P2_Abel,P110,washing_machine,147a8794,normal_wash,5.0,2.744,237.27,0.046,0.045,1.969,,on,-64,,44 minute wash cycle run 2
2026-06-08T08:04:14.420980+00:00,2026-06-08 13:34:14,Abel,plug_2,NW_P2_Abel,P110,washing_machine,147a8794,normal_wash,5.0,147.284,236.66,2.891,0.045,1.969,,on,-62,,44 minute wash cycle run 2
2026-06-08T08:04:19.688009+00:00,2026-06-08 13:34:19,Abel,plug_2,NW_P2_Abel,P110,washing_machine,147a8794,normal_wash,5.0,139.042,236.694,3.123,0.045,1.969,,on,-65,,44 minute wash cycle run 2
2026-06-08T08:04:24.959020+00:00,2026-06-08 13:34:24,Abel,plug_2,NW_P2_Abel,P110,washing_machine,147a8794,normal_wash,5.0,2.751,236.923,0.046,0.045,1.969,,on,-64,,44 minute wash cycle run 2
2026-06-08T08:04:30.226871+00:00,2026-06-08 13:34:30,Abel,plug_2,NW_P2_Abel,P110,washing_machine,147a8794,normal_wash,5.0,2.758,237.137,0.046,0.045,1.969,,on,-64,,44 minute wash cycle run 2
2026-06-08T08:04:35.482572+00:00,2026-06-08 13:34:35,Abel,plug_2,NW_P2_Abel,P110,washing_machine,147a8794,normal_wash,5.0,128.245,236.672,3.14,0.045,1.97,,on,-65,,44 minute wash cycle run 2
2026-06-08T08:04:40.743067+00:00,2026-06-08 13:34:40,Abel,plug_2,NW_P2_Abel,P110,washing_machine,147a8794,normal_wash,5.0,138.679,236.68,3.141,0.046,1.97,,on,-66,,44 minute wash cycle run 2
2026-06-08T08:04:46.004011+00:00,2026-06-08 13:34:46,Abel,plug_2,NW_P2_Abel,P110,washing_machine,147a8794,normal_wash,5.0,2.712,237.159,0.046,0.046,1.97,,on,-64,,44 minute wash cycle run 2
2026-06-08T08:04:51.269987+00:00,2026-06-08 13:34:51,Abel,plug_2,NW_P2_Abel,P110,washing_machine,147a8794,normal_wash,5.0,2.751,236.671,0.046,0.046,1.97,,on,-66,,44 minute wash cycle run 2
2026-06-08T08:04:56.568666+00:00,2026-06-08 13:34:56,Abel,plug_2,NW_P2_Abel,P110,washing_machine,147a8794,normal_wash,5.0,160.412,236.08,3.35,0.046,1.97,,on,-65,,44 minute wash cycle run 2
2026-06-08T08:05:01.829754+00:00,2026-06-08 13:35:01,Abel,plug_2,NW_P2_Abel,P110,washing_machine,147a8794,normal_wash,5.0,148.186,236.197,2.986,0.046,1.97,,on,-65,,44 minute wash cycle run 2
2026-06-08T08:05:07.097609+00:00,2026-06-08 13:35:07,Abel,plug_2,NW_P2_Abel,P110,washing_machine,147a8794,normal_wash,5.0,22.747,236.675,0.168,0.046,1.97,,on,-64,,44 minute wash cycle run 2
2026-06-08T08:05:12.364288+00:00,2026-06-08 13:35:12,Abel,plug_2,NW_P2_Abel,P110,washing_machine,147a8794,normal_wash,5.0,196.622,236.693,0.238,0.046,1.971,,on,-64,,44 minute wash cycle run 2
2026-06-08T08:05:17.823621+00:00,2026-06-08 13:35:17,Abel,plug_2,NW_P2_Abel,P110,washing_machine,147a8794,normal_wash,5.0,120.407,237.023,2.983,0.046,1.971,,on,-64,,44 minute wash cycle run 2
2026-06-08T08:05:23.135929+00:00,2026-06-08 13:35:23,Abel,plug_2,NW_P2_Abel,P110,washing_machine,147a8794,normal_wash,5.0,134.914,237.428,2.935,0.047,1.971,,on,-64,,44 minute wash cycle run 2
2026-06-08T08:05:28.381594+00:00,2026-06-08 13:35:28,Abel,plug_2,NW_P2_Abel,P110,washing_machine,147a8794,normal_wash,5.0,20.883,237.627,0.17,0.047,1.971,,on,-63,,44 minute wash cycle run 2
2026-06-08T08:05:33.656061+00:00,2026-06-08 13:35:33,Abel,plug_2,NW_P2_Abel,P110,washing_machine,147a8794,normal_wash,5.0,52.863,237.545,3.711,0.047,1.971,,on,-64,,44 minute wash cycle run 2
2026-06-08T08:05:39.074482+00:00,2026-06-08 13:35:39,Abel,plug_2,NW_P2_Abel,P110,washing_machine,147a8794,normal_wash,5.0,110.726,237.208,2.753,0.047,1.971,,on,-65,,44 minute wash cycle run 2
2026-06-08T08:05:44.343660+00:00,2026-06-08 13:35:44,Abel,plug_2,NW_P2_Abel,P110,washing_machine,147a8794,normal_wash,5.0,145.781,236.855,3.361,0.047,1.971,,on,-65,,44 minute wash cycle run 2
2026-06-08T08:05:49.604505+00:00,2026-06-08 13:35:49,Abel,plug_2,NW_P2_Abel,P110,washing_machine,147a8794,normal_wash,5.0,68.267,236.922,1.551,0.047,1.972,,on,-64,,44 minute wash cycle run 2
2026-06-08T08:05:54.867252+00:00,2026-06-08 13:35:54,Abel,plug_2,NW_P2_Abel,P110,washing_machine,147a8794,normal_wash,5.0,58.633,237.087,1.313,0.047,1.972,,on,-66,,44 minute wash cycle run 2
2026-06-08T08:06:00.226830+00:00,2026-06-08 13:36:00,Abel,plug_2,NW_P2_Abel,P110,washing_machine,147a8794,normal_wash,5.0,55.752,237.189,1.309,0.047,1.972,,on,-66,,44 minute wash cycle run 2
2026-06-08T08:06:05.501004+00:00,2026-06-08 13:36:05,Abel,plug_2,NW_P2_Abel,P110,washing_machine,147a8794,normal_wash,5.0,160.223,236.829,2.412,0.048,1.972,,on,-65,,44 minute wash cycle run 2
2026-06-08T08:06:10.769945+00:00,2026-06-08 13:36:10,Abel,plug_2,NW_P2_Abel,P110,washing_machine,147a8794,normal_wash,5.0,150.481,236.569,1.897,0.048,1.972,,on,-64,,44 minute wash cycle run 2
2026-06-08T08:06:16.051032+00:00,2026-06-08 13:36:16,Abel,plug_2,NW_P2_Abel,P110,washing_machine,147a8794,normal_wash,5.0,96.628,237.255,1.413,0.048,1.972,,on,-64,,44 minute wash cycle run 2
2026-06-08T08:06:21.488782+00:00,2026-06-08 13:36:21,Abel,plug_2,NW_P2_Abel,P110,washing_machine,147a8794,normal_wash,5.0,96.968,237.306,1.406,0.048,1.972,,on,-64,,44 minute wash cycle run 2
2026-06-08T08:06:26.748821+00:00,2026-06-08 13:36:26,Abel,plug_2,NW_P2_Abel,P110,washing_machine,147a8794,normal_wash,5.0,91.865,237.298,1.391,0.048,1.973,,on,-64,,44 minute wash cycle run 2
2026-06-08T08:06:32.025839+00:00,2026-06-08 13:36:32,Abel,plug_2,NW_P2_Abel,P110,washing_machine,147a8794,normal_wash,5.0,92.03,237.336,1.389,0.048,1.973,,on,-64,,44 minute wash cycle run 2
2026-06-08T08:06:37.292430+00:00,2026-06-08 13:36:37,Abel,plug_2,NW_P2_Abel,P110,washing_machine,147a8794,normal_wash,5.0,122.458,237.238,1.661,0.049,1.973,,on,-63,,44 minute wash cycle run 2
2026-06-08T08:06:42.565765+00:00,2026-06-08 13:36:42,Abel,plug_2,NW_P2_Abel,P110,washing_machine,147a8794,normal_wash,5.0,125.772,237.224,1.619,0.049,1.973,,on,-64,,44 minute wash cycle run 2
2026-06-08T08:06:47.848789+00:00,2026-06-08 13:36:47,Abel,plug_2,NW_P2_Abel,P110,washing_machine,147a8794,normal_wash,5.0,138.021,237.147,1.645,0.049,1.973,,on,-63,,44 minute wash cycle run 2
2026-06-08T08:06:53.123076+00:00,2026-06-08 13:36:53,Abel,plug_2,NW_P2_Abel,P110,washing_machine,147a8794,normal_wash,5.0,173.787,237.124,1.824,0.049,1.973,,on,-66,,44 minute wash cycle run 2
2026-06-08T08:06:58.404857+00:00,2026-06-08 13:36:58,Abel,plug_2,NW_P2_Abel,P110,washing_machine,147a8794,normal_wash,5.0,177.564,236.688,1.747,0.049,1.974,,on,-63,,44 minute wash cycle run 2
2026-06-08T08:07:03.710070+00:00,2026-06-08 13:37:03,Abel,plug_2,NW_P2_Abel,P110,washing_machine,147a8794,normal_wash,5.0,191.945,236.654,1.756,0.05,1.974,,on,-63,,44 minute wash cycle run 2
2026-06-08T08:07:08.991235+00:00,2026-06-08 13:37:08,Abel,plug_2,NW_P2_Abel,P110,washing_machine,147a8794,normal_wash,5.0,210.714,236.639,1.772,0.05,1.974,,on,-62,,44 minute wash cycle run 2
2026-06-08T08:07:14.255435+00:00,2026-06-08 13:37:14,Abel,plug_2,NW_P2_Abel,P110,washing_machine,147a8794,normal_wash,5.0,224.913,236.716,1.78,0.05,1.975,,on,-63,,44 minute wash cycle run 2
2026-06-08T08:07:19.511067+00:00,2026-06-08 13:37:19,Abel,plug_2,NW_P2_Abel,P110,washing_machine,147a8794,normal_wash,5.0,243.725,236.656,1.79,0.051,1.975,,on,-63,,44 minute wash cycle run 2
2026-06-08T08:07:24.791827+00:00,2026-06-08 13:37:24,Abel,plug_2,NW_P2_Abel,P110,washing_machine,147a8794,normal_wash,5.0,257.611,236.977,1.799,0.051,1.975,,on,-65,,44 minute wash cycle run 2
2026-06-08T08:07:30.248661+00:00,2026-06-08 13:37:30,Abel,plug_2,NW_P2_Abel,P110,washing_machine,147a8794,normal_wash,5.0,278.275,236.801,1.802,0.052,1.976,,on,-64,,44 minute wash cycle run 2
2026-06-08T08:07:35.512269+00:00,2026-06-08 13:37:35,Abel,plug_2,NW_P2_Abel,P110,washing_machine,147a8794,normal_wash,5.0,300.916,236.609,1.821,0.052,1.976,,on,-62,,44 minute wash cycle run 2
2026-06-08T08:07:40.778902+00:00,2026-06-08 13:37:40,Abel,plug_2,NW_P2_Abel,P110,washing_machine,147a8794,normal_wash,5.0,319.275,236.582,1.835,0.052,1.977,,on,-63,,44 minute wash cycle run 2
2026-06-08T08:07:46.057012+00:00,2026-06-08 13:37:46,Abel,plug_2,NW_P2_Abel,P110,washing_machine,147a8794,normal_wash,5.0,343.341,236.528,1.852,0.053,1.977,,on,-66,,44 minute wash cycle run 2
2026-06-08T08:07:51.578569+00:00,2026-06-08 13:37:51,Abel,plug_2,NW_P2_Abel,P110,washing_machine,147a8794,normal_wash,5.0,365.658,235.945,1.86,0.053,1.978,,on,-64,,44 minute wash cycle run 2
2026-06-08T08:07:56.846891+00:00,2026-06-08 13:37:56,Abel,plug_2,NW_P2_Abel,P110,washing_machine,147a8794,normal_wash,5.0,258.678,236.162,1.621,0.054,1.978,,on,-63,,44 minute wash cycle run 2
2026-06-08T08:08:02.113948+00:00,2026-06-08 13:38:02,Abel,plug_2,NW_P2_Abel,P110,washing_machine,147a8794,normal_wash,5.0,270.132,235.849,1.599,0.054,1.978,,on,-64,,44 minute wash cycle run 2
2026-06-08T08:08:07.390077+00:00,2026-06-08 13:38:07,Abel,plug_2,NW_P2_Abel,P110,washing_machine,147a8794,normal_wash,5.0,266.029,236.165,1.586,0.055,1.979,,on,-64,,44 minute wash cycle run 2
2026-06-08T08:08:12.655607+00:00,2026-06-08 13:38:12,Abel,plug_2,NW_P2_Abel,P110,washing_machine,147a8794,normal_wash,5.0,264.384,235.976,1.582,0.055,1.979,,on,-64,,44 minute wash cycle run 2
2026-06-08T08:08:17.921582+00:00,2026-06-08 13:38:17,Abel,plug_2,NW_P2_Abel,P110,washing_machine,147a8794,normal_wash,5.0,263.966,235.952,1.583,0.055,1.98,,on,-63,,44 minute wash cycle run 2
2026-06-08T08:08:23.178066+00:00,2026-06-08 13:38:23,Abel,plug_2,NW_P2_Abel,P110,washing_machine,147a8794,normal_wash,5.0,263.028,236.026,1.579,0.056,1.98,,on,-64,,44 minute wash cycle run 2
2026-06-08T08:08:28.454426+00:00,2026-06-08 13:38:28,Abel,plug_2,NW_P2_Abel,P110,washing_machine,147a8794,normal_wash,5.0,262.296,236.006,1.576,0.056,1.98,,on,-65,,44 minute wash cycle run 2
2026-06-08T08:08:33.726498+00:00,2026-06-08 13:38:33,Abel,plug_2,NW_P2_Abel,P110,washing_machine,147a8794,normal_wash,5.0,263.406,235.972,1.576,0.057,1.981,,on,-64,,44 minute wash cycle run 2
2026-06-08T08:08:39.009405+00:00,2026-06-08 13:38:39,Abel,plug_2,NW_P2_Abel,P110,washing_machine,147a8794,normal_wash,5.0,261.741,235.916,1.571,0.057,1.981,,on,-63,,44 minute wash cycle run 2
2026-06-08T08:08:44.287631+00:00,2026-06-08 13:38:44,Abel,plug_2,NW_P2_Abel,P110,washing_machine,147a8794,normal_wash,5.0,261.428,235.964,1.574,0.057,1.982,,on,-63,,44 minute wash cycle run 2
2026-06-08T08:08:49.580542+00:00,2026-06-08 13:38:49,Abel,plug_2,NW_P2_Abel,P110,washing_machine,147a8794,normal_wash,5.0,260.062,235.765,1.57,0.058,1.982,,on,-64,,44 minute wash cycle run 2
2026-06-08T08:08:54.843651+00:00,2026-06-08 13:38:54,Abel,plug_2,NW_P2_Abel,P110,washing_machine,147a8794,normal_wash,5.0,259.856,235.999,1.574,0.058,1.982,,on,-65,,44 minute wash cycle run 2
2026-06-08T08:09:00.099328+00:00,2026-06-08 13:39:00,Abel,plug_2,NW_P2_Abel,P110,washing_machine,147a8794,normal_wash,5.0,260.146,235.846,1.569,0.058,1.983,,on,-62,,44 minute wash cycle run 2
2026-06-08T08:09:05.380079+00:00,2026-06-08 13:39:05,Abel,plug_2,NW_P2_Abel,P110,washing_machine,147a8794,normal_wash,5.0,259.952,235.794,1.571,0.059,1.983,,on,-64,,44 minute wash cycle run 2
2026-06-08T08:09:10.642788+00:00,2026-06-08 13:39:10,Abel,plug_2,NW_P2_Abel,P110,washing_machine,147a8794,normal_wash,5.0,260.438,235.911,1.572,0.059,1.983,,on,-64,,44 minute wash cycle run 2
2026-06-08T08:09:15.901467+00:00,2026-06-08 13:39:15,Abel,plug_2,NW_P2_Abel,P110,washing_machine,147a8794,normal_wash,5.0,258.76,236.329,1.565,0.06,1.984,,on,-64,,44 minute wash cycle run 2
2026-06-08T08:09:21.166612+00:00,2026-06-08 13:39:21,Abel,plug_2,NW_P2_Abel,P110,washing_machine,147a8794,normal_wash,5.0,260.065,236.403,1.571,0.06,1.984,,on,-63,,44 minute wash cycle run 2
2026-06-08T08:09:26.426054+00:00,2026-06-08 13:39:26,Abel,plug_2,NW_P2_Abel,P110,washing_machine,147a8794,normal_wash,5.0,350.277,235.86,1.797,0.061,1.985,,on,-65,,44 minute wash cycle run 2
2026-06-08T08:09:31.698589+00:00,2026-06-08 13:39:31,Abel,plug_2,NW_P2_Abel,P110,washing_machine,147a8794,normal_wash,5.0,398.51,235.861,1.864,0.061,1.985,,on,-64,,44 minute wash cycle run 2
2026-06-08T08:09:36.995110+00:00,2026-06-08 13:39:36,Abel,plug_2,NW_P2_Abel,P110,washing_machine,147a8794,normal_wash,5.0,407.714,235.709,1.838,0.062,1.986,,on,-65,,44 minute wash cycle run 2
2026-06-08T08:09:42.280009+00:00,2026-06-08 13:39:42,Abel,plug_2,NW_P2_Abel,P110,washing_machine,147a8794,normal_wash,5.0,423.145,235.792,2.264,0.062,1.987,,on,-63,,44 minute wash cycle run 2
2026-06-08T08:09:47.542189+00:00,2026-06-08 13:39:47,Abel,plug_2,NW_P2_Abel,P110,washing_machine,147a8794,normal_wash,5.0,360.481,236.007,1.718,0.063,1.987,,on,-63,,44 minute wash cycle run 2
2026-06-08T08:09:52.808073+00:00,2026-06-08 13:39:52,Abel,plug_2,NW_P2_Abel,P110,washing_machine,147a8794,normal_wash,5.0,341.859,236.125,1.848,0.063,1.988,,on,-63,,44 minute wash cycle run 2
2026-06-08T08:09:58.086498+00:00,2026-06-08 13:39:58,Abel,plug_2,NW_P2_Abel,P110,washing_machine,147a8794,normal_wash,5.0,339.408,236.29,1.841,0.064,1.988,,on,-64,,44 minute wash cycle run 2
2026-06-08T08:10:03.360167+00:00,2026-06-08 13:40:03,Abel,plug_2,NW_P2_Abel,P110,washing_machine,147a8794,normal_wash,5.0,337.895,235.263,1.835,0.064,1.989,,on,-64,,44 minute wash cycle run 2
2026-06-08T08:10:08.652588+00:00,2026-06-08 13:40:08,Abel,plug_2,NW_P2_Abel,P110,washing_machine,147a8794,normal_wash,5.0,337.303,235.355,1.83,0.065,1.989,,on,-62,,44 minute wash cycle run 2
2026-06-08T08:10:13.894119+00:00,2026-06-08 13:40:13,Abel,plug_2,NW_P2_Abel,P110,washing_machine,147a8794,normal_wash,5.0,337.653,235.362,1.836,0.065,1.989,,on,-63,,44 minute wash cycle run 2
2026-06-08T08:10:19.155973+00:00,2026-06-08 13:40:19,Abel,plug_2,NW_P2_Abel,P110,washing_machine,147a8794,normal_wash,5.0,335.119,235.299,1.829,0.066,1.99,,on,-64,,44 minute wash cycle run 2
2026-06-08T08:10:24.435679+00:00,2026-06-08 13:40:24,Abel,plug_2,NW_P2_Abel,P110,washing_machine,147a8794,normal_wash,5.0,333.957,235.185,1.831,0.066,1.99,,on,-62,,44 minute wash cycle run 2
2026-06-08T08:10:29.696487+00:00,2026-06-08 13:40:29,Abel,plug_2,NW_P2_Abel,P110,washing_machine,147a8794,normal_wash,5.0,335.514,235.214,1.829,0.067,1.991,,on,-64,,44 minute wash cycle run 2
2026-06-08T08:10:34.959738+00:00,2026-06-08 13:40:34,Abel,plug_2,NW_P2_Abel,P110,washing_machine,147a8794,normal_wash,5.0,331.841,236.047,1.821,0.067,1.991,,on,-63,,44 minute wash cycle run 2
2026-06-08T08:10:40.219003+00:00,2026-06-08 13:40:40,Abel,plug_2,NW_P2_Abel,P110,washing_machine,147a8794,normal_wash,5.0,335.636,236.022,1.831,0.068,1.992,,on,-64,,44 minute wash cycle run 2
2026-06-08T08:10:45.476702+00:00,2026-06-08 13:40:45,Abel,plug_2,NW_P2_Abel,P110,washing_machine,147a8794,normal_wash,5.0,335.386,236.208,1.83,0.068,1.992,,on,-63,,44 minute wash cycle run 2
2026-06-08T08:10:50.753250+00:00,2026-06-08 13:40:50,Abel,plug_2,NW_P2_Abel,P110,washing_machine,147a8794,normal_wash,5.0,335.308,236.238,1.824,0.069,1.993,,on,-65,,44 minute wash cycle run 2
2026-06-08T08:10:56.016850+00:00,2026-06-08 13:40:56,Abel,plug_2,NW_P2_Abel,P110,washing_machine,147a8794,normal_wash,5.0,333.772,236.196,1.826,0.069,1.993,,on,-63,,44 minute wash cycle run 2
2026-06-08T08:11:01.284281+00:00,2026-06-08 13:41:01,Abel,plug_2,NW_P2_Abel,P110,washing_machine,147a8794,normal_wash,5.0,334.877,236.172,1.829,0.07,1.994,,on,-64,,44 minute wash cycle run 2
2026-06-08T08:11:06.558201+00:00,2026-06-08 13:41:06,Abel,plug_2,NW_P2_Abel,P110,washing_machine,147a8794,normal_wash,5.0,334.331,235.387,1.827,0.07,1.994,,on,-64,,44 minute wash cycle run 2
2026-06-08T08:11:11.852605+00:00,2026-06-08 13:41:11,Abel,plug_2,NW_P2_Abel,P110,washing_machine,147a8794,normal_wash,5.0,335.338,236.359,1.821,0.071,1.995,,on,-64,,44 minute wash cycle run 2
2026-06-08T08:11:17.154272+00:00,2026-06-08 13:41:17,Abel,plug_2,NW_P2_Abel,P110,washing_machine,147a8794,normal_wash,5.0,332.049,236.419,1.821,0.071,1.995,,on,-63,,44 minute wash cycle run 2
2026-06-08T08:11:22.417997+00:00,2026-06-08 13:41:22,Abel,plug_2,NW_P2_Abel,P110,washing_machine,147a8794,normal_wash,5.0,334.539,236.392,1.828,0.072,1.996,,on,-64,,44 minute wash cycle run 2
2026-06-08T08:11:27.710691+00:00,2026-06-08 13:41:27,Abel,plug_2,NW_P2_Abel,P110,washing_machine,147a8794,normal_wash,5.0,334.273,236.334,1.821,0.072,1.996,,on,-64,,44 minute wash cycle run 2
2026-06-08T08:11:32.966161+00:00,2026-06-08 13:41:32,Abel,plug_2,NW_P2_Abel,P110,washing_machine,147a8794,normal_wash,5.0,330.309,236.013,1.821,0.073,1.997,,on,-65,,44 minute wash cycle run 2
2026-06-08T08:11:38.236698+00:00,2026-06-08 13:41:38,Abel,plug_2,NW_P2_Abel,P110,washing_machine,147a8794,normal_wash,5.0,333.701,235.433,1.824,0.073,1.997,,on,-64,,44 minute wash cycle run 2
2026-06-08T08:11:43.510127+00:00,2026-06-08 13:41:43,Abel,plug_2,NW_P2_Abel,P110,washing_machine,147a8794,normal_wash,5.0,40.59,235.728,0.278,0.073,1.998,,on,-63,,44 minute wash cycle run 2
2026-06-08T08:11:48.811083+00:00,2026-06-08 13:41:48,Abel,plug_2,NW_P2_Abel,P110,washing_machine,147a8794,normal_wash,5.0,21.604,237.49,0.17,0.073,1.998,,on,-64,,44 minute wash cycle run 2
2026-06-08T08:11:54.086507+00:00,2026-06-08 13:41:54,Abel,plug_2,NW_P2_Abel,P110,washing_machine,147a8794,normal_wash,5.0,21.632,237.684,0.17,0.073,1.998,,on,-66,,44 minute wash cycle run 2
2026-06-08T08:11:59.340894+00:00,2026-06-08 13:41:59,Abel,plug_2,NW_P2_Abel,P110,washing_machine,147a8794,normal_wash,5.0,21.772,237.686,0.17,0.074,1.998,,on,-64,,44 minute wash cycle run 2
2026-06-08T08:12:04.602099+00:00,2026-06-08 13:42:04,Abel,plug_2,NW_P2_Abel,P110,washing_machine,147a8794,normal_wash,5.0,21.745,237.614,0.17,0.074,1.998,,on,-65,,44 minute wash cycle run 2
2026-06-08T08:12:09.876986+00:00,2026-06-08 13:42:09,Abel,plug_2,NW_P2_Abel,P110,washing_machine,147a8794,normal_wash,5.0,21.673,237.8,0.17,0.074,1.998,,on,-65,,44 minute wash cycle run 2
2026-06-08T08:12:15.158663+00:00,2026-06-08 13:42:15,Abel,plug_2,NW_P2_Abel,P110,washing_machine,147a8794,normal_wash,5.0,21.442,237.212,0.17,0.074,1.998,,on,-64,,44 minute wash cycle run 2
2026-06-08T08:12:20.428303+00:00,2026-06-08 13:42:20,Abel,plug_2,NW_P2_Abel,P110,washing_machine,147a8794,normal_wash,5.0,21.462,236.485,0.168,0.074,1.998,,on,-64,,44 minute wash cycle run 2
2026-06-08T08:12:25.686845+00:00,2026-06-08 13:42:25,Abel,plug_2,NW_P2_Abel,P110,washing_machine,147a8794,normal_wash,5.0,21.546,237.234,0.169,0.074,1.998,,on,-63,,44 minute wash cycle run 2
2026-06-08T08:12:30.964913+00:00,2026-06-08 13:42:30,Abel,plug_2,NW_P2_Abel,P110,washing_machine,147a8794,normal_wash,5.0,21.524,237.224,0.17,0.074,1.998,,on,-64,,44 minute wash cycle run 2
2026-06-08T08:12:36.223359+00:00,2026-06-08 13:42:36,Abel,plug_2,NW_P2_Abel,P110,washing_machine,147a8794,normal_wash,5.0,21.437,237.1,0.169,0.074,1.998,,on,-64,,44 minute wash cycle run 2
2026-06-08T08:12:41.488412+00:00,2026-06-08 13:42:41,Abel,plug_2,NW_P2_Abel,P110,washing_machine,147a8794,normal_wash,5.0,21.396,237.113,0.169,0.074,1.998,,on,-63,,44 minute wash cycle run 2
2026-06-08T08:12:46.751375+00:00,2026-06-08 13:42:46,Abel,plug_2,NW_P2_Abel,P110,washing_machine,147a8794,normal_wash,5.0,21.46,237.023,0.169,0.074,1.998,,on,-67,,44 minute wash cycle run 2
2026-06-08T08:12:52.032145+00:00,2026-06-08 13:42:52,Abel,plug_2,NW_P2_Abel,P110,washing_machine,147a8794,normal_wash,5.0,21.564,237.29,0.169,0.074,1.998,,on,-64,,44 minute wash cycle run 2
2026-06-08T08:12:57.299114+00:00,2026-06-08 13:42:57,Abel,plug_2,NW_P2_Abel,P110,washing_machine,147a8794,normal_wash,5.0,55.442,236.072,1.15,0.074,1.998,,on,-64,,44 minute wash cycle run 2
2026-06-08T08:13:02.561135+00:00,2026-06-08 13:43:02,Abel,plug_2,NW_P2_Abel,P110,washing_machine,147a8794,normal_wash,5.0,2.578,237.275,0.045,0.074,1.998,,on,-64,,44 minute wash cycle run 2
2026-06-08T08:13:07.822167+00:00,2026-06-08 13:43:07,Abel,plug_2,NW_P2_Abel,P110,washing_machine,147a8794,normal_wash,5.0,2.683,237.512,0.045,0.074,1.998,,on,-63,,44 minute wash cycle run 2
2026-06-08T08:13:13.097588+00:00,2026-06-08 13:43:13,Abel,plug_2,NW_P2_Abel,P110,washing_machine,147a8794,normal_wash,5.0,37.296,237.321,0.045,0.074,1.998,,on,-64,,44 minute wash cycle run 2
2026-06-08T08:13:18.382002+00:00,2026-06-08 13:43:18,Abel,plug_2,NW_P2_Abel,P110,washing_machine,147a8794,normal_wash,5.0,39.896,237.449,1.6,0.074,1.998,,on,-64,,44 minute wash cycle run 2
2026-06-08T08:13:23.642441+00:00,2026-06-08 13:43:23,Abel,plug_2,NW_P2_Abel,P110,washing_machine,147a8794,normal_wash,5.0,2.626,237.707,0.045,0.074,1.998,,on,-63,,44 minute wash cycle run 2
2026-06-08T08:13:28.911625+00:00,2026-06-08 13:43:28,Abel,plug_2,NW_P2_Abel,P110,washing_machine,147a8794,normal_wash,5.0,2.678,237.748,0.045,0.074,1.998,,on,-65,,44 minute wash cycle run 2
2026-06-08T08:13:34.186703+00:00,2026-06-08 13:43:34,Abel,plug_2,NW_P2_Abel,P110,washing_machine,147a8794,normal_wash,5.0,74.814,237.561,1.963,0.074,1.998,,on,-64,,44 minute wash cycle run 2
2026-06-08T08:13:39.446161+00:00,2026-06-08 13:43:39,Abel,plug_2,NW_P2_Abel,P110,washing_machine,147a8794,normal_wash,5.0,2.633,237.8,1.549,0.074,1.999,,on,-64,,44 minute wash cycle run 2
2026-06-08T08:13:44.709888+00:00,2026-06-08 13:43:44,Abel,plug_2,NW_P2_Abel,P110,washing_machine,147a8794,normal_wash,5.0,2.616,237.772,0.045,0.074,1.999,,on,-64,,44 minute wash cycle run 2
2026-06-08T08:13:49.972649+00:00,2026-06-08 13:43:49,Abel,plug_2,NW_P2_Abel,P110,washing_machine,147a8794,normal_wash,5.0,3.547,237.804,0.05,0.074,1.999,,on,-64,,44 minute wash cycle run 2
2026-06-08T08:13:55.226869+00:00,2026-06-08 13:43:55,Abel,plug_2,NW_P2_Abel,P110,washing_machine,147a8794,normal_wash,5.0,2.651,237.862,1.664,0.074,1.999,,on,-65,,44 minute wash cycle run 2
2026-06-08T08:14:00.496141+00:00,2026-06-08 13:44:00,Abel,plug_2,NW_P2_Abel,P110,washing_machine,147a8794,normal_wash,5.0,2.358,237.957,0.045,0.074,1.999,,on,-64,,44 minute wash cycle run 2
2026-06-08T08:14:05.761834+00:00,2026-06-08 13:44:05,Abel,plug_2,NW_P2_Abel,P110,washing_machine,147a8794,normal_wash,5.0,2.271,237.893,0.045,0.074,1.999,,on,-64,,44 minute wash cycle run 2
2026-06-08T08:14:11.314462+00:00,2026-06-08 13:44:11,Abel,plug_2,NW_P2_Abel,P110,washing_machine,147a8794,normal_wash,5.0,2.293,237.889,0.044,0.074,1.999,,on,-65,,44 minute wash cycle run 2
2026-06-08T08:14:16.580064+00:00,2026-06-08 13:44:16,Abel,plug_2,NW_P2_Abel,P110,washing_machine,147a8794,normal_wash,5.0,2.312,237.945,0.045,0.074,1.999,,on,-65,,44 minute wash cycle run 2
2026-06-08T08:14:21.871054+00:00,2026-06-08 13:44:21,Abel,plug_2,NW_P2_Abel,P110,washing_machine,147a8794,normal_wash,5.0,2.288,237.912,0.045,0.074,1.999,,on,-63,,44 minute wash cycle run 2
2026-06-08T08:14:27.136101+00:00,2026-06-08 13:44:27,Abel,plug_2,NW_P2_Abel,P110,washing_machine,147a8794,normal_wash,5.0,2.244,237.989,0.045,0.074,1.999,,on,-63,,44 minute wash cycle run 2
2026-06-08T08:14:32.611144+00:00,2026-06-08 13:44:32,Abel,plug_2,NW_P2_Abel,P110,washing_machine,147a8794,normal_wash,5.0,2.273,237.978,0.045,0.074,1.999,,on,-64,,44 minute wash cycle run 2
2026-06-08T08:14:37.879493+00:00,2026-06-08 13:44:37,Abel,plug_2,NW_P2_Abel,P110,washing_machine,147a8794,normal_wash,5.0,2.286,237.983,0.045,0.074,1.999,,on,-64,,44 minute wash cycle run 2
2026-06-08T08:14:43.147021+00:00,2026-06-08 13:44:43,Abel,plug_2,NW_P2_Abel,P110,washing_machine,147a8794,normal_wash,5.0,2.31,237.855,0.045,0.074,1.999,,on,-65,,44 minute wash cycle run 2
2026-06-08T08:14:48.407135+00:00,2026-06-08 13:44:48,Abel,plug_2,NW_P2_Abel,P110,washing_machine,147a8794,normal_wash,5.0,2.305,237.882,0.045,0.074,1.999,,on,-63,,44 minute wash cycle run 2
2026-06-08T08:14:53.672337+00:00,2026-06-08 13:44:53,Abel,plug_2,NW_P2_Abel,P110,washing_machine,147a8794,normal_wash,5.0,2.576,237.918,0.045,0.074,1.999,,on,-64,,44 minute wash cycle run 2
2026-06-08T08:14:58.948571+00:00,2026-06-08 13:44:58,Abel,plug_2,NW_P2_Abel,P110,washing_machine,147a8794,normal_wash,5.0,2.387,238.536,0.045,0.074,1.999,,on,-64,,44 minute wash cycle run 2
2026-06-08T08:15:04.205627+00:00,2026-06-08 13:45:04,Abel,plug_2,NW_P2_Abel,P110,washing_machine,147a8794,normal_wash,5.0,2.317,238.367,0.045,0.074,1.999,,on,-63,,44 minute wash cycle run 2
2026-06-08T08:15:09.473574+00:00,2026-06-08 13:45:09,Abel,plug_2,NW_P2_Abel,P110,washing_machine,147a8794,normal_wash,5.0,2.319,238.287,0.045,0.074,1.999,,on,-62,,44 minute wash cycle run 2
2026-06-08T08:15:14.747270+00:00,2026-06-08 13:45:14,Abel,plug_2,NW_P2_Abel,P110,washing_machine,147a8794,normal_wash,5.0,2.275,238.253,0.045,0.074,1.999,,on,-64,,44 minute wash cycle run 2
2026-06-08T08:15:20.012908+00:00,2026-06-08 13:45:20,Abel,plug_2,NW_P2_Abel,P110,washing_machine,147a8794,normal_wash,5.0,2.377,238.23,0.045,0.074,1.999,,on,-64,,44 minute wash cycle run 2
2026-06-08T08:15:25.293738+00:00,2026-06-08 13:45:25,Abel,plug_2,NW_P2_Abel,P110,washing_machine,147a8794,normal_wash,5.0,2.337,238.295,0.045,0.074,1.999,,on,-64,,44 minute wash cycle run 2
2026-06-08T08:15:30.556018+00:00,2026-06-08 13:45:30,Abel,plug_2,NW_P2_Abel,P110,washing_machine,147a8794,normal_wash,5.0,2.249,238.287,0.045,0.074,1.999,,on,-64,,44 minute wash cycle run 2
2026-06-08T08:15:35.815797+00:00,2026-06-08 13:45:35,Abel,plug_2,NW_P2_Abel,P110,washing_machine,147a8794,normal_wash,5.0,2.244,238.38,0.045,0.074,1.999,,on,-65,,44 minute wash cycle run 2
2026-06-08T08:15:41.076644+00:00,2026-06-08 13:45:41,Abel,plug_2,NW_P2_Abel,P110,washing_machine,147a8794,normal_wash,5.0,2.223,238.166,0.045,0.074,1.999,,on,-63,,44 minute wash cycle run 2
2026-06-08T08:15:46.342669+00:00,2026-06-08 13:45:46,Abel,plug_2,NW_P2_Abel,P110,washing_machine,147a8794,normal_wash,5.0,2.291,238.075,0.045,0.074,1.999,,on,-63,,44 minute wash cycle run 2
2026-06-08T08:15:51.605920+00:00,2026-06-08 13:45:51,Abel,plug_2,NW_P2_Abel,P110,washing_machine,147a8794,normal_wash,5.0,2.238,238.176,0.045,0.074,1.999,,on,-64,,44 minute wash cycle run 2
2026-06-08T08:15:56.887463+00:00,2026-06-08 13:45:56,Abel,plug_2,NW_P2_Abel,P110,washing_machine,147a8794,normal_wash,5.0,2.317,238.26,0.045,0.074,1.999,,on,-65,,44 minute wash cycle run 2
2026-06-08T08:16:02.155533+00:00,2026-06-08 13:46:02,Abel,plug_2,NW_P2_Abel,P110,washing_machine,147a8794,normal_wash,5.0,2.281,238.269,0.045,0.074,1.999,,on,-64,,44 minute wash cycle run 2
2026-06-08T08:16:07.417701+00:00,2026-06-08 13:46:07,Abel,plug_2,NW_P2_Abel,P110,washing_machine,147a8794,normal_wash,5.0,2.23,237.926,0.045,0.074,1.999,,on,-63,,44 minute wash cycle run 2
2026-06-08T08:16:12.678918+00:00,2026-06-08 13:46:12,Abel,plug_2,NW_P2_Abel,P110,washing_machine,147a8794,normal_wash,5.0,2.27,238.064,0.045,0.074,1.999,,on,-63,,44 minute wash cycle run 2
2026-06-08T08:16:17.971165+00:00,2026-06-08 13:46:17,Abel,plug_2,NW_P2_Abel,P110,washing_machine,147a8794,normal_wash,5.0,2.271,238.373,0.045,0.074,1.999,,on,-63,,44 minute wash cycle run 2
2026-06-08T08:16:23.248658+00:00,2026-06-08 13:46:23,Abel,plug_2,NW_P2_Abel,P110,washing_machine,147a8794,normal_wash,5.0,2.38,238.462,0.045,0.074,1.999,,on,-63,,44 minute wash cycle run 2
2026-06-08T08:16:28.532404+00:00,2026-06-08 13:46:28,Abel,plug_2,NW_P2_Abel,P110,washing_machine,147a8794,normal_wash,5.0,2.25,238.568,0.045,0.074,1.999,,on,-64,,44 minute wash cycle run 2
2026-06-08T08:16:33.795674+00:00,2026-06-08 13:46:33,Abel,plug_2,NW_P2_Abel,P110,washing_machine,147a8794,normal_wash,5.0,2.23,238.645,0.045,0.074,1.999,,on,-64,,44 minute wash cycle run 2
2026-06-08T08:16:39.073998+00:00,2026-06-08 13:46:39,Abel,plug_2,NW_P2_Abel,P110,washing_machine,147a8794,normal_wash,5.0,2.368,238.626,0.045,0.074,1.999,,on,-64,,44 minute wash cycle run 2
2026-06-08T08:16:44.344834+00:00,2026-06-08 13:46:44,Abel,plug_2,NW_P2_Abel,P110,washing_machine,147a8794,normal_wash,5.0,2.278,238.514,0.044,0.074,1.999,,on,-63,,44 minute wash cycle run 2
2026-06-08T08:16:49.628235+00:00,2026-06-08 13:46:49,Abel,plug_2,NW_P2_Abel,P110,washing_machine,147a8794,normal_wash,5.0,2.312,238.432,0.045,0.074,1.999,,on,-65,,44 minute wash cycle run 2
2026-06-08T08:16:54.897383+00:00,2026-06-08 13:46:54,Abel,plug_2,NW_P2_Abel,P110,washing_machine,147a8794,normal_wash,5.0,2.219,238.454,0.045,0.074,1.999,,on,-64,,44 minute wash cycle run 2
2026-06-08T08:17:00.192168+00:00,2026-06-08 13:47:00,Abel,plug_2,NW_P2_Abel,P110,washing_machine,147a8794,normal_wash,5.0,2.191,238.424,0.045,0.074,1.999,,on,-63,,44 minute wash cycle run 2
2026-06-08T08:17:05.473359+00:00,2026-06-08 13:47:05,Abel,plug_2,NW_P2_Abel,P110,washing_machine,147a8794,normal_wash,5.0,2.356,238.441,0.045,0.075,1.999,,on,-64,,44 minute wash cycle run 2
2026-06-08T08:17:10.745931+00:00,2026-06-08 13:47:10,Abel,plug_2,NW_P2_Abel,P110,washing_machine,147a8794,normal_wash,5.0,2.34,238.331,0.045,0.075,1.999,,on,-63,,44 minute wash cycle run 2
2026-06-08T08:17:16.032449+00:00,2026-06-08 13:47:16,Abel,plug_2,NW_P2_Abel,P110,washing_machine,147a8794,normal_wash,5.0,2.281,238.285,0.045,0.075,1.999,,on,-64,,44 minute wash cycle run 2
2026-06-08T08:17:21.320930+00:00,2026-06-08 13:47:21,Abel,plug_2,NW_P2_Abel,P110,washing_machine,147a8794,normal_wash,5.0,2.297,237.979,0.045,0.075,1.999,,on,-63,,44 minute wash cycle run 2
2026-06-08T08:17:26.582609+00:00,2026-06-08 13:47:26,Abel,plug_2,NW_P2_Abel,P110,washing_machine,147a8794,normal_wash,5.0,2.32,238.01,0.045,0.075,1.999,,on,-64,,44 minute wash cycle run 2
2026-06-08T08:17:31.866821+00:00,2026-06-08 13:47:31,Abel,plug_2,NW_P2_Abel,P110,washing_machine,147a8794,normal_wash,5.0,2.357,237.998,0.045,0.075,1.999,,on,-67,,44 minute wash cycle run 2
2026-06-08T08:17:37.170237+00:00,2026-06-08 13:47:37,Abel,plug_2,NW_P2_Abel,P110,washing_machine,147a8794,normal_wash,5.0,2.389,238.108,0.045,0.075,1.999,,on,-63,,44 minute wash cycle run 2
2026-06-08T08:17:42.457875+00:00,2026-06-08 13:47:42,Abel,plug_2,NW_P2_Abel,P110,washing_machine,147a8794,normal_wash,5.0,2.201,238.032,0.045,0.075,1.999,,on,-66,,44 minute wash cycle run 2
2026-06-08T08:17:47.716442+00:00,2026-06-08 13:47:47,Abel,plug_2,NW_P2_Abel,P110,washing_machine,147a8794,normal_wash,5.0,2.344,238.256,0.045,0.075,1.999,,on,-64,,44 minute wash cycle run 2
2026-06-08T08:17:52.981218+00:00,2026-06-08 13:47:52,Abel,plug_2,NW_P2_Abel,P110,washing_machine,147a8794,normal_wash,5.0,2.201,238.204,0.045,0.075,1.999,,on,-64,,44 minute wash cycle run 2
