timestamp_utc,timestamp_local,team_member,plug_id,plug_alias,plug_model,appliance,session_id,mode,sample_interval_sec,power_w,voltage_v,current_a,energy_today_kwh,energy_this_month_kwh,energy_total_kwh,state,rssi,signal_level,notes
2026-06-09T10:27:49.062056+00:00,2026-06-09 15:57:49,Abel,plug_2,NW_P2_Abel,P110,washing_machine,bf4f42d1,normal_wash,5.0,0.0,236.929,0.013,0.004,2.008,,on,-74,,44 minute wash cycle run 3
2026-06-09T10:27:54.354599+00:00,2026-06-09 15:57:54,Abel,plug_2,NW_P2_Abel,P110,washing_machine,bf4f42d1,normal_wash,5.0,0.0,236.937,0.028,0.004,2.008,,on,-67,,44 minute wash cycle run 3
2026-06-09T10:27:59.678093+00:00,2026-06-09 15:57:59,Abel,plug_2,NW_P2_Abel,P110,washing_machine,bf4f42d1,normal_wash,5.0,0.0,236.954,0.022,0.004,2.008,,on,-68,,44 minute wash cycle run 3
2026-06-09T10:28:04.948697+00:00,2026-06-09 15:58:04,Abel,plug_2,NW_P2_Abel,P110,washing_machine,bf4f42d1,normal_wash,5.0,0.0,236.978,0.023,0.004,2.008,,on,-68,,44 minute wash cycle run 3
2026-06-09T10:28:10.207152+00:00,2026-06-09 15:58:10,Abel,plug_2,NW_P2_Abel,P110,washing_machine,bf4f42d1,normal_wash,5.0,0.0,237.023,0.018,0.004,2.008,,on,-65,,44 minute wash cycle run 3
2026-06-09T10:28:15.528419+00:00,2026-06-09 15:58:15,Abel,plug_2,NW_P2_Abel,P110,washing_machine,bf4f42d1,normal_wash,5.0,0.0,236.993,0.032,0.004,2.008,,on,-69,,44 minute wash cycle run 3
2026-06-09T10:28:20.806330+00:00,2026-06-09 15:58:20,Abel,plug_2,NW_P2_Abel,P110,washing_machine,bf4f42d1,normal_wash,5.0,0.0,236.927,0.012,0.004,2.008,,on,-66,,44 minute wash cycle run 3
2026-06-09T10:28:26.066140+00:00,2026-06-09 15:58:26,Abel,plug_2,NW_P2_Abel,P110,washing_machine,bf4f42d1,normal_wash,5.0,0.0,237.002,0.014,0.004,2.008,,on,-64,,44 minute wash cycle run 3
2026-06-09T10:28:31.336510+00:00,2026-06-09 15:58:31,Abel,plug_2,NW_P2_Abel,P110,washing_machine,bf4f42d1,normal_wash,5.0,0.0,237.034,0.021,0.004,2.008,,on,-67,,44 minute wash cycle run 3
2026-06-09T10:28:36.622796+00:00,2026-06-09 15:58:36,Abel,plug_2,NW_P2_Abel,P110,washing_machine,bf4f42d1,normal_wash,5.0,0.0,236.991,0.026,0.004,2.008,,on,-66,,44 minute wash cycle run 3
2026-06-09T10:28:41.894155+00:00,2026-06-09 15:58:41,Abel,plug_2,NW_P2_Abel,P110,washing_machine,bf4f42d1,normal_wash,5.0,1.65,237.024,0.053,0.004,2.008,,on,-68,,44 minute wash cycle run 3
2026-06-09T10:28:47.157292+00:00,2026-06-09 15:58:47,Abel,plug_2,NW_P2_Abel,P110,washing_machine,bf4f42d1,normal_wash,5.0,2.055,236.986,0.045,0.004,2.008,,on,-65,,44 minute wash cycle run 3
2026-06-09T10:28:52.439038+00:00,2026-06-09 15:58:52,Abel,plug_2,NW_P2_Abel,P110,washing_machine,bf4f42d1,normal_wash,5.0,2.172,237.055,0.044,0.004,2.008,,on,-67,,44 minute wash cycle run 3
2026-06-09T10:28:57.860030+00:00,2026-06-09 15:58:57,Abel,plug_2,NW_P2_Abel,P110,washing_machine,bf4f42d1,normal_wash,5.0,13.511,237.222,0.103,0.004,2.008,,on,-65,,44 minute wash cycle run 3
2026-06-09T10:29:03.471802+00:00,2026-06-09 15:59:03,Abel,plug_2,NW_P2_Abel,P110,washing_machine,bf4f42d1,normal_wash,5.0,4.202,237.198,0.044,0.004,2.008,,on,-65,,44 minute wash cycle run 3
2026-06-09T10:29:08.785967+00:00,2026-06-09 15:59:08,Abel,plug_2,NW_P2_Abel,P110,washing_machine,bf4f42d1,normal_wash,5.0,8.719,237.18,0.044,0.004,2.008,,on,-66,,44 minute wash cycle run 3
2026-06-09T10:29:14.437776+00:00,2026-06-09 15:59:14,Abel,plug_2,NW_P2_Abel,P110,washing_machine,bf4f42d1,normal_wash,5.0,2.619,237.034,0.045,0.004,2.008,,on,-64,,44 minute wash cycle run 3
2026-06-09T10:29:22.050427+00:00,2026-06-09 15:59:22,Abel,plug_2,NW_P2_Abel,P110,washing_machine,bf4f42d1,normal_wash,5.0,8.834,236.976,0.044,0.004,2.008,,on,-64,,44 minute wash cycle run 3
2026-06-09T10:29:28.163323+00:00,2026-06-09 15:59:28,Abel,plug_2,NW_P2_Abel,P110,washing_machine,bf4f42d1,normal_wash,5.0,8.765,237.072,0.044,0.004,2.008,,on,-65,,44 minute wash cycle run 3
2026-06-09T10:29:33.689141+00:00,2026-06-09 15:59:33,Abel,plug_2,NW_P2_Abel,P110,washing_machine,bf4f42d1,normal_wash,5.0,8.824,236.867,0.044,0.004,2.008,,on,-65,,44 minute wash cycle run 3
2026-06-09T10:29:39.499645+00:00,2026-06-09 15:59:39,Abel,plug_2,NW_P2_Abel,P110,washing_machine,bf4f42d1,normal_wash,5.0,8.77,237.005,0.044,0.004,2.008,,on,-66,,44 minute wash cycle run 3
2026-06-09T10:29:44.944380+00:00,2026-06-09 15:59:44,Abel,plug_2,NW_P2_Abel,P110,washing_machine,bf4f42d1,normal_wash,5.0,8.788,237.008,0.044,0.004,2.008,,on,-64,,44 minute wash cycle run 3
2026-06-09T10:29:50.247415+00:00,2026-06-09 15:59:50,Abel,plug_2,NW_P2_Abel,P110,washing_machine,bf4f42d1,normal_wash,5.0,8.76,236.915,0.044,0.004,2.008,,on,-67,,44 minute wash cycle run 3
2026-06-09T10:29:55.862640+00:00,2026-06-09 15:59:55,Abel,plug_2,NW_P2_Abel,P110,washing_machine,bf4f42d1,normal_wash,5.0,8.729,237.143,0.044,0.004,2.008,,on,-65,,44 minute wash cycle run 3
2026-06-09T10:30:01.616231+00:00,2026-06-09 16:00:01,Abel,plug_2,NW_P2_Abel,P110,washing_machine,bf4f42d1,normal_wash,5.0,138.094,236.487,2.6,0.004,2.008,,on,-64,,44 minute wash cycle run 3
2026-06-09T10:30:06.863664+00:00,2026-06-09 16:00:06,Abel,plug_2,NW_P2_Abel,P110,washing_machine,bf4f42d1,normal_wash,5.0,63.187,236.783,1.386,0.004,2.008,,on,-64,,44 minute wash cycle run 3
2026-06-09T10:30:12.200013+00:00,2026-06-09 16:00:12,Abel,plug_2,NW_P2_Abel,P110,washing_machine,bf4f42d1,normal_wash,5.0,2.659,237.107,0.046,0.004,2.008,,on,-64,,44 minute wash cycle run 3
2026-06-09T10:30:17.621262+00:00,2026-06-09 16:00:17,Abel,plug_2,NW_P2_Abel,P110,washing_machine,bf4f42d1,normal_wash,5.0,93.813,236.984,0.045,0.004,2.008,,on,-66,,44 minute wash cycle run 3
2026-06-09T10:30:22.928592+00:00,2026-06-09 16:00:22,Abel,plug_2,NW_P2_Abel,P110,washing_machine,bf4f42d1,normal_wash,5.0,127.952,236.832,1.487,0.005,2.008,,on,-63,,44 minute wash cycle run 3
2026-06-09T10:30:28.651617+00:00,2026-06-09 16:00:28,Abel,plug_2,NW_P2_Abel,P110,washing_machine,bf4f42d1,normal_wash,5.0,70.75,236.74,2.146,0.005,2.008,,on,-64,,44 minute wash cycle run 3
2026-06-09T10:30:34.571101+00:00,2026-06-09 16:00:34,Abel,plug_2,NW_P2_Abel,P110,washing_machine,bf4f42d1,normal_wash,5.0,135.684,236.716,1.979,0.005,2.008,,on,-66,,44 minute wash cycle run 3
2026-06-09T10:30:39.979637+00:00,2026-06-09 16:00:39,Abel,plug_2,NW_P2_Abel,P110,washing_machine,bf4f42d1,normal_wash,5.0,3.903,237.102,0.046,0.005,2.009,,on,-64,,44 minute wash cycle run 3
2026-06-09T10:30:45.895278+00:00,2026-06-09 16:00:45,Abel,plug_2,NW_P2_Abel,P110,washing_machine,bf4f42d1,normal_wash,5.0,2.724,237.188,0.045,0.005,2.009,,on,-65,,44 minute wash cycle run 3
2026-06-09T10:30:51.671453+00:00,2026-06-09 16:00:51,Abel,plug_2,NW_P2_Abel,P110,washing_machine,bf4f42d1,normal_wash,5.0,2.479,237.066,1.491,0.005,2.009,,on,-66,,44 minute wash cycle run 3
2026-06-09T10:30:57.195895+00:00,2026-06-09 16:00:57,Abel,plug_2,NW_P2_Abel,P110,washing_machine,bf4f42d1,normal_wash,5.0,107.83,236.529,2.709,0.005,2.009,,on,-66,,44 minute wash cycle run 3
2026-06-09T10:31:02.520517+00:00,2026-06-09 16:01:02,Abel,plug_2,NW_P2_Abel,P110,washing_machine,bf4f42d1,normal_wash,5.0,2.587,236.961,2.012,0.005,2.009,,on,-65,,44 minute wash cycle run 3
2026-06-09T10:31:07.826580+00:00,2026-06-09 16:01:07,Abel,plug_2,NW_P2_Abel,P110,washing_machine,bf4f42d1,normal_wash,5.0,2.667,236.936,0.046,0.005,2.009,,on,-67,,44 minute wash cycle run 3
2026-06-09T10:31:13.277550+00:00,2026-06-09 16:01:13,Abel,plug_2,NW_P2_Abel,P110,washing_machine,bf4f42d1,normal_wash,5.0,103.969,236.959,3.084,0.005,2.009,,on,-67,,44 minute wash cycle run 3
2026-06-09T10:31:18.719138+00:00,2026-06-09 16:01:18,Abel,plug_2,NW_P2_Abel,P110,washing_machine,bf4f42d1,normal_wash,5.0,124.525,236.747,2.026,0.006,2.009,,on,-68,,44 minute wash cycle run 3
2026-06-09T10:31:23.985729+00:00,2026-06-09 16:01:23,Abel,plug_2,NW_P2_Abel,P110,washing_machine,bf4f42d1,normal_wash,5.0,111.847,236.737,1.84,0.006,2.009,,on,-66,,44 minute wash cycle run 3
2026-06-09T10:31:29.382328+00:00,2026-06-09 16:01:29,Abel,plug_2,NW_P2_Abel,P110,washing_machine,bf4f42d1,normal_wash,5.0,88.943,236.453,2.528,0.006,2.009,,on,-65,,44 minute wash cycle run 3
2026-06-09T10:31:34.693549+00:00,2026-06-09 16:01:34,Abel,plug_2,NW_P2_Abel,P110,washing_machine,bf4f42d1,normal_wash,5.0,8.792,236.944,0.045,0.006,2.009,,on,-66,,44 minute wash cycle run 3
2026-06-09T10:31:40.258411+00:00,2026-06-09 16:01:40,Abel,plug_2,NW_P2_Abel,P110,washing_machine,bf4f42d1,normal_wash,5.0,2.563,236.825,0.046,0.006,2.009,,on,-65,,44 minute wash cycle run 3
2026-06-09T10:31:45.559319+00:00,2026-06-09 16:01:45,Abel,plug_2,NW_P2_Abel,P110,washing_machine,bf4f42d1,normal_wash,5.0,2.677,236.948,1.739,0.006,2.01,,on,-68,,44 minute wash cycle run 3
2026-06-09T10:31:50.820408+00:00,2026-06-09 16:01:50,Abel,plug_2,NW_P2_Abel,P110,washing_machine,bf4f42d1,normal_wash,5.0,96.226,236.474,2.701,0.006,2.01,,on,-67,,44 minute wash cycle run 3
2026-06-09T10:31:56.122842+00:00,2026-06-09 16:01:56,Abel,plug_2,NW_P2_Abel,P110,washing_machine,bf4f42d1,normal_wash,5.0,87.553,237.0,2.76,0.006,2.01,,on,-68,,44 minute wash cycle run 3
2026-06-09T10:32:01.709938+00:00,2026-06-09 16:02:01,Abel,plug_2,NW_P2_Abel,P110,washing_machine,bf4f42d1,normal_wash,5.0,122.544,236.9,3.646,0.006,2.01,,on,-67,,44 minute wash cycle run 3
2026-06-09T10:32:06.977301+00:00,2026-06-09 16:02:06,Abel,plug_2,NW_P2_Abel,P110,washing_machine,bf4f42d1,normal_wash,5.0,104.261,236.529,2.088,0.007,2.01,,on,-67,,44 minute wash cycle run 3
2026-06-09T10:32:12.473534+00:00,2026-06-09 16:02:12,Abel,plug_2,NW_P2_Abel,P110,washing_machine,bf4f42d1,normal_wash,5.0,100.927,236.535,2.038,0.007,2.01,,on,-66,,44 minute wash cycle run 3
2026-06-09T10:32:17.745372+00:00,2026-06-09 16:02:17,Abel,plug_2,NW_P2_Abel,P110,washing_machine,bf4f42d1,normal_wash,5.0,2.582,236.831,0.045,0.007,2.01,,on,-70,,44 minute wash cycle run 3
2026-06-09T10:32:23.042881+00:00,2026-06-09 16:02:23,Abel,plug_2,NW_P2_Abel,P110,washing_machine,bf4f42d1,normal_wash,5.0,171.4,236.31,2.191,0.007,2.01,,on,-68,,44 minute wash cycle run 3
2026-06-09T10:32:28.319561+00:00,2026-06-09 16:02:28,Abel,plug_2,NW_P2_Abel,P110,washing_machine,bf4f42d1,normal_wash,5.0,106.082,236.298,2.177,0.007,2.01,,on,-68,,44 minute wash cycle run 3
2026-06-09T10:32:33.598181+00:00,2026-06-09 16:02:33,Abel,plug_2,NW_P2_Abel,P110,washing_machine,bf4f42d1,normal_wash,5.0,2.586,236.527,0.045,0.007,2.011,,on,-66,,44 minute wash cycle run 3
2026-06-09T10:32:38.872221+00:00,2026-06-09 16:02:38,Abel,plug_2,NW_P2_Abel,P110,washing_machine,bf4f42d1,normal_wash,5.0,2.629,236.722,0.045,0.007,2.011,,on,-68,,44 minute wash cycle run 3
2026-06-09T10:32:44.131059+00:00,2026-06-09 16:02:44,Abel,plug_2,NW_P2_Abel,P110,washing_machine,bf4f42d1,normal_wash,5.0,90.275,236.501,2.045,0.007,2.011,,on,-68,,44 minute wash cycle run 3
2026-06-09T10:32:49.393002+00:00,2026-06-09 16:02:49,Abel,plug_2,NW_P2_Abel,P110,washing_machine,bf4f42d1,normal_wash,5.0,106.293,236.516,2.1,0.007,2.011,,on,-66,,44 minute wash cycle run 3
2026-06-09T10:32:54.675481+00:00,2026-06-09 16:02:54,Abel,plug_2,NW_P2_Abel,P110,washing_machine,bf4f42d1,normal_wash,5.0,2.661,236.877,0.045,0.007,2.011,,on,-66,,44 minute wash cycle run 3
2026-06-09T10:32:59.962415+00:00,2026-06-09 16:02:59,Abel,plug_2,NW_P2_Abel,P110,washing_machine,bf4f42d1,normal_wash,5.0,2.628,236.921,0.045,0.007,2.011,,on,-67,,44 minute wash cycle run 3
2026-06-09T10:33:05.229545+00:00,2026-06-09 16:03:05,Abel,plug_2,NW_P2_Abel,P110,washing_machine,bf4f42d1,normal_wash,5.0,100.564,236.504,2.228,0.008,2.011,,on,-65,,44 minute wash cycle run 3
2026-06-09T10:33:10.523438+00:00,2026-06-09 16:03:10,Abel,plug_2,NW_P2_Abel,P110,washing_machine,bf4f42d1,normal_wash,5.0,105.74,236.595,2.102,0.008,2.011,,on,-66,,44 minute wash cycle run 3
2026-06-09T10:33:15.789733+00:00,2026-06-09 16:03:15,Abel,plug_2,NW_P2_Abel,P110,washing_machine,bf4f42d1,normal_wash,5.0,2.605,237.143,0.045,0.008,2.011,,on,-66,,44 minute wash cycle run 3
2026-06-09T10:33:21.068003+00:00,2026-06-09 16:03:21,Abel,plug_2,NW_P2_Abel,P110,washing_machine,bf4f42d1,normal_wash,5.0,103.939,236.402,0.05,0.008,2.011,,on,-66,,44 minute wash cycle run 3
2026-06-09T10:33:26.339578+00:00,2026-06-09 16:03:26,Abel,plug_2,NW_P2_Abel,P110,washing_machine,bf4f42d1,normal_wash,5.0,105.265,236.796,2.325,0.008,2.012,,on,-66,,44 minute wash cycle run 3
2026-06-09T10:33:31.657330+00:00,2026-06-09 16:03:31,Abel,plug_2,NW_P2_Abel,P110,washing_machine,bf4f42d1,normal_wash,5.0,93.234,236.629,2.458,0.008,2.012,,on,-70,,44 minute wash cycle run 3
2026-06-09T10:33:36.972121+00:00,2026-06-09 16:03:36,Abel,plug_2,NW_P2_Abel,P110,washing_machine,bf4f42d1,normal_wash,5.0,2.569,237.057,0.045,0.008,2.012,,on,-67,,44 minute wash cycle run 3
2026-06-09T10:33:42.243939+00:00,2026-06-09 16:03:42,Abel,plug_2,NW_P2_Abel,P110,washing_machine,bf4f42d1,normal_wash,5.0,177.007,237.025,0.046,0.008,2.012,,on,-69,,44 minute wash cycle run 3
2026-06-09T10:33:47.515759+00:00,2026-06-09 16:03:47,Abel,plug_2,NW_P2_Abel,P110,washing_machine,bf4f42d1,normal_wash,5.0,107.927,236.909,2.189,0.008,2.012,,on,-69,,44 minute wash cycle run 3
2026-06-09T10:33:52.837751+00:00,2026-06-09 16:03:52,Abel,plug_2,NW_P2_Abel,P110,washing_machine,bf4f42d1,normal_wash,5.0,3.54,236.893,2.501,0.008,2.012,,on,-70,,44 minute wash cycle run 3
2026-06-09T10:33:58.099129+00:00,2026-06-09 16:03:58,Abel,plug_2,NW_P2_Abel,P110,washing_machine,bf4f42d1,normal_wash,5.0,2.598,237.052,0.045,0.008,2.012,,on,-70,,44 minute wash cycle run 3
2026-06-09T10:34:03.372140+00:00,2026-06-09 16:04:03,Abel,plug_2,NW_P2_Abel,P110,washing_machine,bf4f42d1,normal_wash,5.0,107.684,236.711,3.349,0.009,2.012,,on,-68,,44 minute wash cycle run 3
2026-06-09T10:34:08.700606+00:00,2026-06-09 16:04:08,Abel,plug_2,NW_P2_Abel,P110,washing_machine,bf4f42d1,normal_wash,5.0,105.63,236.711,2.38,0.009,2.012,,on,-73,,44 minute wash cycle run 3
2026-06-09T10:34:14.075299+00:00,2026-06-09 16:04:14,Abel,plug_2,NW_P2_Abel,P110,washing_machine,bf4f42d1,normal_wash,5.0,2.632,236.568,0.09,0.009,2.012,,on,-71,,44 minute wash cycle run 3
2026-06-09T10:34:19.383300+00:00,2026-06-09 16:04:19,Abel,plug_2,NW_P2_Abel,P110,washing_machine,bf4f42d1,normal_wash,5.0,2.629,236.994,0.045,0.009,2.012,,on,-71,,44 minute wash cycle run 3
2026-06-09T10:34:24.680165+00:00,2026-06-09 16:04:24,Abel,plug_2,NW_P2_Abel,P110,washing_machine,bf4f42d1,normal_wash,5.0,100.805,236.796,2.248,0.009,2.013,,on,-74,,44 minute wash cycle run 3
2026-06-09T10:34:29.960500+00:00,2026-06-09 16:04:29,Abel,plug_2,NW_P2_Abel,P110,washing_machine,bf4f42d1,normal_wash,5.0,105.863,236.824,2.309,0.009,2.013,,on,-70,,44 minute wash cycle run 3
2026-06-09T10:34:35.241108+00:00,2026-06-09 16:04:35,Abel,plug_2,NW_P2_Abel,P110,washing_machine,bf4f42d1,normal_wash,5.0,8.769,237.074,0.045,0.009,2.013,,on,-71,,44 minute wash cycle run 3
2026-06-09T10:34:40.562514+00:00,2026-06-09 16:04:40,Abel,plug_2,NW_P2_Abel,P110,washing_machine,bf4f42d1,normal_wash,5.0,58.73,237.032,2.691,0.009,2.013,,on,-72,,44 minute wash cycle run 3
2026-06-09T10:34:46.011726+00:00,2026-06-09 16:04:46,Abel,plug_2,NW_P2_Abel,P110,washing_machine,bf4f42d1,normal_wash,5.0,111.781,236.634,2.379,0.009,2.013,,on,-69,,44 minute wash cycle run 3
2026-06-09T10:34:51.305435+00:00,2026-06-09 16:04:51,Abel,plug_2,NW_P2_Abel,P110,washing_machine,bf4f42d1,normal_wash,5.0,117.545,236.616,2.238,0.01,2.013,,on,-70,,44 minute wash cycle run 3
2026-06-09T10:34:56.582005+00:00,2026-06-09 16:04:56,Abel,plug_2,NW_P2_Abel,P110,washing_machine,bf4f42d1,normal_wash,5.0,2.636,236.974,0.045,0.01,2.013,,on,-73,,44 minute wash cycle run 3
2026-06-09T10:35:01.895703+00:00,2026-06-09 16:05:01,Abel,plug_2,NW_P2_Abel,P110,washing_machine,bf4f42d1,normal_wash,5.0,124.336,237.011,0.07,0.01,2.013,,on,-78,,44 minute wash cycle run 3
2026-06-09T10:35:07.194474+00:00,2026-06-09 16:05:07,Abel,plug_2,NW_P2_Abel,P110,washing_machine,bf4f42d1,normal_wash,5.0,116.001,236.567,2.273,0.01,2.013,,on,-68,,44 minute wash cycle run 3
2026-06-09T10:35:12.456586+00:00,2026-06-09 16:05:12,Abel,plug_2,NW_P2_Abel,P110,washing_machine,bf4f42d1,normal_wash,5.0,40.31,236.64,2.491,0.01,2.014,,on,-66,,44 minute wash cycle run 3
2026-06-09T10:35:18.269945+00:00,2026-06-09 16:05:18,Abel,plug_2,NW_P2_Abel,P110,washing_machine,bf4f42d1,normal_wash,5.0,2.679,236.952,0.046,0.01,2.014,,on,-66,,44 minute wash cycle run 3
2026-06-09T10:35:23.543195+00:00,2026-06-09 16:05:23,Abel,plug_2,NW_P2_Abel,P110,washing_machine,bf4f42d1,normal_wash,5.0,108.371,236.873,2.624,0.01,2.014,,on,-66,,44 minute wash cycle run 3
2026-06-09T10:35:29.952909+00:00,2026-06-09 16:05:29,Abel,plug_2,NW_P2_Abel,P110,washing_machine,bf4f42d1,normal_wash,5.0,108.57,237.019,2.471,0.01,2.014,,on,-67,,44 minute wash cycle run 3
2026-06-09T10:35:35.247722+00:00,2026-06-09 16:05:35,Abel,plug_2,NW_P2_Abel,P110,washing_machine,bf4f42d1,normal_wash,5.0,2.674,237.337,0.046,0.01,2.014,,on,-70,,44 minute wash cycle run 3
2026-06-09T10:35:40.523518+00:00,2026-06-09 16:05:40,Abel,plug_2,NW_P2_Abel,P110,washing_machine,bf4f42d1,normal_wash,5.0,2.683,237.391,0.046,0.01,2.014,,on,-66,,44 minute wash cycle run 3
2026-06-09T10:35:45.865891+00:00,2026-06-09 16:05:45,Abel,plug_2,NW_P2_Abel,P110,washing_machine,bf4f42d1,normal_wash,5.0,116.902,236.852,2.355,0.011,2.014,,on,-67,,44 minute wash cycle run 3
2026-06-09T10:35:51.959263+00:00,2026-06-09 16:05:51,Abel,plug_2,NW_P2_Abel,P110,washing_machine,bf4f42d1,normal_wash,5.0,110.986,236.72,1.76,0.011,2.014,,on,-63,,44 minute wash cycle run 3
2026-06-09T10:35:57.209627+00:00,2026-06-09 16:05:57,Abel,plug_2,NW_P2_Abel,P110,washing_machine,bf4f42d1,normal_wash,5.0,2.678,237.226,0.046,0.011,2.014,,on,-67,,44 minute wash cycle run 3
2026-06-09T10:36:02.472193+00:00,2026-06-09 16:06:02,Abel,plug_2,NW_P2_Abel,P110,washing_machine,bf4f42d1,normal_wash,5.0,123.622,236.86,3.389,0.011,2.015,,on,-67,,44 minute wash cycle run 3
2026-06-09T10:36:07.733926+00:00,2026-06-09 16:06:07,Abel,plug_2,NW_P2_Abel,P110,washing_machine,bf4f42d1,normal_wash,5.0,117.02,236.855,2.515,0.011,2.015,,on,-64,,44 minute wash cycle run 3
2026-06-09T10:36:13.127074+00:00,2026-06-09 16:06:13,Abel,plug_2,NW_P2_Abel,P110,washing_machine,bf4f42d1,normal_wash,5.0,35.492,236.921,0.046,0.011,2.015,,on,-67,,44 minute wash cycle run 3
2026-06-09T10:36:18.418180+00:00,2026-06-09 16:06:18,Abel,plug_2,NW_P2_Abel,P110,washing_machine,bf4f42d1,normal_wash,5.0,2.728,237.289,0.046,0.011,2.015,,on,-65,,44 minute wash cycle run 3
2026-06-09T10:36:23.764764+00:00,2026-06-09 16:06:23,Abel,plug_2,NW_P2_Abel,P110,washing_machine,bf4f42d1,normal_wash,5.0,155.852,236.783,3.18,0.011,2.015,,on,-64,,44 minute wash cycle run 3
2026-06-09T10:36:29.330514+00:00,2026-06-09 16:06:29,Abel,plug_2,NW_P2_Abel,P110,washing_machine,bf4f42d1,normal_wash,5.0,106.993,236.728,2.557,0.011,2.015,,on,-67,,44 minute wash cycle run 3
2026-06-09T10:36:34.752504+00:00,2026-06-09 16:06:34,Abel,plug_2,NW_P2_Abel,P110,washing_machine,bf4f42d1,normal_wash,5.0,2.769,237.114,0.046,0.012,2.015,,on,-66,,44 minute wash cycle run 3
2026-06-09T10:36:40.046071+00:00,2026-06-09 16:06:40,Abel,plug_2,NW_P2_Abel,P110,washing_machine,bf4f42d1,normal_wash,5.0,62.542,237.243,3.037,0.012,2.015,,on,-68,,44 minute wash cycle run 3
2026-06-09T10:36:45.326063+00:00,2026-06-09 16:06:45,Abel,plug_2,NW_P2_Abel,P110,washing_machine,bf4f42d1,normal_wash,5.0,121.595,236.722,2.493,0.012,2.015,,on,-66,,44 minute wash cycle run 3
2026-06-09T10:36:50.646778+00:00,2026-06-09 16:06:50,Abel,plug_2,NW_P2_Abel,P110,washing_machine,bf4f42d1,normal_wash,5.0,111.982,236.757,2.677,0.012,2.016,,on,-66,,44 minute wash cycle run 3
2026-06-09T10:36:55.953896+00:00,2026-06-09 16:06:55,Abel,plug_2,NW_P2_Abel,P110,washing_machine,bf4f42d1,normal_wash,5.0,2.738,237.016,0.046,0.012,2.016,,on,-66,,44 minute wash cycle run 3
2026-06-09T10:37:01.230337+00:00,2026-06-09 16:07:01,Abel,plug_2,NW_P2_Abel,P110,washing_machine,bf4f42d1,normal_wash,5.0,2.573,237.005,0.18,0.012,2.016,,on,-67,,44 minute wash cycle run 3
2026-06-09T10:37:06.527514+00:00,2026-06-09 16:07:06,Abel,plug_2,NW_P2_Abel,P110,washing_machine,bf4f42d1,normal_wash,5.0,121.284,236.682,2.726,0.012,2.016,,on,-65,,44 minute wash cycle run 3
2026-06-09T10:37:11.797582+00:00,2026-06-09 16:07:11,Abel,plug_2,NW_P2_Abel,P110,washing_machine,bf4f42d1,normal_wash,5.0,111.823,236.644,2.529,0.012,2.016,,on,-67,,44 minute wash cycle run 3
2026-06-09T10:37:17.099884+00:00,2026-06-09 16:07:17,Abel,plug_2,NW_P2_Abel,P110,washing_machine,bf4f42d1,normal_wash,5.0,2.66,237.085,0.045,0.012,2.016,,on,-65,,44 minute wash cycle run 3
2026-06-09T10:37:22.357015+00:00,2026-06-09 16:07:22,Abel,plug_2,NW_P2_Abel,P110,washing_machine,bf4f42d1,normal_wash,5.0,122.09,236.349,2.77,0.013,2.016,,on,-67,,44 minute wash cycle run 3
2026-06-09T10:37:27.644719+00:00,2026-06-09 16:07:27,Abel,plug_2,NW_P2_Abel,P110,washing_machine,bf4f42d1,normal_wash,5.0,110.439,236.63,2.59,0.013,2.016,,on,-67,,44 minute wash cycle run 3
2026-06-09T10:37:32.948832+00:00,2026-06-09 16:07:32,Abel,plug_2,NW_P2_Abel,P110,washing_machine,bf4f42d1,normal_wash,5.0,90.929,236.91,2.649,0.013,2.016,,on,-67,,44 minute wash cycle run 3
2026-06-09T10:37:38.218453+00:00,2026-06-09 16:07:38,Abel,plug_2,NW_P2_Abel,P110,washing_machine,bf4f42d1,normal_wash,5.0,2.645,237.054,0.045,0.013,2.016,,on,-65,,44 minute wash cycle run 3
2026-06-09T10:37:43.511604+00:00,2026-06-09 16:07:43,Abel,plug_2,NW_P2_Abel,P110,washing_machine,bf4f42d1,normal_wash,5.0,204.112,237.036,3.208,0.013,2.017,,on,-64,,44 minute wash cycle run 3
2026-06-09T10:37:48.909455+00:00,2026-06-09 16:07:48,Abel,plug_2,NW_P2_Abel,P110,washing_machine,bf4f42d1,normal_wash,5.0,117.083,236.808,2.499,0.013,2.017,,on,-67,,44 minute wash cycle run 3
2026-06-09T10:37:54.224877+00:00,2026-06-09 16:07:54,Abel,plug_2,NW_P2_Abel,P110,washing_machine,bf4f42d1,normal_wash,5.0,2.626,237.188,2.031,0.013,2.017,,on,-66,,44 minute wash cycle run 3
2026-06-09T10:37:59.515645+00:00,2026-06-09 16:07:59,Abel,plug_2,NW_P2_Abel,P110,washing_machine,bf4f42d1,normal_wash,5.0,5.774,236.927,0.045,0.013,2.017,,on,-65,,44 minute wash cycle run 3
2026-06-09T10:38:04.811992+00:00,2026-06-09 16:08:04,Abel,plug_2,NW_P2_Abel,P110,washing_machine,bf4f42d1,normal_wash,5.0,123.042,236.665,2.572,0.013,2.017,,on,-66,,44 minute wash cycle run 3
2026-06-09T10:38:10.111208+00:00,2026-06-09 16:08:10,Abel,plug_2,NW_P2_Abel,P110,washing_machine,bf4f42d1,normal_wash,5.0,106.999,236.664,2.611,0.014,2.017,,on,-67,,44 minute wash cycle run 3
2026-06-09T10:38:15.405730+00:00,2026-06-09 16:08:15,Abel,plug_2,NW_P2_Abel,P110,washing_machine,bf4f42d1,normal_wash,5.0,2.651,237.179,0.047,0.014,2.017,,on,-70,,44 minute wash cycle run 3
2026-06-09T10:38:20.710938+00:00,2026-06-09 16:08:20,Abel,plug_2,NW_P2_Abel,P110,washing_machine,bf4f42d1,normal_wash,5.0,2.699,237.353,0.046,0.014,2.017,,on,-67,,44 minute wash cycle run 3
2026-06-09T10:38:26.254961+00:00,2026-06-09 16:08:26,Abel,plug_2,NW_P2_Abel,P110,washing_machine,bf4f42d1,normal_wash,5.0,118.18,236.849,2.659,0.014,2.017,,on,-67,,44 minute wash cycle run 3
2026-06-09T10:38:31.553739+00:00,2026-06-09 16:08:31,Abel,plug_2,NW_P2_Abel,P110,washing_machine,bf4f42d1,normal_wash,5.0,120.114,236.797,2.586,0.014,2.018,,on,-67,,44 minute wash cycle run 3
2026-06-09T10:38:36.833988+00:00,2026-06-09 16:08:36,Abel,plug_2,NW_P2_Abel,P110,washing_machine,bf4f42d1,normal_wash,5.0,2.735,237.243,0.046,0.014,2.018,,on,-66,,44 minute wash cycle run 3
2026-06-09T10:38:42.247377+00:00,2026-06-09 16:08:42,Abel,plug_2,NW_P2_Abel,P110,washing_machine,bf4f42d1,normal_wash,5.0,154.013,236.742,3.284,0.014,2.018,,on,-68,,44 minute wash cycle run 3
2026-06-09T10:38:47.524693+00:00,2026-06-09 16:08:47,Abel,plug_2,NW_P2_Abel,P110,washing_machine,bf4f42d1,normal_wash,5.0,124.578,236.638,2.489,0.014,2.018,,on,-65,,44 minute wash cycle run 3
2026-06-09T10:38:52.826766+00:00,2026-06-09 16:08:52,Abel,plug_2,NW_P2_Abel,P110,washing_machine,bf4f42d1,normal_wash,5.0,116.663,236.649,1.963,0.014,2.018,,on,-68,,44 minute wash cycle run 3
2026-06-09T10:38:58.128247+00:00,2026-06-09 16:08:58,Abel,plug_2,NW_P2_Abel,P110,washing_machine,bf4f42d1,normal_wash,5.0,2.716,237.093,0.046,0.014,2.018,,on,-67,,44 minute wash cycle run 3
2026-06-09T10:39:03.407877+00:00,2026-06-09 16:09:03,Abel,plug_2,NW_P2_Abel,P110,washing_machine,bf4f42d1,normal_wash,5.0,149.779,236.297,0.208,0.015,2.018,,on,-66,,44 minute wash cycle run 3
2026-06-09T10:39:08.674794+00:00,2026-06-09 16:09:08,Abel,plug_2,NW_P2_Abel,P110,washing_machine,bf4f42d1,normal_wash,5.0,113.487,236.806,2.593,0.015,2.018,,on,-66,,44 minute wash cycle run 3
2026-06-09T10:39:13.947625+00:00,2026-06-09 16:09:13,Abel,plug_2,NW_P2_Abel,P110,washing_machine,bf4f42d1,normal_wash,5.0,32.555,236.854,0.048,0.015,2.018,,on,-65,,44 minute wash cycle run 3
2026-06-09T10:39:19.204871+00:00,2026-06-09 16:09:19,Abel,plug_2,NW_P2_Abel,P110,washing_machine,bf4f42d1,normal_wash,5.0,2.757,237.153,0.137,0.015,2.018,,on,-64,,44 minute wash cycle run 3
2026-06-09T10:39:24.496263+00:00,2026-06-09 16:09:24,Abel,plug_2,NW_P2_Abel,P110,washing_machine,bf4f42d1,normal_wash,5.0,117.495,236.706,2.777,0.015,2.019,,on,-65,,44 minute wash cycle run 3
2026-06-09T10:39:29.808521+00:00,2026-06-09 16:09:29,Abel,plug_2,NW_P2_Abel,P110,washing_machine,bf4f42d1,normal_wash,5.0,117.312,236.676,2.528,0.015,2.019,,on,-66,,44 minute wash cycle run 3
2026-06-09T10:39:35.060630+00:00,2026-06-09 16:09:35,Abel,plug_2,NW_P2_Abel,P110,washing_machine,bf4f42d1,normal_wash,5.0,2.627,236.978,0.046,0.015,2.019,,on,-65,,44 minute wash cycle run 3
2026-06-09T10:39:40.357007+00:00,2026-06-09 16:09:40,Abel,plug_2,NW_P2_Abel,P110,washing_machine,bf4f42d1,normal_wash,5.0,2.674,236.984,0.045,0.015,2.019,,on,-64,,44 minute wash cycle run 3
2026-06-09T10:39:45.684572+00:00,2026-06-09 16:09:45,Abel,plug_2,NW_P2_Abel,P110,washing_machine,bf4f42d1,normal_wash,5.0,128.96,236.468,3.299,0.015,2.019,,on,-65,,44 minute wash cycle run 3
2026-06-09T10:39:51.275089+00:00,2026-06-09 16:09:51,Abel,plug_2,NW_P2_Abel,P110,washing_machine,bf4f42d1,normal_wash,5.0,118.368,236.621,2.795,0.016,2.019,,on,-65,,44 minute wash cycle run 3
2026-06-09T10:39:56.563921+00:00,2026-06-09 16:09:56,Abel,plug_2,NW_P2_Abel,P110,washing_machine,bf4f42d1,normal_wash,5.0,2.64,237.171,0.045,0.016,2.019,,on,-66,,44 minute wash cycle run 3
2026-06-09T10:40:02.234740+00:00,2026-06-09 16:10:02,Abel,plug_2,NW_P2_Abel,P110,washing_machine,bf4f42d1,normal_wash,5.0,194.232,237.005,3.474,0.016,2.019,,on,-65,,44 minute wash cycle run 3
2026-06-09T10:40:07.524509+00:00,2026-06-09 16:10:07,Abel,plug_2,NW_P2_Abel,P110,washing_machine,bf4f42d1,normal_wash,5.0,119.548,236.388,2.7,0.016,2.02,,on,-64,,44 minute wash cycle run 3
2026-06-09T10:40:12.784569+00:00,2026-06-09 16:10:12,Abel,plug_2,NW_P2_Abel,P110,washing_machine,bf4f42d1,normal_wash,5.0,25.826,236.425,2.556,0.016,2.02,,on,-64,,44 minute wash cycle run 3
2026-06-09T10:40:18.031419+00:00,2026-06-09 16:10:18,Abel,plug_2,NW_P2_Abel,P110,washing_machine,bf4f42d1,normal_wash,5.0,2069.961,230.656,9.842,0.019,2.022,,on,-65,,44 minute wash cycle run 3
2026-06-09T10:40:23.296127+00:00,2026-06-09 16:10:23,Abel,plug_2,NW_P2_Abel,P110,washing_machine,bf4f42d1,normal_wash,5.0,2065.437,230.732,9.381,0.022,2.025,,on,-66,,44 minute wash cycle run 3
2026-06-09T10:40:28.595805+00:00,2026-06-09 16:10:28,Abel,plug_2,NW_P2_Abel,P110,washing_machine,bf4f42d1,normal_wash,5.0,1998.393,230.523,8.477,0.025,2.028,,on,-68,,44 minute wash cycle run 3
2026-06-09T10:40:34.287311+00:00,2026-06-09 16:10:34,Abel,plug_2,NW_P2_Abel,P110,washing_machine,bf4f42d1,normal_wash,5.0,1956.903,231.013,8.464,0.028,2.031,,on,-64,,44 minute wash cycle run 3
2026-06-09T10:40:39.553357+00:00,2026-06-09 16:10:39,Abel,plug_2,NW_P2_Abel,P110,washing_machine,bf4f42d1,normal_wash,5.0,2121.501,230.445,9.509,0.031,2.034,,on,-64,,44 minute wash cycle run 3
2026-06-09T10:40:44.832306+00:00,2026-06-09 16:10:44,Abel,plug_2,NW_P2_Abel,P110,washing_machine,bf4f42d1,normal_wash,5.0,2067.175,230.642,9.411,0.034,2.037,,on,-66,,44 minute wash cycle run 3
2026-06-09T10:40:50.113142+00:00,2026-06-09 16:10:50,Abel,plug_2,NW_P2_Abel,P110,washing_machine,bf4f42d1,normal_wash,5.0,1962.525,230.999,8.475,0.037,2.04,,on,-65,,44 minute wash cycle run 3
2026-06-09T10:40:55.417990+00:00,2026-06-09 16:10:55,Abel,plug_2,NW_P2_Abel,P110,washing_machine,bf4f42d1,normal_wash,5.0,1983.711,231.051,9.427,0.04,2.043,,on,-67,,44 minute wash cycle run 3
2026-06-09T10:41:00.674253+00:00,2026-06-09 16:11:00,Abel,plug_2,NW_P2_Abel,P110,washing_machine,bf4f42d1,normal_wash,5.0,2070.395,230.795,9.327,0.043,2.046,,on,-65,,44 minute wash cycle run 3
2026-06-09T10:41:06.038694+00:00,2026-06-09 16:11:06,Abel,plug_2,NW_P2_Abel,P110,washing_machine,bf4f42d1,normal_wash,5.0,2069.687,230.747,9.329,0.046,2.049,,on,-66,,44 minute wash cycle run 3
2026-06-09T10:41:11.329932+00:00,2026-06-09 16:11:11,Abel,plug_2,NW_P2_Abel,P110,washing_machine,bf4f42d1,normal_wash,5.0,1960.894,231.14,8.478,0.049,2.052,,on,-66,,44 minute wash cycle run 3
2026-06-09T10:41:17.243993+00:00,2026-06-09 16:11:17,Abel,plug_2,NW_P2_Abel,P110,washing_machine,bf4f42d1,normal_wash,5.0,2.616,237.114,0.098,0.049,2.052,,on,-68,,44 minute wash cycle run 3
2026-06-09T10:41:23.114178+00:00,2026-06-09 16:11:23,Abel,plug_2,NW_P2_Abel,P110,washing_machine,bf4f42d1,normal_wash,5.0,117.572,236.582,2.881,0.049,2.052,,on,-66,,44 minute wash cycle run 3
2026-06-09T10:41:28.376853+00:00,2026-06-09 16:11:28,Abel,plug_2,NW_P2_Abel,P110,washing_machine,bf4f42d1,normal_wash,5.0,43.147,236.568,0.048,0.049,2.053,,on,-66,,44 minute wash cycle run 3
2026-06-09T10:41:33.842944+00:00,2026-06-09 16:11:33,Abel,plug_2,NW_P2_Abel,P110,washing_machine,bf4f42d1,normal_wash,5.0,2.788,236.88,0.046,0.049,2.053,,on,-68,,44 minute wash cycle run 3
2026-06-09T10:41:39.180256+00:00,2026-06-09 16:11:39,Abel,plug_2,NW_P2_Abel,P110,washing_machine,bf4f42d1,normal_wash,5.0,114.1,236.375,2.989,0.049,2.053,,on,-66,,44 minute wash cycle run 3
2026-06-09T10:41:45.395678+00:00,2026-06-09 16:11:45,Abel,plug_2,NW_P2_Abel,P110,washing_machine,bf4f42d1,normal_wash,5.0,123.849,236.509,2.719,0.049,2.053,,on,-69,,44 minute wash cycle run 3
2026-06-09T10:41:50.927324+00:00,2026-06-09 16:11:50,Abel,plug_2,NW_P2_Abel,P110,washing_machine,bf4f42d1,normal_wash,5.0,2.582,236.936,0.045,0.049,2.053,,on,-65,,44 minute wash cycle run 3
2026-06-09T10:41:56.382588+00:00,2026-06-09 16:11:56,Abel,plug_2,NW_P2_Abel,P110,washing_machine,bf4f42d1,normal_wash,5.0,2.659,236.849,0.046,0.049,2.053,,on,-66,,44 minute wash cycle run 3
2026-06-09T10:42:01.770149+00:00,2026-06-09 16:12:01,Abel,plug_2,NW_P2_Abel,P110,washing_machine,bf4f42d1,normal_wash,5.0,125.782,236.198,2.707,0.05,2.053,,on,-65,,44 minute wash cycle run 3
2026-06-09T10:42:07.146838+00:00,2026-06-09 16:12:07,Abel,plug_2,NW_P2_Abel,P110,washing_machine,bf4f42d1,normal_wash,5.0,125.517,236.272,2.07,0.05,2.053,,on,-67,,44 minute wash cycle run 3
2026-06-09T10:42:12.843249+00:00,2026-06-09 16:12:12,Abel,plug_2,NW_P2_Abel,P110,washing_machine,bf4f42d1,normal_wash,5.0,2.633,236.59,0.045,0.05,2.053,,on,-66,,44 minute wash cycle run 3
2026-06-09T10:42:18.332197+00:00,2026-06-09 16:12:18,Abel,plug_2,NW_P2_Abel,P110,washing_machine,bf4f42d1,normal_wash,5.0,133.617,236.168,3.583,0.05,2.054,,on,-64,,44 minute wash cycle run 3
2026-06-09T10:42:23.606639+00:00,2026-06-09 16:12:23,Abel,plug_2,NW_P2_Abel,P110,washing_machine,bf4f42d1,normal_wash,5.0,116.173,236.161,2.847,0.05,2.054,,on,-66,,44 minute wash cycle run 3
2026-06-09T10:42:29.071368+00:00,2026-06-09 16:12:29,Abel,plug_2,NW_P2_Abel,P110,washing_machine,bf4f42d1,normal_wash,5.0,39.706,236.174,0.047,0.05,2.054,,on,-67,,44 minute wash cycle run 3
2026-06-09T10:42:34.344717+00:00,2026-06-09 16:12:34,Abel,plug_2,NW_P2_Abel,P110,washing_machine,bf4f42d1,normal_wash,5.0,2.65,236.509,0.045,0.05,2.054,,on,-67,,44 minute wash cycle run 3
2026-06-09T10:42:39.946793+00:00,2026-06-09 16:12:39,Abel,plug_2,NW_P2_Abel,P110,washing_machine,bf4f42d1,normal_wash,5.0,174.811,236.063,3.131,0.05,2.054,,on,-66,,44 minute wash cycle run 3
2026-06-09T10:42:45.215572+00:00,2026-06-09 16:12:45,Abel,plug_2,NW_P2_Abel,P110,washing_machine,bf4f42d1,normal_wash,5.0,118.387,236.172,2.817,0.051,2.054,,on,-66,,44 minute wash cycle run 3
2026-06-09T10:42:50.479031+00:00,2026-06-09 16:12:50,Abel,plug_2,NW_P2_Abel,P110,washing_machine,bf4f42d1,normal_wash,5.0,2.615,236.54,0.045,0.051,2.054,,on,-65,,44 minute wash cycle run 3
2026-06-09T10:42:55.774920+00:00,2026-06-09 16:12:55,Abel,plug_2,NW_P2_Abel,P110,washing_machine,bf4f42d1,normal_wash,5.0,36.275,236.701,2.984,0.051,2.054,,on,-66,,44 minute wash cycle run 3
2026-06-09T10:43:01.115985+00:00,2026-06-09 16:13:01,Abel,plug_2,NW_P2_Abel,P110,washing_machine,bf4f42d1,normal_wash,5.0,124.11,236.586,2.74,0.051,2.055,,on,-70,,44 minute wash cycle run 3
2026-06-09T10:43:06.516488+00:00,2026-06-09 16:13:06,Abel,plug_2,NW_P2_Abel,P110,washing_machine,bf4f42d1,normal_wash,5.0,125.047,236.436,2.954,0.051,2.055,,on,-66,,44 minute wash cycle run 3
2026-06-09T10:43:12.102605+00:00,2026-06-09 16:13:12,Abel,plug_2,NW_P2_Abel,P110,washing_machine,bf4f42d1,normal_wash,5.0,2.491,236.884,0.045,0.051,2.055,,on,-67,,44 minute wash cycle run 3
2026-06-09T10:43:17.382302+00:00,2026-06-09 16:13:17,Abel,plug_2,NW_P2_Abel,P110,washing_machine,bf4f42d1,normal_wash,5.0,151.638,236.868,0.285,0.051,2.055,,on,-65,,44 minute wash cycle run 3
2026-06-09T10:43:22.999425+00:00,2026-06-09 16:13:22,Abel,plug_2,NW_P2_Abel,P110,washing_machine,bf4f42d1,normal_wash,5.0,121.45,236.491,2.907,0.051,2.055,,on,-65,,44 minute wash cycle run 3
2026-06-09T10:43:28.329130+00:00,2026-06-09 16:13:28,Abel,plug_2,NW_P2_Abel,P110,washing_machine,bf4f42d1,normal_wash,5.0,30.589,236.448,0.045,0.052,2.055,,on,-65,,44 minute wash cycle run 3
2026-06-09T10:43:33.586450+00:00,2026-06-09 16:13:33,Abel,plug_2,NW_P2_Abel,P110,washing_machine,bf4f42d1,normal_wash,5.0,2.596,236.942,0.045,0.052,2.055,,on,-65,,44 minute wash cycle run 3
2026-06-09T10:43:38.858776+00:00,2026-06-09 16:13:38,Abel,plug_2,NW_P2_Abel,P110,washing_machine,bf4f42d1,normal_wash,5.0,121.208,236.566,2.997,0.052,2.055,,on,-68,,44 minute wash cycle run 3
2026-06-09T10:43:44.138417+00:00,2026-06-09 16:13:44,Abel,plug_2,NW_P2_Abel,P110,washing_machine,bf4f42d1,normal_wash,5.0,117.89,236.543,2.792,0.052,2.056,,on,-68,,44 minute wash cycle run 3
2026-06-09T10:43:49.451891+00:00,2026-06-09 16:13:49,Abel,plug_2,NW_P2_Abel,P110,washing_machine,bf4f42d1,normal_wash,5.0,2.617,236.997,0.045,0.052,2.056,,on,-67,,44 minute wash cycle run 3
2026-06-09T10:43:54.863006+00:00,2026-06-09 16:13:54,Abel,plug_2,NW_P2_Abel,P110,washing_machine,bf4f42d1,normal_wash,5.0,2.667,237.028,0.045,0.052,2.056,,on,-67,,44 minute wash cycle run 3
2026-06-09T10:44:00.138256+00:00,2026-06-09 16:14:00,Abel,plug_2,NW_P2_Abel,P110,washing_machine,bf4f42d1,normal_wash,5.0,131.104,236.62,3.443,0.052,2.056,,on,-66,,44 minute wash cycle run 3
2026-06-09T10:44:05.809092+00:00,2026-06-09 16:14:05,Abel,plug_2,NW_P2_Abel,P110,washing_machine,bf4f42d1,normal_wash,5.0,114.528,236.695,2.863,0.052,2.056,,on,-67,,44 minute wash cycle run 3
2026-06-09T10:44:11.074105+00:00,2026-06-09 16:14:11,Abel,plug_2,NW_P2_Abel,P110,washing_machine,bf4f42d1,normal_wash,5.0,2.711,237.131,0.046,0.052,2.056,,on,-68,,44 minute wash cycle run 3
2026-06-09T10:44:16.362704+00:00,2026-06-09 16:14:16,Abel,plug_2,NW_P2_Abel,P110,washing_machine,bf4f42d1,normal_wash,5.0,202.4,236.946,3.261,0.053,2.056,,on,-65,,44 minute wash cycle run 3
2026-06-09T10:44:21.672409+00:00,2026-06-09 16:14:21,Abel,plug_2,NW_P2_Abel,P110,washing_machine,bf4f42d1,normal_wash,5.0,112.976,236.67,2.936,0.053,2.056,,on,-65,,44 minute wash cycle run 3
2026-06-09T10:44:26.926087+00:00,2026-06-09 16:14:26,Abel,plug_2,NW_P2_Abel,P110,washing_machine,bf4f42d1,normal_wash,5.0,120.288,236.67,2.701,0.053,2.056,,on,-68,,44 minute wash cycle run 3
2026-06-09T10:44:32.185324+00:00,2026-06-09 16:14:32,Abel,plug_2,NW_P2_Abel,P110,washing_machine,bf4f42d1,normal_wash,5.0,2.651,237.112,0.045,0.053,2.056,,on,-65,,44 minute wash cycle run 3
2026-06-09T10:44:37.459190+00:00,2026-06-09 16:14:37,Abel,plug_2,NW_P2_Abel,P110,washing_machine,bf4f42d1,normal_wash,5.0,66.28,237.202,3.405,0.053,2.057,,on,-66,,44 minute wash cycle run 3
2026-06-09T10:44:42.713463+00:00,2026-06-09 16:14:42,Abel,plug_2,NW_P2_Abel,P110,washing_machine,bf4f42d1,normal_wash,5.0,120.406,236.619,2.855,0.053,2.057,,on,-66,,44 minute wash cycle run 3
2026-06-09T10:44:47.960572+00:00,2026-06-09 16:14:47,Abel,plug_2,NW_P2_Abel,P110,washing_machine,bf4f42d1,normal_wash,5.0,65.058,236.991,2.688,0.053,2.057,,on,-66,,44 minute wash cycle run 3
2026-06-09T10:44:53.224272+00:00,2026-06-09 16:14:53,Abel,plug_2,NW_P2_Abel,P110,washing_machine,bf4f42d1,normal_wash,5.0,2.755,237.155,0.045,0.053,2.057,,on,-65,,44 minute wash cycle run 3
2026-06-09T10:44:58.475193+00:00,2026-06-09 16:14:58,Abel,plug_2,NW_P2_Abel,P110,washing_machine,bf4f42d1,normal_wash,5.0,115.081,236.587,2.674,0.053,2.057,,on,-65,,44 minute wash cycle run 3
2026-06-09T10:45:03.750940+00:00,2026-06-09 16:15:03,Abel,plug_2,NW_P2_Abel,P110,washing_machine,bf4f42d1,normal_wash,5.0,114.931,236.668,2.834,0.054,2.057,,on,-66,,44 minute wash cycle run 3
2026-06-09T10:45:09.084929+00:00,2026-06-09 16:15:09,Abel,plug_2,NW_P2_Abel,P110,washing_machine,bf4f42d1,normal_wash,5.0,2.74,237.194,1.89,0.054,2.057,,on,-66,,44 minute wash cycle run 3
2026-06-09T10:45:14.595946+00:00,2026-06-09 16:15:14,Abel,plug_2,NW_P2_Abel,P110,washing_machine,bf4f42d1,normal_wash,5.0,2.703,237.252,0.046,0.054,2.057,,on,-64,,44 minute wash cycle run 3
2026-06-09T10:45:19.887485+00:00,2026-06-09 16:15:19,Abel,plug_2,NW_P2_Abel,P110,washing_machine,bf4f42d1,normal_wash,5.0,126.835,236.409,3.156,0.054,2.057,,on,-66,,44 minute wash cycle run 3
2026-06-09T10:45:25.133334+00:00,2026-06-09 16:15:25,Abel,plug_2,NW_P2_Abel,P110,washing_machine,bf4f42d1,normal_wash,5.0,122.841,236.891,2.765,0.054,2.058,,on,-65,,44 minute wash cycle run 3
2026-06-09T10:45:30.385151+00:00,2026-06-09 16:15:30,Abel,plug_2,NW_P2_Abel,P110,washing_machine,bf4f42d1,normal_wash,5.0,2.681,237.416,0.047,0.054,2.058,,on,-66,,44 minute wash cycle run 3
2026-06-09T10:45:35.644862+00:00,2026-06-09 16:15:35,Abel,plug_2,NW_P2_Abel,P110,washing_machine,bf4f42d1,normal_wash,5.0,161.96,237.441,0.591,0.054,2.058,,on,-65,,44 minute wash cycle run 3
2026-06-09T10:45:40.933856+00:00,2026-06-09 16:15:40,Abel,plug_2,NW_P2_Abel,P110,washing_machine,bf4f42d1,normal_wash,5.0,116.649,236.991,2.707,0.054,2.058,,on,-65,,44 minute wash cycle run 3
2026-06-09T10:45:46.387007+00:00,2026-06-09 16:15:46,Abel,plug_2,NW_P2_Abel,P110,washing_machine,bf4f42d1,normal_wash,5.0,123.288,237.043,2.842,0.055,2.058,,on,-65,,44 minute wash cycle run 3
2026-06-09T10:45:51.651075+00:00,2026-06-09 16:15:51,Abel,plug_2,NW_P2_Abel,P110,washing_machine,bf4f42d1,normal_wash,5.0,2.8,237.548,0.046,0.055,2.058,,on,-65,,44 minute wash cycle run 3
2026-06-09T10:45:56.901033+00:00,2026-06-09 16:15:56,Abel,plug_2,NW_P2_Abel,P110,washing_machine,bf4f42d1,normal_wash,5.0,14.439,237.811,0.046,0.055,2.058,,on,-65,,44 minute wash cycle run 3
2026-06-09T10:46:02.157555+00:00,2026-06-09 16:16:02,Abel,plug_2,NW_P2_Abel,P110,washing_machine,bf4f42d1,normal_wash,5.0,121.316,237.241,2.822,0.055,2.058,,on,-66,,44 minute wash cycle run 3
2026-06-09T10:46:07.421664+00:00,2026-06-09 16:16:07,Abel,plug_2,NW_P2_Abel,P110,washing_machine,bf4f42d1,normal_wash,5.0,119.617,237.142,2.742,0.055,2.059,,on,-67,,44 minute wash cycle run 3
2026-06-09T10:46:12.686854+00:00,2026-06-09 16:16:12,Abel,plug_2,NW_P2_Abel,P110,washing_machine,bf4f42d1,normal_wash,5.0,2.799,237.528,0.046,0.055,2.059,,on,-66,,44 minute wash cycle run 3
2026-06-09T10:46:18.163583+00:00,2026-06-09 16:16:18,Abel,plug_2,NW_P2_Abel,P110,washing_machine,bf4f42d1,normal_wash,5.0,124.502,237.268,3.295,0.055,2.059,,on,-65,,44 minute wash cycle run 3
2026-06-09T10:46:23.661931+00:00,2026-06-09 16:16:23,Abel,plug_2,NW_P2_Abel,P110,washing_machine,bf4f42d1,normal_wash,5.0,109.869,237.282,2.767,0.055,2.059,,on,-65,,44 minute wash cycle run 3
2026-06-09T10:46:29.235949+00:00,2026-06-09 16:16:29,Abel,plug_2,NW_P2_Abel,P110,washing_machine,bf4f42d1,normal_wash,5.0,17.128,237.363,0.046,0.055,2.059,,on,-67,,44 minute wash cycle run 3
2026-06-09T10:46:34.498461+00:00,2026-06-09 16:16:34,Abel,plug_2,NW_P2_Abel,P110,washing_machine,bf4f42d1,normal_wash,5.0,2.755,237.902,0.046,0.055,2.059,,on,-67,,44 minute wash cycle run 3
2026-06-09T10:46:39.773340+00:00,2026-06-09 16:16:39,Abel,plug_2,NW_P2_Abel,P110,washing_machine,bf4f42d1,normal_wash,5.0,151.354,237.327,3.935,0.056,2.059,,on,-67,,44 minute wash cycle run 3
2026-06-09T10:46:45.033415+00:00,2026-06-09 16:16:45,Abel,plug_2,NW_P2_Abel,P110,washing_machine,bf4f42d1,normal_wash,5.0,123.181,237.406,2.916,0.056,2.059,,on,-66,,44 minute wash cycle run 3
2026-06-09T10:46:54.662500+00:00,2026-06-09 16:16:54,Abel,plug_2,NW_P2_Abel,P110,washing_machine,bf4f42d1,normal_wash,5.0,2.8,237.879,0.046,0.056,2.059,,on,-65,,44 minute wash cycle run 3
2026-06-09T10:46:59.921013+00:00,2026-06-09 16:16:59,Abel,plug_2,NW_P2_Abel,P110,washing_machine,bf4f42d1,normal_wash,5.0,119.606,237.3,2.893,0.056,2.06,,on,-64,,44 minute wash cycle run 3
2026-06-09T10:47:07.008669+00:00,2026-06-09 16:17:07,Abel,plug_2,NW_P2_Abel,P110,washing_machine,bf4f42d1,normal_wash,5.0,121.667,237.393,2.705,0.056,2.06,,on,-65,,44 minute wash cycle run 3
2026-06-09T10:47:12.274066+00:00,2026-06-09 16:17:12,Abel,plug_2,NW_P2_Abel,P110,washing_machine,bf4f42d1,normal_wash,5.0,2.721,237.742,0.046,0.056,2.06,,on,-66,,44 minute wash cycle run 3
2026-06-09T10:47:17.533127+00:00,2026-06-09 16:17:17,Abel,plug_2,NW_P2_Abel,P110,washing_machine,bf4f42d1,normal_wash,5.0,2.652,237.776,0.26,0.056,2.06,,on,-66,,44 minute wash cycle run 3
2026-06-09T10:47:23.301860+00:00,2026-06-09 16:17:23,Abel,plug_2,NW_P2_Abel,P110,washing_machine,bf4f42d1,normal_wash,5.0,123.927,237.202,2.901,0.056,2.06,,on,-67,,44 minute wash cycle run 3
2026-06-09T10:47:28.569720+00:00,2026-06-09 16:17:28,Abel,plug_2,NW_P2_Abel,P110,washing_machine,bf4f42d1,normal_wash,5.0,14.898,237.093,0.045,0.057,2.06,,on,-68,,44 minute wash cycle run 3
2026-06-09T10:47:33.953067+00:00,2026-06-09 16:17:33,Abel,plug_2,NW_P2_Abel,P110,washing_machine,bf4f42d1,normal_wash,5.0,2.572,237.63,0.045,0.057,2.06,,on,-67,,44 minute wash cycle run 3
2026-06-09T10:47:40.369971+00:00,2026-06-09 16:17:40,Abel,plug_2,NW_P2_Abel,P110,washing_machine,bf4f42d1,normal_wash,5.0,115.857,237.089,2.817,0.057,2.06,,on,-66,,44 minute wash cycle run 3
2026-06-09T10:47:46.103682+00:00,2026-06-09 16:17:46,Abel,plug_2,NW_P2_Abel,P110,washing_machine,bf4f42d1,normal_wash,5.0,120.609,237.305,2.818,0.057,2.061,,on,-66,,44 minute wash cycle run 3
2026-06-09T10:47:53.196740+00:00,2026-06-09 16:17:53,Abel,plug_2,NW_P2_Abel,P110,washing_machine,bf4f42d1,normal_wash,5.0,2.567,237.738,0.045,0.057,2.061,,on,-65,,44 minute wash cycle run 3
2026-06-09T10:47:58.482850+00:00,2026-06-09 16:17:58,Abel,plug_2,NW_P2_Abel,P110,washing_machine,bf4f42d1,normal_wash,5.0,204.841,237.391,0.046,0.057,2.061,,on,-65,,44 minute wash cycle run 3
2026-06-09T10:48:03.770106+00:00,2026-06-09 16:18:03,Abel,plug_2,NW_P2_Abel,P110,washing_machine,bf4f42d1,normal_wash,5.0,121.799,237.139,2.87,0.057,2.061,,on,-65,,44 minute wash cycle run 3
2026-06-09T10:48:09.071111+00:00,2026-06-09 16:18:09,Abel,plug_2,NW_P2_Abel,P110,washing_machine,bf4f42d1,normal_wash,5.0,2.556,237.68,1.595,0.057,2.061,,on,-66,,44 minute wash cycle run 3
2026-06-09T10:48:14.329325+00:00,2026-06-09 16:18:14,Abel,plug_2,NW_P2_Abel,P110,washing_machine,bf4f42d1,normal_wash,5.0,2.61,237.687,0.045,0.057,2.061,,on,-67,,44 minute wash cycle run 3
2026-06-09T10:48:19.608467+00:00,2026-06-09 16:18:19,Abel,plug_2,NW_P2_Abel,P110,washing_machine,bf4f42d1,normal_wash,5.0,112.123,237.239,2.859,0.058,2.061,,on,-69,,44 minute wash cycle run 3
2026-06-09T10:48:24.937385+00:00,2026-06-09 16:18:24,Abel,plug_2,NW_P2_Abel,P110,washing_machine,bf4f42d1,normal_wash,5.0,108.997,237.168,2.733,0.058,2.061,,on,-65,,44 minute wash cycle run 3
2026-06-09T10:48:30.851884+00:00,2026-06-09 16:18:30,Abel,plug_2,NW_P2_Abel,P110,washing_machine,bf4f42d1,normal_wash,5.0,2.709,237.572,0.046,0.058,2.061,,on,-66,,44 minute wash cycle run 3
2026-06-09T10:48:36.265942+00:00,2026-06-09 16:18:36,Abel,plug_2,NW_P2_Abel,P110,washing_machine,bf4f42d1,normal_wash,5.0,2.782,237.694,0.046,0.058,2.061,,on,-66,,44 minute wash cycle run 3
2026-06-09T10:48:41.549402+00:00,2026-06-09 16:18:41,Abel,plug_2,NW_P2_Abel,P110,washing_machine,bf4f42d1,normal_wash,5.0,119.136,237.242,2.809,0.058,2.062,,on,-65,,44 minute wash cycle run 3
2026-06-09T10:48:46.804172+00:00,2026-06-09 16:18:46,Abel,plug_2,NW_P2_Abel,P110,washing_machine,bf4f42d1,normal_wash,5.0,112.077,237.194,2.819,0.058,2.062,,on,-67,,44 minute wash cycle run 3
2026-06-09T10:48:52.109040+00:00,2026-06-09 16:18:52,Abel,plug_2,NW_P2_Abel,P110,washing_machine,bf4f42d1,normal_wash,5.0,2.725,237.775,0.046,0.058,2.062,,on,-68,,44 minute wash cycle run 3
2026-06-09T10:48:57.402798+00:00,2026-06-09 16:18:57,Abel,plug_2,NW_P2_Abel,P110,washing_machine,bf4f42d1,normal_wash,5.0,133.682,237.382,4.087,0.058,2.062,,on,-67,,44 minute wash cycle run 3
2026-06-09T10:49:02.683762+00:00,2026-06-09 16:19:02,Abel,plug_2,NW_P2_Abel,P110,washing_machine,bf4f42d1,normal_wash,5.0,112.685,237.222,2.76,0.059,2.062,,on,-67,,44 minute wash cycle run 3
2026-06-09T10:49:07.958159+00:00,2026-06-09 16:19:07,Abel,plug_2,NW_P2_Abel,P110,washing_machine,bf4f42d1,normal_wash,5.0,125.263,236.987,1.635,0.059,2.062,,on,-66,,44 minute wash cycle run 3
2026-06-09T10:49:13.217428+00:00,2026-06-09 16:19:13,Abel,plug_2,NW_P2_Abel,P110,washing_machine,bf4f42d1,normal_wash,5.0,2.656,237.504,0.046,0.059,2.062,,on,-66,,44 minute wash cycle run 3
2026-06-09T10:49:18.488456+00:00,2026-06-09 16:19:18,Abel,plug_2,NW_P2_Abel,P110,washing_machine,bf4f42d1,normal_wash,5.0,182.096,237.031,0.609,0.059,2.062,,on,-68,,44 minute wash cycle run 3
2026-06-09T10:49:23.765813+00:00,2026-06-09 16:19:23,Abel,plug_2,NW_P2_Abel,P110,washing_machine,bf4f42d1,normal_wash,5.0,121.733,237.287,2.875,0.059,2.063,,on,-67,,44 minute wash cycle run 3
2026-06-09T10:49:29.040215+00:00,2026-06-09 16:19:29,Abel,plug_2,NW_P2_Abel,P110,washing_machine,bf4f42d1,normal_wash,5.0,10.791,237.168,0.046,0.059,2.063,,on,-68,,44 minute wash cycle run 3
2026-06-09T10:49:34.454719+00:00,2026-06-09 16:19:34,Abel,plug_2,NW_P2_Abel,P110,washing_machine,bf4f42d1,normal_wash,5.0,3.131,237.716,0.046,0.059,2.063,,on,-67,,44 minute wash cycle run 3
2026-06-09T10:49:39.730464+00:00,2026-06-09 16:19:39,Abel,plug_2,NW_P2_Abel,P110,washing_machine,bf4f42d1,normal_wash,5.0,119.886,237.225,2.856,0.059,2.063,,on,-66,,44 minute wash cycle run 3
2026-06-09T10:49:44.990057+00:00,2026-06-09 16:19:44,Abel,plug_2,NW_P2_Abel,P110,washing_machine,bf4f42d1,normal_wash,5.0,111.854,237.251,2.846,0.059,2.063,,on,-65,,44 minute wash cycle run 3
2026-06-09T10:49:50.276861+00:00,2026-06-09 16:19:50,Abel,plug_2,NW_P2_Abel,P110,washing_machine,bf4f42d1,normal_wash,5.0,2.662,237.643,0.046,0.06,2.063,,on,-65,,44 minute wash cycle run 3
2026-06-09T10:49:55.561589+00:00,2026-06-09 16:19:55,Abel,plug_2,NW_P2_Abel,P110,washing_machine,bf4f42d1,normal_wash,5.0,2.674,237.658,0.046,0.06,2.063,,on,-67,,44 minute wash cycle run 3
2026-06-09T10:50:00.862554+00:00,2026-06-09 16:20:00,Abel,plug_2,NW_P2_Abel,P110,washing_machine,bf4f42d1,normal_wash,5.0,130.994,237.052,3.149,0.06,2.063,,on,-65,,44 minute wash cycle run 3
2026-06-09T10:50:06.122428+00:00,2026-06-09 16:20:06,Abel,plug_2,NW_P2_Abel,P110,washing_machine,bf4f42d1,normal_wash,5.0,111.23,237.019,2.915,0.06,2.063,,on,-66,,44 minute wash cycle run 3
2026-06-09T10:50:11.409101+00:00,2026-06-09 16:20:11,Abel,plug_2,NW_P2_Abel,P110,washing_machine,bf4f42d1,normal_wash,5.0,2.635,237.38,0.046,0.06,2.063,,on,-64,,44 minute wash cycle run 3
2026-06-09T10:50:16.674143+00:00,2026-06-09 16:20:16,Abel,plug_2,NW_P2_Abel,P110,washing_machine,bf4f42d1,normal_wash,5.0,183.054,237.403,0.046,0.06,2.064,,on,-65,,44 minute wash cycle run 3
2026-06-09T10:50:22.010054+00:00,2026-06-09 16:20:22,Abel,plug_2,NW_P2_Abel,P110,washing_machine,bf4f42d1,normal_wash,5.0,130.176,237.107,3.099,0.06,2.064,,on,-66,,44 minute wash cycle run 3
2026-06-09T10:50:27.259295+00:00,2026-06-09 16:20:27,Abel,plug_2,NW_P2_Abel,P110,washing_machine,bf4f42d1,normal_wash,5.0,126.762,237.12,2.928,0.06,2.064,,on,-63,,44 minute wash cycle run 3
2026-06-09T10:50:32.514383+00:00,2026-06-09 16:20:32,Abel,plug_2,NW_P2_Abel,P110,washing_machine,bf4f42d1,normal_wash,5.0,21.995,237.481,0.169,0.06,2.064,,on,-65,,44 minute wash cycle run 3
2026-06-09T10:50:38.167416+00:00,2026-06-09 16:20:38,Abel,plug_2,NW_P2_Abel,P110,washing_machine,bf4f42d1,normal_wash,5.0,133.997,237.294,4.202,0.061,2.064,,on,-65,,44 minute wash cycle run 3
2026-06-09T10:50:43.463330+00:00,2026-06-09 16:20:43,Abel,plug_2,NW_P2_Abel,P110,washing_machine,bf4f42d1,normal_wash,5.0,129.504,236.917,2.772,0.061,2.064,,on,-65,,44 minute wash cycle run 3
2026-06-09T10:50:48.714129+00:00,2026-06-09 16:20:48,Abel,plug_2,NW_P2_Abel,P110,washing_machine,bf4f42d1,normal_wash,5.0,63.514,237.297,2.789,0.061,2.064,,on,-70,,44 minute wash cycle run 3
2026-06-09T10:50:54.055898+00:00,2026-06-09 16:20:54,Abel,plug_2,NW_P2_Abel,P110,washing_machine,bf4f42d1,normal_wash,5.0,20.077,237.368,0.169,0.061,2.064,,on,-66,,44 minute wash cycle run 3
2026-06-09T10:51:00.305811+00:00,2026-06-09 16:21:00,Abel,plug_2,NW_P2_Abel,P110,washing_machine,bf4f42d1,normal_wash,5.0,117.987,236.827,2.734,0.061,2.065,,on,-65,,44 minute wash cycle run 3
2026-06-09T10:51:05.571697+00:00,2026-06-09 16:21:05,Abel,plug_2,NW_P2_Abel,P110,washing_machine,bf4f42d1,normal_wash,5.0,159.108,237.079,3.827,0.061,2.065,,on,-65,,44 minute wash cycle run 3
2026-06-09T10:51:10.847969+00:00,2026-06-09 16:21:10,Abel,plug_2,NW_P2_Abel,P110,washing_machine,bf4f42d1,normal_wash,5.0,100.001,236.808,2.71,0.061,2.065,,on,-65,,44 minute wash cycle run 3
2026-06-09T10:51:16.099446+00:00,2026-06-09 16:21:16,Abel,plug_2,NW_P2_Abel,P110,washing_machine,bf4f42d1,normal_wash,5.0,60.432,237.086,1.565,0.062,2.065,,on,-64,,44 minute wash cycle run 3
2026-06-09T10:51:21.543064+00:00,2026-06-09 16:21:21,Abel,plug_2,NW_P2_Abel,P110,washing_machine,bf4f42d1,normal_wash,5.0,57.42,237.029,1.347,0.062,2.065,,on,-65,,44 minute wash cycle run 3
2026-06-09T10:51:26.804448+00:00,2026-06-09 16:21:26,Abel,plug_2,NW_P2_Abel,P110,washing_machine,bf4f42d1,normal_wash,5.0,56.262,236.93,1.437,0.062,2.065,,on,-64,,44 minute wash cycle run 3
2026-06-09T10:51:32.073745+00:00,2026-06-09 16:21:32,Abel,plug_2,NW_P2_Abel,P110,washing_machine,bf4f42d1,normal_wash,5.0,235.441,236.59,2.55,0.062,2.066,,on,-66,,44 minute wash cycle run 3
2026-06-09T10:51:37.337696+00:00,2026-06-09 16:21:37,Abel,plug_2,NW_P2_Abel,P110,washing_machine,bf4f42d1,normal_wash,5.0,118.605,236.809,1.6,0.062,2.066,,on,-63,,44 minute wash cycle run 3
2026-06-09T10:51:42.783120+00:00,2026-06-09 16:21:42,Abel,plug_2,NW_P2_Abel,P110,washing_machine,bf4f42d1,normal_wash,5.0,105.297,237.108,1.509,0.062,2.066,,on,-64,,44 minute wash cycle run 3
2026-06-09T10:51:48.047268+00:00,2026-06-09 16:21:48,Abel,plug_2,NW_P2_Abel,P110,washing_machine,bf4f42d1,normal_wash,5.0,106.712,237.123,1.478,0.063,2.066,,on,-63,,44 minute wash cycle run 3
2026-06-09T10:51:53.307961+00:00,2026-06-09 16:21:53,Abel,plug_2,NW_P2_Abel,P110,washing_machine,bf4f42d1,normal_wash,5.0,102.546,236.972,1.473,0.063,2.066,,on,-62,,44 minute wash cycle run 3
2026-06-09T10:51:58.605092+00:00,2026-06-09 16:21:58,Abel,plug_2,NW_P2_Abel,P110,washing_machine,bf4f42d1,normal_wash,5.0,99.635,236.92,1.471,0.063,2.066,,on,-65,,44 minute wash cycle run 3
2026-06-09T10:52:03.892402+00:00,2026-06-09 16:22:03,Abel,plug_2,NW_P2_Abel,P110,washing_machine,bf4f42d1,normal_wash,5.0,131.454,236.902,1.716,0.063,2.067,,on,-64,,44 minute wash cycle run 3
2026-06-09T10:52:09.151722+00:00,2026-06-09 16:22:09,Abel,plug_2,NW_P2_Abel,P110,washing_machine,bf4f42d1,normal_wash,5.0,145.797,236.953,1.701,0.063,2.067,,on,-64,,44 minute wash cycle run 3
2026-06-09T10:52:14.425432+00:00,2026-06-09 16:22:14,Abel,plug_2,NW_P2_Abel,P110,washing_machine,bf4f42d1,normal_wash,5.0,152.005,236.968,1.645,0.063,2.067,,on,-63,,44 minute wash cycle run 3
2026-06-09T10:52:19.691625+00:00,2026-06-09 16:22:19,Abel,plug_2,NW_P2_Abel,P110,washing_machine,bf4f42d1,normal_wash,5.0,188.349,236.905,1.807,0.064,2.067,,on,-65,,44 minute wash cycle run 3
2026-06-09T10:52:24.938928+00:00,2026-06-09 16:22:24,Abel,plug_2,NW_P2_Abel,P110,washing_machine,bf4f42d1,normal_wash,5.0,201.611,236.751,1.818,0.064,2.068,,on,-63,,44 minute wash cycle run 3
2026-06-09T10:52:30.225668+00:00,2026-06-09 16:22:30,Abel,plug_2,NW_P2_Abel,P110,washing_machine,bf4f42d1,normal_wash,5.0,220.215,236.628,1.829,0.064,2.068,,on,-65,,44 minute wash cycle run 3
2026-06-09T10:52:35.496748+00:00,2026-06-09 16:22:35,Abel,plug_2,NW_P2_Abel,P110,washing_machine,bf4f42d1,normal_wash,5.0,235.0,236.615,1.841,0.065,2.068,,on,-64,,44 minute wash cycle run 3
2026-06-09T10:52:40.776710+00:00,2026-06-09 16:22:40,Abel,plug_2,NW_P2_Abel,P110,washing_machine,bf4f42d1,normal_wash,5.0,252.579,236.596,1.837,0.065,2.069,,on,-64,,44 minute wash cycle run 3
2026-06-09T10:52:46.055648+00:00,2026-06-09 16:22:46,Abel,plug_2,NW_P2_Abel,P110,washing_machine,bf4f42d1,normal_wash,5.0,267.177,236.651,1.851,0.065,2.069,,on,-64,,44 minute wash cycle run 3
2026-06-09T10:52:51.328149+00:00,2026-06-09 16:22:51,Abel,plug_2,NW_P2_Abel,P110,washing_machine,bf4f42d1,normal_wash,5.0,288.125,236.593,1.863,0.066,2.069,,on,-65,,44 minute wash cycle run 3
2026-06-09T10:52:56.595419+00:00,2026-06-09 16:22:56,Abel,plug_2,NW_P2_Abel,P110,washing_machine,bf4f42d1,normal_wash,5.0,21.03,237.145,0.169,0.066,2.07,,on,-65,,44 minute wash cycle run 3
2026-06-09T10:53:01.857042+00:00,2026-06-09 16:23:01,Abel,plug_2,NW_P2_Abel,P110,washing_machine,bf4f42d1,normal_wash,5.0,20.798,237.417,0.169,0.066,2.07,,on,-65,,44 minute wash cycle run 3
2026-06-09T10:53:07.138527+00:00,2026-06-09 16:23:07,Abel,plug_2,NW_P2_Abel,P110,washing_machine,bf4f42d1,normal_wash,5.0,20.459,237.434,0.169,0.066,2.07,,on,-65,,44 minute wash cycle run 3
2026-06-09T10:53:12.420053+00:00,2026-06-09 16:23:12,Abel,plug_2,NW_P2_Abel,P110,washing_machine,bf4f42d1,normal_wash,5.0,20.234,237.383,0.169,0.066,2.07,,on,-65,,44 minute wash cycle run 3
2026-06-09T10:53:17.718007+00:00,2026-06-09 16:23:17,Abel,plug_2,NW_P2_Abel,P110,washing_machine,bf4f42d1,normal_wash,5.0,20.033,237.279,0.168,0.066,2.07,,on,-64,,44 minute wash cycle run 3
2026-06-09T10:53:22.985768+00:00,2026-06-09 16:23:22,Abel,plug_2,NW_P2_Abel,P110,washing_machine,bf4f42d1,normal_wash,5.0,19.997,237.274,0.169,0.066,2.07,,on,-64,,44 minute wash cycle run 3
2026-06-09T10:53:28.236342+00:00,2026-06-09 16:23:28,Abel,plug_2,NW_P2_Abel,P110,washing_machine,bf4f42d1,normal_wash,5.0,19.991,237.243,0.168,0.066,2.07,,on,-66,,44 minute wash cycle run 3
2026-06-09T10:53:33.499579+00:00,2026-06-09 16:23:33,Abel,plug_2,NW_P2_Abel,P110,washing_machine,bf4f42d1,normal_wash,5.0,19.849,237.24,0.168,0.066,2.07,,on,-64,,44 minute wash cycle run 3
2026-06-09T10:53:38.757427+00:00,2026-06-09 16:23:38,Abel,plug_2,NW_P2_Abel,P110,washing_machine,bf4f42d1,normal_wash,5.0,51.06,237.165,2.599,0.066,2.07,,on,-64,,44 minute wash cycle run 3
2026-06-09T10:53:44.007747+00:00,2026-06-09 16:23:44,Abel,plug_2,NW_P2_Abel,P110,washing_machine,bf4f42d1,normal_wash,5.0,64.177,237.194,1.635,0.066,2.07,,on,-64,,44 minute wash cycle run 3
2026-06-09T10:53:49.262438+00:00,2026-06-09 16:23:49,Abel,plug_2,NW_P2_Abel,P110,washing_machine,bf4f42d1,normal_wash,5.0,61.213,237.331,1.642,0.066,2.07,,on,-65,,44 minute wash cycle run 3
2026-06-09T10:53:54.532781+00:00,2026-06-09 16:23:54,Abel,plug_2,NW_P2_Abel,P110,washing_machine,bf4f42d1,normal_wash,5.0,8.788,237.49,0.044,0.067,2.07,,on,-65,,44 minute wash cycle run 3
2026-06-09T10:53:59.806876+00:00,2026-06-09 16:23:59,Abel,plug_2,NW_P2_Abel,P110,washing_machine,bf4f42d1,normal_wash,5.0,8.702,237.503,0.159,0.067,2.07,,on,-64,,44 minute wash cycle run 3
2026-06-09T10:54:05.061612+00:00,2026-06-09 16:24:05,Abel,plug_2,NW_P2_Abel,P110,washing_machine,bf4f42d1,normal_wash,5.0,76.539,237.208,1.834,0.067,2.07,,on,-65,,44 minute wash cycle run 3
2026-06-09T10:54:11.905723+00:00,2026-06-09 16:24:11,Abel,plug_2,NW_P2_Abel,P110,washing_machine,bf4f42d1,normal_wash,5.0,31.725,237.092,0.046,0.067,2.07,,on,-64,,44 minute wash cycle run 3
2026-06-09T10:54:17.203607+00:00,2026-06-09 16:24:17,Abel,plug_2,NW_P2_Abel,P110,washing_machine,bf4f42d1,normal_wash,5.0,8.908,237.573,0.165,0.067,2.07,,on,-65,,44 minute wash cycle run 3
2026-06-09T10:54:22.469609+00:00,2026-06-09 16:24:22,Abel,plug_2,NW_P2_Abel,P110,washing_machine,bf4f42d1,normal_wash,5.0,83.375,237.13,2.039,0.067,2.07,,on,-66,,44 minute wash cycle run 3
2026-06-09T10:54:27.743929+00:00,2026-06-09 16:24:27,Abel,plug_2,NW_P2_Abel,P110,washing_machine,bf4f42d1,normal_wash,5.0,82.255,237.265,2.013,0.067,2.071,,on,-65,,44 minute wash cycle run 3
2026-06-09T10:54:32.990630+00:00,2026-06-09 16:24:32,Abel,plug_2,NW_P2_Abel,P110,washing_machine,bf4f42d1,normal_wash,5.0,8.844,237.439,0.045,0.067,2.071,,on,-65,,44 minute wash cycle run 3
2026-06-09T10:54:38.264720+00:00,2026-06-09 16:24:38,Abel,plug_2,NW_P2_Abel,P110,washing_machine,bf4f42d1,normal_wash,5.0,8.901,237.461,0.045,0.067,2.071,,on,-64,,44 minute wash cycle run 3
2026-06-09T10:54:43.563196+00:00,2026-06-09 16:24:43,Abel,plug_2,NW_P2_Abel,P110,washing_machine,bf4f42d1,normal_wash,5.0,100.353,237.236,2.512,0.067,2.071,,on,-65,,44 minute wash cycle run 3
2026-06-09T10:54:48.834640+00:00,2026-06-09 16:24:48,Abel,plug_2,NW_P2_Abel,P110,washing_machine,bf4f42d1,normal_wash,5.0,96.699,237.292,2.376,0.067,2.071,,on,-64,,44 minute wash cycle run 3
2026-06-09T10:54:54.108193+00:00,2026-06-09 16:24:54,Abel,plug_2,NW_P2_Abel,P110,washing_machine,bf4f42d1,normal_wash,5.0,8.789,237.589,0.045,0.067,2.071,,on,-65,,44 minute wash cycle run 3
2026-06-09T10:54:59.390076+00:00,2026-06-09 16:24:59,Abel,plug_2,NW_P2_Abel,P110,washing_machine,bf4f42d1,normal_wash,5.0,192.651,237.505,3.205,0.068,2.071,,on,-65,,44 minute wash cycle run 3
2026-06-09T10:55:04.698544+00:00,2026-06-09 16:25:04,Abel,plug_2,NW_P2_Abel,P110,washing_machine,bf4f42d1,normal_wash,5.0,94.339,237.16,2.541,0.068,2.071,,on,-67,,44 minute wash cycle run 3
2026-06-09T10:55:10.105507+00:00,2026-06-09 16:25:10,Abel,plug_2,NW_P2_Abel,P110,washing_machine,bf4f42d1,normal_wash,5.0,108.474,237.167,2.539,0.068,2.071,,on,-66,,44 minute wash cycle run 3
2026-06-09T10:55:15.441419+00:00,2026-06-09 16:25:15,Abel,plug_2,NW_P2_Abel,P110,washing_machine,bf4f42d1,normal_wash,5.0,8.775,237.512,0.045,0.068,2.071,,on,-65,,44 minute wash cycle run 3
2026-06-09T10:55:20.695144+00:00,2026-06-09 16:25:20,Abel,plug_2,NW_P2_Abel,P110,washing_machine,bf4f42d1,normal_wash,5.0,42.479,237.638,2.881,0.068,2.071,,on,-67,,44 minute wash cycle run 3
2026-06-09T10:55:25.963381+00:00,2026-06-09 16:25:25,Abel,plug_2,NW_P2_Abel,P110,washing_machine,bf4f42d1,normal_wash,5.0,118.802,237.337,2.708,0.068,2.072,,on,-66,,44 minute wash cycle run 3
2026-06-09T10:55:31.234694+00:00,2026-06-09 16:25:31,Abel,plug_2,NW_P2_Abel,P110,washing_machine,bf4f42d1,normal_wash,5.0,81.646,237.586,2.537,0.068,2.072,,on,-66,,44 minute wash cycle run 3
2026-06-09T10:55:36.530472+00:00,2026-06-09 16:25:36,Abel,plug_2,NW_P2_Abel,P110,washing_machine,bf4f42d1,normal_wash,5.0,2.723,237.591,0.045,0.068,2.072,,on,-66,,44 minute wash cycle run 3
2026-06-09T10:55:41.979902+00:00,2026-06-09 16:25:41,Abel,plug_2,NW_P2_Abel,P110,washing_machine,bf4f42d1,normal_wash,5.0,105.685,237.476,2.591,0.068,2.072,,on,-65,,44 minute wash cycle run 3
2026-06-09T10:55:47.643169+00:00,2026-06-09 16:25:47,Abel,plug_2,NW_P2_Abel,P110,washing_machine,bf4f42d1,normal_wash,5.0,94.752,237.461,2.594,0.069,2.072,,on,-65,,44 minute wash cycle run 3
2026-06-09T10:55:53.001497+00:00,2026-06-09 16:25:53,Abel,plug_2,NW_P2_Abel,P110,washing_machine,bf4f42d1,normal_wash,5.0,2.604,237.894,2.04,0.069,2.072,,on,-67,,44 minute wash cycle run 3
2026-06-09T10:55:58.377700+00:00,2026-06-09 16:25:58,Abel,plug_2,NW_P2_Abel,P110,washing_machine,bf4f42d1,normal_wash,5.0,2.638,237.923,0.045,0.069,2.072,,on,-65,,44 minute wash cycle run 3
2026-06-09T10:56:03.667681+00:00,2026-06-09 16:26:03,Abel,plug_2,NW_P2_Abel,P110,washing_machine,bf4f42d1,normal_wash,5.0,109.649,237.161,2.702,0.069,2.072,,on,-65,,44 minute wash cycle run 3
2026-06-09T10:56:08.934737+00:00,2026-06-09 16:26:08,Abel,plug_2,NW_P2_Abel,P110,washing_machine,bf4f42d1,normal_wash,5.0,103.165,237.574,2.572,0.069,2.072,,on,-66,,44 minute wash cycle run 3
2026-06-09T10:56:14.200851+00:00,2026-06-09 16:26:14,Abel,plug_2,NW_P2_Abel,P110,washing_machine,bf4f42d1,normal_wash,5.0,2.705,237.987,0.049,0.069,2.073,,on,-66,,44 minute wash cycle run 3
2026-06-09T10:56:19.518542+00:00,2026-06-09 16:26:19,Abel,plug_2,NW_P2_Abel,P110,washing_machine,bf4f42d1,normal_wash,5.0,136.367,237.178,0.252,0.069,2.073,,on,-67,,44 minute wash cycle run 3
2026-06-09T10:56:24.821492+00:00,2026-06-09 16:26:24,Abel,plug_2,NW_P2_Abel,P110,washing_machine,bf4f42d1,normal_wash,5.0,96.649,237.598,2.645,0.069,2.073,,on,-68,,44 minute wash cycle run 3
2026-06-09T10:56:30.165478+00:00,2026-06-09 16:26:30,Abel,plug_2,NW_P2_Abel,P110,washing_machine,bf4f42d1,normal_wash,5.0,99.213,237.53,2.485,0.069,2.073,,on,-65,,44 minute wash cycle run 3
2026-06-09T10:56:35.466005+00:00,2026-06-09 16:26:35,Abel,plug_2,NW_P2_Abel,P110,washing_machine,bf4f42d1,normal_wash,5.0,2.547,237.768,0.045,0.069,2.073,,on,-68,,44 minute wash cycle run 3
2026-06-09T10:56:40.761659+00:00,2026-06-09 16:26:40,Abel,plug_2,NW_P2_Abel,P110,washing_machine,bf4f42d1,normal_wash,5.0,8.095,237.559,0.046,0.069,2.073,,on,-66,,44 minute wash cycle run 3
2026-06-09T10:56:46.030025+00:00,2026-06-09 16:26:46,Abel,plug_2,NW_P2_Abel,P110,washing_machine,bf4f42d1,normal_wash,5.0,111.899,237.192,2.752,0.07,2.073,,on,-66,,44 minute wash cycle run 3
2026-06-09T10:56:51.613963+00:00,2026-06-09 16:26:51,Abel,plug_2,NW_P2_Abel,P110,washing_machine,bf4f42d1,normal_wash,5.0,104.786,237.323,1.97,0.07,2.073,,on,-66,,44 minute wash cycle run 3
2026-06-09T10:56:56.881017+00:00,2026-06-09 16:26:56,Abel,plug_2,NW_P2_Abel,P110,washing_machine,bf4f42d1,normal_wash,5.0,2.617,237.7,0.045,0.07,2.073,,on,-65,,44 minute wash cycle run 3
2026-06-09T10:57:02.139917+00:00,2026-06-09 16:27:02,Abel,plug_2,NW_P2_Abel,P110,washing_machine,bf4f42d1,normal_wash,5.0,105.787,237.21,3.242,0.07,2.073,,on,-67,,44 minute wash cycle run 3
2026-06-09T10:57:07.412935+00:00,2026-06-09 16:27:07,Abel,plug_2,NW_P2_Abel,P110,washing_machine,bf4f42d1,normal_wash,5.0,107.012,237.313,2.546,0.07,2.074,,on,-65,,44 minute wash cycle run 3
2026-06-09T10:57:12.686262+00:00,2026-06-09 16:27:12,Abel,plug_2,NW_P2_Abel,P110,washing_machine,bf4f42d1,normal_wash,5.0,2.69,237.253,0.046,0.07,2.074,,on,-66,,44 minute wash cycle run 3
2026-06-09T10:57:18.042587+00:00,2026-06-09 16:27:18,Abel,plug_2,NW_P2_Abel,P110,washing_machine,bf4f42d1,normal_wash,5.0,2.608,237.529,0.045,0.07,2.074,,on,-67,,44 minute wash cycle run 3
2026-06-09T10:57:23.442837+00:00,2026-06-09 16:27:23,Abel,plug_2,NW_P2_Abel,P110,washing_machine,bf4f42d1,normal_wash,5.0,129.741,236.999,3.586,0.07,2.074,,on,-65,,44 minute wash cycle run 3
2026-06-09T10:57:28.702887+00:00,2026-06-09 16:27:28,Abel,plug_2,NW_P2_Abel,P110,washing_machine,bf4f42d1,normal_wash,5.0,116.62,237.076,2.565,0.07,2.074,,on,-66,,44 minute wash cycle run 3
2026-06-09T10:57:33.983744+00:00,2026-06-09 16:27:33,Abel,plug_2,NW_P2_Abel,P110,washing_machine,bf4f42d1,normal_wash,5.0,21.982,237.457,0.169,0.071,2.074,,on,-72,,44 minute wash cycle run 3
2026-06-09T10:57:39.454708+00:00,2026-06-09 16:27:39,Abel,plug_2,NW_P2_Abel,P110,washing_machine,bf4f42d1,normal_wash,5.0,64.708,237.337,3.45,0.071,2.074,,on,-66,,44 minute wash cycle run 3
2026-06-09T10:57:44.726268+00:00,2026-06-09 16:27:44,Abel,plug_2,NW_P2_Abel,P110,washing_machine,bf4f42d1,normal_wash,5.0,106.623,236.978,2.618,0.071,2.074,,on,-66,,44 minute wash cycle run 3
2026-06-09T10:57:49.988053+00:00,2026-06-09 16:27:49,Abel,plug_2,NW_P2_Abel,P110,washing_machine,bf4f42d1,normal_wash,5.0,106.522,236.879,2.612,0.071,2.075,,on,-68,,44 minute wash cycle run 3
2026-06-09T10:57:55.247850+00:00,2026-06-09 16:27:55,Abel,plug_2,NW_P2_Abel,P110,washing_machine,bf4f42d1,normal_wash,5.0,20.745,237.176,0.169,0.071,2.075,,on,-65,,44 minute wash cycle run 3
2026-06-09T10:58:00.638108+00:00,2026-06-09 16:28:00,Abel,plug_2,NW_P2_Abel,P110,washing_machine,bf4f42d1,normal_wash,5.0,147.037,237.237,0.382,0.071,2.075,,on,-69,,44 minute wash cycle run 3
2026-06-09T10:58:05.991393+00:00,2026-06-09 16:28:05,Abel,plug_2,NW_P2_Abel,P110,washing_machine,bf4f42d1,normal_wash,5.0,153.743,237.129,3.202,0.071,2.075,,on,-70,,44 minute wash cycle run 3
2026-06-09T10:58:11.267915+00:00,2026-06-09 16:28:11,Abel,plug_2,NW_P2_Abel,P110,washing_machine,bf4f42d1,normal_wash,5.0,104.756,237.051,2.672,0.071,2.075,,on,-65,,44 minute wash cycle run 3
2026-06-09T10:58:16.515656+00:00,2026-06-09 16:28:16,Abel,plug_2,NW_P2_Abel,P110,washing_machine,bf4f42d1,normal_wash,5.0,61.776,237.104,1.56,0.072,2.075,,on,-64,,44 minute wash cycle run 3
2026-06-09T10:58:21.807201+00:00,2026-06-09 16:28:21,Abel,plug_2,NW_P2_Abel,P110,washing_machine,bf4f42d1,normal_wash,5.0,59.757,237.183,1.346,0.072,2.075,,on,-65,,44 minute wash cycle run 3
2026-06-09T10:58:27.110586+00:00,2026-06-09 16:28:27,Abel,plug_2,NW_P2_Abel,P110,washing_machine,bf4f42d1,normal_wash,5.0,57.123,237.24,1.617,0.072,2.075,,on,-66,,44 minute wash cycle run 3
2026-06-09T10:58:32.369069+00:00,2026-06-09 16:28:32,Abel,plug_2,NW_P2_Abel,P110,washing_machine,bf4f42d1,normal_wash,5.0,224.639,236.579,2.434,0.072,2.076,,on,-67,,44 minute wash cycle run 3
2026-06-09T10:58:37.665311+00:00,2026-06-09 16:28:37,Abel,plug_2,NW_P2_Abel,P110,washing_machine,bf4f42d1,normal_wash,5.0,100.728,236.927,1.431,0.072,2.076,,on,-65,,44 minute wash cycle run 3
2026-06-09T10:58:42.923385+00:00,2026-06-09 16:28:42,Abel,plug_2,NW_P2_Abel,P110,washing_machine,bf4f42d1,normal_wash,5.0,100.552,236.931,1.441,0.072,2.076,,on,-64,,44 minute wash cycle run 3
2026-06-09T10:58:48.434657+00:00,2026-06-09 16:28:48,Abel,plug_2,NW_P2_Abel,P110,washing_machine,bf4f42d1,normal_wash,5.0,98.114,236.851,1.433,0.072,2.076,,on,-66,,44 minute wash cycle run 3
2026-06-09T10:58:53.756844+00:00,2026-06-09 16:28:53,Abel,plug_2,NW_P2_Abel,P110,washing_machine,bf4f42d1,normal_wash,5.0,95.394,236.851,1.424,0.073,2.076,,on,-64,,44 minute wash cycle run 3
2026-06-09T10:58:59.015621+00:00,2026-06-09 16:28:59,Abel,plug_2,NW_P2_Abel,P110,washing_machine,bf4f42d1,normal_wash,5.0,95.355,236.89,1.423,0.073,2.076,,on,-65,,44 minute wash cycle run 3
2026-06-09T10:59:04.301100+00:00,2026-06-09 16:29:04,Abel,plug_2,NW_P2_Abel,P110,washing_machine,bf4f42d1,normal_wash,5.0,129.168,236.853,1.667,0.073,2.077,,on,-66,,44 minute wash cycle run 3
2026-06-09T10:59:09.555134+00:00,2026-06-09 16:29:09,Abel,plug_2,NW_P2_Abel,P110,washing_machine,bf4f42d1,normal_wash,5.0,138.845,236.846,1.666,0.073,2.077,,on,-65,,44 minute wash cycle run 3
2026-06-09T10:59:14.823652+00:00,2026-06-09 16:29:14,Abel,plug_2,NW_P2_Abel,P110,washing_machine,bf4f42d1,normal_wash,5.0,143.252,236.999,1.592,0.073,2.077,,on,-66,,44 minute wash cycle run 3
2026-06-09T10:59:20.094643+00:00,2026-06-09 16:29:20,Abel,plug_2,NW_P2_Abel,P110,washing_machine,bf4f42d1,normal_wash,5.0,185.332,236.927,1.821,0.074,2.077,,on,-71,,44 minute wash cycle run 3
2026-06-09T10:59:25.382867+00:00,2026-06-09 16:29:25,Abel,plug_2,NW_P2_Abel,P110,washing_machine,bf4f42d1,normal_wash,5.0,196.591,236.849,1.802,0.074,2.077,,on,-67,,44 minute wash cycle run 3
2026-06-09T10:59:30.696019+00:00,2026-06-09 16:29:30,Abel,plug_2,NW_P2_Abel,P110,washing_machine,bf4f42d1,normal_wash,5.0,216.715,236.818,1.815,0.074,2.078,,on,-66,,44 minute wash cycle run 3
2026-06-09T10:59:35.967182+00:00,2026-06-09 16:29:35,Abel,plug_2,NW_P2_Abel,P110,washing_machine,bf4f42d1,normal_wash,5.0,230.669,236.741,1.826,0.075,2.078,,on,-67,,44 minute wash cycle run 3
2026-06-09T10:59:41.242160+00:00,2026-06-09 16:29:41,Abel,plug_2,NW_P2_Abel,P110,washing_machine,bf4f42d1,normal_wash,5.0,251.144,236.401,1.827,0.075,2.078,,on,-67,,44 minute wash cycle run 3
2026-06-09T10:59:46.512006+00:00,2026-06-09 16:29:46,Abel,plug_2,NW_P2_Abel,P110,washing_machine,bf4f42d1,normal_wash,5.0,263.763,236.312,1.838,0.075,2.079,,on,-66,,44 minute wash cycle run 3
2026-06-09T10:59:51.792445+00:00,2026-06-09 16:29:51,Abel,plug_2,NW_P2_Abel,P110,washing_machine,bf4f42d1,normal_wash,5.0,286.176,236.358,1.851,0.076,2.079,,on,-66,,44 minute wash cycle run 3
2026-06-09T10:59:57.075185+00:00,2026-06-09 16:29:57,Abel,plug_2,NW_P2_Abel,P110,washing_machine,bf4f42d1,normal_wash,5.0,21.247,237.45,0.169,0.076,2.079,,on,-66,,44 minute wash cycle run 3
2026-06-09T11:00:02.751520+00:00,2026-06-09 16:30:02,Abel,plug_2,NW_P2_Abel,P110,washing_machine,bf4f42d1,normal_wash,5.0,21.048,237.554,0.169,0.076,2.079,,on,-66,,44 minute wash cycle run 3
2026-06-09T11:00:08.030841+00:00,2026-06-09 16:30:08,Abel,plug_2,NW_P2_Abel,P110,washing_machine,bf4f42d1,normal_wash,5.0,20.802,237.51,0.169,0.076,2.08,,on,-65,,44 minute wash cycle run 3
2026-06-09T11:00:13.292433+00:00,2026-06-09 16:30:13,Abel,plug_2,NW_P2_Abel,P110,washing_machine,bf4f42d1,normal_wash,5.0,20.674,237.611,0.169,0.076,2.08,,on,-65,,44 minute wash cycle run 3
2026-06-09T11:00:18.736309+00:00,2026-06-09 16:30:18,Abel,plug_2,NW_P2_Abel,P110,washing_machine,bf4f42d1,normal_wash,5.0,20.631,237.63,0.17,0.076,2.08,,on,-65,,44 minute wash cycle run 3
2026-06-09T11:00:24.003530+00:00,2026-06-09 16:30:24,Abel,plug_2,NW_P2_Abel,P110,washing_machine,bf4f42d1,normal_wash,5.0,20.606,237.762,0.17,0.076,2.08,,on,-65,,44 minute wash cycle run 3
2026-06-09T11:00:29.265860+00:00,2026-06-09 16:30:29,Abel,plug_2,NW_P2_Abel,P110,washing_machine,bf4f42d1,normal_wash,5.0,20.373,237.857,0.169,0.076,2.08,,on,-64,,44 minute wash cycle run 3
2026-06-09T11:00:34.544800+00:00,2026-06-09 16:30:34,Abel,plug_2,NW_P2_Abel,P110,washing_machine,bf4f42d1,normal_wash,5.0,20.555,237.732,0.169,0.076,2.08,,on,-66,,44 minute wash cycle run 3
2026-06-09T11:00:39.816735+00:00,2026-06-09 16:30:39,Abel,plug_2,NW_P2_Abel,P110,washing_machine,bf4f42d1,normal_wash,5.0,102.941,237.83,1.704,0.076,2.08,,on,-64,,44 minute wash cycle run 3
2026-06-09T11:00:45.069928+00:00,2026-06-09 16:30:45,Abel,plug_2,NW_P2_Abel,P110,washing_machine,bf4f42d1,normal_wash,5.0,67.075,237.77,1.671,0.076,2.08,,on,-65,,44 minute wash cycle run 3
2026-06-09T11:00:50.330350+00:00,2026-06-09 16:30:50,Abel,plug_2,NW_P2_Abel,P110,washing_machine,bf4f42d1,normal_wash,5.0,69.856,237.661,1.665,0.076,2.08,,on,-65,,44 minute wash cycle run 3
2026-06-09T11:00:55.598835+00:00,2026-06-09 16:30:55,Abel,plug_2,NW_P2_Abel,P110,washing_machine,bf4f42d1,normal_wash,5.0,2.711,237.841,0.046,0.076,2.08,,on,-66,,44 minute wash cycle run 3
2026-06-09T11:01:00.854665+00:00,2026-06-09 16:31:00,Abel,plug_2,NW_P2_Abel,P110,washing_machine,bf4f42d1,normal_wash,5.0,63.914,237.875,0.045,0.076,2.08,,on,-65,,44 minute wash cycle run 3
2026-06-09T11:01:06.113828+00:00,2026-06-09 16:31:06,Abel,plug_2,NW_P2_Abel,P110,washing_machine,bf4f42d1,normal_wash,5.0,61.095,237.729,1.719,0.076,2.08,,on,-65,,44 minute wash cycle run 3
2026-06-09T11:01:11.359163+00:00,2026-06-09 16:31:11,Abel,plug_2,NW_P2_Abel,P110,washing_machine,bf4f42d1,normal_wash,5.0,36.871,237.855,1.732,0.077,2.08,,on,-66,,44 minute wash cycle run 3
2026-06-09T11:01:16.630488+00:00,2026-06-09 16:31:16,Abel,plug_2,NW_P2_Abel,P110,washing_machine,bf4f42d1,normal_wash,5.0,14.904,238.167,0.064,0.077,2.08,,on,-66,,44 minute wash cycle run 3
2026-06-09T11:01:21.930708+00:00,2026-06-09 16:31:21,Abel,plug_2,NW_P2_Abel,P110,washing_machine,bf4f42d1,normal_wash,5.0,71.195,237.735,1.777,0.077,2.08,,on,-67,,44 minute wash cycle run 3
2026-06-09T11:01:27.202548+00:00,2026-06-09 16:31:27,Abel,plug_2,NW_P2_Abel,P110,washing_machine,bf4f42d1,normal_wash,5.0,72.574,237.881,1.752,0.077,2.08,,on,-65,,44 minute wash cycle run 3
2026-06-09T11:01:32.463325+00:00,2026-06-09 16:31:32,Abel,plug_2,NW_P2_Abel,P110,washing_machine,bf4f42d1,normal_wash,5.0,14.765,237.999,1.897,0.077,2.08,,on,-66,,44 minute wash cycle run 3
2026-06-09T11:01:38.004665+00:00,2026-06-09 16:31:38,Abel,plug_2,NW_P2_Abel,P110,washing_machine,bf4f42d1,normal_wash,5.0,2.524,238.215,0.045,0.077,2.08,,on,-65,,44 minute wash cycle run 3
2026-06-09T11:01:43.271275+00:00,2026-06-09 16:31:43,Abel,plug_2,NW_P2_Abel,P110,washing_machine,bf4f42d1,normal_wash,5.0,78.485,237.915,2.51,0.077,2.081,,on,-65,,44 minute wash cycle run 3
2026-06-09T11:01:48.815153+00:00,2026-06-09 16:31:48,Abel,plug_2,NW_P2_Abel,P110,washing_machine,bf4f42d1,normal_wash,5.0,71.015,237.753,1.929,0.077,2.081,,on,-66,,44 minute wash cycle run 3
2026-06-09T11:01:54.098440+00:00,2026-06-09 16:31:54,Abel,plug_2,NW_P2_Abel,P110,washing_machine,bf4f42d1,normal_wash,5.0,2.54,238.141,0.047,0.077,2.081,,on,-64,,44 minute wash cycle run 3
2026-06-09T11:01:59.361165+00:00,2026-06-09 16:31:59,Abel,plug_2,NW_P2_Abel,P110,washing_machine,bf4f42d1,normal_wash,5.0,118.981,238.228,0.064,0.077,2.081,,on,-65,,44 minute wash cycle run 3
2026-06-09T11:02:04.638454+00:00,2026-06-09 16:32:04,Abel,plug_2,NW_P2_Abel,P110,washing_machine,bf4f42d1,normal_wash,5.0,85.739,237.985,2.064,0.077,2.081,,on,-65,,44 minute wash cycle run 3
2026-06-09T11:02:09.904143+00:00,2026-06-09 16:32:09,Abel,plug_2,NW_P2_Abel,P110,washing_machine,bf4f42d1,normal_wash,5.0,85.893,237.932,1.98,0.077,2.081,,on,-64,,44 minute wash cycle run 3
2026-06-09T11:02:15.166776+00:00,2026-06-09 16:32:15,Abel,plug_2,NW_P2_Abel,P110,washing_machine,bf4f42d1,normal_wash,5.0,14.997,238.152,0.065,0.077,2.081,,on,-65,,44 minute wash cycle run 3
2026-06-09T11:02:20.425777+00:00,2026-06-09 16:32:20,Abel,plug_2,NW_P2_Abel,P110,washing_machine,bf4f42d1,normal_wash,5.0,26.735,238.219,0.065,0.077,2.081,,on,-66,,44 minute wash cycle run 3
2026-06-09T11:02:25.884010+00:00,2026-06-09 16:32:25,Abel,plug_2,NW_P2_Abel,P110,washing_machine,bf4f42d1,normal_wash,5.0,101.306,237.989,2.16,0.078,2.081,,on,-65,,44 minute wash cycle run 3
2026-06-09T11:02:31.151750+00:00,2026-06-09 16:32:31,Abel,plug_2,NW_P2_Abel,P110,washing_machine,bf4f42d1,normal_wash,5.0,100.853,238.123,2.29,0.078,2.081,,on,-65,,44 minute wash cycle run 3
2026-06-09T11:02:36.423982+00:00,2026-06-09 16:32:36,Abel,plug_2,NW_P2_Abel,P110,washing_machine,bf4f42d1,normal_wash,5.0,14.981,238.264,0.065,0.078,2.081,,on,-66,,44 minute wash cycle run 3
2026-06-09T11:02:41.698660+00:00,2026-06-09 16:32:41,Abel,plug_2,NW_P2_Abel,P110,washing_machine,bf4f42d1,normal_wash,5.0,113.877,237.922,2.454,0.078,2.082,,on,-64,,44 minute wash cycle run 3
2026-06-09T11:02:46.957530+00:00,2026-06-09 16:32:46,Abel,plug_2,NW_P2_Abel,P110,washing_machine,bf4f42d1,normal_wash,5.0,118.561,238.006,2.588,0.078,2.082,,on,-65,,44 minute wash cycle run 3
2026-06-09T11:02:52.256187+00:00,2026-06-09 16:32:52,Abel,plug_2,NW_P2_Abel,P110,washing_machine,bf4f42d1,normal_wash,5.0,31.083,238.38,2.524,0.078,2.082,,on,-66,,44 minute wash cycle run 3
2026-06-09T11:02:57.524869+00:00,2026-06-09 16:32:57,Abel,plug_2,NW_P2_Abel,P110,washing_machine,bf4f42d1,normal_wash,5.0,14.938,238.431,0.064,0.078,2.082,,on,-66,,44 minute wash cycle run 3
2026-06-09T11:03:02.768196+00:00,2026-06-09 16:33:02,Abel,plug_2,NW_P2_Abel,P110,washing_machine,bf4f42d1,normal_wash,5.0,139.094,237.778,2.817,0.078,2.082,,on,-65,,44 minute wash cycle run 3
2026-06-09T11:03:08.039060+00:00,2026-06-09 16:33:08,Abel,plug_2,NW_P2_Abel,P110,washing_machine,bf4f42d1,normal_wash,5.0,128.415,237.883,2.876,0.079,2.082,,on,-64,,44 minute wash cycle run 3
2026-06-09T11:03:13.315604+00:00,2026-06-09 16:33:13,Abel,plug_2,NW_P2_Abel,P110,washing_machine,bf4f42d1,normal_wash,5.0,2.757,238.317,0.463,0.079,2.082,,on,-66,,44 minute wash cycle run 3
2026-06-09T11:03:18.583652+00:00,2026-06-09 16:33:18,Abel,plug_2,NW_P2_Abel,P110,washing_machine,bf4f42d1,normal_wash,5.0,2.802,238.341,0.046,0.079,2.082,,on,-64,,44 minute wash cycle run 3
2026-06-09T11:03:23.844390+00:00,2026-06-09 16:33:23,Abel,plug_2,NW_P2_Abel,P110,washing_machine,bf4f42d1,normal_wash,5.0,118.092,237.808,2.742,0.079,2.082,,on,-66,,44 minute wash cycle run 3
2026-06-09T11:03:29.131314+00:00,2026-06-09 16:33:29,Abel,plug_2,NW_P2_Abel,P110,washing_machine,bf4f42d1,normal_wash,5.0,124.897,237.766,2.882,0.079,2.083,,on,-65,,44 minute wash cycle run 3
2026-06-09T11:03:34.461097+00:00,2026-06-09 16:33:34,Abel,plug_2,NW_P2_Abel,P110,washing_machine,bf4f42d1,normal_wash,5.0,2.702,238.312,0.046,0.079,2.083,,on,-64,,44 minute wash cycle run 3
2026-06-09T11:03:39.735002+00:00,2026-06-09 16:33:39,Abel,plug_2,NW_P2_Abel,P110,washing_machine,bf4f42d1,normal_wash,5.0,2.759,238.432,0.046,0.079,2.083,,on,-66,,44 minute wash cycle run 3
2026-06-09T11:03:45.039462+00:00,2026-06-09 16:33:45,Abel,plug_2,NW_P2_Abel,P110,washing_machine,bf4f42d1,normal_wash,5.0,134.643,237.941,2.858,0.079,2.083,,on,-66,,44 minute wash cycle run 3
2026-06-09T11:03:51.009119+00:00,2026-06-09 16:33:51,Abel,plug_2,NW_P2_Abel,P110,washing_machine,bf4f42d1,normal_wash,5.0,128.561,237.948,2.896,0.08,2.083,,on,-65,,44 minute wash cycle run 3
2026-06-09T11:03:56.272476+00:00,2026-06-09 16:33:56,Abel,plug_2,NW_P2_Abel,P110,washing_machine,bf4f42d1,normal_wash,5.0,2.756,238.511,0.046,0.08,2.083,,on,-65,,44 minute wash cycle run 3
2026-06-09T11:04:01.527387+00:00,2026-06-09 16:34:01,Abel,plug_2,NW_P2_Abel,P110,washing_machine,bf4f42d1,normal_wash,5.0,136.288,237.844,4.386,0.08,2.083,,on,-67,,44 minute wash cycle run 3
2026-06-09T11:04:06.899106+00:00,2026-06-09 16:34:06,Abel,plug_2,NW_P2_Abel,P110,washing_machine,bf4f42d1,normal_wash,5.0,118.34,237.776,2.957,0.08,2.083,,on,-65,,44 minute wash cycle run 3
2026-06-09T11:04:12.511965+00:00,2026-06-09 16:34:12,Abel,plug_2,NW_P2_Abel,P110,washing_machine,bf4f42d1,normal_wash,5.0,70.065,237.848,0.348,0.08,2.084,,on,-65,,44 minute wash cycle run 3
2026-06-09T11:04:17.793802+00:00,2026-06-09 16:34:17,Abel,plug_2,NW_P2_Abel,P110,washing_machine,bf4f42d1,normal_wash,5.0,2.842,238.522,0.046,0.08,2.084,,on,-65,,44 minute wash cycle run 3
2026-06-09T11:04:23.060475+00:00,2026-06-09 16:34:23,Abel,plug_2,NW_P2_Abel,P110,washing_machine,bf4f42d1,normal_wash,5.0,213.923,237.982,2.608,0.08,2.084,,on,-65,,44 minute wash cycle run 3
2026-06-09T11:04:28.329211+00:00,2026-06-09 16:34:28,Abel,plug_2,NW_P2_Abel,P110,washing_machine,bf4f42d1,normal_wash,5.0,123.569,238.097,3.209,0.08,2.084,,on,-66,,44 minute wash cycle run 3
2026-06-09T11:04:33.607192+00:00,2026-06-09 16:34:33,Abel,plug_2,NW_P2_Abel,P110,washing_machine,bf4f42d1,normal_wash,5.0,2.736,238.298,0.046,0.08,2.084,,on,-65,,44 minute wash cycle run 3
2026-06-09T11:04:38.877338+00:00,2026-06-09 16:34:38,Abel,plug_2,NW_P2_Abel,P110,washing_machine,bf4f42d1,normal_wash,5.0,24.859,238.562,2.57,0.08,2.084,,on,-65,,44 minute wash cycle run 3
2026-06-09T11:04:44.129960+00:00,2026-06-09 16:34:44,Abel,plug_2,NW_P2_Abel,P110,washing_machine,bf4f42d1,normal_wash,5.0,127.644,237.976,2.941,0.081,2.084,,on,-64,,44 minute wash cycle run 3
2026-06-09T11:04:49.429799+00:00,2026-06-09 16:34:49,Abel,plug_2,NW_P2_Abel,P110,washing_machine,bf4f42d1,normal_wash,5.0,115.618,237.913,2.794,0.081,2.084,,on,-66,,44 minute wash cycle run 3
2026-06-09T11:04:54.826086+00:00,2026-06-09 16:34:54,Abel,plug_2,NW_P2_Abel,P110,washing_machine,bf4f42d1,normal_wash,5.0,2.871,238.371,0.046,0.081,2.084,,on,-65,,44 minute wash cycle run 3
2026-06-09T11:05:00.121397+00:00,2026-06-09 16:35:00,Abel,plug_2,NW_P2_Abel,P110,washing_machine,bf4f42d1,normal_wash,5.0,2.712,238.365,0.05,0.081,2.084,,on,-66,,44 minute wash cycle run 3
2026-06-09T11:05:05.385744+00:00,2026-06-09 16:35:05,Abel,plug_2,NW_P2_Abel,P110,washing_machine,bf4f42d1,normal_wash,5.0,152.548,237.765,3.144,0.081,2.085,,on,-67,,44 minute wash cycle run 3
2026-06-09T11:05:11.618155+00:00,2026-06-09 16:35:11,Abel,plug_2,NW_P2_Abel,P110,washing_machine,bf4f42d1,normal_wash,5.0,89.142,237.768,2.91,0.081,2.085,,on,-67,,44 minute wash cycle run 3
2026-06-09T11:05:16.885700+00:00,2026-06-09 16:35:16,Abel,plug_2,NW_P2_Abel,P110,washing_machine,bf4f42d1,normal_wash,5.0,22.832,238.298,0.17,0.081,2.085,,on,-66,,44 minute wash cycle run 3
2026-06-09T11:05:22.137144+00:00,2026-06-09 16:35:22,Abel,plug_2,NW_P2_Abel,P110,washing_machine,bf4f42d1,normal_wash,5.0,129.215,237.619,3.06,0.082,2.085,,on,-64,,44 minute wash cycle run 3
2026-06-09T11:05:29.101858+00:00,2026-06-09 16:35:29,Abel,plug_2,NW_P2_Abel,P110,washing_machine,bf4f42d1,normal_wash,5.0,132.579,237.764,2.782,0.082,2.085,,on,-65,,44 minute wash cycle run 3
2026-06-09T11:05:35.027553+00:00,2026-06-09 16:35:35,Abel,plug_2,NW_P2_Abel,P110,washing_machine,bf4f42d1,normal_wash,5.0,21.157,238.343,0.171,0.082,2.085,,on,-65,,44 minute wash cycle run 3
2026-06-09T11:05:40.498775+00:00,2026-06-09 16:35:40,Abel,plug_2,NW_P2_Abel,P110,washing_machine,bf4f42d1,normal_wash,5.0,21.371,238.231,0.17,0.082,2.085,,on,-66,,44 minute wash cycle run 3
2026-06-09T11:05:46.023450+00:00,2026-06-09 16:35:46,Abel,plug_2,NW_P2_Abel,P110,washing_machine,bf4f42d1,normal_wash,5.0,131.449,237.816,2.725,0.082,2.086,,on,-67,,44 minute wash cycle run 3
2026-06-09T11:05:51.371727+00:00,2026-06-09 16:35:51,Abel,plug_2,NW_P2_Abel,P110,washing_machine,bf4f42d1,normal_wash,5.0,143.501,237.965,2.979,0.082,2.086,,on,-66,,44 minute wash cycle run 3
2026-06-09T11:05:56.900125+00:00,2026-06-09 16:35:56,Abel,plug_2,NW_P2_Abel,P110,washing_machine,bf4f42d1,normal_wash,5.0,78.014,238.153,2.328,0.082,2.086,,on,-64,,44 minute wash cycle run 3
2026-06-09T11:06:02.348333+00:00,2026-06-09 16:36:02,Abel,plug_2,NW_P2_Abel,P110,washing_machine,bf4f42d1,normal_wash,5.0,62.212,238.256,1.346,0.083,2.086,,on,-65,,44 minute wash cycle run 3
2026-06-09T11:06:07.899693+00:00,2026-06-09 16:36:07,Abel,plug_2,NW_P2_Abel,P110,washing_machine,bf4f42d1,normal_wash,5.0,58.696,238.25,1.33,0.083,2.086,,on,-66,,44 minute wash cycle run 3
2026-06-09T11:06:14.596496+00:00,2026-06-09 16:36:14,Abel,plug_2,NW_P2_Abel,P110,washing_machine,bf4f42d1,normal_wash,5.0,175.76,237.813,2.454,0.083,2.086,,on,-65,,44 minute wash cycle run 3
2026-06-09T11:06:20.242268+00:00,2026-06-09 16:36:20,Abel,plug_2,NW_P2_Abel,P110,washing_machine,bf4f42d1,normal_wash,5.0,99.254,238.0,1.715,0.083,2.087,,on,-65,,44 minute wash cycle run 3
2026-06-09T11:06:25.598612+00:00,2026-06-09 16:36:25,Abel,plug_2,NW_P2_Abel,P110,washing_machine,bf4f42d1,normal_wash,5.0,99.073,238.079,1.429,0.083,2.087,,on,-65,,44 minute wash cycle run 3
2026-06-09T11:06:31.607009+00:00,2026-06-09 16:36:31,Abel,plug_2,NW_P2_Abel,P110,washing_machine,bf4f42d1,normal_wash,5.0,95.423,238.103,1.411,0.083,2.087,,on,-64,,44 minute wash cycle run 3
2026-06-09T11:06:38.205597+00:00,2026-06-09 16:36:38,Abel,plug_2,NW_P2_Abel,P110,washing_machine,bf4f42d1,normal_wash,5.0,94.104,238.12,1.399,0.084,2.087,,on,-67,,44 minute wash cycle run 3
2026-06-09T11:06:43.752410+00:00,2026-06-09 16:36:43,Abel,plug_2,NW_P2_Abel,P110,washing_machine,bf4f42d1,normal_wash,5.0,101.138,238.04,1.393,0.084,2.087,,on,-65,,44 minute wash cycle run 3
2026-06-09T11:06:49.309650+00:00,2026-06-09 16:36:49,Abel,plug_2,NW_P2_Abel,P110,washing_machine,bf4f42d1,normal_wash,5.0,127.226,238.032,1.656,0.084,2.088,,on,-66,,44 minute wash cycle run 3
2026-06-09T11:06:55.829851+00:00,2026-06-09 16:36:55,Abel,plug_2,NW_P2_Abel,P110,washing_machine,bf4f42d1,normal_wash,5.0,140.892,238.15,1.653,0.084,2.088,,on,-67,,44 minute wash cycle run 3
2026-06-09T11:07:01.475622+00:00,2026-06-09 16:37:01,Abel,plug_2,NW_P2_Abel,P110,washing_machine,bf4f42d1,normal_wash,5.0,174.187,238.112,1.723,0.084,2.088,,on,-65,,44 minute wash cycle run 3
2026-06-09T11:07:06.957268+00:00,2026-06-09 16:37:06,Abel,plug_2,NW_P2_Abel,P110,washing_machine,bf4f42d1,normal_wash,5.0,185.764,238.11,1.777,0.085,2.088,,on,-65,,44 minute wash cycle run 3
2026-06-09T11:07:12.505157+00:00,2026-06-09 16:37:12,Abel,plug_2,NW_P2_Abel,P110,washing_machine,bf4f42d1,normal_wash,5.0,203.525,238.003,1.794,0.085,2.089,,on,-65,,44 minute wash cycle run 3
2026-06-09T11:07:17.924103+00:00,2026-06-09 16:37:17,Abel,plug_2,NW_P2_Abel,P110,washing_machine,bf4f42d1,normal_wash,5.0,222.607,238.177,1.797,0.085,2.089,,on,-65,,44 minute wash cycle run 3
2026-06-09T11:07:23.372912+00:00,2026-06-09 16:37:23,Abel,plug_2,NW_P2_Abel,P110,washing_machine,bf4f42d1,normal_wash,5.0,237.128,238.146,1.801,0.086,2.089,,on,-66,,44 minute wash cycle run 3
2026-06-09T11:07:28.690615+00:00,2026-06-09 16:37:28,Abel,plug_2,NW_P2_Abel,P110,washing_machine,bf4f42d1,normal_wash,5.0,255.471,238.21,1.814,0.086,2.09,,on,-65,,44 minute wash cycle run 3
2026-06-09T11:07:34.094999+00:00,2026-06-09 16:37:34,Abel,plug_2,NW_P2_Abel,P110,washing_machine,bf4f42d1,normal_wash,5.0,269.872,238.119,1.826,0.086,2.09,,on,-67,,44 minute wash cycle run 3
2026-06-09T11:07:39.580219+00:00,2026-06-09 16:37:39,Abel,plug_2,NW_P2_Abel,P110,washing_machine,bf4f42d1,normal_wash,5.0,292.155,237.758,1.833,0.087,2.091,,on,-64,,44 minute wash cycle run 3
2026-06-09T11:07:45.090847+00:00,2026-06-09 16:37:45,Abel,plug_2,NW_P2_Abel,P110,washing_machine,bf4f42d1,normal_wash,5.0,314.105,237.891,1.847,0.087,2.091,,on,-65,,44 minute wash cycle run 3
2026-06-09T11:07:51.193002+00:00,2026-06-09 16:37:51,Abel,plug_2,NW_P2_Abel,P110,washing_machine,bf4f42d1,normal_wash,5.0,338.01,237.858,1.867,0.088,2.092,,on,-65,,44 minute wash cycle run 3
2026-06-09T11:07:56.717044+00:00,2026-06-09 16:37:56,Abel,plug_2,NW_P2_Abel,P110,washing_machine,bf4f42d1,normal_wash,5.0,362.949,238.338,1.871,0.089,2.092,,on,-68,,44 minute wash cycle run 3
2026-06-09T11:08:02.242265+00:00,2026-06-09 16:38:02,Abel,plug_2,NW_P2_Abel,P110,washing_machine,bf4f42d1,normal_wash,5.0,299.767,238.473,1.487,0.089,2.093,,on,-65,,44 minute wash cycle run 3
2026-06-09T11:08:07.912554+00:00,2026-06-09 16:38:07,Abel,plug_2,NW_P2_Abel,P110,washing_machine,bf4f42d1,normal_wash,5.0,266.631,238.51,1.572,0.089,2.093,,on,-65,,44 minute wash cycle run 3
2026-06-09T11:08:13.449256+00:00,2026-06-09 16:38:13,Abel,plug_2,NW_P2_Abel,P110,washing_machine,bf4f42d1,normal_wash,5.0,264.483,238.477,1.59,0.09,2.093,,on,-66,,44 minute wash cycle run 3
2026-06-09T11:08:18.929969+00:00,2026-06-09 16:38:18,Abel,plug_2,NW_P2_Abel,P110,washing_machine,bf4f42d1,normal_wash,5.0,267.58,238.352,1.595,0.09,2.094,,on,-65,,44 minute wash cycle run 3
2026-06-09T11:08:25.791321+00:00,2026-06-09 16:38:25,Abel,plug_2,NW_P2_Abel,P110,washing_machine,bf4f42d1,normal_wash,5.0,264.301,238.37,1.587,0.091,2.094,,on,-65,,44 minute wash cycle run 3
2026-06-09T11:08:31.399186+00:00,2026-06-09 16:38:31,Abel,plug_2,NW_P2_Abel,P110,washing_machine,bf4f42d1,normal_wash,5.0,264.15,238.303,1.588,0.091,2.095,,on,-64,,44 minute wash cycle run 3
2026-06-09T11:08:36.787362+00:00,2026-06-09 16:38:36,Abel,plug_2,NW_P2_Abel,P110,washing_machine,bf4f42d1,normal_wash,5.0,263.736,238.201,1.583,0.091,2.095,,on,-66,,44 minute wash cycle run 3
2026-06-09T11:08:42.230941+00:00,2026-06-09 16:38:42,Abel,plug_2,NW_P2_Abel,P110,washing_machine,bf4f42d1,normal_wash,5.0,264.454,238.17,1.589,0.092,2.095,,on,-66,,44 minute wash cycle run 3
2026-06-09T11:08:47.724067+00:00,2026-06-09 16:38:47,Abel,plug_2,NW_P2_Abel,P110,washing_machine,bf4f42d1,normal_wash,5.0,263.495,238.219,1.58,0.092,2.096,,on,-64,,44 minute wash cycle run 3
2026-06-09T11:08:53.236354+00:00,2026-06-09 16:38:53,Abel,plug_2,NW_P2_Abel,P110,washing_machine,bf4f42d1,normal_wash,5.0,261.324,238.151,1.582,0.093,2.096,,on,-66,,44 minute wash cycle run 3
2026-06-09T11:08:58.603116+00:00,2026-06-09 16:38:58,Abel,plug_2,NW_P2_Abel,P110,washing_machine,bf4f42d1,normal_wash,5.0,262.48,238.131,1.583,0.093,2.097,,on,-66,,44 minute wash cycle run 3
2026-06-09T11:09:04.025556+00:00,2026-06-09 16:39:04,Abel,plug_2,NW_P2_Abel,P110,washing_machine,bf4f42d1,normal_wash,5.0,263.401,238.133,1.584,0.093,2.097,,on,-66,,44 minute wash cycle run 3
2026-06-09T11:09:09.495222+00:00,2026-06-09 16:39:09,Abel,plug_2,NW_P2_Abel,P110,washing_machine,bf4f42d1,normal_wash,5.0,261.704,238.195,1.581,0.094,2.097,,on,-65,,44 minute wash cycle run 3
2026-06-09T11:09:15.148192+00:00,2026-06-09 16:39:15,Abel,plug_2,NW_P2_Abel,P110,washing_machine,bf4f42d1,normal_wash,5.0,262.07,238.204,1.582,0.094,2.098,,on,-66,,44 minute wash cycle run 3
2026-06-09T11:09:20.607668+00:00,2026-06-09 16:39:20,Abel,plug_2,NW_P2_Abel,P110,washing_machine,bf4f42d1,normal_wash,5.0,262.709,238.195,1.582,0.095,2.098,,on,-66,,44 minute wash cycle run 3
2026-06-09T11:09:26.141367+00:00,2026-06-09 16:39:26,Abel,plug_2,NW_P2_Abel,P110,washing_machine,bf4f42d1,normal_wash,5.0,261.291,238.43,1.577,0.095,2.099,,on,-65,,44 minute wash cycle run 3
2026-06-09T11:09:31.580301+00:00,2026-06-09 16:39:31,Abel,plug_2,NW_P2_Abel,P110,washing_machine,bf4f42d1,normal_wash,5.0,342.508,238.194,1.92,0.096,2.099,,on,-65,,44 minute wash cycle run 3
2026-06-09T11:09:37.287855+00:00,2026-06-09 16:39:37,Abel,plug_2,NW_P2_Abel,P110,washing_machine,bf4f42d1,normal_wash,5.0,380.471,238.018,1.858,0.096,2.1,,on,-67,,44 minute wash cycle run 3
2026-06-09T11:09:42.683365+00:00,2026-06-09 16:39:42,Abel,plug_2,NW_P2_Abel,P110,washing_machine,bf4f42d1,normal_wash,5.0,417.09,237.853,1.879,0.097,2.1,,on,-65,,44 minute wash cycle run 3
2026-06-09T11:09:48.200119+00:00,2026-06-09 16:39:48,Abel,plug_2,NW_P2_Abel,P110,washing_machine,bf4f42d1,normal_wash,5.0,515.734,237.661,1.841,0.098,2.101,,on,-66,,44 minute wash cycle run 3
2026-06-09T11:09:53.583042+00:00,2026-06-09 16:39:53,Abel,plug_2,NW_P2_Abel,P110,washing_machine,bf4f42d1,normal_wash,5.0,383.125,237.893,1.981,0.098,2.102,,on,-66,,44 minute wash cycle run 3
2026-06-09T11:09:59.135646+00:00,2026-06-09 16:39:59,Abel,plug_2,NW_P2_Abel,P110,washing_machine,bf4f42d1,normal_wash,5.0,347.4,237.8,1.815,0.099,2.102,,on,-67,,44 minute wash cycle run 3
2026-06-09T11:10:07.867937+00:00,2026-06-09 16:40:07,Abel,plug_2,NW_P2_Abel,P110,washing_machine,bf4f42d1,normal_wash,5.0,338.571,237.751,1.849,0.099,2.103,,on,-66,,44 minute wash cycle run 3
2026-06-09T11:10:14.882840+00:00,2026-06-09 16:40:14,Abel,plug_2,NW_P2_Abel,P110,washing_machine,bf4f42d1,normal_wash,5.0,339.85,237.922,1.846,0.1,2.104,,on,-68,,44 minute wash cycle run 3
2026-06-09T11:10:20.211476+00:00,2026-06-09 16:40:20,Abel,plug_2,NW_P2_Abel,P110,washing_machine,bf4f42d1,normal_wash,5.0,339.84,238.036,1.842,0.101,2.104,,on,-65,,44 minute wash cycle run 3
2026-06-09T11:10:25.890024+00:00,2026-06-09 16:40:25,Abel,plug_2,NW_P2_Abel,P110,washing_machine,bf4f42d1,normal_wash,5.0,339.716,237.942,1.843,0.101,2.105,,on,-65,,44 minute wash cycle run 3
2026-06-09T11:10:31.323657+00:00,2026-06-09 16:40:31,Abel,plug_2,NW_P2_Abel,P110,washing_machine,bf4f42d1,normal_wash,5.0,338.796,237.983,1.842,0.102,2.105,,on,-65,,44 minute wash cycle run 3
2026-06-09T11:10:38.218471+00:00,2026-06-09 16:40:38,Abel,plug_2,NW_P2_Abel,P110,washing_machine,bf4f42d1,normal_wash,5.0,339.711,237.955,1.842,0.102,2.106,,on,-66,,44 minute wash cycle run 3
2026-06-09T11:10:43.708052+00:00,2026-06-09 16:40:43,Abel,plug_2,NW_P2_Abel,P110,washing_machine,bf4f42d1,normal_wash,5.0,338.931,237.84,1.84,0.103,2.106,,on,-65,,44 minute wash cycle run 3
2026-06-09T11:10:49.102339+00:00,2026-06-09 16:40:49,Abel,plug_2,NW_P2_Abel,P110,washing_machine,bf4f42d1,normal_wash,5.0,337.953,237.938,1.84,0.103,2.107,,on,-66,,44 minute wash cycle run 3
2026-06-09T11:10:54.466626+00:00,2026-06-09 16:40:54,Abel,plug_2,NW_P2_Abel,P110,washing_machine,bf4f42d1,normal_wash,5.0,339.325,237.897,1.843,0.104,2.107,,on,-65,,44 minute wash cycle run 3
2026-06-09T11:11:00.009560+00:00,2026-06-09 16:41:00,Abel,plug_2,NW_P2_Abel,P110,washing_machine,bf4f42d1,normal_wash,5.0,335.759,237.828,1.841,0.104,2.108,,on,-66,,44 minute wash cycle run 3
2026-06-09T11:11:05.390916+00:00,2026-06-09 16:41:05,Abel,plug_2,NW_P2_Abel,P110,washing_machine,bf4f42d1,normal_wash,5.0,338.646,237.854,1.835,0.105,2.108,,on,-64,,44 minute wash cycle run 3
2026-06-09T11:11:10.899330+00:00,2026-06-09 16:41:10,Abel,plug_2,NW_P2_Abel,P110,washing_machine,bf4f42d1,normal_wash,5.0,333.975,237.83,1.836,0.105,2.109,,on,-65,,44 minute wash cycle run 3
2026-06-09T11:11:16.400790+00:00,2026-06-09 16:41:16,Abel,plug_2,NW_P2_Abel,P110,washing_machine,bf4f42d1,normal_wash,5.0,333.863,237.768,1.829,0.106,2.109,,on,-67,,44 minute wash cycle run 3
2026-06-09T11:11:21.827536+00:00,2026-06-09 16:41:21,Abel,plug_2,NW_P2_Abel,P110,washing_machine,bf4f42d1,normal_wash,5.0,336.756,237.595,1.829,0.106,2.11,,on,-67,,44 minute wash cycle run 3
2026-06-09T11:11:27.246903+00:00,2026-06-09 16:41:27,Abel,plug_2,NW_P2_Abel,P110,washing_machine,bf4f42d1,normal_wash,5.0,336.046,237.72,1.839,0.107,2.11,,on,-66,,44 minute wash cycle run 3
2026-06-09T11:11:34.288689+00:00,2026-06-09 16:41:34,Abel,plug_2,NW_P2_Abel,P110,washing_machine,bf4f42d1,normal_wash,5.0,332.39,237.699,1.825,0.107,2.111,,on,-65,,44 minute wash cycle run 3
2026-06-09T11:11:39.992113+00:00,2026-06-09 16:41:39,Abel,plug_2,NW_P2_Abel,P110,washing_machine,bf4f42d1,normal_wash,5.0,334.629,237.691,1.829,0.108,2.112,,on,-67,,44 minute wash cycle run 3
2026-06-09T11:11:47.450223+00:00,2026-06-09 16:41:47,Abel,plug_2,NW_P2_Abel,P110,washing_machine,bf4f42d1,normal_wash,5.0,333.179,237.599,1.829,0.109,2.112,,on,-69,,44 minute wash cycle run 3
2026-06-09T11:11:52.957435+00:00,2026-06-09 16:41:52,Abel,plug_2,NW_P2_Abel,P110,washing_machine,bf4f42d1,normal_wash,5.0,21.943,238.549,0.17,0.109,2.112,,on,-66,,44 minute wash cycle run 3
2026-06-09T11:11:58.334547+00:00,2026-06-09 16:41:58,Abel,plug_2,NW_P2_Abel,P110,washing_machine,bf4f42d1,normal_wash,5.0,22.036,238.472,0.17,0.109,2.112,,on,-68,,44 minute wash cycle run 3
2026-06-09T11:12:03.747334+00:00,2026-06-09 16:42:03,Abel,plug_2,NW_P2_Abel,P110,washing_machine,bf4f42d1,normal_wash,5.0,22.084,238.341,0.17,0.109,2.113,,on,-65,,44 minute wash cycle run 3
2026-06-09T11:12:09.119712+00:00,2026-06-09 16:42:09,Abel,plug_2,NW_P2_Abel,P110,washing_machine,bf4f42d1,normal_wash,5.0,22.05,238.231,0.17,0.109,2.113,,on,-66,,44 minute wash cycle run 3
2026-06-09T11:12:14.738491+00:00,2026-06-09 16:42:14,Abel,plug_2,NW_P2_Abel,P110,washing_machine,bf4f42d1,normal_wash,5.0,21.99,238.243,0.17,0.109,2.113,,on,-66,,44 minute wash cycle run 3
2026-06-09T11:12:20.130028+00:00,2026-06-09 16:42:20,Abel,plug_2,NW_P2_Abel,P110,washing_machine,bf4f42d1,normal_wash,5.0,21.961,238.102,0.17,0.109,2.113,,on,-66,,44 minute wash cycle run 3
2026-06-09T11:12:25.544758+00:00,2026-06-09 16:42:25,Abel,plug_2,NW_P2_Abel,P110,washing_machine,bf4f42d1,normal_wash,5.0,21.909,238.094,0.17,0.109,2.113,,on,-67,,44 minute wash cycle run 3
2026-06-09T11:12:31.145554+00:00,2026-06-09 16:42:31,Abel,plug_2,NW_P2_Abel,P110,washing_machine,bf4f42d1,normal_wash,5.0,21.892,237.883,0.17,0.109,2.113,,on,-66,,44 minute wash cycle run 3
2026-06-09T11:12:36.679328+00:00,2026-06-09 16:42:36,Abel,plug_2,NW_P2_Abel,P110,washing_machine,bf4f42d1,normal_wash,5.0,21.846,237.837,0.169,0.109,2.113,,on,-69,,44 minute wash cycle run 3
2026-06-09T11:12:42.099443+00:00,2026-06-09 16:42:42,Abel,plug_2,NW_P2_Abel,P110,washing_machine,bf4f42d1,normal_wash,5.0,21.74,237.756,0.169,0.109,2.113,,on,-67,,44 minute wash cycle run 3
2026-06-09T11:12:47.377794+00:00,2026-06-09 16:42:47,Abel,plug_2,NW_P2_Abel,P110,washing_machine,bf4f42d1,normal_wash,5.0,21.71,237.723,0.169,0.109,2.113,,on,-68,,44 minute wash cycle run 3
2026-06-09T11:12:54.902438+00:00,2026-06-09 16:42:54,Abel,plug_2,NW_P2_Abel,P110,washing_machine,bf4f42d1,normal_wash,5.0,21.688,237.588,0.169,0.109,2.113,,on,-65,,44 minute wash cycle run 3
2026-06-09T11:13:00.530858+00:00,2026-06-09 16:43:00,Abel,plug_2,NW_P2_Abel,P110,washing_machine,bf4f42d1,normal_wash,5.0,121.284,237.511,0.169,0.109,2.113,,on,-73,,44 minute wash cycle run 3
2026-06-09T11:13:06.299097+00:00,2026-06-09 16:43:06,Abel,plug_2,NW_P2_Abel,P110,washing_machine,bf4f42d1,normal_wash,5.0,71.228,237.3,1.52,0.109,2.113,,on,-69,,44 minute wash cycle run 3
2026-06-09T11:13:11.713052+00:00,2026-06-09 16:43:11,Abel,plug_2,NW_P2_Abel,P110,washing_machine,bf4f42d1,normal_wash,5.0,2.609,237.6,0.045,0.109,2.113,,on,-67,,44 minute wash cycle run 3
2026-06-09T11:13:17.160785+00:00,2026-06-09 16:43:17,Abel,plug_2,NW_P2_Abel,P110,washing_machine,bf4f42d1,normal_wash,5.0,2.663,237.449,0.046,0.109,2.113,,on,-66,,44 minute wash cycle run 3
2026-06-09T11:13:22.896309+00:00,2026-06-09 16:43:22,Abel,plug_2,NW_P2_Abel,P110,washing_machine,bf4f42d1,normal_wash,5.0,70.357,237.211,1.603,0.11,2.113,,on,-65,,44 minute wash cycle run 3
2026-06-09T11:13:28.267695+00:00,2026-06-09 16:43:28,Abel,plug_2,NW_P2_Abel,P110,washing_machine,bf4f42d1,normal_wash,5.0,2.633,237.592,0.045,0.11,2.113,,on,-65,,44 minute wash cycle run 3
2026-06-09T11:13:33.714574+00:00,2026-06-09 16:43:33,Abel,plug_2,NW_P2_Abel,P110,washing_machine,bf4f42d1,normal_wash,5.0,2.573,237.466,0.045,0.11,2.113,,on,-66,,44 minute wash cycle run 3
2026-06-09T11:13:40.270146+00:00,2026-06-09 16:43:40,Abel,plug_2,NW_P2_Abel,P110,washing_machine,bf4f42d1,normal_wash,5.0,70.964,236.964,1.574,0.11,2.113,,on,-66,,44 minute wash cycle run 3
2026-06-09T11:13:45.745997+00:00,2026-06-09 16:43:45,Abel,plug_2,NW_P2_Abel,P110,washing_machine,bf4f42d1,normal_wash,5.0,15.366,236.982,0.047,0.11,2.113,,on,-67,,44 minute wash cycle run 3
2026-06-09T11:13:51.154324+00:00,2026-06-09 16:43:51,Abel,plug_2,NW_P2_Abel,P110,washing_machine,bf4f42d1,normal_wash,5.0,2.601,237.142,0.045,0.11,2.113,,on,-64,,44 minute wash cycle run 3
2026-06-09T11:13:57.094395+00:00,2026-06-09 16:43:57,Abel,plug_2,NW_P2_Abel,P110,washing_machine,bf4f42d1,normal_wash,5.0,2.635,237.186,0.045,0.11,2.113,,on,-64,,44 minute wash cycle run 3
2026-06-09T11:14:02.522765+00:00,2026-06-09 16:44:02,Abel,plug_2,NW_P2_Abel,P110,washing_machine,bf4f42d1,normal_wash,5.0,2.647,236.982,0.045,0.11,2.113,,on,-63,,44 minute wash cycle run 3
2026-06-09T11:14:07.871941+00:00,2026-06-09 16:44:07,Abel,plug_2,NW_P2_Abel,P110,washing_machine,bf4f42d1,normal_wash,5.0,2.37,237.032,0.045,0.11,2.113,,on,-66,,44 minute wash cycle run 3
2026-06-09T11:14:13.131264+00:00,2026-06-09 16:44:13,Abel,plug_2,NW_P2_Abel,P110,washing_machine,bf4f42d1,normal_wash,5.0,2.272,236.898,0.045,0.11,2.113,,on,-64,,44 minute wash cycle run 3
2026-06-09T11:14:18.516042+00:00,2026-06-09 16:44:18,Abel,plug_2,NW_P2_Abel,P110,washing_machine,bf4f42d1,normal_wash,5.0,2.285,236.842,0.044,0.11,2.113,,on,-66,,44 minute wash cycle run 3
2026-06-09T11:14:23.781309+00:00,2026-06-09 16:44:23,Abel,plug_2,NW_P2_Abel,P110,washing_machine,bf4f42d1,normal_wash,5.0,2.277,236.812,0.045,0.11,2.113,,on,-65,,44 minute wash cycle run 3
2026-06-09T11:14:29.062706+00:00,2026-06-09 16:44:29,Abel,plug_2,NW_P2_Abel,P110,washing_machine,bf4f42d1,normal_wash,5.0,2.288,236.729,0.044,0.11,2.113,,on,-68,,44 minute wash cycle run 3
2026-06-09T11:14:34.367272+00:00,2026-06-09 16:44:34,Abel,plug_2,NW_P2_Abel,P110,washing_machine,bf4f42d1,normal_wash,5.0,2.298,236.791,0.045,0.11,2.113,,on,-65,,44 minute wash cycle run 3
2026-06-09T11:14:39.644021+00:00,2026-06-09 16:44:39,Abel,plug_2,NW_P2_Abel,P110,washing_machine,bf4f42d1,normal_wash,5.0,2.256,236.739,0.045,0.11,2.113,,on,-65,,44 minute wash cycle run 3
2026-06-09T11:14:44.918912+00:00,2026-06-09 16:44:44,Abel,plug_2,NW_P2_Abel,P110,washing_machine,bf4f42d1,normal_wash,5.0,2.197,236.757,0.045,0.11,2.113,,on,-65,,44 minute wash cycle run 3
2026-06-09T11:14:50.205042+00:00,2026-06-09 16:44:50,Abel,plug_2,NW_P2_Abel,P110,washing_machine,bf4f42d1,normal_wash,5.0,2.307,236.732,0.044,0.11,2.113,,on,-64,,44 minute wash cycle run 3
2026-06-09T11:14:55.474038+00:00,2026-06-09 16:44:55,Abel,plug_2,NW_P2_Abel,P110,washing_machine,bf4f42d1,normal_wash,5.0,2.21,236.756,0.045,0.11,2.113,,on,-68,,44 minute wash cycle run 3
2026-06-09T11:15:00.761201+00:00,2026-06-09 16:45:00,Abel,plug_2,NW_P2_Abel,P110,washing_machine,bf4f42d1,normal_wash,5.0,2.329,236.703,0.045,0.11,2.113,,on,-66,,44 minute wash cycle run 3
2026-06-09T11:15:06.041482+00:00,2026-06-09 16:45:06,Abel,plug_2,NW_P2_Abel,P110,washing_machine,bf4f42d1,normal_wash,5.0,2.567,236.494,0.045,0.11,2.113,,on,-66,,44 minute wash cycle run 3
2026-06-09T11:15:11.634121+00:00,2026-06-09 16:45:11,Abel,plug_2,NW_P2_Abel,P110,washing_machine,bf4f42d1,normal_wash,5.0,2.272,236.565,0.044,0.11,2.113,,on,-66,,44 minute wash cycle run 3
2026-06-09T11:15:16.906285+00:00,2026-06-09 16:45:16,Abel,plug_2,NW_P2_Abel,P110,washing_machine,bf4f42d1,normal_wash,5.0,2.354,236.474,0.045,0.11,2.113,,on,-64,,44 minute wash cycle run 3
2026-06-09T11:15:22.170938+00:00,2026-06-09 16:45:22,Abel,plug_2,NW_P2_Abel,P110,washing_machine,bf4f42d1,normal_wash,5.0,2.235,236.479,0.045,0.11,2.113,,on,-67,,44 minute wash cycle run 3
2026-06-09T11:15:27.444099+00:00,2026-06-09 16:45:27,Abel,plug_2,NW_P2_Abel,P110,washing_machine,bf4f42d1,normal_wash,5.0,2.222,236.417,0.045,0.11,2.113,,on,-67,,44 minute wash cycle run 3
2026-06-09T11:15:32.713195+00:00,2026-06-09 16:45:32,Abel,plug_2,NW_P2_Abel,P110,washing_machine,bf4f42d1,normal_wash,5.0,2.288,236.286,0.045,0.11,2.113,,on,-69,,44 minute wash cycle run 3
2026-06-09T11:15:37.979881+00:00,2026-06-09 16:45:37,Abel,plug_2,NW_P2_Abel,P110,washing_machine,bf4f42d1,normal_wash,5.0,2.292,236.335,0.045,0.11,2.113,,on,-67,,44 minute wash cycle run 3
2026-06-09T11:15:43.245084+00:00,2026-06-09 16:45:43,Abel,plug_2,NW_P2_Abel,P110,washing_machine,bf4f42d1,normal_wash,5.0,2.282,236.35,0.045,0.11,2.113,,on,-65,,44 minute wash cycle run 3
2026-06-09T11:15:48.508794+00:00,2026-06-09 16:45:48,Abel,plug_2,NW_P2_Abel,P110,washing_machine,bf4f42d1,normal_wash,5.0,2.273,236.427,0.045,0.11,2.113,,on,-65,,44 minute wash cycle run 3
2026-06-09T11:15:53.781800+00:00,2026-06-09 16:45:53,Abel,plug_2,NW_P2_Abel,P110,washing_machine,bf4f42d1,normal_wash,5.0,2.197,236.403,0.045,0.11,2.113,,on,-65,,44 minute wash cycle run 3
2026-06-09T11:15:59.043886+00:00,2026-06-09 16:45:59,Abel,plug_2,NW_P2_Abel,P110,washing_machine,bf4f42d1,normal_wash,5.0,2.257,236.323,0.045,0.11,2.113,,on,-64,,44 minute wash cycle run 3
2026-06-09T11:16:04.321262+00:00,2026-06-09 16:46:04,Abel,plug_2,NW_P2_Abel,P110,washing_machine,bf4f42d1,normal_wash,5.0,2.297,236.398,0.045,0.11,2.113,,on,-67,,44 minute wash cycle run 3
2026-06-09T11:16:09.589277+00:00,2026-06-09 16:46:09,Abel,plug_2,NW_P2_Abel,P110,washing_machine,bf4f42d1,normal_wash,5.0,2.235,236.418,0.044,0.11,2.113,,on,-68,,44 minute wash cycle run 3
2026-06-09T11:16:14.934886+00:00,2026-06-09 16:46:14,Abel,plug_2,NW_P2_Abel,P110,washing_machine,bf4f42d1,normal_wash,5.0,2.257,236.459,0.045,0.11,2.113,,on,-67,,44 minute wash cycle run 3
2026-06-09T11:16:20.198090+00:00,2026-06-09 16:46:20,Abel,plug_2,NW_P2_Abel,P110,washing_machine,bf4f42d1,normal_wash,5.0,2.322,236.674,0.045,0.11,2.113,,on,-66,,44 minute wash cycle run 3
2026-06-09T11:16:25.501434+00:00,2026-06-09 16:46:25,Abel,plug_2,NW_P2_Abel,P110,washing_machine,bf4f42d1,normal_wash,5.0,2.219,236.745,0.044,0.11,2.113,,on,-66,,44 minute wash cycle run 3
2026-06-09T11:16:30.771679+00:00,2026-06-09 16:46:30,Abel,plug_2,NW_P2_Abel,P110,washing_machine,bf4f42d1,normal_wash,5.0,2.277,236.698,0.045,0.11,2.113,,on,-67,,44 minute wash cycle run 3
2026-06-09T11:16:36.028326+00:00,2026-06-09 16:46:36,Abel,plug_2,NW_P2_Abel,P110,washing_machine,bf4f42d1,normal_wash,5.0,2.316,236.725,0.045,0.11,2.113,,on,-67,,44 minute wash cycle run 3
2026-06-09T11:16:41.291404+00:00,2026-06-09 16:46:41,Abel,plug_2,NW_P2_Abel,P110,washing_machine,bf4f42d1,normal_wash,5.0,2.304,236.729,0.045,0.11,2.113,,on,-65,,44 minute wash cycle run 3
2026-06-09T11:16:46.565784+00:00,2026-06-09 16:46:46,Abel,plug_2,NW_P2_Abel,P110,washing_machine,bf4f42d1,normal_wash,5.0,2.171,236.728,0.045,0.11,2.113,,on,-74,,44 minute wash cycle run 3
2026-06-09T11:16:51.832127+00:00,2026-06-09 16:46:51,Abel,plug_2,NW_P2_Abel,P110,washing_machine,bf4f42d1,normal_wash,5.0,2.25,236.717,0.045,0.11,2.113,,on,-67,,44 minute wash cycle run 3
2026-06-09T11:16:57.095389+00:00,2026-06-09 16:46:57,Abel,plug_2,NW_P2_Abel,P110,washing_machine,bf4f42d1,normal_wash,5.0,2.286,236.989,0.045,0.11,2.114,,on,-66,,44 minute wash cycle run 3
2026-06-09T11:17:02.351169+00:00,2026-06-09 16:47:02,Abel,plug_2,NW_P2_Abel,P110,washing_machine,bf4f42d1,normal_wash,5.0,2.317,236.842,0.045,0.11,2.114,,on,-65,,44 minute wash cycle run 3
2026-06-09T11:17:07.644488+00:00,2026-06-09 16:47:07,Abel,plug_2,NW_P2_Abel,P110,washing_machine,bf4f42d1,normal_wash,5.0,2.339,236.959,0.045,0.11,2.114,,on,-66,,44 minute wash cycle run 3
2026-06-09T11:17:12.914844+00:00,2026-06-09 16:47:12,Abel,plug_2,NW_P2_Abel,P110,washing_machine,bf4f42d1,normal_wash,5.0,2.264,236.745,0.045,0.11,2.114,,on,-67,,44 minute wash cycle run 3
2026-06-09T11:17:18.218941+00:00,2026-06-09 16:47:18,Abel,plug_2,NW_P2_Abel,P110,washing_machine,bf4f42d1,normal_wash,5.0,2.232,236.922,0.045,0.11,2.114,,on,-67,,44 minute wash cycle run 3
2026-06-09T11:17:23.479813+00:00,2026-06-09 16:47:23,Abel,plug_2,NW_P2_Abel,P110,washing_machine,bf4f42d1,normal_wash,5.0,2.291,236.978,0.044,0.11,2.114,,on,-66,,44 minute wash cycle run 3
2026-06-09T11:17:28.917268+00:00,2026-06-09 16:47:28,Abel,plug_2,NW_P2_Abel,P110,washing_machine,bf4f42d1,normal_wash,5.0,2.314,236.919,0.045,0.11,2.114,,on,-65,,44 minute wash cycle run 3
2026-06-09T11:17:34.876533+00:00,2026-06-09 16:47:34,Abel,plug_2,NW_P2_Abel,P110,washing_machine,bf4f42d1,normal_wash,5.0,2.267,236.814,0.045,0.11,2.114,,on,-65,,44 minute wash cycle run 3
2026-06-09T11:17:40.134582+00:00,2026-06-09 16:47:40,Abel,plug_2,NW_P2_Abel,P110,washing_machine,bf4f42d1,normal_wash,5.0,2.371,236.868,0.045,0.11,2.114,,on,-66,,44 minute wash cycle run 3
2026-06-09T11:17:45.412589+00:00,2026-06-09 16:47:45,Abel,plug_2,NW_P2_Abel,P110,washing_machine,bf4f42d1,normal_wash,5.0,2.278,236.914,0.045,0.11,2.114,,on,-66,,44 minute wash cycle run 3
2026-06-09T11:17:50.690676+00:00,2026-06-09 16:47:50,Abel,plug_2,NW_P2_Abel,P110,washing_machine,bf4f42d1,normal_wash,5.0,2.312,236.99,0.045,0.11,2.114,,on,-65,,44 minute wash cycle run 3
2026-06-09T11:17:55.959778+00:00,2026-06-09 16:47:55,Abel,plug_2,NW_P2_Abel,P110,washing_machine,bf4f42d1,normal_wash,5.0,2.324,237.026,0.045,0.11,2.114,,on,-65,,44 minute wash cycle run 3
2026-06-09T11:18:01.254102+00:00,2026-06-09 16:48:01,Abel,plug_2,NW_P2_Abel,P110,washing_machine,bf4f42d1,normal_wash,5.0,2.268,236.966,0.045,0.11,2.114,,on,-66,,44 minute wash cycle run 3
2026-06-09T11:18:06.545385+00:00,2026-06-09 16:48:06,Abel,plug_2,NW_P2_Abel,P110,washing_machine,bf4f42d1,normal_wash,5.0,2.249,236.899,0.044,0.11,2.114,,on,-64,,44 minute wash cycle run 3
2026-06-09T11:18:11.950156+00:00,2026-06-09 16:48:11,Abel,plug_2,NW_P2_Abel,P110,washing_machine,bf4f42d1,normal_wash,5.0,2.268,236.902,0.044,0.11,2.114,,on,-67,,44 minute wash cycle run 3
2026-06-09T11:18:17.231666+00:00,2026-06-09 16:48:17,Abel,plug_2,NW_P2_Abel,P110,washing_machine,bf4f42d1,normal_wash,5.0,2.268,236.888,0.044,0.11,2.114,,on,-66,,44 minute wash cycle run 3
2026-06-09T11:18:22.508677+00:00,2026-06-09 16:48:22,Abel,plug_2,NW_P2_Abel,P110,washing_machine,bf4f42d1,normal_wash,5.0,2.209,236.762,0.044,0.11,2.114,,on,-66,,44 minute wash cycle run 3
2026-06-09T11:18:27.786642+00:00,2026-06-09 16:48:27,Abel,plug_2,NW_P2_Abel,P110,washing_machine,bf4f42d1,normal_wash,5.0,2.255,236.843,0.044,0.11,2.114,,on,-67,,44 minute wash cycle run 3
2026-06-09T11:18:33.250047+00:00,2026-06-09 16:48:33,Abel,plug_2,NW_P2_Abel,P110,washing_machine,bf4f42d1,normal_wash,5.0,2.255,236.732,0.045,0.11,2.114,,on,-66,,44 minute wash cycle run 3
2026-06-09T11:18:38.553261+00:00,2026-06-09 16:48:38,Abel,plug_2,NW_P2_Abel,P110,washing_machine,bf4f42d1,normal_wash,5.0,2.27,236.851,0.044,0.11,2.114,,on,-67,,44 minute wash cycle run 3
2026-06-09T11:18:43.812867+00:00,2026-06-09 16:48:43,Abel,plug_2,NW_P2_Abel,P110,washing_machine,bf4f42d1,normal_wash,5.0,2.261,236.914,0.044,0.11,2.114,,on,-66,,44 minute wash cycle run 3
2026-06-09T11:18:49.088828+00:00,2026-06-09 16:48:49,Abel,plug_2,NW_P2_Abel,P110,washing_machine,bf4f42d1,normal_wash,5.0,2.243,236.79,0.045,0.11,2.114,,on,-67,,44 minute wash cycle run 3
2026-06-09T11:18:54.346016+00:00,2026-06-09 16:48:54,Abel,plug_2,NW_P2_Abel,P110,washing_machine,bf4f42d1,normal_wash,5.0,2.34,236.818,0.045,0.11,2.114,,on,-67,,44 minute wash cycle run 3
2026-06-09T11:18:59.610673+00:00,2026-06-09 16:48:59,Abel,plug_2,NW_P2_Abel,P110,washing_machine,bf4f42d1,normal_wash,5.0,2.29,236.592,0.045,0.11,2.114,,on,-66,,44 minute wash cycle run 3
2026-06-09T11:19:04.886502+00:00,2026-06-09 16:49:04,Abel,plug_2,NW_P2_Abel,P110,washing_machine,bf4f42d1,normal_wash,5.0,1.654,236.654,0.043,0.11,2.114,,on,-66,,44 minute wash cycle run 3
2026-06-09T11:19:10.157177+00:00,2026-06-09 16:49:10,Abel,plug_2,NW_P2_Abel,P110,washing_machine,bf4f42d1,normal_wash,5.0,1.673,236.609,0.043,0.11,2.114,,on,-67,,44 minute wash cycle run 3
2026-06-09T11:19:15.409070+00:00,2026-06-09 16:49:15,Abel,plug_2,NW_P2_Abel,P110,washing_machine,bf4f42d1,normal_wash,5.0,1.735,236.742,0.043,0.11,2.114,,on,-66,,44 minute wash cycle run 3
2026-06-09T11:19:20.670851+00:00,2026-06-09 16:49:20,Abel,plug_2,NW_P2_Abel,P110,washing_machine,bf4f42d1,normal_wash,5.0,1.7,236.664,0.043,0.11,2.114,,on,-67,,44 minute wash cycle run 3
2026-06-09T11:19:25.996192+00:00,2026-06-09 16:49:25,Abel,plug_2,NW_P2_Abel,P110,washing_machine,bf4f42d1,normal_wash,5.0,1.66,236.692,0.043,0.11,2.114,,on,-66,,44 minute wash cycle run 3
2026-06-09T11:19:31.275974+00:00,2026-06-09 16:49:31,Abel,plug_2,NW_P2_Abel,P110,washing_machine,bf4f42d1,normal_wash,5.0,1.701,236.716,0.043,0.11,2.114,,on,-66,,44 minute wash cycle run 3
2026-06-09T11:19:36.543545+00:00,2026-06-09 16:49:36,Abel,plug_2,NW_P2_Abel,P110,washing_machine,bf4f42d1,normal_wash,5.0,1.667,236.592,0.043,0.11,2.114,,on,-66,,44 minute wash cycle run 3
2026-06-09T11:19:41.821996+00:00,2026-06-09 16:49:41,Abel,plug_2,NW_P2_Abel,P110,washing_machine,bf4f42d1,normal_wash,5.0,1.664,236.656,0.043,0.11,2.114,,on,-67,,44 minute wash cycle run 3
2026-06-09T11:19:47.102211+00:00,2026-06-09 16:49:47,Abel,plug_2,NW_P2_Abel,P110,washing_machine,bf4f42d1,normal_wash,5.0,1.768,236.64,0.043,0.11,2.114,,on,-69,,44 minute wash cycle run 3
2026-06-09T11:19:52.414598+00:00,2026-06-09 16:49:52,Abel,plug_2,NW_P2_Abel,P110,washing_machine,bf4f42d1,normal_wash,5.0,1.596,236.448,0.043,0.11,2.114,,on,-66,,44 minute wash cycle run 3
2026-06-09T11:19:57.684998+00:00,2026-06-09 16:49:57,Abel,plug_2,NW_P2_Abel,P110,washing_machine,bf4f42d1,normal_wash,5.0,1.645,236.569,0.043,0.11,2.114,,on,-68,,44 minute wash cycle run 3
2026-06-09T11:20:02.975839+00:00,2026-06-09 16:50:02,Abel,plug_2,NW_P2_Abel,P110,washing_machine,bf4f42d1,normal_wash,5.0,1.157,236.627,0.032,0.11,2.114,,on,-68,,44 minute wash cycle run 3
2026-06-09T11:20:08.233727+00:00,2026-06-09 16:50:08,Abel,plug_2,NW_P2_Abel,P110,washing_machine,bf4f42d1,normal_wash,5.0,0.0,236.645,0.032,0.11,2.114,,on,-68,,44 minute wash cycle run 3
2026-06-09T11:20:13.508424+00:00,2026-06-09 16:50:13,Abel,plug_2,NW_P2_Abel,P110,washing_machine,bf4f42d1,normal_wash,5.0,0.0,236.446,0.035,0.11,2.114,,on,-65,,44 minute wash cycle run 3
2026-06-09T11:20:18.809445+00:00,2026-06-09 16:50:18,Abel,plug_2,NW_P2_Abel,P110,washing_machine,bf4f42d1,normal_wash,5.0,0.339,236.53,0.039,0.11,2.114,,on,-68,,44 minute wash cycle run 3
