timestamp_utc,timestamp_local,team_member,plug_id,plug_alias,plug_model,appliance,session_id,mode,sample_interval_sec,power_w,voltage_v,current_a,energy_today_kwh,energy_this_month_kwh,energy_total_kwh,state,rssi,signal_level,notes
2026-06-02T12:53:54.302299+00:00,2026-06-02 18:23:54,Abel,plug_2,NW_P2_Abel,P110,fridge,f371cfb9,normal,5.0,76.134,236.36,0.554,0.013,0.1,,on,-58,,validation test recording
2026-06-02T12:53:59.579611+00:00,2026-06-02 18:23:59,Abel,plug_2,NW_P2_Abel,P110,fridge,f371cfb9,normal,5.0,75.943,236.32,0.553,0.013,0.1,,on,-56,,validation test recording
2026-06-02T12:54:04.860842+00:00,2026-06-02 18:24:04,Abel,plug_2,NW_P2_Abel,P110,fridge,f371cfb9,normal,5.0,75.984,236.247,0.554,0.013,0.1,,on,-59,,validation test recording
2026-06-02T12:54:10.117740+00:00,2026-06-02 18:24:10,Abel,plug_2,NW_P2_Abel,P110,fridge,f371cfb9,normal,5.0,75.879,236.189,0.554,0.013,0.1,,on,-60,,validation test recording
2026-06-02T12:54:15.362905+00:00,2026-06-02 18:24:15,Abel,plug_2,NW_P2_Abel,P110,fridge,f371cfb9,normal,5.0,75.955,236.093,0.553,0.013,0.1,,on,-59,,validation test recording
2026-06-02T12:54:20.651009+00:00,2026-06-02 18:24:20,Abel,plug_2,NW_P2_Abel,P110,fridge,f371cfb9,normal,5.0,75.842,236.115,0.553,0.013,0.1,,on,-58,,validation test recording
2026-06-02T12:54:25.916368+00:00,2026-06-02 18:24:25,Abel,plug_2,NW_P2_Abel,P110,fridge,f371cfb9,normal,5.0,75.876,236.269,0.554,0.013,0.1,,on,-60,,validation test recording
2026-06-02T12:54:31.192093+00:00,2026-06-02 18:24:31,Abel,plug_2,NW_P2_Abel,P110,fridge,f371cfb9,normal,5.0,75.961,236.185,0.555,0.013,0.101,,on,-56,,validation test recording
2026-06-02T12:54:36.453653+00:00,2026-06-02 18:24:36,Abel,plug_2,NW_P2_Abel,P110,fridge,f371cfb9,normal,5.0,75.901,236.06,0.554,0.013,0.101,,on,-59,,validation test recording
2026-06-02T12:54:41.714763+00:00,2026-06-02 18:24:41,Abel,plug_2,NW_P2_Abel,P110,fridge,f371cfb9,normal,5.0,75.827,235.873,0.552,0.014,0.101,,on,-59,,validation test recording
2026-06-02T12:54:46.993826+00:00,2026-06-02 18:24:46,Abel,plug_2,NW_P2_Abel,P110,fridge,f371cfb9,normal,5.0,75.862,235.925,0.551,0.014,0.101,,on,-60,,validation test recording
2026-06-02T12:54:52.260310+00:00,2026-06-02 18:24:52,Abel,plug_2,NW_P2_Abel,P110,fridge,f371cfb9,normal,5.0,75.813,235.823,0.554,0.014,0.101,,on,-58,,validation test recording
2026-06-02T12:54:58.054389+00:00,2026-06-02 18:24:58,Abel,plug_2,NW_P2_Abel,P110,fridge,f371cfb9,normal,5.0,75.728,235.807,0.554,0.014,0.101,,on,-57,,validation test recording
2026-06-02T12:55:03.378567+00:00,2026-06-02 18:25:03,Abel,plug_2,NW_P2_Abel,P110,fridge,f371cfb9,normal,5.0,75.72,235.734,0.553,0.014,0.101,,on,-63,,validation test recording
2026-06-02T12:55:08.641241+00:00,2026-06-02 18:25:08,Abel,plug_2,NW_P2_Abel,P110,fridge,f371cfb9,normal,5.0,75.625,235.616,0.553,0.014,0.101,,on,-58,,validation test recording
2026-06-02T12:55:13.886160+00:00,2026-06-02 18:25:13,Abel,plug_2,NW_P2_Abel,P110,fridge,f371cfb9,normal,5.0,75.543,235.657,0.553,0.014,0.101,,on,-59,,validation test recording
2026-06-02T12:55:22.625609+00:00,2026-06-02 18:25:22,Abel,plug_2,NW_P2_Abel,P110,fridge,f371cfb9,normal,5.0,75.456,235.595,0.551,0.014,0.102,,on,-59,,validation test recording
2026-06-02T12:55:27.882526+00:00,2026-06-02 18:25:27,Abel,plug_2,NW_P2_Abel,P110,fridge,f371cfb9,normal,5.0,75.47,235.515,0.552,0.014,0.102,,on,-59,,validation test recording
2026-06-02T12:55:33.137141+00:00,2026-06-02 18:25:33,Abel,plug_2,NW_P2_Abel,P110,fridge,f371cfb9,normal,5.0,75.48,235.515,0.551,0.015,0.102,,on,-56,,validation test recording
2026-06-02T12:55:38.398474+00:00,2026-06-02 18:25:38,Abel,plug_2,NW_P2_Abel,P110,fridge,f371cfb9,normal,5.0,75.38,235.578,0.549,0.015,0.102,,on,-58,,validation test recording
2026-06-02T12:55:43.646224+00:00,2026-06-02 18:25:43,Abel,plug_2,NW_P2_Abel,P110,fridge,f371cfb9,normal,5.0,75.359,235.47,0.55,0.015,0.102,,on,-56,,validation test recording
2026-06-02T12:55:48.950580+00:00,2026-06-02 18:25:48,Abel,plug_2,NW_P2_Abel,P110,fridge,f371cfb9,normal,5.0,75.192,235.688,0.551,0.015,0.102,,on,-57,,validation test recording
2026-06-02T12:55:54.224521+00:00,2026-06-02 18:25:54,Abel,plug_2,NW_P2_Abel,P110,fridge,f371cfb9,normal,5.0,75.247,235.57,0.55,0.015,0.102,,on,-57,,validation test recording
2026-06-02T12:55:59.529368+00:00,2026-06-02 18:25:59,Abel,plug_2,NW_P2_Abel,P110,fridge,f371cfb9,normal,5.0,75.251,235.899,0.549,0.015,0.102,,on,-58,,validation test recording
2026-06-02T12:56:04.796111+00:00,2026-06-02 18:26:04,Abel,plug_2,NW_P2_Abel,P110,fridge,f371cfb9,normal,5.0,75.178,235.905,0.549,0.015,0.103,,on,-56,,validation test recording
2026-06-02T12:56:10.058228+00:00,2026-06-02 18:26:10,Abel,plug_2,NW_P2_Abel,P110,fridge,f371cfb9,normal,5.0,75.194,235.947,0.549,0.015,0.103,,on,-59,,validation test recording
2026-06-02T12:56:15.434066+00:00,2026-06-02 18:26:15,Abel,plug_2,NW_P2_Abel,P110,fridge,f371cfb9,normal,5.0,75.161,236.041,0.548,0.015,0.103,,on,-58,,validation test recording
2026-06-02T12:56:20.703548+00:00,2026-06-02 18:26:20,Abel,plug_2,NW_P2_Abel,P110,fridge,f371cfb9,normal,5.0,75.118,235.903,0.547,0.016,0.103,,on,-58,,validation test recording
2026-06-02T12:56:25.947420+00:00,2026-06-02 18:26:25,Abel,plug_2,NW_P2_Abel,P110,fridge,f371cfb9,normal,5.0,75.092,235.853,0.547,0.016,0.103,,on,-58,,validation test recording
2026-06-02T12:56:31.208867+00:00,2026-06-02 18:26:31,Abel,plug_2,NW_P2_Abel,P110,fridge,f371cfb9,normal,5.0,75.034,235.766,0.547,0.016,0.103,,on,-58,,validation test recording
2026-06-02T12:56:36.448800+00:00,2026-06-02 18:26:36,Abel,plug_2,NW_P2_Abel,P110,fridge,f371cfb9,normal,5.0,75.074,235.795,0.548,0.016,0.103,,on,-57,,validation test recording
2026-06-02T12:56:41.730885+00:00,2026-06-02 18:26:41,Abel,plug_2,NW_P2_Abel,P110,fridge,f371cfb9,normal,5.0,75.143,235.712,0.549,0.016,0.103,,on,-57,,validation test recording
2026-06-02T12:56:47.093079+00:00,2026-06-02 18:26:47,Abel,plug_2,NW_P2_Abel,P110,fridge,f371cfb9,normal,5.0,75.005,235.979,0.546,0.016,0.103,,on,-59,,validation test recording
2026-06-02T12:56:52.397944+00:00,2026-06-02 18:26:52,Abel,plug_2,NW_P2_Abel,P110,fridge,f371cfb9,normal,5.0,74.817,235.957,0.544,0.016,0.104,,on,-60,,validation test recording
2026-06-02T12:56:57.661373+00:00,2026-06-02 18:26:57,Abel,plug_2,NW_P2_Abel,P110,fridge,f371cfb9,normal,5.0,74.97,235.894,0.543,0.016,0.104,,on,-57,,validation test recording
2026-06-02T12:57:02.959311+00:00,2026-06-02 18:27:02,Abel,plug_2,NW_P2_Abel,P110,fridge,f371cfb9,normal,5.0,74.88,236.075,0.544,0.016,0.104,,on,-58,,validation test recording
2026-06-02T12:57:08.215005+00:00,2026-06-02 18:27:08,Abel,plug_2,NW_P2_Abel,P110,fridge,f371cfb9,normal,5.0,74.809,235.855,0.543,0.017,0.104,,on,-59,,validation test recording
2026-06-02T12:57:14.063676+00:00,2026-06-02 18:27:14,Abel,plug_2,NW_P2_Abel,P110,fridge,f371cfb9,normal,5.0,74.849,236.038,0.546,0.017,0.104,,on,-57,,validation test recording
2026-06-02T12:57:19.968453+00:00,2026-06-02 18:27:19,Abel,plug_2,NW_P2_Abel,P110,fridge,f371cfb9,normal,5.0,74.753,236.033,0.545,0.017,0.104,,on,-58,,validation test recording
2026-06-02T12:57:25.597266+00:00,2026-06-02 18:27:25,Abel,plug_2,NW_P2_Abel,P110,fridge,f371cfb9,normal,5.0,74.728,235.894,0.545,0.017,0.104,,on,-57,,validation test recording
2026-06-02T12:57:30.866283+00:00,2026-06-02 18:27:30,Abel,plug_2,NW_P2_Abel,P110,fridge,f371cfb9,normal,5.0,74.61,235.921,0.546,0.017,0.104,,on,-59,,validation test recording
2026-06-02T12:57:36.130119+00:00,2026-06-02 18:27:36,Abel,plug_2,NW_P2_Abel,P110,fridge,f371cfb9,normal,5.0,74.653,236.012,0.545,0.017,0.104,,on,-56,,validation test recording
2026-06-02T12:57:41.398433+00:00,2026-06-02 18:27:41,Abel,plug_2,NW_P2_Abel,P110,fridge,f371cfb9,normal,5.0,74.574,236.057,0.545,0.017,0.105,,on,-57,,validation test recording
2026-06-02T12:57:46.730681+00:00,2026-06-02 18:27:46,Abel,plug_2,NW_P2_Abel,P110,fridge,f371cfb9,normal,5.0,74.633,235.8,0.544,0.017,0.105,,on,-57,,validation test recording
2026-06-02T12:57:52.004712+00:00,2026-06-02 18:27:52,Abel,plug_2,NW_P2_Abel,P110,fridge,f371cfb9,normal,5.0,74.466,235.87,0.543,0.017,0.105,,on,-57,,validation test recording
2026-06-02T12:57:57.247901+00:00,2026-06-02 18:27:57,Abel,plug_2,NW_P2_Abel,P110,fridge,f371cfb9,normal,5.0,74.587,236.014,0.543,0.018,0.105,,on,-59,,validation test recording
2026-06-02T12:58:02.506027+00:00,2026-06-02 18:28:02,Abel,plug_2,NW_P2_Abel,P110,fridge,f371cfb9,normal,5.0,74.519,235.947,0.543,0.018,0.105,,on,-57,,validation test recording
2026-06-02T12:58:07.810182+00:00,2026-06-02 18:28:07,Abel,plug_2,NW_P2_Abel,P110,fridge,f371cfb9,normal,5.0,74.421,236.0,0.544,0.018,0.105,,on,-56,,validation test recording
2026-06-02T12:58:13.056928+00:00,2026-06-02 18:28:13,Abel,plug_2,NW_P2_Abel,P110,fridge,f371cfb9,normal,5.0,74.4,235.984,0.545,0.018,0.105,,on,-56,,validation test recording
2026-06-02T12:58:18.349816+00:00,2026-06-02 18:28:18,Abel,plug_2,NW_P2_Abel,P110,fridge,f371cfb9,normal,5.0,74.389,236.162,0.544,0.018,0.105,,on,-59,,validation test recording
2026-06-02T12:58:23.608845+00:00,2026-06-02 18:28:23,Abel,plug_2,NW_P2_Abel,P110,fridge,f371cfb9,normal,5.0,74.433,235.972,0.543,0.018,0.105,,on,-56,,validation test recording
2026-06-02T12:58:28.870453+00:00,2026-06-02 18:28:28,Abel,plug_2,NW_P2_Abel,P110,fridge,f371cfb9,normal,5.0,74.414,236.104,0.543,0.018,0.106,,on,-55,,validation test recording
2026-06-02T12:58:34.162321+00:00,2026-06-02 18:28:34,Abel,plug_2,NW_P2_Abel,P110,fridge,f371cfb9,normal,5.0,74.266,236.111,0.54,0.018,0.106,,on,-58,,validation test recording
2026-06-02T12:58:39.424648+00:00,2026-06-02 18:28:39,Abel,plug_2,NW_P2_Abel,P110,fridge,f371cfb9,normal,5.0,74.215,236.101,0.538,0.018,0.106,,on,-56,,validation test recording
2026-06-02T12:58:44.971027+00:00,2026-06-02 18:28:44,Abel,plug_2,NW_P2_Abel,P110,fridge,f371cfb9,normal,5.0,74.37,236.072,0.539,0.019,0.106,,on,-58,,validation test recording
2026-06-02T12:58:50.235919+00:00,2026-06-02 18:28:50,Abel,plug_2,NW_P2_Abel,P110,fridge,f371cfb9,normal,5.0,74.163,235.954,0.539,0.019,0.106,,on,-58,,validation test recording
2026-06-02T12:58:55.496173+00:00,2026-06-02 18:28:55,Abel,plug_2,NW_P2_Abel,P110,fridge,f371cfb9,normal,5.0,74.136,236.038,0.54,0.019,0.106,,on,-56,,validation test recording
2026-06-02T12:59:00.778460+00:00,2026-06-02 18:29:00,Abel,plug_2,NW_P2_Abel,P110,fridge,f371cfb9,normal,5.0,74.206,236.115,0.539,0.019,0.106,,on,-56,,validation test recording
2026-06-02T12:59:06.048028+00:00,2026-06-02 18:29:06,Abel,plug_2,NW_P2_Abel,P110,fridge,f371cfb9,normal,5.0,74.209,235.86,0.538,0.019,0.106,,on,-57,,validation test recording
2026-06-02T12:59:11.349411+00:00,2026-06-02 18:29:11,Abel,plug_2,NW_P2_Abel,P110,fridge,f371cfb9,normal,5.0,74.081,235.977,0.538,0.019,0.106,,on,-56,,validation test recording
2026-06-02T12:59:16.636996+00:00,2026-06-02 18:29:16,Abel,plug_2,NW_P2_Abel,P110,fridge,f371cfb9,normal,5.0,73.952,236.06,0.539,0.019,0.107,,on,-57,,validation test recording
2026-06-02T12:59:22.191612+00:00,2026-06-02 18:29:22,Abel,plug_2,NW_P2_Abel,P110,fridge,f371cfb9,normal,5.0,74.091,236.105,0.539,0.019,0.107,,on,-56,,validation test recording
2026-06-02T12:59:27.732156+00:00,2026-06-02 18:29:27,Abel,plug_2,NW_P2_Abel,P110,fridge,f371cfb9,normal,5.0,73.993,235.947,0.539,0.019,0.107,,on,-57,,validation test recording
2026-06-02T12:59:32.991442+00:00,2026-06-02 18:29:32,Abel,plug_2,NW_P2_Abel,P110,fridge,f371cfb9,normal,5.0,73.852,236.04,0.538,0.02,0.107,,on,-57,,validation test recording
2026-06-02T12:59:38.274464+00:00,2026-06-02 18:29:38,Abel,plug_2,NW_P2_Abel,P110,fridge,f371cfb9,normal,5.0,73.966,236.175,0.539,0.02,0.107,,on,-56,,validation test recording
2026-06-02T12:59:43.535262+00:00,2026-06-02 18:29:43,Abel,plug_2,NW_P2_Abel,P110,fridge,f371cfb9,normal,5.0,73.925,236.178,0.538,0.02,0.107,,on,-56,,validation test recording
2026-06-02T12:59:48.805885+00:00,2026-06-02 18:29:48,Abel,plug_2,NW_P2_Abel,P110,fridge,f371cfb9,normal,5.0,73.875,236.144,0.537,0.02,0.107,,on,-56,,validation test recording
2026-06-02T12:59:54.076623+00:00,2026-06-02 18:29:54,Abel,plug_2,NW_P2_Abel,P110,fridge,f371cfb9,normal,5.0,73.905,236.344,0.54,0.02,0.107,,on,-56,,validation test recording
2026-06-02T12:59:59.329732+00:00,2026-06-02 18:29:59,Abel,plug_2,NW_P2_Abel,P110,fridge,f371cfb9,normal,5.0,73.814,236.324,0.54,0.02,0.107,,on,-60,,validation test recording
2026-06-02T13:00:04.575585+00:00,2026-06-02 18:30:04,Abel,plug_2,NW_P2_Abel,P110,fridge,f371cfb9,normal,5.0,73.765,236.442,0.538,0.02,0.108,,on,-57,,validation test recording
2026-06-02T13:00:09.872670+00:00,2026-06-02 18:30:09,Abel,plug_2,NW_P2_Abel,P110,fridge,f371cfb9,normal,5.0,73.786,236.509,0.538,0.02,0.108,,on,-57,,validation test recording
2026-06-02T13:00:15.146845+00:00,2026-06-02 18:30:15,Abel,plug_2,NW_P2_Abel,P110,fridge,f371cfb9,normal,5.0,73.763,236.374,0.536,0.02,0.108,,on,-57,,validation test recording
2026-06-02T13:00:20.413964+00:00,2026-06-02 18:30:20,Abel,plug_2,NW_P2_Abel,P110,fridge,f371cfb9,normal,5.0,73.689,236.414,0.537,0.021,0.108,,on,-57,,validation test recording
2026-06-02T13:00:25.679802+00:00,2026-06-02 18:30:25,Abel,plug_2,NW_P2_Abel,P110,fridge,f371cfb9,normal,5.0,73.745,236.441,0.535,0.021,0.108,,on,-58,,validation test recording
2026-06-02T13:00:30.950673+00:00,2026-06-02 18:30:30,Abel,plug_2,NW_P2_Abel,P110,fridge,f371cfb9,normal,5.0,73.561,236.442,0.536,0.021,0.108,,on,-58,,validation test recording
2026-06-02T13:00:36.216271+00:00,2026-06-02 18:30:36,Abel,plug_2,NW_P2_Abel,P110,fridge,f371cfb9,normal,5.0,73.875,236.497,0.537,0.021,0.108,,on,-59,,validation test recording
2026-06-02T13:00:41.493271+00:00,2026-06-02 18:30:41,Abel,plug_2,NW_P2_Abel,P110,fridge,f371cfb9,normal,5.0,73.55,236.468,0.537,0.021,0.108,,on,-60,,validation test recording
2026-06-02T13:00:46.765622+00:00,2026-06-02 18:30:46,Abel,plug_2,NW_P2_Abel,P110,fridge,f371cfb9,normal,5.0,73.706,236.534,0.535,0.021,0.108,,on,-57,,validation test recording
2026-06-02T13:00:52.620809+00:00,2026-06-02 18:30:52,Abel,plug_2,NW_P2_Abel,P110,fridge,f371cfb9,normal,5.0,73.648,236.46,0.535,0.021,0.109,,on,-58,,validation test recording
2026-06-02T13:00:58.074556+00:00,2026-06-02 18:30:58,Abel,plug_2,NW_P2_Abel,P110,fridge,f371cfb9,normal,5.0,73.376,236.455,0.533,0.021,0.109,,on,-58,,validation test recording
2026-06-02T13:01:03.352214+00:00,2026-06-02 18:31:03,Abel,plug_2,NW_P2_Abel,P110,fridge,f371cfb9,normal,5.0,73.515,236.524,0.532,0.021,0.109,,on,-57,,validation test recording
2026-06-02T13:01:08.679394+00:00,2026-06-02 18:31:08,Abel,plug_2,NW_P2_Abel,P110,fridge,f371cfb9,normal,5.0,73.521,236.496,0.533,0.022,0.109,,on,-57,,validation test recording
2026-06-02T13:01:13.948329+00:00,2026-06-02 18:31:13,Abel,plug_2,NW_P2_Abel,P110,fridge,f371cfb9,normal,5.0,73.487,236.521,0.533,0.022,0.109,,on,-60,,validation test recording
2026-06-02T13:01:19.214456+00:00,2026-06-02 18:31:19,Abel,plug_2,NW_P2_Abel,P110,fridge,f371cfb9,normal,5.0,73.478,236.499,0.534,0.022,0.109,,on,-58,,validation test recording
2026-06-02T13:01:24.477827+00:00,2026-06-02 18:31:24,Abel,plug_2,NW_P2_Abel,P110,fridge,f371cfb9,normal,5.0,73.309,236.492,0.533,0.022,0.109,,on,-59,,validation test recording
2026-06-02T13:01:29.725918+00:00,2026-06-02 18:31:29,Abel,plug_2,NW_P2_Abel,P110,fridge,f371cfb9,normal,5.0,73.377,236.717,0.533,0.022,0.109,,on,-60,,validation test recording
2026-06-02T13:01:34.994316+00:00,2026-06-02 18:31:34,Abel,plug_2,NW_P2_Abel,P110,fridge,f371cfb9,normal,5.0,73.241,236.647,0.535,0.022,0.109,,on,-60,,validation test recording
2026-06-02T13:01:40.272623+00:00,2026-06-02 18:31:40,Abel,plug_2,NW_P2_Abel,P110,fridge,f371cfb9,normal,5.0,73.241,236.599,0.534,0.022,0.109,,on,-61,,validation test recording
2026-06-02T13:01:45.526432+00:00,2026-06-02 18:31:45,Abel,plug_2,NW_P2_Abel,P110,fridge,f371cfb9,normal,5.0,73.224,236.578,0.534,0.022,0.11,,on,-59,,validation test recording
2026-06-02T13:01:50.816158+00:00,2026-06-02 18:31:50,Abel,plug_2,NW_P2_Abel,P110,fridge,f371cfb9,normal,5.0,73.292,236.548,0.532,0.022,0.11,,on,-57,,validation test recording
2026-06-02T13:01:56.096330+00:00,2026-06-02 18:31:56,Abel,plug_2,NW_P2_Abel,P110,fridge,f371cfb9,normal,5.0,73.226,236.514,0.532,0.022,0.11,,on,-58,,validation test recording
2026-06-02T13:02:01.348004+00:00,2026-06-02 18:32:01,Abel,plug_2,NW_P2_Abel,P110,fridge,f371cfb9,normal,5.0,73.159,236.461,0.529,0.023,0.11,,on,-59,,validation test recording
2026-06-02T13:02:06.604098+00:00,2026-06-02 18:32:06,Abel,plug_2,NW_P2_Abel,P110,fridge,f371cfb9,normal,5.0,73.133,236.434,0.53,0.023,0.11,,on,-60,,validation test recording
2026-06-02T13:02:11.902198+00:00,2026-06-02 18:32:11,Abel,plug_2,NW_P2_Abel,P110,fridge,f371cfb9,normal,5.0,73.223,236.159,0.531,0.023,0.11,,on,-59,,validation test recording
2026-06-02T13:02:17.182940+00:00,2026-06-02 18:32:17,Abel,plug_2,NW_P2_Abel,P110,fridge,f371cfb9,normal,5.0,73.134,236.064,0.533,0.023,0.11,,on,-58,,validation test recording
2026-06-02T13:02:22.458550+00:00,2026-06-02 18:32:22,Abel,plug_2,NW_P2_Abel,P110,fridge,f371cfb9,normal,5.0,73.051,236.088,0.533,0.023,0.11,,on,-55,,validation test recording
2026-06-02T13:02:27.729562+00:00,2026-06-02 18:32:27,Abel,plug_2,NW_P2_Abel,P110,fridge,f371cfb9,normal,5.0,73.04,236.095,0.533,0.023,0.11,,on,-57,,validation test recording
2026-06-02T13:02:32.988983+00:00,2026-06-02 18:32:32,Abel,plug_2,NW_P2_Abel,P110,fridge,f371cfb9,normal,5.0,73.004,235.914,0.532,0.023,0.111,,on,-57,,validation test recording
2026-06-02T13:02:38.234278+00:00,2026-06-02 18:32:38,Abel,plug_2,NW_P2_Abel,P110,fridge,f371cfb9,normal,5.0,73.048,236.021,0.532,0.023,0.111,,on,-57,,validation test recording
2026-06-02T13:02:43.511341+00:00,2026-06-02 18:32:43,Abel,plug_2,NW_P2_Abel,P110,fridge,f371cfb9,normal,5.0,72.939,236.118,0.53,0.023,0.111,,on,-56,,validation test recording
2026-06-02T13:02:48.757820+00:00,2026-06-02 18:32:48,Abel,plug_2,NW_P2_Abel,P110,fridge,f371cfb9,normal,5.0,73.001,236.081,0.53,0.024,0.111,,on,-56,,validation test recording
2026-06-02T13:02:54.021716+00:00,2026-06-02 18:32:54,Abel,plug_2,NW_P2_Abel,P110,fridge,f371cfb9,normal,5.0,72.958,236.05,0.529,0.024,0.111,,on,-59,,validation test recording
2026-06-02T13:02:59.314946+00:00,2026-06-02 18:32:59,Abel,plug_2,NW_P2_Abel,P110,fridge,f371cfb9,normal,5.0,72.893,236.016,0.53,0.024,0.111,,on,-60,,validation test recording
2026-06-02T13:03:04.594374+00:00,2026-06-02 18:33:04,Abel,plug_2,NW_P2_Abel,P110,fridge,f371cfb9,normal,5.0,72.924,236.069,0.529,0.024,0.111,,on,-59,,validation test recording
2026-06-02T13:03:09.846089+00:00,2026-06-02 18:33:09,Abel,plug_2,NW_P2_Abel,P110,fridge,f371cfb9,normal,5.0,72.729,236.07,0.529,0.024,0.111,,on,-60,,validation test recording
2026-06-02T13:03:15.104000+00:00,2026-06-02 18:33:15,Abel,plug_2,NW_P2_Abel,P110,fridge,f371cfb9,normal,5.0,72.842,235.9,0.53,0.024,0.111,,on,-58,,validation test recording
2026-06-02T13:03:20.346646+00:00,2026-06-02 18:33:20,Abel,plug_2,NW_P2_Abel,P110,fridge,f371cfb9,normal,5.0,72.88,235.91,0.531,0.024,0.112,,on,-57,,validation test recording
2026-06-02T13:03:25.646840+00:00,2026-06-02 18:33:25,Abel,plug_2,NW_P2_Abel,P110,fridge,f371cfb9,normal,5.0,72.726,235.912,0.529,0.024,0.112,,on,-56,,validation test recording
2026-06-02T13:03:30.917516+00:00,2026-06-02 18:33:30,Abel,plug_2,NW_P2_Abel,P110,fridge,f371cfb9,normal,5.0,72.973,235.892,0.53,0.024,0.112,,on,-58,,validation test recording
2026-06-02T13:03:36.162013+00:00,2026-06-02 18:33:36,Abel,plug_2,NW_P2_Abel,P110,fridge,f371cfb9,normal,5.0,72.827,235.941,0.53,0.025,0.112,,on,-56,,validation test recording
2026-06-02T13:03:42.077469+00:00,2026-06-02 18:33:42,Abel,plug_2,NW_P2_Abel,P110,fridge,f371cfb9,normal,5.0,72.752,235.978,0.528,0.025,0.112,,on,-58,,validation test recording
2026-06-02T13:03:47.665738+00:00,2026-06-02 18:33:47,Abel,plug_2,NW_P2_Abel,P110,fridge,f371cfb9,normal,5.0,72.677,236.139,0.529,0.025,0.112,,on,-58,,validation test recording
2026-06-02T13:03:52.955852+00:00,2026-06-02 18:33:52,Abel,plug_2,NW_P2_Abel,P110,fridge,f371cfb9,normal,5.0,72.568,236.043,0.527,0.025,0.112,,on,-61,,validation test recording
2026-06-02T13:03:58.510941+00:00,2026-06-02 18:33:58,Abel,plug_2,NW_P2_Abel,P110,fridge,f371cfb9,normal,5.0,72.766,236.138,0.529,0.025,0.112,,on,-58,,validation test recording
2026-06-02T13:04:03.810161+00:00,2026-06-02 18:34:03,Abel,plug_2,NW_P2_Abel,P110,fridge,f371cfb9,normal,5.0,72.57,236.079,0.529,0.025,0.112,,on,-59,,validation test recording
2026-06-02T13:04:09.078335+00:00,2026-06-02 18:34:09,Abel,plug_2,NW_P2_Abel,P110,fridge,f371cfb9,normal,5.0,72.732,236.118,0.529,0.025,0.112,,on,-60,,validation test recording
2026-06-02T13:04:14.342031+00:00,2026-06-02 18:34:14,Abel,plug_2,NW_P2_Abel,P110,fridge,f371cfb9,normal,5.0,72.636,235.91,0.527,0.025,0.113,,on,-59,,validation test recording
2026-06-02T13:04:19.630647+00:00,2026-06-02 18:34:19,Abel,plug_2,NW_P2_Abel,P110,fridge,f371cfb9,normal,5.0,72.467,235.887,0.529,0.025,0.113,,on,-58,,validation test recording
2026-06-02T13:04:24.892487+00:00,2026-06-02 18:34:24,Abel,plug_2,NW_P2_Abel,P110,fridge,f371cfb9,normal,5.0,72.595,235.868,0.53,0.026,0.113,,on,-59,,validation test recording
2026-06-02T13:04:30.187784+00:00,2026-06-02 18:34:30,Abel,plug_2,NW_P2_Abel,P110,fridge,f371cfb9,normal,5.0,72.497,235.92,0.526,0.026,0.113,,on,-60,,validation test recording
2026-06-02T13:04:35.454831+00:00,2026-06-02 18:34:35,Abel,plug_2,NW_P2_Abel,P110,fridge,f371cfb9,normal,5.0,72.504,235.851,0.527,0.026,0.113,,on,-59,,validation test recording
2026-06-02T13:04:40.739561+00:00,2026-06-02 18:34:40,Abel,plug_2,NW_P2_Abel,P110,fridge,f371cfb9,normal,5.0,72.562,235.918,0.526,0.026,0.113,,on,-59,,validation test recording
2026-06-02T13:04:46.001592+00:00,2026-06-02 18:34:46,Abel,plug_2,NW_P2_Abel,P110,fridge,f371cfb9,normal,5.0,72.432,235.911,0.528,0.026,0.113,,on,-59,,validation test recording
2026-06-02T13:04:51.248438+00:00,2026-06-02 18:34:51,Abel,plug_2,NW_P2_Abel,P110,fridge,f371cfb9,normal,5.0,72.402,235.813,0.527,0.026,0.113,,on,-58,,validation test recording
2026-06-02T13:04:56.554424+00:00,2026-06-02 18:34:56,Abel,plug_2,NW_P2_Abel,P110,fridge,f371cfb9,normal,5.0,72.442,235.836,0.527,0.026,0.113,,on,-59,,validation test recording
2026-06-02T13:05:01.793323+00:00,2026-06-02 18:35:01,Abel,plug_2,NW_P2_Abel,P110,fridge,f371cfb9,normal,5.0,72.393,235.862,0.527,0.026,0.114,,on,-59,,validation test recording
2026-06-02T13:05:07.060690+00:00,2026-06-02 18:35:07,Abel,plug_2,NW_P2_Abel,P110,fridge,f371cfb9,normal,5.0,72.363,235.813,0.526,0.026,0.114,,on,-59,,validation test recording
2026-06-02T13:05:12.349461+00:00,2026-06-02 18:35:12,Abel,plug_2,NW_P2_Abel,P110,fridge,f371cfb9,normal,5.0,72.367,236.009,0.525,0.026,0.114,,on,-60,,validation test recording
2026-06-02T13:05:17.614332+00:00,2026-06-02 18:35:17,Abel,plug_2,NW_P2_Abel,P110,fridge,f371cfb9,normal,5.0,72.408,235.851,0.527,0.027,0.114,,on,-59,,validation test recording
2026-06-02T13:05:22.881340+00:00,2026-06-02 18:35:22,Abel,plug_2,NW_P2_Abel,P110,fridge,f371cfb9,normal,5.0,72.207,236.011,0.527,0.027,0.114,,on,-59,,validation test recording
2026-06-02T13:05:28.154147+00:00,2026-06-02 18:35:28,Abel,plug_2,NW_P2_Abel,P110,fridge,f371cfb9,normal,5.0,72.357,235.997,0.526,0.027,0.114,,on,-60,,validation test recording
2026-06-02T13:05:33.428744+00:00,2026-06-02 18:35:33,Abel,plug_2,NW_P2_Abel,P110,fridge,f371cfb9,normal,5.0,72.165,235.954,0.525,0.027,0.114,,on,-60,,validation test recording
2026-06-02T13:05:38.695515+00:00,2026-06-02 18:35:38,Abel,plug_2,NW_P2_Abel,P110,fridge,f371cfb9,normal,5.0,72.136,235.982,0.527,0.027,0.114,,on,-60,,validation test recording
2026-06-02T13:05:43.966614+00:00,2026-06-02 18:35:43,Abel,plug_2,NW_P2_Abel,P110,fridge,f371cfb9,normal,5.0,72.175,236.089,0.526,0.027,0.114,,on,-58,,validation test recording
2026-06-02T13:05:49.241797+00:00,2026-06-02 18:35:49,Abel,plug_2,NW_P2_Abel,P110,fridge,f371cfb9,normal,5.0,72.216,236.186,0.524,0.027,0.115,,on,-59,,validation test recording
2026-06-02T13:05:54.508141+00:00,2026-06-02 18:35:54,Abel,plug_2,NW_P2_Abel,P110,fridge,f371cfb9,normal,5.0,72.076,236.149,0.524,0.027,0.115,,on,-58,,validation test recording
2026-06-02T13:05:59.787324+00:00,2026-06-02 18:35:59,Abel,plug_2,NW_P2_Abel,P110,fridge,f371cfb9,normal,5.0,72.143,236.191,0.523,0.027,0.115,,on,-57,,validation test recording
2026-06-02T13:06:05.041735+00:00,2026-06-02 18:36:05,Abel,plug_2,NW_P2_Abel,P110,fridge,f371cfb9,normal,5.0,72.013,236.118,0.525,0.028,0.115,,on,-61,,validation test recording
2026-06-02T13:06:10.305206+00:00,2026-06-02 18:36:10,Abel,plug_2,NW_P2_Abel,P110,fridge,f371cfb9,normal,5.0,72.041,236.194,0.525,0.028,0.115,,on,-59,,validation test recording
2026-06-02T13:06:15.539409+00:00,2026-06-02 18:36:15,Abel,plug_2,NW_P2_Abel,P110,fridge,f371cfb9,normal,5.0,72.165,236.176,0.525,0.028,0.115,,on,-59,,validation test recording
2026-06-02T13:06:21.070526+00:00,2026-06-02 18:36:21,Abel,plug_2,NW_P2_Abel,P110,fridge,f371cfb9,normal,5.0,72.019,236.236,0.524,0.028,0.115,,on,-58,,validation test recording
2026-06-02T13:06:26.325680+00:00,2026-06-02 18:36:26,Abel,plug_2,NW_P2_Abel,P110,fridge,f371cfb9,normal,5.0,71.939,236.341,0.523,0.028,0.115,,on,-59,,validation test recording
2026-06-02T13:06:31.595998+00:00,2026-06-02 18:36:31,Abel,plug_2,NW_P2_Abel,P110,fridge,f371cfb9,normal,5.0,72.107,236.409,0.523,0.028,0.115,,on,-61,,validation test recording
2026-06-02T13:06:38.060957+00:00,2026-06-02 18:36:38,Abel,plug_2,NW_P2_Abel,P110,fridge,f371cfb9,normal,5.0,71.925,236.086,0.523,0.028,0.115,,on,-58,,validation test recording
2026-06-02T13:06:43.352017+00:00,2026-06-02 18:36:43,Abel,plug_2,NW_P2_Abel,P110,fridge,f371cfb9,normal,5.0,71.936,236.072,0.524,0.028,0.116,,on,-60,,validation test recording
2026-06-02T13:06:48.630999+00:00,2026-06-02 18:36:48,Abel,plug_2,NW_P2_Abel,P110,fridge,f371cfb9,normal,5.0,71.999,236.217,0.523,0.028,0.116,,on,-59,,validation test recording
2026-06-02T13:06:53.936480+00:00,2026-06-02 18:36:53,Abel,plug_2,NW_P2_Abel,P110,fridge,f371cfb9,normal,5.0,71.853,236.069,0.524,0.028,0.116,,on,-59,,validation test recording
2026-06-02T13:06:59.207225+00:00,2026-06-02 18:36:59,Abel,plug_2,NW_P2_Abel,P110,fridge,f371cfb9,normal,5.0,71.91,236.048,0.524,0.029,0.116,,on,-60,,validation test recording
2026-06-02T13:07:04.499708+00:00,2026-06-02 18:37:04,Abel,plug_2,NW_P2_Abel,P110,fridge,f371cfb9,normal,5.0,71.996,235.922,0.523,0.029,0.116,,on,-59,,validation test recording
2026-06-02T13:07:09.794280+00:00,2026-06-02 18:37:09,Abel,plug_2,NW_P2_Abel,P110,fridge,f371cfb9,normal,5.0,71.956,235.935,0.522,0.029,0.116,,on,-58,,validation test recording
2026-06-02T13:07:15.095720+00:00,2026-06-02 18:37:15,Abel,plug_2,NW_P2_Abel,P110,fridge,f371cfb9,normal,5.0,71.954,235.879,0.52,0.029,0.116,,on,-60,,validation test recording
2026-06-02T13:07:20.372765+00:00,2026-06-02 18:37:20,Abel,plug_2,NW_P2_Abel,P110,fridge,f371cfb9,normal,5.0,71.896,235.861,0.522,0.029,0.116,,on,-61,,validation test recording
2026-06-02T13:07:25.633777+00:00,2026-06-02 18:37:25,Abel,plug_2,NW_P2_Abel,P110,fridge,f371cfb9,normal,5.0,71.744,235.856,0.52,0.029,0.116,,on,-58,,validation test recording
2026-06-02T13:07:30.905137+00:00,2026-06-02 18:37:30,Abel,plug_2,NW_P2_Abel,P110,fridge,f371cfb9,normal,5.0,71.803,235.981,0.521,0.029,0.117,,on,-60,,validation test recording
2026-06-02T13:07:36.159814+00:00,2026-06-02 18:37:36,Abel,plug_2,NW_P2_Abel,P110,fridge,f371cfb9,normal,5.0,71.64,236.023,0.52,0.029,0.117,,on,-61,,validation test recording
2026-06-02T13:07:41.443961+00:00,2026-06-02 18:37:41,Abel,plug_2,NW_P2_Abel,P110,fridge,f371cfb9,normal,5.0,71.709,236.059,0.521,0.029,0.117,,on,-59,,validation test recording
2026-06-02T13:07:46.705678+00:00,2026-06-02 18:37:46,Abel,plug_2,NW_P2_Abel,P110,fridge,f371cfb9,normal,5.0,71.724,236.239,0.521,0.03,0.117,,on,-62,,validation test recording
2026-06-02T13:07:51.968539+00:00,2026-06-02 18:37:51,Abel,plug_2,NW_P2_Abel,P110,fridge,f371cfb9,normal,5.0,71.797,236.195,0.522,0.03,0.117,,on,-61,,validation test recording
2026-06-02T13:07:57.247472+00:00,2026-06-02 18:37:57,Abel,plug_2,NW_P2_Abel,P110,fridge,f371cfb9,normal,5.0,71.696,236.08,0.524,0.03,0.117,,on,-58,,validation test recording
2026-06-02T13:08:02.527133+00:00,2026-06-02 18:38:02,Abel,plug_2,NW_P2_Abel,P110,fridge,f371cfb9,normal,5.0,71.632,235.959,0.521,0.03,0.117,,on,-60,,validation test recording
2026-06-02T13:08:07.797216+00:00,2026-06-02 18:38:07,Abel,plug_2,NW_P2_Abel,P110,fridge,f371cfb9,normal,5.0,71.696,235.976,0.521,0.03,0.117,,on,-60,,validation test recording
2026-06-02T13:08:13.068614+00:00,2026-06-02 18:38:13,Abel,plug_2,NW_P2_Abel,P110,fridge,f371cfb9,normal,5.0,71.701,235.742,0.521,0.03,0.117,,on,-59,,validation test recording
2026-06-02T13:08:18.334182+00:00,2026-06-02 18:38:18,Abel,plug_2,NW_P2_Abel,P110,fridge,f371cfb9,normal,5.0,71.591,235.718,0.522,0.03,0.117,,on,-57,,validation test recording
2026-06-02T13:08:23.600178+00:00,2026-06-02 18:38:23,Abel,plug_2,NW_P2_Abel,P110,fridge,f371cfb9,normal,5.0,71.51,235.82,0.522,0.03,0.118,,on,-59,,validation test recording
2026-06-02T13:08:28.861028+00:00,2026-06-02 18:38:28,Abel,plug_2,NW_P2_Abel,P110,fridge,f371cfb9,normal,5.0,71.644,235.851,0.523,0.03,0.118,,on,-61,,validation test recording
2026-06-02T13:08:34.136533+00:00,2026-06-02 18:38:34,Abel,plug_2,NW_P2_Abel,P110,fridge,f371cfb9,normal,5.0,71.627,235.914,0.523,0.03,0.118,,on,-58,,validation test recording
2026-06-02T13:08:39.397233+00:00,2026-06-02 18:38:39,Abel,plug_2,NW_P2_Abel,P110,fridge,f371cfb9,normal,5.0,71.596,235.92,0.522,0.031,0.118,,on,-59,,validation test recording
2026-06-02T13:08:44.692258+00:00,2026-06-02 18:38:44,Abel,plug_2,NW_P2_Abel,P110,fridge,f371cfb9,normal,5.0,71.405,236.023,0.522,0.031,0.118,,on,-57,,validation test recording
2026-06-02T13:08:49.949649+00:00,2026-06-02 18:38:49,Abel,plug_2,NW_P2_Abel,P110,fridge,f371cfb9,normal,5.0,71.492,236.058,0.521,0.031,0.118,,on,-57,,validation test recording
2026-06-02T13:08:55.209278+00:00,2026-06-02 18:38:55,Abel,plug_2,NW_P2_Abel,P110,fridge,f371cfb9,normal,5.0,71.467,235.946,0.522,0.031,0.118,,on,-58,,validation test recording
2026-06-02T13:09:00.474995+00:00,2026-06-02 18:39:00,Abel,plug_2,NW_P2_Abel,P110,fridge,f371cfb9,normal,5.0,71.458,236.018,0.522,0.031,0.118,,on,-58,,validation test recording
2026-06-02T13:09:05.728971+00:00,2026-06-02 18:39:05,Abel,plug_2,NW_P2_Abel,P110,fridge,f371cfb9,normal,5.0,71.419,236.113,0.521,0.031,0.118,,on,-58,,validation test recording
2026-06-02T13:09:10.975001+00:00,2026-06-02 18:39:10,Abel,plug_2,NW_P2_Abel,P110,fridge,f371cfb9,normal,5.0,71.426,236.143,0.523,0.031,0.119,,on,-59,,validation test recording
2026-06-02T13:09:16.245564+00:00,2026-06-02 18:39:16,Abel,plug_2,NW_P2_Abel,P110,fridge,f371cfb9,normal,5.0,71.287,236.025,0.521,0.031,0.119,,on,-59,,validation test recording
2026-06-02T13:09:21.518324+00:00,2026-06-02 18:39:21,Abel,plug_2,NW_P2_Abel,P110,fridge,f371cfb9,normal,5.0,71.534,236.141,0.521,0.031,0.119,,on,-60,,validation test recording
2026-06-02T13:09:26.779066+00:00,2026-06-02 18:39:26,Abel,plug_2,NW_P2_Abel,P110,fridge,f371cfb9,normal,5.0,71.441,236.287,0.52,0.032,0.119,,on,-60,,validation test recording
2026-06-02T13:09:32.037991+00:00,2026-06-02 18:39:32,Abel,plug_2,NW_P2_Abel,P110,fridge,f371cfb9,normal,5.0,71.342,236.17,0.519,0.032,0.119,,on,-59,,validation test recording
2026-06-02T13:09:37.335901+00:00,2026-06-02 18:39:37,Abel,plug_2,NW_P2_Abel,P110,fridge,f371cfb9,normal,5.0,71.314,236.112,0.518,0.032,0.119,,on,-59,,validation test recording
2026-06-02T13:09:42.597387+00:00,2026-06-02 18:39:42,Abel,plug_2,NW_P2_Abel,P110,fridge,f371cfb9,normal,5.0,71.342,236.001,0.518,0.032,0.119,,on,-60,,validation test recording
2026-06-02T13:09:47.907160+00:00,2026-06-02 18:39:47,Abel,plug_2,NW_P2_Abel,P110,fridge,f371cfb9,normal,5.0,71.15,236.415,0.519,0.032,0.119,,on,-59,,validation test recording
2026-06-02T13:09:53.149732+00:00,2026-06-02 18:39:53,Abel,plug_2,NW_P2_Abel,P110,fridge,f371cfb9,normal,5.0,71.232,236.338,0.517,0.032,0.119,,on,-61,,validation test recording
2026-06-02T13:09:58.400474+00:00,2026-06-02 18:39:58,Abel,plug_2,NW_P2_Abel,P110,fridge,f371cfb9,normal,5.0,71.254,236.25,0.518,0.032,0.119,,on,-57,,validation test recording
2026-06-02T13:10:03.651739+00:00,2026-06-02 18:40:03,Abel,plug_2,NW_P2_Abel,P110,fridge,f371cfb9,normal,5.0,71.294,236.356,0.517,0.032,0.12,,on,-57,,validation test recording
2026-06-02T13:10:08.924854+00:00,2026-06-02 18:40:08,Abel,plug_2,NW_P2_Abel,P110,fridge,f371cfb9,normal,5.0,71.297,236.405,0.517,0.032,0.12,,on,-58,,validation test recording
2026-06-02T13:10:14.181225+00:00,2026-06-02 18:40:14,Abel,plug_2,NW_P2_Abel,P110,fridge,f371cfb9,normal,5.0,71.236,236.468,0.517,0.032,0.12,,on,-58,,validation test recording
2026-06-02T13:10:19.443329+00:00,2026-06-02 18:40:19,Abel,plug_2,NW_P2_Abel,P110,fridge,f371cfb9,normal,5.0,71.116,236.476,0.52,0.033,0.12,,on,-56,,validation test recording
2026-06-02T13:10:24.720769+00:00,2026-06-02 18:40:24,Abel,plug_2,NW_P2_Abel,P110,fridge,f371cfb9,normal,5.0,71.283,236.57,0.52,0.033,0.12,,on,-57,,validation test recording
2026-06-02T13:10:29.987012+00:00,2026-06-02 18:40:29,Abel,plug_2,NW_P2_Abel,P110,fridge,f371cfb9,normal,5.0,71.058,236.448,0.519,0.033,0.12,,on,-58,,validation test recording
2026-06-02T13:10:35.272637+00:00,2026-06-02 18:40:35,Abel,plug_2,NW_P2_Abel,P110,fridge,f371cfb9,normal,5.0,71.11,236.47,0.519,0.033,0.12,,on,-56,,validation test recording
2026-06-02T13:10:40.555100+00:00,2026-06-02 18:40:40,Abel,plug_2,NW_P2_Abel,P110,fridge,f371cfb9,normal,5.0,71.253,236.043,0.524,0.033,0.12,,on,-57,,validation test recording
2026-06-02T13:10:45.827436+00:00,2026-06-02 18:40:45,Abel,plug_2,NW_P2_Abel,P110,fridge,f371cfb9,normal,5.0,71.204,235.834,0.521,0.033,0.12,,on,-56,,validation test recording
2026-06-02T13:10:51.757826+00:00,2026-06-02 18:40:51,Abel,plug_2,NW_P2_Abel,P110,fridge,f371cfb9,normal,5.0,71.077,235.783,0.521,0.033,0.121,,on,-57,,validation test recording
2026-06-02T13:10:58.097766+00:00,2026-06-02 18:40:58,Abel,plug_2,NW_P2_Abel,P110,fridge,f371cfb9,normal,5.0,71.101,235.772,0.522,0.033,0.121,,on,-56,,validation test recording
2026-06-02T13:11:04.450290+00:00,2026-06-02 18:41:04,Abel,plug_2,NW_P2_Abel,P110,fridge,f371cfb9,normal,5.0,71.046,235.63,0.522,0.033,0.121,,on,-57,,validation test recording
2026-06-02T13:11:09.716672+00:00,2026-06-02 18:41:09,Abel,plug_2,NW_P2_Abel,P110,fridge,f371cfb9,normal,5.0,71.027,235.652,0.521,0.034,0.121,,on,-58,,validation test recording
2026-06-02T13:11:14.977639+00:00,2026-06-02 18:41:14,Abel,plug_2,NW_P2_Abel,P110,fridge,f371cfb9,normal,5.0,70.929,235.635,0.518,0.034,0.121,,on,-59,,validation test recording
2026-06-02T13:11:20.255923+00:00,2026-06-02 18:41:20,Abel,plug_2,NW_P2_Abel,P110,fridge,f371cfb9,normal,5.0,71.013,235.577,0.519,0.034,0.121,,on,-59,,validation test recording
2026-06-02T13:11:25.511967+00:00,2026-06-02 18:41:25,Abel,plug_2,NW_P2_Abel,P110,fridge,f371cfb9,normal,5.0,71.055,235.504,0.521,0.034,0.121,,on,-59,,validation test recording
2026-06-02T13:11:30.778681+00:00,2026-06-02 18:41:30,Abel,plug_2,NW_P2_Abel,P110,fridge,f371cfb9,normal,5.0,70.976,235.497,0.521,0.034,0.121,,on,-57,,validation test recording
2026-06-02T13:11:36.077979+00:00,2026-06-02 18:41:36,Abel,plug_2,NW_P2_Abel,P110,fridge,f371cfb9,normal,5.0,70.788,235.537,0.519,0.034,0.121,,on,-58,,validation test recording
2026-06-02T13:11:41.332823+00:00,2026-06-02 18:41:41,Abel,plug_2,NW_P2_Abel,P110,fridge,f371cfb9,normal,5.0,70.865,235.634,0.521,0.034,0.121,,on,-57,,validation test recording
2026-06-02T13:11:46.600216+00:00,2026-06-02 18:41:46,Abel,plug_2,NW_P2_Abel,P110,fridge,f371cfb9,normal,5.0,70.982,235.661,0.523,0.034,0.122,,on,-62,,validation test recording
2026-06-02T13:11:51.909804+00:00,2026-06-02 18:41:51,Abel,plug_2,NW_P2_Abel,P110,fridge,f371cfb9,normal,5.0,70.833,235.574,0.52,0.034,0.122,,on,-58,,validation test recording
2026-06-02T13:11:57.229400+00:00,2026-06-02 18:41:57,Abel,plug_2,NW_P2_Abel,P110,fridge,f371cfb9,normal,5.0,70.928,235.564,0.52,0.035,0.122,,on,-58,,validation test recording
2026-06-02T13:12:02.486564+00:00,2026-06-02 18:42:02,Abel,plug_2,NW_P2_Abel,P110,fridge,f371cfb9,normal,5.0,70.869,235.329,0.52,0.035,0.122,,on,-60,,validation test recording
2026-06-02T13:12:07.742548+00:00,2026-06-02 18:42:07,Abel,plug_2,NW_P2_Abel,P110,fridge,f371cfb9,normal,5.0,70.889,235.168,0.52,0.035,0.122,,on,-57,,validation test recording
2026-06-02T13:12:14.876358+00:00,2026-06-02 18:42:14,Abel,plug_2,NW_P2_Abel,P110,fridge,f371cfb9,normal,5.0,70.873,235.286,0.52,0.035,0.122,,on,-59,,validation test recording
2026-06-02T13:12:20.146729+00:00,2026-06-02 18:42:20,Abel,plug_2,NW_P2_Abel,P110,fridge,f371cfb9,normal,5.0,70.893,235.281,0.52,0.035,0.122,,on,-62,,validation test recording
2026-06-02T13:12:25.442552+00:00,2026-06-02 18:42:25,Abel,plug_2,NW_P2_Abel,P110,fridge,f371cfb9,normal,5.0,70.765,235.378,0.52,0.035,0.122,,on,-58,,validation test recording
2026-06-02T13:12:30.717401+00:00,2026-06-02 18:42:30,Abel,plug_2,NW_P2_Abel,P110,fridge,f371cfb9,normal,5.0,70.703,235.241,0.52,0.035,0.122,,on,-60,,validation test recording
2026-06-02T13:12:36.017561+00:00,2026-06-02 18:42:36,Abel,plug_2,NW_P2_Abel,P110,fridge,f371cfb9,normal,5.0,70.784,235.149,0.52,0.035,0.123,,on,-60,,validation test recording
2026-06-02T13:12:41.328268+00:00,2026-06-02 18:42:41,Abel,plug_2,NW_P2_Abel,P110,fridge,f371cfb9,normal,5.0,70.868,235.361,0.518,0.035,0.123,,on,-61,,validation test recording
2026-06-02T13:12:46.590568+00:00,2026-06-02 18:42:46,Abel,plug_2,NW_P2_Abel,P110,fridge,f371cfb9,normal,5.0,70.854,235.358,0.519,0.035,0.123,,on,-60,,validation test recording
2026-06-02T13:12:51.859787+00:00,2026-06-02 18:42:51,Abel,plug_2,NW_P2_Abel,P110,fridge,f371cfb9,normal,5.0,70.678,235.283,0.519,0.036,0.123,,on,-59,,validation test recording
2026-06-02T13:12:57.197510+00:00,2026-06-02 18:42:57,Abel,plug_2,NW_P2_Abel,P110,fridge,f371cfb9,normal,5.0,70.658,235.326,0.52,0.036,0.123,,on,-58,,validation test recording
2026-06-02T13:13:02.470112+00:00,2026-06-02 18:43:02,Abel,plug_2,NW_P2_Abel,P110,fridge,f371cfb9,normal,5.0,70.675,235.338,0.519,0.036,0.123,,on,-61,,validation test recording
2026-06-02T13:13:07.775300+00:00,2026-06-02 18:43:07,Abel,plug_2,NW_P2_Abel,P110,fridge,f371cfb9,normal,5.0,70.524,235.296,0.518,0.036,0.123,,on,-62,,validation test recording
2026-06-02T13:13:14.188873+00:00,2026-06-02 18:43:14,Abel,plug_2,NW_P2_Abel,P110,fridge,f371cfb9,normal,5.0,70.698,235.271,0.52,0.036,0.123,,on,-58,,validation test recording
2026-06-02T13:13:20.189167+00:00,2026-06-02 18:43:20,Abel,plug_2,NW_P2_Abel,P110,fridge,f371cfb9,normal,5.0,70.686,235.505,0.52,0.036,0.123,,on,-58,,validation test recording
2026-06-02T13:13:25.486703+00:00,2026-06-02 18:43:25,Abel,plug_2,NW_P2_Abel,P110,fridge,f371cfb9,normal,5.0,70.575,235.449,0.518,0.036,0.124,,on,-60,,validation test recording
2026-06-02T13:13:31.347231+00:00,2026-06-02 18:43:31,Abel,plug_2,NW_P2_Abel,P110,fridge,f371cfb9,normal,5.0,70.586,235.421,0.518,0.036,0.124,,on,-59,,validation test recording
2026-06-02T13:13:36.606509+00:00,2026-06-02 18:43:36,Abel,plug_2,NW_P2_Abel,P110,fridge,f371cfb9,normal,5.0,70.546,235.427,0.517,0.036,0.124,,on,-62,,validation test recording
2026-06-02T13:13:41.866008+00:00,2026-06-02 18:43:41,Abel,plug_2,NW_P2_Abel,P110,fridge,f371cfb9,normal,5.0,70.657,236.119,0.514,0.037,0.124,,on,-60,,validation test recording
2026-06-02T13:13:47.152769+00:00,2026-06-02 18:43:47,Abel,plug_2,NW_P2_Abel,P110,fridge,f371cfb9,normal,5.0,70.551,236.228,0.515,0.037,0.124,,on,-58,,validation test recording
2026-06-02T13:13:52.457183+00:00,2026-06-02 18:43:52,Abel,plug_2,NW_P2_Abel,P110,fridge,f371cfb9,normal,5.0,70.608,236.528,0.514,0.037,0.124,,on,-59,,validation test recording
2026-06-02T13:13:57.734069+00:00,2026-06-02 18:43:57,Abel,plug_2,NW_P2_Abel,P110,fridge,f371cfb9,normal,5.0,70.566,236.67,0.513,0.037,0.124,,on,-60,,validation test recording
2026-06-02T13:14:02.983963+00:00,2026-06-02 18:44:02,Abel,plug_2,NW_P2_Abel,P110,fridge,f371cfb9,normal,5.0,70.489,236.641,0.514,0.037,0.124,,on,-59,,validation test recording
2026-06-02T13:14:08.278212+00:00,2026-06-02 18:44:08,Abel,plug_2,NW_P2_Abel,P110,fridge,f371cfb9,normal,5.0,70.464,236.615,0.514,0.037,0.124,,on,-59,,validation test recording
2026-06-02T13:14:13.589580+00:00,2026-06-02 18:44:13,Abel,plug_2,NW_P2_Abel,P110,fridge,f371cfb9,normal,5.0,70.511,236.616,0.516,0.037,0.124,,on,-61,,validation test recording
2026-06-02T13:14:18.834662+00:00,2026-06-02 18:44:18,Abel,plug_2,NW_P2_Abel,P110,fridge,f371cfb9,normal,5.0,70.474,236.682,0.514,0.037,0.125,,on,-59,,validation test recording
2026-06-02T13:14:24.082567+00:00,2026-06-02 18:44:24,Abel,plug_2,NW_P2_Abel,P110,fridge,f371cfb9,normal,5.0,70.437,236.707,0.512,0.037,0.125,,on,-60,,validation test recording
2026-06-02T13:14:29.358872+00:00,2026-06-02 18:44:29,Abel,plug_2,NW_P2_Abel,P110,fridge,f371cfb9,normal,5.0,70.607,236.685,0.514,0.037,0.125,,on,-62,,validation test recording
2026-06-02T13:14:34.616038+00:00,2026-06-02 18:44:34,Abel,plug_2,NW_P2_Abel,P110,fridge,f371cfb9,normal,5.0,70.388,236.687,0.513,0.038,0.125,,on,-60,,validation test recording
2026-06-02T13:14:39.861902+00:00,2026-06-02 18:44:39,Abel,plug_2,NW_P2_Abel,P110,fridge,f371cfb9,normal,5.0,70.496,236.812,0.512,0.038,0.125,,on,-60,,validation test recording
2026-06-02T13:14:45.115597+00:00,2026-06-02 18:44:45,Abel,plug_2,NW_P2_Abel,P110,fridge,f371cfb9,normal,5.0,70.429,236.829,0.512,0.038,0.125,,on,-60,,validation test recording
2026-06-02T13:14:50.388839+00:00,2026-06-02 18:44:50,Abel,plug_2,NW_P2_Abel,P110,fridge,f371cfb9,normal,5.0,70.293,236.525,0.512,0.038,0.125,,on,-61,,validation test recording
2026-06-02T13:14:55.663876+00:00,2026-06-02 18:44:55,Abel,plug_2,NW_P2_Abel,P110,fridge,f371cfb9,normal,5.0,70.433,236.326,0.514,0.038,0.125,,on,-61,,validation test recording
2026-06-02T13:15:00.990583+00:00,2026-06-02 18:45:00,Abel,plug_2,NW_P2_Abel,P110,fridge,f371cfb9,normal,5.0,70.315,236.357,0.513,0.038,0.125,,on,-61,,validation test recording
2026-06-02T13:15:06.254337+00:00,2026-06-02 18:45:06,Abel,plug_2,NW_P2_Abel,P110,fridge,f371cfb9,normal,5.0,70.3,236.347,0.515,0.038,0.126,,on,-61,,validation test recording
2026-06-02T13:15:11.524863+00:00,2026-06-02 18:45:11,Abel,plug_2,NW_P2_Abel,P110,fridge,f371cfb9,normal,5.0,70.295,236.275,0.513,0.038,0.126,,on,-61,,validation test recording
2026-06-02T13:15:16.795615+00:00,2026-06-02 18:45:16,Abel,plug_2,NW_P2_Abel,P110,fridge,f371cfb9,normal,5.0,70.387,236.27,0.512,0.038,0.126,,on,-61,,validation test recording
2026-06-02T13:15:22.049707+00:00,2026-06-02 18:45:22,Abel,plug_2,NW_P2_Abel,P110,fridge,f371cfb9,normal,5.0,70.201,236.38,0.513,0.039,0.126,,on,-59,,validation test recording
2026-06-02T13:15:27.437803+00:00,2026-06-02 18:45:27,Abel,plug_2,NW_P2_Abel,P110,fridge,f371cfb9,normal,5.0,70.252,236.326,0.512,0.039,0.126,,on,-62,,validation test recording
2026-06-02T13:15:32.701367+00:00,2026-06-02 18:45:32,Abel,plug_2,NW_P2_Abel,P110,fridge,f371cfb9,normal,5.0,70.301,236.218,0.51,0.039,0.126,,on,-61,,validation test recording
2026-06-02T13:15:37.974690+00:00,2026-06-02 18:45:37,Abel,plug_2,NW_P2_Abel,P110,fridge,f371cfb9,normal,5.0,70.236,236.37,0.511,0.039,0.126,,on,-60,,validation test recording
2026-06-02T13:15:43.236187+00:00,2026-06-02 18:45:43,Abel,plug_2,NW_P2_Abel,P110,fridge,f371cfb9,normal,5.0,70.173,236.346,0.512,0.039,0.126,,on,-60,,validation test recording
2026-06-02T13:15:48.492057+00:00,2026-06-02 18:45:48,Abel,plug_2,NW_P2_Abel,P110,fridge,f371cfb9,normal,5.0,70.18,236.281,0.512,0.039,0.126,,on,-61,,validation test recording
2026-06-02T13:15:53.748669+00:00,2026-06-02 18:45:53,Abel,plug_2,NW_P2_Abel,P110,fridge,f371cfb9,normal,5.0,70.182,236.159,0.512,0.039,0.126,,on,-59,,validation test recording
2026-06-02T13:15:59.024564+00:00,2026-06-02 18:45:59,Abel,plug_2,NW_P2_Abel,P110,fridge,f371cfb9,normal,5.0,70.097,236.197,0.514,0.039,0.127,,on,-60,,validation test recording
2026-06-02T13:16:04.304116+00:00,2026-06-02 18:46:04,Abel,plug_2,NW_P2_Abel,P110,fridge,f371cfb9,normal,5.0,70.177,236.267,0.513,0.039,0.127,,on,-63,,validation test recording
2026-06-02T13:16:09.559093+00:00,2026-06-02 18:46:09,Abel,plug_2,NW_P2_Abel,P110,fridge,f371cfb9,normal,5.0,70.084,236.231,0.512,0.039,0.127,,on,-58,,validation test recording
2026-06-02T13:16:14.838751+00:00,2026-06-02 18:46:14,Abel,plug_2,NW_P2_Abel,P110,fridge,f371cfb9,normal,5.0,70.109,236.241,0.512,0.04,0.127,,on,-59,,validation test recording
2026-06-02T13:16:20.115867+00:00,2026-06-02 18:46:20,Abel,plug_2,NW_P2_Abel,P110,fridge,f371cfb9,normal,5.0,70.138,236.353,0.511,0.04,0.127,,on,-58,,validation test recording
2026-06-02T13:16:25.387641+00:00,2026-06-02 18:46:25,Abel,plug_2,NW_P2_Abel,P110,fridge,f371cfb9,normal,5.0,70.187,236.525,0.512,0.04,0.127,,on,-58,,validation test recording
2026-06-02T13:16:30.647402+00:00,2026-06-02 18:46:30,Abel,plug_2,NW_P2_Abel,P110,fridge,f371cfb9,normal,5.0,70.06,236.565,0.513,0.04,0.127,,on,-57,,validation test recording
2026-06-02T13:16:35.914673+00:00,2026-06-02 18:46:35,Abel,plug_2,NW_P2_Abel,P110,fridge,f371cfb9,normal,5.0,70.04,236.647,0.514,0.04,0.127,,on,-60,,validation test recording
2026-06-02T13:16:41.201042+00:00,2026-06-02 18:46:41,Abel,plug_2,NW_P2_Abel,P110,fridge,f371cfb9,normal,5.0,70.054,236.688,0.513,0.04,0.127,,on,-59,,validation test recording
2026-06-02T13:16:46.467506+00:00,2026-06-02 18:46:46,Abel,plug_2,NW_P2_Abel,P110,fridge,f371cfb9,normal,5.0,69.95,236.587,0.513,0.04,0.127,,on,-60,,validation test recording
2026-06-02T13:16:51.731658+00:00,2026-06-02 18:46:51,Abel,plug_2,NW_P2_Abel,P110,fridge,f371cfb9,normal,5.0,70.037,236.583,0.514,0.04,0.128,,on,-62,,validation test recording
2026-06-02T13:16:57.170926+00:00,2026-06-02 18:46:57,Abel,plug_2,NW_P2_Abel,P110,fridge,f371cfb9,normal,5.0,69.879,236.447,0.513,0.04,0.128,,on,-60,,validation test recording
2026-06-02T13:17:03.507481+00:00,2026-06-02 18:47:03,Abel,plug_2,NW_P2_Abel,P110,fridge,f371cfb9,normal,5.0,69.902,236.276,0.512,0.04,0.128,,on,-59,,validation test recording
2026-06-02T13:17:11.338311+00:00,2026-06-02 18:47:11,Abel,plug_2,NW_P2_Abel,P110,fridge,f371cfb9,normal,5.0,70.104,236.125,0.512,0.041,0.128,,on,-58,,validation test recording
2026-06-02T13:17:17.855720+00:00,2026-06-02 18:47:17,Abel,plug_2,NW_P2_Abel,P110,fridge,f371cfb9,normal,5.0,70.01,236.211,0.515,0.041,0.128,,on,-61,,validation test recording
2026-06-02T13:17:23.385509+00:00,2026-06-02 18:47:23,Abel,plug_2,NW_P2_Abel,P110,fridge,f371cfb9,normal,5.0,69.995,236.272,0.514,0.041,0.128,,on,-59,,validation test recording
2026-06-02T13:17:28.958702+00:00,2026-06-02 18:47:28,Abel,plug_2,NW_P2_Abel,P110,fridge,f371cfb9,normal,5.0,69.844,236.69,0.512,0.041,0.128,,on,-61,,validation test recording
2026-06-02T13:17:37.464272+00:00,2026-06-02 18:47:37,Abel,plug_2,NW_P2_Abel,P110,fridge,f371cfb9,normal,5.0,69.812,236.374,0.512,0.041,0.128,,on,-59,,validation test recording
2026-06-02T13:17:42.921543+00:00,2026-06-02 18:47:42,Abel,plug_2,NW_P2_Abel,P110,fridge,f371cfb9,normal,5.0,69.905,236.359,0.512,0.041,0.129,,on,-61,,validation test recording
2026-06-02T13:17:48.397384+00:00,2026-06-02 18:47:48,Abel,plug_2,NW_P2_Abel,P110,fridge,f371cfb9,normal,5.0,69.898,236.564,0.51,0.041,0.129,,on,-63,,validation test recording
2026-06-02T13:17:54.146569+00:00,2026-06-02 18:47:54,Abel,plug_2,NW_P2_Abel,P110,fridge,f371cfb9,normal,5.0,69.799,236.574,0.51,0.041,0.129,,on,-58,,validation test recording
2026-06-02T13:18:02.772514+00:00,2026-06-02 18:48:02,Abel,plug_2,NW_P2_Abel,P110,fridge,f371cfb9,normal,5.0,69.919,236.699,0.51,0.042,0.129,,on,-61,,validation test recording
2026-06-02T13:18:09.532700+00:00,2026-06-02 18:48:09,Abel,plug_2,NW_P2_Abel,P110,fridge,f371cfb9,normal,5.0,69.73,236.661,0.511,0.042,0.129,,on,-60,,validation test recording
2026-06-02T13:18:19.186531+00:00,2026-06-02 18:48:19,Abel,plug_2,NW_P2_Abel,P110,fridge,f371cfb9,normal,5.0,69.709,236.587,0.511,0.042,0.129,,on,-61,,validation test recording
2026-06-02T13:18:24.446348+00:00,2026-06-02 18:48:24,Abel,plug_2,NW_P2_Abel,P110,fridge,f371cfb9,normal,5.0,69.822,236.559,0.513,0.042,0.129,,on,-58,,validation test recording
2026-06-02T13:18:30.054341+00:00,2026-06-02 18:48:30,Abel,plug_2,NW_P2_Abel,P110,fridge,f371cfb9,normal,5.0,69.868,236.619,0.514,0.042,0.129,,on,-61,,validation test recording
2026-06-02T13:18:36.592060+00:00,2026-06-02 18:48:36,Abel,plug_2,NW_P2_Abel,P110,fridge,f371cfb9,normal,5.0,69.783,236.715,0.512,0.042,0.13,,on,-60,,validation test recording
2026-06-02T13:18:42.676133+00:00,2026-06-02 18:48:42,Abel,plug_2,NW_P2_Abel,P110,fridge,f371cfb9,normal,5.0,69.876,236.774,0.514,0.042,0.13,,on,-59,,validation test recording
2026-06-02T13:18:48.105132+00:00,2026-06-02 18:48:48,Abel,plug_2,NW_P2_Abel,P110,fridge,f371cfb9,normal,5.0,69.69,236.829,0.516,0.043,0.13,,on,-62,,validation test recording
2026-06-02T13:18:53.659314+00:00,2026-06-02 18:48:53,Abel,plug_2,NW_P2_Abel,P110,fridge,f371cfb9,normal,5.0,69.582,236.616,0.515,0.043,0.13,,on,-63,,validation test recording
2026-06-02T13:18:59.847235+00:00,2026-06-02 18:48:59,Abel,plug_2,NW_P2_Abel,P110,fridge,f371cfb9,normal,5.0,69.719,236.777,0.513,0.043,0.13,,on,-62,,validation test recording
2026-06-02T13:19:05.173480+00:00,2026-06-02 18:49:05,Abel,plug_2,NW_P2_Abel,P110,fridge,f371cfb9,normal,5.0,69.623,236.741,0.512,0.043,0.13,,on,-62,,validation test recording
2026-06-02T13:19:10.542292+00:00,2026-06-02 18:49:10,Abel,plug_2,NW_P2_Abel,P110,fridge,f371cfb9,normal,5.0,69.716,236.418,0.512,0.043,0.13,,on,-60,,validation test recording
2026-06-02T13:19:16.071755+00:00,2026-06-02 18:49:16,Abel,plug_2,NW_P2_Abel,P110,fridge,f371cfb9,normal,5.0,69.676,236.491,0.511,0.043,0.13,,on,-60,,validation test recording
2026-06-02T13:19:21.544244+00:00,2026-06-02 18:49:21,Abel,plug_2,NW_P2_Abel,P110,fridge,f371cfb9,normal,5.0,69.685,236.434,0.51,0.043,0.13,,on,-60,,validation test recording
2026-06-02T13:19:26.970222+00:00,2026-06-02 18:49:26,Abel,plug_2,NW_P2_Abel,P110,fridge,f371cfb9,normal,5.0,69.701,236.418,0.511,0.043,0.131,,on,-58,,validation test recording
2026-06-02T13:19:32.441605+00:00,2026-06-02 18:49:32,Abel,plug_2,NW_P2_Abel,P110,fridge,f371cfb9,normal,5.0,69.586,236.276,0.511,0.043,0.131,,on,-61,,validation test recording
2026-06-02T13:19:37.869115+00:00,2026-06-02 18:49:37,Abel,plug_2,NW_P2_Abel,P110,fridge,f371cfb9,normal,5.0,69.539,236.518,0.509,0.043,0.131,,on,-61,,validation test recording
2026-06-02T13:19:43.427464+00:00,2026-06-02 18:49:43,Abel,plug_2,NW_P2_Abel,P110,fridge,f371cfb9,normal,5.0,69.555,236.543,0.51,0.044,0.131,,on,-58,,validation test recording
2026-06-02T13:19:48.899945+00:00,2026-06-02 18:49:48,Abel,plug_2,NW_P2_Abel,P110,fridge,f371cfb9,normal,5.0,69.59,236.53,0.512,0.044,0.131,,on,-62,,validation test recording
2026-06-02T13:19:54.320144+00:00,2026-06-02 18:49:54,Abel,plug_2,NW_P2_Abel,P110,fridge,f371cfb9,normal,5.0,69.499,236.149,0.513,0.044,0.131,,on,-60,,validation test recording
2026-06-02T13:20:00.603854+00:00,2026-06-02 18:50:00,Abel,plug_2,NW_P2_Abel,P110,fridge,f371cfb9,normal,5.0,69.525,236.126,0.513,0.044,0.131,,on,-60,,validation test recording
2026-06-02T13:20:06.041696+00:00,2026-06-02 18:50:06,Abel,plug_2,NW_P2_Abel,P110,fridge,f371cfb9,normal,5.0,69.534,236.024,0.513,0.044,0.131,,on,-61,,validation test recording
2026-06-02T13:20:11.544349+00:00,2026-06-02 18:50:11,Abel,plug_2,NW_P2_Abel,P110,fridge,f371cfb9,normal,5.0,69.507,236.01,0.512,0.044,0.131,,on,-61,,validation test recording
2026-06-02T13:20:16.859401+00:00,2026-06-02 18:50:16,Abel,plug_2,NW_P2_Abel,P110,fridge,f371cfb9,normal,5.0,69.537,235.947,0.511,0.044,0.132,,on,-60,,validation test recording
2026-06-02T13:20:22.409943+00:00,2026-06-02 18:50:22,Abel,plug_2,NW_P2_Abel,P110,fridge,f371cfb9,normal,5.0,69.536,236.063,0.511,0.044,0.132,,on,-61,,validation test recording
2026-06-02T13:20:27.841583+00:00,2026-06-02 18:50:27,Abel,plug_2,NW_P2_Abel,P110,fridge,f371cfb9,normal,5.0,69.389,236.027,0.51,0.044,0.132,,on,-58,,validation test recording
2026-06-02T13:20:33.289946+00:00,2026-06-02 18:50:33,Abel,plug_2,NW_P2_Abel,P110,fridge,f371cfb9,normal,5.0,69.356,236.017,0.51,0.045,0.132,,on,-58,,validation test recording
2026-06-02T13:20:38.724031+00:00,2026-06-02 18:50:38,Abel,plug_2,NW_P2_Abel,P110,fridge,f371cfb9,normal,5.0,69.39,235.879,0.513,0.045,0.132,,on,-60,,validation test recording
2026-06-02T13:20:44.084754+00:00,2026-06-02 18:50:44,Abel,plug_2,NW_P2_Abel,P110,fridge,f371cfb9,normal,5.0,69.496,235.972,0.512,0.045,0.132,,on,-60,,validation test recording
2026-06-02T13:20:49.445990+00:00,2026-06-02 18:50:49,Abel,plug_2,NW_P2_Abel,P110,fridge,f371cfb9,normal,5.0,69.434,236.027,0.511,0.045,0.132,,on,-58,,validation test recording
2026-06-02T13:20:54.814579+00:00,2026-06-02 18:50:54,Abel,plug_2,NW_P2_Abel,P110,fridge,f371cfb9,normal,5.0,69.449,235.973,0.511,0.045,0.132,,on,-61,,validation test recording
2026-06-02T13:21:00.272474+00:00,2026-06-02 18:51:00,Abel,plug_2,NW_P2_Abel,P110,fridge,f371cfb9,normal,5.0,69.425,236.129,0.508,0.045,0.132,,on,-61,,validation test recording
2026-06-02T13:21:05.679883+00:00,2026-06-02 18:51:05,Abel,plug_2,NW_P2_Abel,P110,fridge,f371cfb9,normal,5.0,69.435,236.258,0.51,0.045,0.132,,on,-59,,validation test recording
2026-06-02T13:21:11.124659+00:00,2026-06-02 18:51:11,Abel,plug_2,NW_P2_Abel,P110,fridge,f371cfb9,normal,5.0,69.387,236.113,0.509,0.045,0.133,,on,-62,,validation test recording
2026-06-02T13:21:16.577949+00:00,2026-06-02 18:51:16,Abel,plug_2,NW_P2_Abel,P110,fridge,f371cfb9,normal,5.0,69.424,236.103,0.51,0.045,0.133,,on,-61,,validation test recording
2026-06-02T13:21:21.940388+00:00,2026-06-02 18:51:21,Abel,plug_2,NW_P2_Abel,P110,fridge,f371cfb9,normal,5.0,69.356,236.147,0.508,0.046,0.133,,on,-61,,validation test recording
2026-06-02T13:21:27.401681+00:00,2026-06-02 18:51:27,Abel,plug_2,NW_P2_Abel,P110,fridge,f371cfb9,normal,5.0,69.344,236.425,0.508,0.046,0.133,,on,-60,,validation test recording
2026-06-02T13:21:33.236552+00:00,2026-06-02 18:51:33,Abel,plug_2,NW_P2_Abel,P110,fridge,f371cfb9,normal,5.0,69.302,236.218,0.507,0.046,0.133,,on,-60,,validation test recording
2026-06-02T13:21:38.690535+00:00,2026-06-02 18:51:38,Abel,plug_2,NW_P2_Abel,P110,fridge,f371cfb9,normal,5.0,69.348,236.14,0.508,0.046,0.133,,on,-61,,validation test recording
2026-06-02T13:21:43.967475+00:00,2026-06-02 18:51:43,Abel,plug_2,NW_P2_Abel,P110,fridge,f371cfb9,normal,5.0,69.261,236.242,0.508,0.046,0.133,,on,-61,,validation test recording
2026-06-02T13:21:49.227419+00:00,2026-06-02 18:51:49,Abel,plug_2,NW_P2_Abel,P110,fridge,f371cfb9,normal,5.0,69.38,236.413,0.509,0.046,0.133,,on,-62,,validation test recording
2026-06-02T13:21:54.501589+00:00,2026-06-02 18:51:54,Abel,plug_2,NW_P2_Abel,P110,fridge,f371cfb9,normal,5.0,69.268,236.242,0.512,0.046,0.133,,on,-61,,validation test recording
2026-06-02T13:21:59.779750+00:00,2026-06-02 18:51:59,Abel,plug_2,NW_P2_Abel,P110,fridge,f371cfb9,normal,5.0,69.373,236.211,0.51,0.046,0.134,,on,-60,,validation test recording
2026-06-02T13:22:05.050746+00:00,2026-06-02 18:52:05,Abel,plug_2,NW_P2_Abel,P110,fridge,f371cfb9,normal,5.0,69.271,236.232,0.509,0.046,0.134,,on,-60,,validation test recording
2026-06-02T13:22:10.311871+00:00,2026-06-02 18:52:10,Abel,plug_2,NW_P2_Abel,P110,fridge,f371cfb9,normal,5.0,69.238,236.146,0.508,0.046,0.134,,on,-61,,validation test recording
2026-06-02T13:22:15.571021+00:00,2026-06-02 18:52:15,Abel,plug_2,NW_P2_Abel,P110,fridge,f371cfb9,normal,5.0,69.348,236.167,0.51,0.047,0.134,,on,-61,,validation test recording
2026-06-02T13:22:20.857416+00:00,2026-06-02 18:52:20,Abel,plug_2,NW_P2_Abel,P110,fridge,f371cfb9,normal,5.0,69.33,235.99,0.51,0.047,0.134,,on,-63,,validation test recording
2026-06-02T13:22:26.157871+00:00,2026-06-02 18:52:26,Abel,plug_2,NW_P2_Abel,P110,fridge,f371cfb9,normal,5.0,69.243,235.924,0.509,0.047,0.134,,on,-60,,validation test recording
2026-06-02T13:22:31.421004+00:00,2026-06-02 18:52:31,Abel,plug_2,NW_P2_Abel,P110,fridge,f371cfb9,normal,5.0,69.354,235.716,0.508,0.047,0.134,,on,-61,,validation test recording
2026-06-02T13:22:36.699064+00:00,2026-06-02 18:52:36,Abel,plug_2,NW_P2_Abel,P110,fridge,f371cfb9,normal,5.0,69.206,235.789,0.507,0.047,0.134,,on,-63,,validation test recording
2026-06-02T13:22:41.964673+00:00,2026-06-02 18:52:41,Abel,plug_2,NW_P2_Abel,P110,fridge,f371cfb9,normal,5.0,69.255,235.977,0.51,0.047,0.134,,on,-61,,validation test recording
2026-06-02T13:22:47.304912+00:00,2026-06-02 18:52:47,Abel,plug_2,NW_P2_Abel,P110,fridge,f371cfb9,normal,5.0,69.293,236.417,0.507,0.047,0.134,,on,-64,,validation test recording
2026-06-02T13:22:52.568966+00:00,2026-06-02 18:52:52,Abel,plug_2,NW_P2_Abel,P110,fridge,f371cfb9,normal,5.0,69.297,236.512,0.507,0.047,0.135,,on,-62,,validation test recording
2026-06-02T13:22:57.855440+00:00,2026-06-02 18:52:57,Abel,plug_2,NW_P2_Abel,P110,fridge,f371cfb9,normal,5.0,69.106,236.5,0.505,0.047,0.135,,on,-61,,validation test recording
2026-06-02T13:23:03.110412+00:00,2026-06-02 18:53:03,Abel,plug_2,NW_P2_Abel,P110,fridge,f371cfb9,normal,5.0,69.222,236.312,0.506,0.047,0.135,,on,-60,,validation test recording
2026-06-02T13:23:08.522436+00:00,2026-06-02 18:53:08,Abel,plug_2,NW_P2_Abel,P110,fridge,f371cfb9,normal,5.0,69.152,236.389,0.506,0.048,0.135,,on,-64,,validation test recording
2026-06-02T13:23:13.832232+00:00,2026-06-02 18:53:13,Abel,plug_2,NW_P2_Abel,P110,fridge,f371cfb9,normal,5.0,69.091,236.471,0.505,0.048,0.135,,on,-58,,validation test recording
2026-06-02T13:23:19.100665+00:00,2026-06-02 18:53:19,Abel,plug_2,NW_P2_Abel,P110,fridge,f371cfb9,normal,5.0,69.159,236.424,0.505,0.048,0.135,,on,-60,,validation test recording
2026-06-02T13:23:24.401741+00:00,2026-06-02 18:53:24,Abel,plug_2,NW_P2_Abel,P110,fridge,f371cfb9,normal,5.0,69.085,236.338,0.505,0.048,0.135,,on,-63,,validation test recording
2026-06-02T13:23:29.712533+00:00,2026-06-02 18:53:29,Abel,plug_2,NW_P2_Abel,P110,fridge,f371cfb9,normal,5.0,69.104,236.27,0.505,0.048,0.135,,on,-60,,validation test recording
2026-06-02T13:23:34.999347+00:00,2026-06-02 18:53:34,Abel,plug_2,NW_P2_Abel,P110,fridge,f371cfb9,normal,5.0,68.997,236.393,0.504,0.048,0.135,,on,-59,,validation test recording
2026-06-02T13:23:40.285932+00:00,2026-06-02 18:53:40,Abel,plug_2,NW_P2_Abel,P110,fridge,f371cfb9,normal,5.0,68.978,236.492,0.505,0.048,0.135,,on,-59,,validation test recording
2026-06-02T13:23:45.823186+00:00,2026-06-02 18:53:45,Abel,plug_2,NW_P2_Abel,P110,fridge,f371cfb9,normal,5.0,69.063,236.575,0.503,0.048,0.136,,on,-61,,validation test recording
2026-06-02T13:23:51.171499+00:00,2026-06-02 18:53:51,Abel,plug_2,NW_P2_Abel,P110,fridge,f371cfb9,normal,5.0,68.958,236.546,0.501,0.048,0.136,,on,-61,,validation test recording
2026-06-02T13:23:56.472299+00:00,2026-06-02 18:53:56,Abel,plug_2,NW_P2_Abel,P110,fridge,f371cfb9,normal,5.0,69.164,236.485,0.503,0.048,0.136,,on,-59,,validation test recording
2026-06-02T13:24:01.801549+00:00,2026-06-02 18:54:01,Abel,plug_2,NW_P2_Abel,P110,fridge,f371cfb9,normal,5.0,68.95,236.27,0.502,0.049,0.136,,on,-59,,validation test recording
2026-06-02T13:24:07.106736+00:00,2026-06-02 18:54:07,Abel,plug_2,NW_P2_Abel,P110,fridge,f371cfb9,normal,5.0,68.857,236.178,0.507,0.049,0.136,,on,-57,,validation test recording
2026-06-02T13:24:12.384934+00:00,2026-06-02 18:54:12,Abel,plug_2,NW_P2_Abel,P110,fridge,f371cfb9,normal,5.0,74.882,236.194,0.545,0.049,0.136,,on,-59,,validation test recording
2026-06-02T13:24:17.679701+00:00,2026-06-02 18:54:17,Abel,plug_2,NW_P2_Abel,P110,fridge,f371cfb9,normal,5.0,70.193,236.199,0.546,0.049,0.136,,on,-59,,validation test recording
2026-06-02T13:24:22.947933+00:00,2026-06-02 18:54:22,Abel,plug_2,NW_P2_Abel,P110,fridge,f371cfb9,normal,5.0,70.23,236.353,0.512,0.049,0.136,,on,-58,,validation test recording
2026-06-02T13:24:28.246676+00:00,2026-06-02 18:54:28,Abel,plug_2,NW_P2_Abel,P110,fridge,f371cfb9,normal,5.0,70.42,236.535,0.513,0.049,0.136,,on,-61,,validation test recording
2026-06-02T13:24:33.563293+00:00,2026-06-02 18:54:33,Abel,plug_2,NW_P2_Abel,P110,fridge,f371cfb9,normal,5.0,70.626,236.451,0.515,0.049,0.137,,on,-59,,validation test recording
2026-06-02T13:24:38.830159+00:00,2026-06-02 18:54:38,Abel,plug_2,NW_P2_Abel,P110,fridge,f371cfb9,normal,5.0,70.884,236.496,0.515,0.049,0.137,,on,-57,,validation test recording
2026-06-02T13:24:44.113925+00:00,2026-06-02 18:54:44,Abel,plug_2,NW_P2_Abel,P110,fridge,f371cfb9,normal,5.0,70.863,236.427,0.515,0.049,0.137,,on,-58,,validation test recording
2026-06-02T13:24:49.416823+00:00,2026-06-02 18:54:49,Abel,plug_2,NW_P2_Abel,P110,fridge,f371cfb9,normal,5.0,70.897,236.345,0.517,0.05,0.137,,on,-60,,validation test recording
2026-06-02T13:24:54.711600+00:00,2026-06-02 18:54:54,Abel,plug_2,NW_P2_Abel,P110,fridge,f371cfb9,normal,5.0,71.033,235.784,0.52,0.05,0.137,,on,-60,,validation test recording
2026-06-02T13:25:00.015243+00:00,2026-06-02 18:55:00,Abel,plug_2,NW_P2_Abel,P110,fridge,f371cfb9,normal,5.0,71.243,235.507,0.52,0.05,0.137,,on,-60,,validation test recording
2026-06-02T13:25:05.284678+00:00,2026-06-02 18:55:05,Abel,plug_2,NW_P2_Abel,P110,fridge,f371cfb9,normal,5.0,71.038,235.591,0.52,0.05,0.137,,on,-59,,validation test recording
2026-06-02T13:25:10.545671+00:00,2026-06-02 18:55:10,Abel,plug_2,NW_P2_Abel,P110,fridge,f371cfb9,normal,5.0,71.105,235.714,0.519,0.05,0.137,,on,-58,,validation test recording
2026-06-02T13:25:15.824192+00:00,2026-06-02 18:55:15,Abel,plug_2,NW_P2_Abel,P110,fridge,f371cfb9,normal,5.0,71.199,235.838,0.519,0.05,0.137,,on,-57,,validation test recording
2026-06-02T13:25:21.169485+00:00,2026-06-02 18:55:21,Abel,plug_2,NW_P2_Abel,P110,fridge,f371cfb9,normal,5.0,71.244,235.801,0.519,0.05,0.137,,on,-60,,validation test recording
2026-06-02T13:25:26.442364+00:00,2026-06-02 18:55:26,Abel,plug_2,NW_P2_Abel,P110,fridge,f371cfb9,normal,5.0,71.459,235.97,0.52,0.05,0.138,,on,-60,,validation test recording
2026-06-02T13:25:31.718107+00:00,2026-06-02 18:55:31,Abel,plug_2,NW_P2_Abel,P110,fridge,f371cfb9,normal,5.0,71.271,235.848,0.522,0.05,0.138,,on,-59,,validation test recording
2026-06-02T13:25:37.036294+00:00,2026-06-02 18:55:37,Abel,plug_2,NW_P2_Abel,P110,fridge,f371cfb9,normal,5.0,71.263,235.747,0.522,0.05,0.138,,on,-60,,validation test recording
2026-06-02T13:25:42.336823+00:00,2026-06-02 18:55:42,Abel,plug_2,NW_P2_Abel,P110,fridge,f371cfb9,normal,5.0,71.413,235.578,0.522,0.051,0.138,,on,-60,,validation test recording
2026-06-02T13:25:47.634621+00:00,2026-06-02 18:55:47,Abel,plug_2,NW_P2_Abel,P110,fridge,f371cfb9,normal,5.0,71.347,235.618,0.524,0.051,0.138,,on,-60,,validation test recording
2026-06-02T13:25:52.903178+00:00,2026-06-02 18:55:52,Abel,plug_2,NW_P2_Abel,P110,fridge,f371cfb9,normal,5.0,71.225,235.747,0.523,0.051,0.138,,on,-61,,validation test recording
2026-06-02T13:25:58.165272+00:00,2026-06-02 18:55:58,Abel,plug_2,NW_P2_Abel,P110,fridge,f371cfb9,normal,5.0,71.385,235.42,0.523,0.051,0.138,,on,-60,,validation test recording
2026-06-02T13:26:03.444467+00:00,2026-06-02 18:56:03,Abel,plug_2,NW_P2_Abel,P110,fridge,f371cfb9,normal,5.0,71.345,235.519,0.522,0.051,0.138,,on,-58,,validation test recording
2026-06-02T13:26:08.713475+00:00,2026-06-02 18:56:08,Abel,plug_2,NW_P2_Abel,P110,fridge,f371cfb9,normal,5.0,71.239,235.507,0.522,0.051,0.138,,on,-59,,validation test recording
2026-06-02T13:26:13.969318+00:00,2026-06-02 18:56:13,Abel,plug_2,NW_P2_Abel,P110,fridge,f371cfb9,normal,5.0,71.374,235.502,0.522,0.051,0.138,,on,-61,,validation test recording
2026-06-02T13:26:19.248328+00:00,2026-06-02 18:56:19,Abel,plug_2,NW_P2_Abel,P110,fridge,f371cfb9,normal,5.0,71.259,235.495,0.521,0.051,0.139,,on,-61,,validation test recording
2026-06-02T13:26:24.518836+00:00,2026-06-02 18:56:24,Abel,plug_2,NW_P2_Abel,P110,fridge,f371cfb9,normal,5.0,71.107,235.449,0.522,0.051,0.139,,on,-58,,validation test recording
2026-06-02T13:26:29.782110+00:00,2026-06-02 18:56:29,Abel,plug_2,NW_P2_Abel,P110,fridge,f371cfb9,normal,5.0,71.24,235.431,0.522,0.052,0.139,,on,-57,,validation test recording
2026-06-02T13:26:35.042576+00:00,2026-06-02 18:56:35,Abel,plug_2,NW_P2_Abel,P110,fridge,f371cfb9,normal,5.0,71.211,235.544,0.524,0.052,0.139,,on,-59,,validation test recording
2026-06-02T13:26:40.342664+00:00,2026-06-02 18:56:40,Abel,plug_2,NW_P2_Abel,P110,fridge,f371cfb9,normal,5.0,71.136,235.446,0.522,0.052,0.139,,on,-58,,validation test recording
2026-06-02T13:26:45.608956+00:00,2026-06-02 18:56:45,Abel,plug_2,NW_P2_Abel,P110,fridge,f371cfb9,normal,5.0,71.205,235.398,0.522,0.052,0.139,,on,-60,,validation test recording
2026-06-02T13:26:50.899326+00:00,2026-06-02 18:56:50,Abel,plug_2,NW_P2_Abel,P110,fridge,f371cfb9,normal,5.0,71.182,235.246,0.522,0.052,0.139,,on,-59,,validation test recording
2026-06-02T13:26:56.355941+00:00,2026-06-02 18:56:56,Abel,plug_2,NW_P2_Abel,P110,fridge,f371cfb9,normal,5.0,71.157,235.331,0.522,0.052,0.139,,on,-61,,validation test recording
2026-06-02T13:27:01.622934+00:00,2026-06-02 18:57:01,Abel,plug_2,NW_P2_Abel,P110,fridge,f371cfb9,normal,5.0,71.14,235.328,0.521,0.052,0.139,,on,-61,,validation test recording
2026-06-02T13:27:06.900334+00:00,2026-06-02 18:57:06,Abel,plug_2,NW_P2_Abel,P110,fridge,f371cfb9,normal,5.0,71.236,235.279,0.525,0.052,0.14,,on,-61,,validation test recording
2026-06-02T13:27:12.164335+00:00,2026-06-02 18:57:12,Abel,plug_2,NW_P2_Abel,P110,fridge,f371cfb9,normal,5.0,71.098,235.188,0.521,0.052,0.14,,on,-59,,validation test recording
2026-06-02T13:27:17.430864+00:00,2026-06-02 18:57:17,Abel,plug_2,NW_P2_Abel,P110,fridge,f371cfb9,normal,5.0,71.053,235.282,0.523,0.052,0.14,,on,-59,,validation test recording
2026-06-02T13:27:22.694622+00:00,2026-06-02 18:57:22,Abel,plug_2,NW_P2_Abel,P110,fridge,f371cfb9,normal,5.0,70.979,235.415,0.522,0.053,0.14,,on,-58,,validation test recording
2026-06-02T13:27:27.966878+00:00,2026-06-02 18:57:27,Abel,plug_2,NW_P2_Abel,P110,fridge,f371cfb9,normal,5.0,70.997,235.337,0.522,0.053,0.14,,on,-60,,validation test recording
2026-06-02T13:27:33.232540+00:00,2026-06-02 18:57:33,Abel,plug_2,NW_P2_Abel,P110,fridge,f371cfb9,normal,5.0,70.95,235.373,0.522,0.053,0.14,,on,-60,,validation test recording
2026-06-02T13:27:38.489779+00:00,2026-06-02 18:57:38,Abel,plug_2,NW_P2_Abel,P110,fridge,f371cfb9,normal,5.0,70.863,235.465,0.519,0.053,0.14,,on,-59,,validation test recording
2026-06-02T13:27:43.764080+00:00,2026-06-02 18:57:43,Abel,plug_2,NW_P2_Abel,P110,fridge,f371cfb9,normal,5.0,70.883,235.172,0.522,0.053,0.14,,on,-60,,validation test recording
2026-06-02T13:27:49.032859+00:00,2026-06-02 18:57:49,Abel,plug_2,NW_P2_Abel,P110,fridge,f371cfb9,normal,5.0,70.855,235.124,0.523,0.053,0.14,,on,-61,,validation test recording
2026-06-02T13:27:54.294935+00:00,2026-06-02 18:57:54,Abel,plug_2,NW_P2_Abel,P110,fridge,f371cfb9,normal,5.0,70.885,235.202,0.525,0.053,0.14,,on,-59,,validation test recording
2026-06-02T13:27:59.570619+00:00,2026-06-02 18:57:59,Abel,plug_2,NW_P2_Abel,P110,fridge,f371cfb9,normal,5.0,70.828,235.127,0.525,0.053,0.141,,on,-60,,validation test recording
2026-06-02T13:28:04.851132+00:00,2026-06-02 18:58:04,Abel,plug_2,NW_P2_Abel,P110,fridge,f371cfb9,normal,5.0,70.795,235.179,0.525,0.053,0.141,,on,-60,,validation test recording
2026-06-02T13:28:10.106605+00:00,2026-06-02 18:58:10,Abel,plug_2,NW_P2_Abel,P110,fridge,f371cfb9,normal,5.0,70.665,235.35,0.52,0.053,0.141,,on,-60,,validation test recording
2026-06-02T13:28:15.375035+00:00,2026-06-02 18:58:15,Abel,plug_2,NW_P2_Abel,P110,fridge,f371cfb9,normal,5.0,70.721,235.394,0.519,0.054,0.141,,on,-60,,validation test recording
2026-06-02T13:28:20.631052+00:00,2026-06-02 18:58:20,Abel,plug_2,NW_P2_Abel,P110,fridge,f371cfb9,normal,5.0,70.654,235.445,0.519,0.054,0.141,,on,-58,,validation test recording
2026-06-02T13:28:25.904678+00:00,2026-06-02 18:58:25,Abel,plug_2,NW_P2_Abel,P110,fridge,f371cfb9,normal,5.0,70.59,235.333,0.519,0.054,0.141,,on,-60,,validation test recording
2026-06-02T13:28:31.175740+00:00,2026-06-02 18:58:31,Abel,plug_2,NW_P2_Abel,P110,fridge,f371cfb9,normal,5.0,70.561,235.331,0.518,0.054,0.141,,on,-59,,validation test recording
2026-06-02T13:28:36.446459+00:00,2026-06-02 18:58:36,Abel,plug_2,NW_P2_Abel,P110,fridge,f371cfb9,normal,5.0,70.563,235.604,0.517,0.054,0.141,,on,-60,,validation test recording
2026-06-02T13:28:41.723326+00:00,2026-06-02 18:58:41,Abel,plug_2,NW_P2_Abel,P110,fridge,f371cfb9,normal,5.0,70.503,235.462,0.519,0.054,0.141,,on,-61,,validation test recording
2026-06-02T13:28:47.048497+00:00,2026-06-02 18:58:47,Abel,plug_2,NW_P2_Abel,P110,fridge,f371cfb9,normal,5.0,70.452,235.386,0.518,0.054,0.142,,on,-60,,validation test recording
2026-06-02T13:28:52.318001+00:00,2026-06-02 18:58:52,Abel,plug_2,NW_P2_Abel,P110,fridge,f371cfb9,normal,5.0,70.351,235.493,0.517,0.054,0.142,,on,-60,,validation test recording
2026-06-02T13:28:57.598337+00:00,2026-06-02 18:58:57,Abel,plug_2,NW_P2_Abel,P110,fridge,f371cfb9,normal,5.0,70.864,235.452,0.519,0.054,0.142,,on,-60,,validation test recording
2026-06-02T13:29:02.882002+00:00,2026-06-02 18:59:02,Abel,plug_2,NW_P2_Abel,P110,fridge,f371cfb9,normal,5.0,71.025,235.435,0.521,0.055,0.142,,on,-58,,validation test recording
2026-06-02T13:29:08.166167+00:00,2026-06-02 18:59:08,Abel,plug_2,NW_P2_Abel,P110,fridge,f371cfb9,normal,5.0,71.422,235.216,0.52,0.055,0.142,,on,-61,,validation test recording
2026-06-02T13:29:13.443470+00:00,2026-06-02 18:59:13,Abel,plug_2,NW_P2_Abel,P110,fridge,f371cfb9,normal,5.0,71.48,235.3,0.522,0.055,0.142,,on,-57,,validation test recording
2026-06-02T13:29:18.723809+00:00,2026-06-02 18:59:18,Abel,plug_2,NW_P2_Abel,P110,fridge,f371cfb9,normal,5.0,71.437,235.552,0.523,0.055,0.142,,on,-59,,validation test recording
2026-06-02T13:29:23.985957+00:00,2026-06-02 18:59:23,Abel,plug_2,NW_P2_Abel,P110,fridge,f371cfb9,normal,5.0,71.462,235.616,0.523,0.055,0.142,,on,-57,,validation test recording
2026-06-02T13:29:29.249438+00:00,2026-06-02 18:59:29,Abel,plug_2,NW_P2_Abel,P110,fridge,f371cfb9,normal,5.0,71.414,235.571,0.523,0.055,0.142,,on,-58,,validation test recording
2026-06-02T13:29:34.512684+00:00,2026-06-02 18:59:34,Abel,plug_2,NW_P2_Abel,P110,fridge,f371cfb9,normal,5.0,71.49,235.519,0.525,0.055,0.142,,on,-59,,validation test recording
2026-06-02T13:29:39.787648+00:00,2026-06-02 18:59:39,Abel,plug_2,NW_P2_Abel,P110,fridge,f371cfb9,normal,5.0,71.463,235.363,0.525,0.055,0.143,,on,-60,,validation test recording
2026-06-02T13:29:45.063905+00:00,2026-06-02 18:59:45,Abel,plug_2,NW_P2_Abel,P110,fridge,f371cfb9,normal,5.0,71.203,235.413,0.523,0.055,0.143,,on,-58,,validation test recording
2026-06-02T13:29:50.349490+00:00,2026-06-02 18:59:50,Abel,plug_2,NW_P2_Abel,P110,fridge,f371cfb9,normal,5.0,71.327,235.499,0.521,0.055,0.143,,on,-58,,validation test recording
2026-06-02T13:29:55.606385+00:00,2026-06-02 18:59:55,Abel,plug_2,NW_P2_Abel,P110,fridge,f371cfb9,normal,5.0,71.427,235.627,0.522,0.056,0.143,,on,-61,,validation test recording
2026-06-02T13:30:00.867312+00:00,2026-06-02 19:00:00,Abel,plug_2,NW_P2_Abel,P110,fridge,f371cfb9,normal,5.0,71.362,235.493,0.523,0.056,0.143,,on,-60,,validation test recording
2026-06-02T13:30:06.170925+00:00,2026-06-02 19:00:06,Abel,plug_2,NW_P2_Abel,P110,fridge,f371cfb9,normal,5.0,71.252,235.492,0.523,0.056,0.143,,on,-61,,validation test recording
2026-06-02T13:30:11.431536+00:00,2026-06-02 19:00:11,Abel,plug_2,NW_P2_Abel,P110,fridge,f371cfb9,normal,5.0,71.208,235.551,0.522,0.056,0.143,,on,-59,,validation test recording
2026-06-02T13:30:16.743312+00:00,2026-06-02 19:00:16,Abel,plug_2,NW_P2_Abel,P110,fridge,f371cfb9,normal,5.0,71.023,235.626,0.522,0.056,0.143,,on,-59,,validation test recording
2026-06-02T13:30:22.039909+00:00,2026-06-02 19:00:22,Abel,plug_2,NW_P2_Abel,P110,fridge,f371cfb9,normal,5.0,71.052,235.587,0.521,0.056,0.143,,on,-62,,validation test recording
2026-06-02T13:30:27.334715+00:00,2026-06-02 19:00:27,Abel,plug_2,NW_P2_Abel,P110,fridge,f371cfb9,normal,5.0,71.157,235.342,0.523,0.056,0.143,,on,-58,,validation test recording
2026-06-02T13:30:32.598702+00:00,2026-06-02 19:00:32,Abel,plug_2,NW_P2_Abel,P110,fridge,f371cfb9,normal,5.0,71.03,235.245,0.524,0.056,0.144,,on,-58,,validation test recording
2026-06-02T13:30:37.863857+00:00,2026-06-02 19:00:37,Abel,plug_2,NW_P2_Abel,P110,fridge,f371cfb9,normal,5.0,70.917,235.315,0.522,0.056,0.144,,on,-60,,validation test recording
2026-06-02T13:30:43.128695+00:00,2026-06-02 19:00:43,Abel,plug_2,NW_P2_Abel,P110,fridge,f371cfb9,normal,5.0,70.874,235.285,0.52,0.057,0.144,,on,-60,,validation test recording
2026-06-02T13:30:48.428997+00:00,2026-06-02 19:00:48,Abel,plug_2,NW_P2_Abel,P110,fridge,f371cfb9,normal,5.0,71.07,235.303,0.52,0.057,0.144,,on,-57,,validation test recording
2026-06-02T13:30:53.759886+00:00,2026-06-02 19:00:53,Abel,plug_2,NW_P2_Abel,P110,fridge,f371cfb9,normal,5.0,71.123,235.453,0.522,0.057,0.144,,on,-58,,validation test recording
2026-06-02T13:30:59.213788+00:00,2026-06-02 19:00:59,Abel,plug_2,NW_P2_Abel,P110,fridge,f371cfb9,normal,5.0,70.897,235.352,0.52,0.057,0.144,,on,-60,,validation test recording
2026-06-02T13:31:04.471126+00:00,2026-06-02 19:01:04,Abel,plug_2,NW_P2_Abel,P110,fridge,f371cfb9,normal,5.0,70.928,235.326,0.52,0.057,0.144,,on,-58,,validation test recording
2026-06-02T13:31:09.831452+00:00,2026-06-02 19:01:09,Abel,plug_2,NW_P2_Abel,P110,fridge,f371cfb9,normal,5.0,70.848,235.69,0.521,0.057,0.144,,on,-61,,validation test recording
2026-06-02T13:31:21.869833+00:00,2026-06-02 19:01:21,Abel,plug_2,NW_P2_Abel,P110,fridge,f371cfb9,normal,5.0,76.854,235.889,0.559,0.057,0.145,,on,-58,,validation test recording
2026-06-02T13:31:27.145771+00:00,2026-06-02 19:01:27,Abel,plug_2,NW_P2_Abel,P110,fridge,f371cfb9,normal,5.0,71.589,235.899,0.523,0.057,0.145,,on,-60,,validation test recording
2026-06-02T13:31:32.407131+00:00,2026-06-02 19:01:32,Abel,plug_2,NW_P2_Abel,P110,fridge,f371cfb9,normal,5.0,71.878,235.856,0.525,0.057,0.145,,on,-62,,validation test recording
2026-06-02T13:31:37.659378+00:00,2026-06-02 19:01:37,Abel,plug_2,NW_P2_Abel,P110,fridge,f371cfb9,normal,5.0,72.042,235.842,0.525,0.058,0.145,,on,-61,,validation test recording
2026-06-02T13:31:42.917023+00:00,2026-06-02 19:01:42,Abel,plug_2,NW_P2_Abel,P110,fridge,f371cfb9,normal,5.0,72.381,235.901,0.527,0.058,0.145,,on,-60,,validation test recording
2026-06-02T13:31:48.206139+00:00,2026-06-02 19:01:48,Abel,plug_2,NW_P2_Abel,P110,fridge,f371cfb9,normal,5.0,72.224,236.104,0.527,0.058,0.145,,on,-58,,validation test recording
2026-06-02T13:31:53.470455+00:00,2026-06-02 19:01:53,Abel,plug_2,NW_P2_Abel,P110,fridge,f371cfb9,normal,5.0,72.394,236.123,0.527,0.058,0.145,,on,-58,,validation test recording
2026-06-02T13:31:58.747597+00:00,2026-06-02 19:01:58,Abel,plug_2,NW_P2_Abel,P110,fridge,f371cfb9,normal,5.0,72.324,236.009,0.527,0.058,0.145,,on,-58,,validation test recording
2026-06-02T13:32:04.010888+00:00,2026-06-02 19:02:04,Abel,plug_2,NW_P2_Abel,P110,fridge,f371cfb9,normal,5.0,72.394,235.739,0.528,0.058,0.145,,on,-58,,validation test recording
2026-06-02T13:32:09.295258+00:00,2026-06-02 19:02:09,Abel,plug_2,NW_P2_Abel,P110,fridge,f371cfb9,normal,5.0,72.417,235.827,0.528,0.058,0.146,,on,-58,,validation test recording
2026-06-02T13:32:14.565403+00:00,2026-06-02 19:02:14,Abel,plug_2,NW_P2_Abel,P110,fridge,f371cfb9,normal,5.0,72.344,235.739,0.529,0.058,0.146,,on,-57,,validation test recording
2026-06-02T13:32:19.820110+00:00,2026-06-02 19:02:19,Abel,plug_2,NW_P2_Abel,P110,fridge,f371cfb9,normal,5.0,72.548,235.723,0.532,0.058,0.146,,on,-59,,validation test recording
2026-06-02T13:32:25.101435+00:00,2026-06-02 19:02:25,Abel,plug_2,NW_P2_Abel,P110,fridge,f371cfb9,normal,5.0,72.561,235.647,0.531,0.059,0.146,,on,-59,,validation test recording
2026-06-02T13:32:30.380368+00:00,2026-06-02 19:02:30,Abel,plug_2,NW_P2_Abel,P110,fridge,f371cfb9,normal,5.0,72.409,236.124,0.529,0.059,0.146,,on,-60,,validation test recording
2026-06-02T13:32:35.638667+00:00,2026-06-02 19:02:35,Abel,plug_2,NW_P2_Abel,P110,fridge,f371cfb9,normal,5.0,72.343,236.252,0.526,0.059,0.146,,on,-59,,validation test recording
2026-06-02T13:32:40.921217+00:00,2026-06-02 19:02:40,Abel,plug_2,NW_P2_Abel,P110,fridge,f371cfb9,normal,5.0,72.41,236.248,0.526,0.059,0.146,,on,-59,,validation test recording
2026-06-02T13:32:46.180447+00:00,2026-06-02 19:02:46,Abel,plug_2,NW_P2_Abel,P110,fridge,f371cfb9,normal,5.0,72.348,236.315,0.527,0.059,0.146,,on,-57,,validation test recording
2026-06-02T13:32:51.448346+00:00,2026-06-02 19:02:51,Abel,plug_2,NW_P2_Abel,P110,fridge,f371cfb9,normal,5.0,72.43,236.232,0.526,0.059,0.146,,on,-60,,validation test recording
2026-06-02T13:32:56.710239+00:00,2026-06-02 19:02:56,Abel,plug_2,NW_P2_Abel,P110,fridge,f371cfb9,normal,5.0,72.361,236.233,0.53,0.059,0.146,,on,-57,,validation test recording
2026-06-02T13:33:02.066425+00:00,2026-06-02 19:03:02,Abel,plug_2,NW_P2_Abel,P110,fridge,f371cfb9,normal,5.0,72.453,236.224,0.528,0.059,0.147,,on,-60,,validation test recording
2026-06-02T13:33:07.339078+00:00,2026-06-02 19:03:07,Abel,plug_2,NW_P2_Abel,P110,fridge,f371cfb9,normal,5.0,72.332,236.006,0.53,0.059,0.147,,on,-60,,validation test recording
2026-06-02T13:33:12.624797+00:00,2026-06-02 19:03:12,Abel,plug_2,NW_P2_Abel,P110,fridge,f371cfb9,normal,5.0,78.069,235.887,0.529,0.06,0.147,,on,-58,,validation test recording
2026-06-02T13:33:17.881079+00:00,2026-06-02 19:03:17,Abel,plug_2,NW_P2_Abel,P110,fridge,f371cfb9,normal,5.0,72.475,235.668,0.528,0.06,0.147,,on,-57,,validation test recording
2026-06-02T13:33:23.148225+00:00,2026-06-02 19:03:23,Abel,plug_2,NW_P2_Abel,P110,fridge,f371cfb9,normal,5.0,72.781,235.621,0.531,0.06,0.147,,on,-56,,validation test recording
2026-06-02T13:33:28.457665+00:00,2026-06-02 19:03:28,Abel,plug_2,NW_P2_Abel,P110,fridge,f371cfb9,normal,5.0,72.743,235.731,0.532,0.06,0.147,,on,-60,,validation test recording
2026-06-02T13:33:33.841262+00:00,2026-06-02 19:03:33,Abel,plug_2,NW_P2_Abel,P110,fridge,f371cfb9,normal,5.0,72.76,235.563,0.531,0.06,0.147,,on,-58,,validation test recording
2026-06-02T13:33:39.162353+00:00,2026-06-02 19:03:39,Abel,plug_2,NW_P2_Abel,P110,fridge,f371cfb9,normal,5.0,72.733,235.357,0.53,0.06,0.147,,on,-57,,validation test recording
2026-06-02T13:33:44.447633+00:00,2026-06-02 19:03:44,Abel,plug_2,NW_P2_Abel,P110,fridge,f371cfb9,normal,5.0,72.895,235.355,0.531,0.06,0.147,,on,-61,,validation test recording
2026-06-02T13:33:49.799615+00:00,2026-06-02 19:03:49,Abel,plug_2,NW_P2_Abel,P110,fridge,f371cfb9,normal,5.0,72.859,235.357,0.532,0.06,0.148,,on,-60,,validation test recording
2026-06-02T13:33:55.068456+00:00,2026-06-02 19:03:55,Abel,plug_2,NW_P2_Abel,P110,fridge,f371cfb9,normal,5.0,72.891,235.18,0.533,0.06,0.148,,on,-58,,validation test recording
2026-06-02T13:34:00.334242+00:00,2026-06-02 19:04:00,Abel,plug_2,NW_P2_Abel,P110,fridge,f371cfb9,normal,5.0,72.705,235.037,0.532,0.06,0.148,,on,-58,,validation test recording
2026-06-02T13:34:05.707518+00:00,2026-06-02 19:04:05,Abel,plug_2,NW_P2_Abel,P110,fridge,f371cfb9,normal,5.0,72.785,235.005,0.533,0.061,0.148,,on,-59,,validation test recording
2026-06-02T13:34:10.965591+00:00,2026-06-02 19:04:10,Abel,plug_2,NW_P2_Abel,P110,fridge,f371cfb9,normal,5.0,72.817,234.998,0.533,0.061,0.148,,on,-62,,validation test recording
2026-06-02T13:34:16.292121+00:00,2026-06-02 19:04:16,Abel,plug_2,NW_P2_Abel,P110,fridge,f371cfb9,normal,5.0,72.723,235.062,0.532,0.061,0.148,,on,-59,,validation test recording
2026-06-02T13:34:21.582222+00:00,2026-06-02 19:04:21,Abel,plug_2,NW_P2_Abel,P110,fridge,f371cfb9,normal,5.0,72.761,235.258,0.533,0.061,0.148,,on,-60,,validation test recording
2026-06-02T13:34:26.824234+00:00,2026-06-02 19:04:26,Abel,plug_2,NW_P2_Abel,P110,fridge,f371cfb9,normal,5.0,72.916,235.229,0.535,0.061,0.148,,on,-59,,validation test recording
2026-06-02T13:34:32.084067+00:00,2026-06-02 19:04:32,Abel,plug_2,NW_P2_Abel,P110,fridge,f371cfb9,normal,5.0,72.625,235.547,0.531,0.061,0.148,,on,-60,,validation test recording
2026-06-02T13:34:37.377390+00:00,2026-06-02 19:04:37,Abel,plug_2,NW_P2_Abel,P110,fridge,f371cfb9,normal,5.0,72.841,235.681,0.532,0.061,0.149,,on,-60,,validation test recording
2026-06-02T13:34:43.271425+00:00,2026-06-02 19:04:43,Abel,plug_2,NW_P2_Abel,P110,fridge,f371cfb9,normal,5.0,72.773,235.601,0.531,0.061,0.149,,on,-60,,validation test recording
2026-06-02T13:34:48.556401+00:00,2026-06-02 19:04:48,Abel,plug_2,NW_P2_Abel,P110,fridge,f371cfb9,normal,5.0,72.629,235.53,0.531,0.061,0.149,,on,-58,,validation test recording
2026-06-02T13:34:53.822053+00:00,2026-06-02 19:04:53,Abel,plug_2,NW_P2_Abel,P110,fridge,f371cfb9,normal,5.0,72.67,235.601,0.529,0.062,0.149,,on,-58,,validation test recording
2026-06-02T13:34:59.949723+00:00,2026-06-02 19:04:59,Abel,plug_2,NW_P2_Abel,P110,fridge,f371cfb9,normal,5.0,72.677,235.571,0.53,0.062,0.149,,on,-59,,validation test recording
2026-06-02T13:35:05.257873+00:00,2026-06-02 19:05:05,Abel,plug_2,NW_P2_Abel,P110,fridge,f371cfb9,normal,5.0,72.596,235.502,0.529,0.062,0.149,,on,-58,,validation test recording
2026-06-02T13:35:10.522016+00:00,2026-06-02 19:05:10,Abel,plug_2,NW_P2_Abel,P110,fridge,f371cfb9,normal,5.0,72.664,235.416,0.531,0.062,0.149,,on,-57,,validation test recording
2026-06-02T13:35:15.781283+00:00,2026-06-02 19:05:15,Abel,plug_2,NW_P2_Abel,P110,fridge,f371cfb9,normal,5.0,72.567,235.238,0.53,0.062,0.149,,on,-59,,validation test recording
2026-06-02T13:35:21.048232+00:00,2026-06-02 19:05:21,Abel,plug_2,NW_P2_Abel,P110,fridge,f371cfb9,normal,5.0,72.502,235.567,0.529,0.062,0.149,,on,-58,,validation test recording
2026-06-02T13:35:26.320792+00:00,2026-06-02 19:05:26,Abel,plug_2,NW_P2_Abel,P110,fridge,f371cfb9,normal,5.0,72.444,235.657,0.529,0.062,0.15,,on,-59,,validation test recording
2026-06-02T13:35:31.582983+00:00,2026-06-02 19:05:31,Abel,plug_2,NW_P2_Abel,P110,fridge,f371cfb9,normal,5.0,72.297,235.74,0.531,0.062,0.15,,on,-57,,validation test recording
2026-06-02T13:35:36.841349+00:00,2026-06-02 19:05:36,Abel,plug_2,NW_P2_Abel,P110,fridge,f371cfb9,normal,5.0,72.363,235.728,0.531,0.062,0.15,,on,-60,,validation test recording
2026-06-02T13:35:42.123265+00:00,2026-06-02 19:05:42,Abel,plug_2,NW_P2_Abel,P110,fridge,f371cfb9,normal,5.0,72.421,235.711,0.527,0.063,0.15,,on,-59,,validation test recording
2026-06-02T13:35:47.951699+00:00,2026-06-02 19:05:47,Abel,plug_2,NW_P2_Abel,P110,fridge,f371cfb9,normal,5.0,72.178,235.711,0.528,0.063,0.15,,on,-58,,validation test recording
2026-06-02T13:35:53.231356+00:00,2026-06-02 19:05:53,Abel,plug_2,NW_P2_Abel,P110,fridge,f371cfb9,normal,5.0,72.207,235.661,0.528,0.063,0.15,,on,-60,,validation test recording
2026-06-02T13:35:58.488454+00:00,2026-06-02 19:05:58,Abel,plug_2,NW_P2_Abel,P110,fridge,f371cfb9,normal,5.0,72.134,235.631,0.524,0.063,0.15,,on,-59,,validation test recording
2026-06-02T13:36:03.815881+00:00,2026-06-02 19:06:03,Abel,plug_2,NW_P2_Abel,P110,fridge,f371cfb9,normal,5.0,71.989,235.643,0.525,0.063,0.15,,on,-58,,validation test recording
2026-06-02T13:36:09.075742+00:00,2026-06-02 19:06:09,Abel,plug_2,NW_P2_Abel,P110,fridge,f371cfb9,normal,5.0,72.159,235.743,0.524,0.063,0.15,,on,-59,,validation test recording
2026-06-02T13:36:14.378742+00:00,2026-06-02 19:06:14,Abel,plug_2,NW_P2_Abel,P110,fridge,f371cfb9,normal,5.0,72.018,235.755,0.524,0.063,0.15,,on,-58,,validation test recording
2026-06-02T13:36:19.647449+00:00,2026-06-02 19:06:19,Abel,plug_2,NW_P2_Abel,P110,fridge,f371cfb9,normal,5.0,71.822,235.619,0.523,0.063,0.151,,on,-60,,validation test recording
2026-06-02T13:36:24.901573+00:00,2026-06-02 19:06:24,Abel,plug_2,NW_P2_Abel,P110,fridge,f371cfb9,normal,5.0,71.821,235.521,0.525,0.063,0.151,,on,-61,,validation test recording
2026-06-02T13:36:30.199011+00:00,2026-06-02 19:06:30,Abel,plug_2,NW_P2_Abel,P110,fridge,f371cfb9,normal,5.0,71.911,235.448,0.526,0.063,0.151,,on,-60,,validation test recording
2026-06-02T13:36:35.489036+00:00,2026-06-02 19:06:35,Abel,plug_2,NW_P2_Abel,P110,fridge,f371cfb9,normal,5.0,71.765,235.602,0.524,0.064,0.151,,on,-61,,validation test recording
2026-06-02T13:36:40.742988+00:00,2026-06-02 19:06:40,Abel,plug_2,NW_P2_Abel,P110,fridge,f371cfb9,normal,5.0,71.999,235.643,0.524,0.064,0.151,,on,-60,,validation test recording
2026-06-02T13:36:46.005353+00:00,2026-06-02 19:06:46,Abel,plug_2,NW_P2_Abel,P110,fridge,f371cfb9,normal,5.0,71.719,235.594,0.524,0.064,0.151,,on,-60,,validation test recording
2026-06-02T13:36:51.291583+00:00,2026-06-02 19:06:51,Abel,plug_2,NW_P2_Abel,P110,fridge,f371cfb9,normal,5.0,71.593,235.612,0.521,0.064,0.151,,on,-60,,validation test recording
2026-06-02T13:36:56.574612+00:00,2026-06-02 19:06:56,Abel,plug_2,NW_P2_Abel,P110,fridge,f371cfb9,normal,5.0,71.523,235.528,0.521,0.064,0.151,,on,-59,,validation test recording
2026-06-02T13:37:01.839428+00:00,2026-06-02 19:07:01,Abel,plug_2,NW_P2_Abel,P110,fridge,f371cfb9,normal,5.0,71.557,235.508,0.521,0.064,0.151,,on,-60,,validation test recording
2026-06-02T13:37:08.258399+00:00,2026-06-02 19:07:08,Abel,plug_2,NW_P2_Abel,P110,fridge,f371cfb9,normal,5.0,71.436,235.622,0.521,0.064,0.152,,on,-61,,validation test recording
2026-06-02T13:37:13.519826+00:00,2026-06-02 19:07:13,Abel,plug_2,NW_P2_Abel,P110,fridge,f371cfb9,normal,5.0,71.468,235.616,0.521,0.064,0.152,,on,-60,,validation test recording
2026-06-02T13:37:20.420483+00:00,2026-06-02 19:07:20,Abel,plug_2,NW_P2_Abel,P110,fridge,f371cfb9,normal,5.0,71.458,235.786,0.52,0.064,0.152,,on,-60,,validation test recording
2026-06-02T13:37:25.697995+00:00,2026-06-02 19:07:25,Abel,plug_2,NW_P2_Abel,P110,fridge,f371cfb9,normal,5.0,71.412,235.828,0.519,0.065,0.152,,on,-61,,validation test recording
2026-06-02T13:37:30.952609+00:00,2026-06-02 19:07:30,Abel,plug_2,NW_P2_Abel,P110,fridge,f371cfb9,normal,5.0,71.371,235.641,0.518,0.065,0.152,,on,-62,,validation test recording
2026-06-02T13:37:38.693727+00:00,2026-06-02 19:07:38,Abel,plug_2,NW_P2_Abel,P110,fridge,f371cfb9,normal,5.0,71.357,235.688,0.519,0.065,0.152,,on,-61,,validation test recording
2026-06-02T13:37:43.961911+00:00,2026-06-02 19:07:43,Abel,plug_2,NW_P2_Abel,P110,fridge,f371cfb9,normal,5.0,71.17,235.815,0.517,0.065,0.152,,on,-59,,validation test recording
2026-06-02T13:37:51.118412+00:00,2026-06-02 19:07:51,Abel,plug_2,NW_P2_Abel,P110,fridge,f371cfb9,normal,5.0,71.075,235.829,0.516,0.065,0.152,,on,-61,,validation test recording
2026-06-02T13:37:56.379289+00:00,2026-06-02 19:07:56,Abel,plug_2,NW_P2_Abel,P110,fridge,f371cfb9,normal,5.0,71.092,235.797,0.517,0.065,0.152,,on,-60,,validation test recording
2026-06-02T13:38:03.723655+00:00,2026-06-02 19:08:03,Abel,plug_2,NW_P2_Abel,P110,fridge,f371cfb9,normal,5.0,71.096,235.575,0.517,0.065,0.153,,on,-62,,validation test recording
2026-06-02T13:38:09.004428+00:00,2026-06-02 19:08:09,Abel,plug_2,NW_P2_Abel,P110,fridge,f371cfb9,normal,5.0,71.075,235.334,0.521,0.065,0.153,,on,-62,,validation test recording
2026-06-02T13:38:15.142055+00:00,2026-06-02 19:08:15,Abel,plug_2,NW_P2_Abel,P110,fridge,f371cfb9,normal,5.0,71.068,235.289,0.518,0.066,0.153,,on,-61,,validation test recording
2026-06-02T13:38:21.610085+00:00,2026-06-02 19:08:21,Abel,plug_2,NW_P2_Abel,P110,fridge,f371cfb9,normal,5.0,70.954,235.308,0.52,0.066,0.153,,on,-60,,validation test recording
2026-06-02T13:38:26.954762+00:00,2026-06-02 19:08:26,Abel,plug_2,NW_P2_Abel,P110,fridge,f371cfb9,normal,5.0,70.891,235.499,0.52,0.066,0.153,,on,-62,,validation test recording
2026-06-02T13:38:32.401558+00:00,2026-06-02 19:08:32,Abel,plug_2,NW_P2_Abel,P110,fridge,f371cfb9,normal,5.0,70.843,235.513,0.521,0.066,0.153,,on,-62,,validation test recording
2026-06-02T13:38:37.984621+00:00,2026-06-02 19:08:37,Abel,plug_2,NW_P2_Abel,P110,fridge,f371cfb9,normal,5.0,70.747,234.766,0.523,0.066,0.153,,on,-62,,validation test recording
2026-06-02T13:38:43.406760+00:00,2026-06-02 19:08:43,Abel,plug_2,NW_P2_Abel,P110,fridge,f371cfb9,normal,5.0,70.704,234.838,0.521,0.066,0.153,,on,-62,,validation test recording
2026-06-02T13:38:48.864680+00:00,2026-06-02 19:08:48,Abel,plug_2,NW_P2_Abel,P110,fridge,f371cfb9,normal,5.0,70.785,234.577,0.523,0.066,0.154,,on,-60,,validation test recording
2026-06-02T13:38:54.126281+00:00,2026-06-02 19:08:54,Abel,plug_2,NW_P2_Abel,P110,fridge,f371cfb9,normal,5.0,70.719,234.778,0.519,0.066,0.154,,on,-61,,validation test recording
2026-06-02T13:38:59.394957+00:00,2026-06-02 19:08:59,Abel,plug_2,NW_P2_Abel,P110,fridge,f371cfb9,normal,5.0,70.631,234.861,0.518,0.066,0.154,,on,-61,,validation test recording
2026-06-02T13:39:04.692538+00:00,2026-06-02 19:09:04,Abel,plug_2,NW_P2_Abel,P110,fridge,f371cfb9,normal,5.0,70.629,234.948,0.517,0.067,0.154,,on,-63,,validation test recording
2026-06-02T13:39:09.951984+00:00,2026-06-02 19:09:09,Abel,plug_2,NW_P2_Abel,P110,fridge,f371cfb9,normal,5.0,70.508,234.905,0.517,0.067,0.154,,on,-61,,validation test recording
2026-06-02T13:39:15.210009+00:00,2026-06-02 19:09:15,Abel,plug_2,NW_P2_Abel,P110,fridge,f371cfb9,normal,5.0,70.555,234.716,0.516,0.067,0.154,,on,-60,,validation test recording
2026-06-02T13:39:20.487431+00:00,2026-06-02 19:09:20,Abel,plug_2,NW_P2_Abel,P110,fridge,f371cfb9,normal,5.0,70.564,234.718,0.516,0.067,0.154,,on,-61,,validation test recording
2026-06-02T13:39:25.963928+00:00,2026-06-02 19:09:25,Abel,plug_2,NW_P2_Abel,P110,fridge,f371cfb9,normal,5.0,70.491,234.879,0.517,0.067,0.154,,on,-62,,validation test recording
2026-06-02T13:39:31.240324+00:00,2026-06-02 19:09:31,Abel,plug_2,NW_P2_Abel,P110,fridge,f371cfb9,normal,5.0,70.309,235.02,0.515,0.067,0.154,,on,-60,,validation test recording
2026-06-02T13:39:36.584338+00:00,2026-06-02 19:09:36,Abel,plug_2,NW_P2_Abel,P110,fridge,f371cfb9,normal,5.0,70.287,234.922,0.515,0.067,0.154,,on,-61,,validation test recording
2026-06-02T13:39:44.211940+00:00,2026-06-02 19:09:44,Abel,plug_2,NW_P2_Abel,P110,fridge,f371cfb9,normal,5.0,70.368,235.036,0.513,0.067,0.155,,on,-61,,validation test recording
2026-06-02T13:39:50.847844+00:00,2026-06-02 19:09:50,Abel,plug_2,NW_P2_Abel,P110,fridge,f371cfb9,normal,5.0,70.339,234.985,0.512,0.067,0.155,,on,-61,,validation test recording
2026-06-02T13:39:56.800702+00:00,2026-06-02 19:09:56,Abel,plug_2,NW_P2_Abel,P110,fridge,f371cfb9,normal,5.0,70.439,235.556,0.511,0.068,0.155,,on,-61,,validation test recording
2026-06-02T13:40:02.998247+00:00,2026-06-02 19:10:02,Abel,plug_2,NW_P2_Abel,P110,fridge,f371cfb9,normal,5.0,70.198,235.492,0.513,0.068,0.155,,on,-62,,validation test recording
2026-06-02T13:40:08.298130+00:00,2026-06-02 19:10:08,Abel,plug_2,NW_P2_Abel,P110,fridge,f371cfb9,normal,5.0,70.256,235.561,0.509,0.068,0.155,,on,-61,,validation test recording
2026-06-02T13:40:13.562904+00:00,2026-06-02 19:10:13,Abel,plug_2,NW_P2_Abel,P110,fridge,f371cfb9,normal,5.0,70.139,235.561,0.509,0.068,0.155,,on,-61,,validation test recording
2026-06-02T13:40:18.905489+00:00,2026-06-02 19:10:18,Abel,plug_2,NW_P2_Abel,P110,fridge,f371cfb9,normal,5.0,70.172,235.51,0.51,0.068,0.155,,on,-61,,validation test recording
2026-06-02T13:40:24.259091+00:00,2026-06-02 19:10:24,Abel,plug_2,NW_P2_Abel,P110,fridge,f371cfb9,normal,5.0,70.14,235.592,0.511,0.068,0.155,,on,-61,,validation test recording
2026-06-02T13:40:29.515707+00:00,2026-06-02 19:10:29,Abel,plug_2,NW_P2_Abel,P110,fridge,f371cfb9,normal,5.0,70.068,235.61,0.511,0.068,0.156,,on,-61,,validation test recording
2026-06-02T13:40:34.804660+00:00,2026-06-02 19:10:34,Abel,plug_2,NW_P2_Abel,P110,fridge,f371cfb9,normal,5.0,70.022,235.81,0.512,0.068,0.156,,on,-63,,validation test recording
2026-06-02T13:40:42.182942+00:00,2026-06-02 19:10:42,Abel,plug_2,NW_P2_Abel,P110,fridge,f371cfb9,normal,5.0,70.067,236.067,0.512,0.068,0.156,,on,-60,,validation test recording
2026-06-02T13:40:48.650897+00:00,2026-06-02 19:10:48,Abel,plug_2,NW_P2_Abel,P110,fridge,f371cfb9,normal,5.0,69.866,236.164,0.514,0.069,0.156,,on,-58,,validation test recording
2026-06-02T13:40:54.714315+00:00,2026-06-02 19:10:54,Abel,plug_2,NW_P2_Abel,P110,fridge,f371cfb9,normal,5.0,69.848,236.206,0.51,0.069,0.156,,on,-60,,validation test recording
2026-06-02T13:41:01.696198+00:00,2026-06-02 19:11:01,Abel,plug_2,NW_P2_Abel,P110,fridge,f371cfb9,normal,5.0,70.04,236.09,0.509,0.069,0.156,,on,-59,,validation test recording
2026-06-02T13:41:07.161900+00:00,2026-06-02 19:11:07,Abel,plug_2,NW_P2_Abel,P110,fridge,f371cfb9,normal,5.0,69.912,236.08,0.51,0.069,0.156,,on,-61,,validation test recording
2026-06-02T13:41:12.596714+00:00,2026-06-02 19:11:12,Abel,plug_2,NW_P2_Abel,P110,fridge,f371cfb9,normal,5.0,69.937,236.083,0.508,0.069,0.156,,on,-61,,validation test recording
2026-06-02T13:41:17.980815+00:00,2026-06-02 19:11:17,Abel,plug_2,NW_P2_Abel,P110,fridge,f371cfb9,normal,5.0,69.899,236.07,0.507,0.069,0.156,,on,-61,,validation test recording
2026-06-02T13:41:23.428925+00:00,2026-06-02 19:11:23,Abel,plug_2,NW_P2_Abel,P110,fridge,f371cfb9,normal,5.0,69.834,236.151,0.508,0.069,0.157,,on,-60,,validation test recording
2026-06-02T13:41:29.050371+00:00,2026-06-02 19:11:29,Abel,plug_2,NW_P2_Abel,P110,fridge,f371cfb9,normal,5.0,69.827,236.301,0.508,0.069,0.157,,on,-61,,validation test recording
2026-06-02T13:41:34.449377+00:00,2026-06-02 19:11:34,Abel,plug_2,NW_P2_Abel,P110,fridge,f371cfb9,normal,5.0,69.921,236.266,0.506,0.069,0.157,,on,-62,,validation test recording
2026-06-02T13:41:39.849194+00:00,2026-06-02 19:11:39,Abel,plug_2,NW_P2_Abel,P110,fridge,f371cfb9,normal,5.0,69.777,236.406,0.505,0.07,0.157,,on,-62,,validation test recording
2026-06-02T13:41:45.313183+00:00,2026-06-02 19:11:45,Abel,plug_2,NW_P2_Abel,P110,fridge,f371cfb9,normal,5.0,69.768,236.522,0.504,0.07,0.157,,on,-61,,validation test recording
2026-06-02T13:41:50.753240+00:00,2026-06-02 19:11:50,Abel,plug_2,NW_P2_Abel,P110,fridge,f371cfb9,normal,5.0,69.729,236.514,0.505,0.07,0.157,,on,-62,,validation test recording
2026-06-02T13:41:56.220024+00:00,2026-06-02 19:11:56,Abel,plug_2,NW_P2_Abel,P110,fridge,f371cfb9,normal,5.0,69.714,236.537,0.505,0.07,0.157,,on,-61,,validation test recording
2026-06-02T13:42:01.665967+00:00,2026-06-02 19:12:01,Abel,plug_2,NW_P2_Abel,P110,fridge,f371cfb9,normal,5.0,69.599,236.64,0.503,0.07,0.157,,on,-60,,validation test recording
2026-06-02T13:42:07.088969+00:00,2026-06-02 19:12:07,Abel,plug_2,NW_P2_Abel,P110,fridge,f371cfb9,normal,5.0,69.614,236.767,0.504,0.07,0.157,,on,-61,,validation test recording
2026-06-02T13:42:12.369570+00:00,2026-06-02 19:12:12,Abel,plug_2,NW_P2_Abel,P110,fridge,f371cfb9,normal,5.0,69.551,236.756,0.503,0.07,0.157,,on,-62,,validation test recording
2026-06-02T13:42:17.824425+00:00,2026-06-02 19:12:17,Abel,plug_2,NW_P2_Abel,P110,fridge,f371cfb9,normal,5.0,69.572,236.673,0.505,0.07,0.158,,on,-62,,validation test recording
2026-06-02T13:42:23.454607+00:00,2026-06-02 19:12:23,Abel,plug_2,NW_P2_Abel,P110,fridge,f371cfb9,normal,5.0,69.503,236.557,0.506,0.07,0.158,,on,-62,,validation test recording
2026-06-02T13:42:30.224684+00:00,2026-06-02 19:12:30,Abel,plug_2,NW_P2_Abel,P110,fridge,f371cfb9,normal,5.0,69.521,236.653,0.504,0.071,0.158,,on,-62,,validation test recording
2026-06-02T13:42:35.684660+00:00,2026-06-02 19:12:35,Abel,plug_2,NW_P2_Abel,P110,fridge,f371cfb9,normal,5.0,69.434,236.623,0.503,0.071,0.158,,on,-59,,validation test recording
2026-06-02T13:42:41.020599+00:00,2026-06-02 19:12:41,Abel,plug_2,NW_P2_Abel,P110,fridge,f371cfb9,normal,5.0,69.308,237.223,0.5,0.071,0.158,,on,-60,,validation test recording
2026-06-02T13:42:47.123655+00:00,2026-06-02 19:12:47,Abel,plug_2,NW_P2_Abel,P110,fridge,f371cfb9,normal,5.0,69.388,237.101,0.501,0.071,0.158,,on,-61,,validation test recording
2026-06-02T13:42:52.560657+00:00,2026-06-02 19:12:52,Abel,plug_2,NW_P2_Abel,P110,fridge,f371cfb9,normal,5.0,69.291,237.168,0.499,0.071,0.158,,on,-61,,validation test recording
2026-06-02T13:42:57.917003+00:00,2026-06-02 19:12:57,Abel,plug_2,NW_P2_Abel,P110,fridge,f371cfb9,normal,5.0,69.221,237.207,0.498,0.071,0.158,,on,-61,,validation test recording
2026-06-02T13:43:03.269097+00:00,2026-06-02 19:13:03,Abel,plug_2,NW_P2_Abel,P110,fridge,f371cfb9,normal,5.0,69.497,237.168,0.497,0.071,0.158,,on,-61,,validation test recording
2026-06-02T13:43:08.678652+00:00,2026-06-02 19:13:08,Abel,plug_2,NW_P2_Abel,P110,fridge,f371cfb9,normal,5.0,69.297,237.142,0.496,0.071,0.159,,on,-61,,validation test recording
2026-06-02T13:43:14.141115+00:00,2026-06-02 19:13:14,Abel,plug_2,NW_P2_Abel,P110,fridge,f371cfb9,normal,5.0,69.247,236.977,0.498,0.071,0.159,,on,-59,,validation test recording
2026-06-02T13:43:19.501784+00:00,2026-06-02 19:13:19,Abel,plug_2,NW_P2_Abel,P110,fridge,f371cfb9,normal,5.0,69.251,237.124,0.498,0.071,0.159,,on,-61,,validation test recording
2026-06-02T13:43:24.925806+00:00,2026-06-02 19:13:24,Abel,plug_2,NW_P2_Abel,P110,fridge,f371cfb9,normal,5.0,69.322,237.138,0.498,0.072,0.159,,on,-61,,validation test recording
2026-06-02T13:43:30.378272+00:00,2026-06-02 19:13:30,Abel,plug_2,NW_P2_Abel,P110,fridge,f371cfb9,normal,5.0,69.246,237.113,0.496,0.072,0.159,,on,-63,,validation test recording
2026-06-02T13:43:35.822203+00:00,2026-06-02 19:13:35,Abel,plug_2,NW_P2_Abel,P110,fridge,f371cfb9,normal,5.0,69.085,237.062,0.495,0.072,0.159,,on,-61,,validation test recording
2026-06-02T13:43:41.295070+00:00,2026-06-02 19:13:41,Abel,plug_2,NW_P2_Abel,P110,fridge,f371cfb9,normal,5.0,69.202,237.078,0.497,0.072,0.159,,on,-61,,validation test recording
2026-06-02T13:43:46.753891+00:00,2026-06-02 19:13:46,Abel,plug_2,NW_P2_Abel,P110,fridge,f371cfb9,normal,5.0,69.219,237.319,0.496,0.072,0.159,,on,-60,,validation test recording
2026-06-02T13:43:52.199309+00:00,2026-06-02 19:13:52,Abel,plug_2,NW_P2_Abel,P110,fridge,f371cfb9,normal,5.0,69.124,237.092,0.495,0.072,0.159,,on,-58,,validation test recording
2026-06-02T13:43:57.681827+00:00,2026-06-02 19:13:57,Abel,plug_2,NW_P2_Abel,P110,fridge,f371cfb9,normal,5.0,69.181,237.062,0.496,0.072,0.16,,on,-60,,validation test recording
2026-06-02T13:44:03.072821+00:00,2026-06-02 19:14:03,Abel,plug_2,NW_P2_Abel,P110,fridge,f371cfb9,normal,5.0,69.107,237.074,0.496,0.072,0.16,,on,-60,,validation test recording
2026-06-02T13:44:08.439293+00:00,2026-06-02 19:14:08,Abel,plug_2,NW_P2_Abel,P110,fridge,f371cfb9,normal,5.0,69.079,237.094,0.496,0.072,0.16,,on,-58,,validation test recording
2026-06-02T13:44:13.874806+00:00,2026-06-02 19:14:13,Abel,plug_2,NW_P2_Abel,P110,fridge,f371cfb9,normal,5.0,69.141,236.954,0.497,0.073,0.16,,on,-60,,validation test recording
2026-06-02T13:44:19.358484+00:00,2026-06-02 19:14:19,Abel,plug_2,NW_P2_Abel,P110,fridge,f371cfb9,normal,5.0,69.108,236.932,0.498,0.073,0.16,,on,-61,,validation test recording
2026-06-02T13:44:24.765508+00:00,2026-06-02 19:14:24,Abel,plug_2,NW_P2_Abel,P110,fridge,f371cfb9,normal,5.0,69.059,236.822,0.497,0.073,0.16,,on,-59,,validation test recording
2026-06-02T13:44:30.336086+00:00,2026-06-02 19:14:30,Abel,plug_2,NW_P2_Abel,P110,fridge,f371cfb9,normal,5.0,68.913,236.935,0.497,0.073,0.16,,on,-59,,validation test recording
2026-06-02T13:44:35.768314+00:00,2026-06-02 19:14:35,Abel,plug_2,NW_P2_Abel,P110,fridge,f371cfb9,normal,5.0,69.019,236.916,0.499,0.073,0.16,,on,-58,,validation test recording
2026-06-02T13:44:41.319025+00:00,2026-06-02 19:14:41,Abel,plug_2,NW_P2_Abel,P110,fridge,f371cfb9,normal,5.0,69.05,236.978,0.498,0.073,0.16,,on,-59,,validation test recording
2026-06-02T13:44:46.602898+00:00,2026-06-02 19:14:46,Abel,plug_2,NW_P2_Abel,P110,fridge,f371cfb9,normal,5.0,69.097,236.867,0.5,0.073,0.16,,on,-59,,validation test recording
2026-06-02T13:44:52.010808+00:00,2026-06-02 19:14:52,Abel,plug_2,NW_P2_Abel,P110,fridge,f371cfb9,normal,5.0,69.04,236.962,0.499,0.073,0.161,,on,-61,,validation test recording
2026-06-02T13:44:57.366401+00:00,2026-06-02 19:14:57,Abel,plug_2,NW_P2_Abel,P110,fridge,f371cfb9,normal,5.0,69.02,236.941,0.497,0.073,0.161,,on,-60,,validation test recording
2026-06-02T13:45:02.832276+00:00,2026-06-02 19:15:02,Abel,plug_2,NW_P2_Abel,P110,fridge,f371cfb9,normal,5.0,68.905,236.818,0.497,0.073,0.161,,on,-59,,validation test recording
2026-06-02T13:45:08.280686+00:00,2026-06-02 19:15:08,Abel,plug_2,NW_P2_Abel,P110,fridge,f371cfb9,normal,5.0,68.878,236.862,0.497,0.074,0.161,,on,-60,,validation test recording
2026-06-02T13:45:13.703126+00:00,2026-06-02 19:15:13,Abel,plug_2,NW_P2_Abel,P110,fridge,f371cfb9,normal,5.0,68.998,236.98,0.498,0.074,0.161,,on,-59,,validation test recording
2026-06-02T13:45:19.157553+00:00,2026-06-02 19:15:19,Abel,plug_2,NW_P2_Abel,P110,fridge,f371cfb9,normal,5.0,68.885,236.783,0.496,0.074,0.161,,on,-61,,validation test recording
2026-06-02T13:45:24.502921+00:00,2026-06-02 19:15:24,Abel,plug_2,NW_P2_Abel,P110,fridge,f371cfb9,normal,5.0,68.811,236.715,0.496,0.074,0.161,,on,-59,,validation test recording
2026-06-02T13:45:29.906387+00:00,2026-06-02 19:15:29,Abel,plug_2,NW_P2_Abel,P110,fridge,f371cfb9,normal,5.0,68.893,236.761,0.496,0.074,0.161,,on,-61,,validation test recording
2026-06-02T13:45:35.307267+00:00,2026-06-02 19:15:35,Abel,plug_2,NW_P2_Abel,P110,fridge,f371cfb9,normal,5.0,68.824,236.638,0.495,0.074,0.161,,on,-58,,validation test recording
2026-06-02T13:45:41.186884+00:00,2026-06-02 19:15:41,Abel,plug_2,NW_P2_Abel,P110,fridge,f371cfb9,normal,5.0,68.773,236.802,0.495,0.074,0.162,,on,-59,,validation test recording
2026-06-02T13:45:46.825744+00:00,2026-06-02 19:15:46,Abel,plug_2,NW_P2_Abel,P110,fridge,f371cfb9,normal,5.0,68.803,236.861,0.497,0.074,0.162,,on,-61,,validation test recording
2026-06-02T13:45:52.261308+00:00,2026-06-02 19:15:52,Abel,plug_2,NW_P2_Abel,P110,fridge,f371cfb9,normal,5.0,68.729,236.84,0.495,0.074,0.162,,on,-59,,validation test recording
2026-06-02T13:45:57.829695+00:00,2026-06-02 19:15:57,Abel,plug_2,NW_P2_Abel,P110,fridge,f371cfb9,normal,5.0,68.611,236.769,0.495,0.075,0.162,,on,-60,,validation test recording
2026-06-02T13:46:03.262577+00:00,2026-06-02 19:16:03,Abel,plug_2,NW_P2_Abel,P110,fridge,f371cfb9,normal,5.0,68.799,236.763,0.496,0.075,0.162,,on,-62,,validation test recording
2026-06-02T13:46:08.715646+00:00,2026-06-02 19:16:08,Abel,plug_2,NW_P2_Abel,P110,fridge,f371cfb9,normal,5.0,68.695,236.784,0.496,0.075,0.162,,on,-61,,validation test recording
2026-06-02T13:46:14.095725+00:00,2026-06-02 19:16:14,Abel,plug_2,NW_P2_Abel,P110,fridge,f371cfb9,normal,5.0,68.769,236.784,0.495,0.075,0.162,,on,-59,,validation test recording
2026-06-02T13:46:19.468236+00:00,2026-06-02 19:16:19,Abel,plug_2,NW_P2_Abel,P110,fridge,f371cfb9,normal,5.0,68.735,236.684,0.497,0.075,0.162,,on,-58,,validation test recording
2026-06-02T13:46:25.798458+00:00,2026-06-02 19:16:25,Abel,plug_2,NW_P2_Abel,P110,fridge,f371cfb9,normal,5.0,68.513,236.792,0.494,0.075,0.162,,on,-59,,validation test recording
2026-06-02T13:46:31.232240+00:00,2026-06-02 19:16:31,Abel,plug_2,NW_P2_Abel,P110,fridge,f371cfb9,normal,5.0,68.625,236.658,0.494,0.075,0.162,,on,-58,,validation test recording
2026-06-02T13:46:36.781677+00:00,2026-06-02 19:16:36,Abel,plug_2,NW_P2_Abel,P110,fridge,f371cfb9,normal,5.0,68.58,236.729,0.495,0.075,0.163,,on,-58,,validation test recording
2026-06-02T13:46:42.149649+00:00,2026-06-02 19:16:42,Abel,plug_2,NW_P2_Abel,P110,fridge,f371cfb9,normal,5.0,68.74,236.876,0.494,0.075,0.163,,on,-59,,validation test recording
2026-06-02T13:46:47.578573+00:00,2026-06-02 19:16:47,Abel,plug_2,NW_P2_Abel,P110,fridge,f371cfb9,normal,5.0,68.543,236.859,0.492,0.075,0.163,,on,-62,,validation test recording
2026-06-02T13:46:52.927310+00:00,2026-06-02 19:16:52,Abel,plug_2,NW_P2_Abel,P110,fridge,f371cfb9,normal,5.0,68.554,236.91,0.494,0.076,0.163,,on,-59,,validation test recording
2026-06-02T13:46:58.379169+00:00,2026-06-02 19:16:58,Abel,plug_2,NW_P2_Abel,P110,fridge,f371cfb9,normal,5.0,68.66,236.648,0.493,0.076,0.163,,on,-61,,validation test recording
2026-06-02T13:47:03.737018+00:00,2026-06-02 19:17:03,Abel,plug_2,NW_P2_Abel,P110,fridge,f371cfb9,normal,5.0,68.529,236.61,0.491,0.076,0.163,,on,-63,,validation test recording
2026-06-02T13:47:09.178082+00:00,2026-06-02 19:17:09,Abel,plug_2,NW_P2_Abel,P110,fridge,f371cfb9,normal,5.0,68.593,236.635,0.491,0.076,0.163,,on,-60,,validation test recording
2026-06-02T13:47:14.663040+00:00,2026-06-02 19:17:14,Abel,plug_2,NW_P2_Abel,P110,fridge,f371cfb9,normal,5.0,68.552,236.609,0.491,0.076,0.163,,on,-61,,validation test recording
2026-06-02T13:47:20.719210+00:00,2026-06-02 19:17:20,Abel,plug_2,NW_P2_Abel,P110,fridge,f371cfb9,normal,5.0,68.551,236.625,0.49,0.076,0.163,,on,-57,,validation test recording
2026-06-02T13:47:26.174170+00:00,2026-06-02 19:17:26,Abel,plug_2,NW_P2_Abel,P110,fridge,f371cfb9,normal,5.0,68.594,236.703,0.49,0.076,0.164,,on,-58,,validation test recording
2026-06-02T13:47:31.588381+00:00,2026-06-02 19:17:31,Abel,plug_2,NW_P2_Abel,P110,fridge,f371cfb9,normal,5.0,68.543,236.685,0.49,0.076,0.164,,on,-58,,validation test recording
2026-06-02T13:47:36.851912+00:00,2026-06-02 19:17:36,Abel,plug_2,NW_P2_Abel,P110,fridge,f371cfb9,normal,5.0,68.474,236.779,0.492,0.076,0.164,,on,-61,,validation test recording
2026-06-02T13:47:42.149632+00:00,2026-06-02 19:17:42,Abel,plug_2,NW_P2_Abel,P110,fridge,f371cfb9,normal,5.0,68.495,236.688,0.492,0.077,0.164,,on,-59,,validation test recording
2026-06-02T13:47:47.407159+00:00,2026-06-02 19:17:47,Abel,plug_2,NW_P2_Abel,P110,fridge,f371cfb9,normal,5.0,68.384,236.716,0.489,0.077,0.164,,on,-60,,validation test recording
2026-06-02T13:47:52.663211+00:00,2026-06-02 19:17:52,Abel,plug_2,NW_P2_Abel,P110,fridge,f371cfb9,normal,5.0,68.352,236.674,0.489,0.077,0.164,,on,-58,,validation test recording
2026-06-02T13:47:57.930768+00:00,2026-06-02 19:17:57,Abel,plug_2,NW_P2_Abel,P110,fridge,f371cfb9,normal,5.0,68.432,236.653,0.49,0.077,0.164,,on,-62,,validation test recording
2026-06-02T13:48:03.185255+00:00,2026-06-02 19:18:03,Abel,plug_2,NW_P2_Abel,P110,fridge,f371cfb9,normal,5.0,68.412,236.72,0.492,0.077,0.164,,on,-58,,validation test recording
2026-06-02T13:48:08.465033+00:00,2026-06-02 19:18:08,Abel,plug_2,NW_P2_Abel,P110,fridge,f371cfb9,normal,5.0,68.28,236.591,0.492,0.077,0.164,,on,-59,,validation test recording
2026-06-02T13:48:13.733598+00:00,2026-06-02 19:18:13,Abel,plug_2,NW_P2_Abel,P110,fridge,f371cfb9,normal,5.0,68.485,236.624,0.491,0.077,0.164,,on,-59,,validation test recording
2026-06-02T13:48:19.017087+00:00,2026-06-02 19:18:19,Abel,plug_2,NW_P2_Abel,P110,fridge,f371cfb9,normal,5.0,68.394,236.647,0.49,0.077,0.165,,on,-60,,validation test recording
2026-06-02T13:48:24.279572+00:00,2026-06-02 19:18:24,Abel,plug_2,NW_P2_Abel,P110,fridge,f371cfb9,normal,5.0,68.535,236.662,0.491,0.077,0.165,,on,-60,,validation test recording
2026-06-02T13:48:29.541997+00:00,2026-06-02 19:18:29,Abel,plug_2,NW_P2_Abel,P110,fridge,f371cfb9,normal,5.0,68.341,236.786,0.49,0.077,0.165,,on,-61,,validation test recording
2026-06-02T13:48:34.819266+00:00,2026-06-02 19:18:34,Abel,plug_2,NW_P2_Abel,P110,fridge,f371cfb9,normal,5.0,68.264,236.737,0.49,0.078,0.165,,on,-60,,validation test recording
2026-06-02T13:48:40.086136+00:00,2026-06-02 19:18:40,Abel,plug_2,NW_P2_Abel,P110,fridge,f371cfb9,normal,5.0,68.247,236.718,0.49,0.078,0.165,,on,-60,,validation test recording
2026-06-02T13:48:45.407830+00:00,2026-06-02 19:18:45,Abel,plug_2,NW_P2_Abel,P110,fridge,f371cfb9,normal,5.0,68.261,236.666,0.489,0.078,0.165,,on,-59,,validation test recording
2026-06-02T13:48:50.687889+00:00,2026-06-02 19:18:50,Abel,plug_2,NW_P2_Abel,P110,fridge,f371cfb9,normal,5.0,68.232,236.568,0.492,0.078,0.165,,on,-60,,validation test recording
2026-06-02T13:48:55.975236+00:00,2026-06-02 19:18:55,Abel,plug_2,NW_P2_Abel,P110,fridge,f371cfb9,normal,5.0,68.321,236.622,0.491,0.078,0.165,,on,-60,,validation test recording
2026-06-02T13:49:01.257958+00:00,2026-06-02 19:19:01,Abel,plug_2,NW_P2_Abel,P110,fridge,f371cfb9,normal,5.0,68.252,236.639,0.491,0.078,0.165,,on,-59,,validation test recording
2026-06-02T13:49:06.531106+00:00,2026-06-02 19:19:06,Abel,plug_2,NW_P2_Abel,P110,fridge,f371cfb9,normal,5.0,68.197,236.2,0.493,0.078,0.165,,on,-59,,validation test recording
2026-06-02T13:49:11.794734+00:00,2026-06-02 19:19:11,Abel,plug_2,NW_P2_Abel,P110,fridge,f371cfb9,normal,5.0,68.304,236.295,0.492,0.078,0.166,,on,-58,,validation test recording
2026-06-02T13:49:17.081911+00:00,2026-06-02 19:19:17,Abel,plug_2,NW_P2_Abel,P110,fridge,f371cfb9,normal,5.0,74.107,236.155,0.529,0.078,0.166,,on,-60,,validation test recording
2026-06-02T13:49:22.355006+00:00,2026-06-02 19:19:22,Abel,plug_2,NW_P2_Abel,P110,fridge,f371cfb9,normal,5.0,74.637,236.183,0.532,0.078,0.166,,on,-57,,validation test recording
2026-06-02T13:49:27.655573+00:00,2026-06-02 19:19:27,Abel,plug_2,NW_P2_Abel,P110,fridge,f371cfb9,normal,5.0,70.598,236.235,0.506,0.079,0.166,,on,-59,,validation test recording
2026-06-02T13:49:32.985682+00:00,2026-06-02 19:19:32,Abel,plug_2,NW_P2_Abel,P110,fridge,f371cfb9,normal,5.0,71.139,236.147,0.512,0.079,0.166,,on,-57,,validation test recording
2026-06-02T13:49:38.239541+00:00,2026-06-02 19:19:38,Abel,plug_2,NW_P2_Abel,P110,fridge,f371cfb9,normal,5.0,71.275,236.124,0.513,0.079,0.166,,on,-61,,validation test recording
2026-06-02T13:49:43.507451+00:00,2026-06-02 19:19:43,Abel,plug_2,NW_P2_Abel,P110,fridge,f371cfb9,normal,5.0,71.699,236.087,0.515,0.079,0.166,,on,-59,,validation test recording
2026-06-02T13:49:48.779802+00:00,2026-06-02 19:19:48,Abel,plug_2,NW_P2_Abel,P110,fridge,f371cfb9,normal,5.0,71.903,236.254,0.517,0.079,0.166,,on,-60,,validation test recording
2026-06-02T13:49:54.032500+00:00,2026-06-02 19:19:54,Abel,plug_2,NW_P2_Abel,P110,fridge,f371cfb9,normal,5.0,71.905,236.42,0.516,0.079,0.166,,on,-58,,validation test recording
2026-06-02T13:49:59.297105+00:00,2026-06-02 19:19:59,Abel,plug_2,NW_P2_Abel,P110,fridge,f371cfb9,normal,5.0,71.901,236.454,0.516,0.079,0.166,,on,-61,,validation test recording
2026-06-02T13:50:04.554510+00:00,2026-06-02 19:20:04,Abel,plug_2,NW_P2_Abel,P110,fridge,f371cfb9,normal,5.0,72.044,236.477,0.517,0.079,0.167,,on,-59,,validation test recording
2026-06-02T13:50:09.803368+00:00,2026-06-02 19:20:09,Abel,plug_2,NW_P2_Abel,P110,fridge,f371cfb9,normal,5.0,72.118,236.618,0.518,0.079,0.167,,on,-62,,validation test recording
2026-06-02T13:50:15.070108+00:00,2026-06-02 19:20:15,Abel,plug_2,NW_P2_Abel,P110,fridge,f371cfb9,normal,5.0,72.352,236.608,0.518,0.079,0.167,,on,-60,,validation test recording
2026-06-02T13:50:20.349590+00:00,2026-06-02 19:20:20,Abel,plug_2,NW_P2_Abel,P110,fridge,f371cfb9,normal,5.0,72.366,236.516,0.518,0.08,0.167,,on,-59,,validation test recording
2026-06-02T13:50:25.603122+00:00,2026-06-02 19:20:25,Abel,plug_2,NW_P2_Abel,P110,fridge,f371cfb9,normal,5.0,72.259,236.513,0.517,0.08,0.167,,on,-58,,validation test recording
2026-06-02T13:50:30.855747+00:00,2026-06-02 19:20:30,Abel,plug_2,NW_P2_Abel,P110,fridge,f371cfb9,normal,5.0,72.368,236.626,0.519,0.08,0.167,,on,-58,,validation test recording
2026-06-02T13:50:36.119951+00:00,2026-06-02 19:20:36,Abel,plug_2,NW_P2_Abel,P110,fridge,f371cfb9,normal,5.0,72.508,236.606,0.52,0.08,0.167,,on,-57,,validation test recording
2026-06-02T13:50:41.386060+00:00,2026-06-02 19:20:41,Abel,plug_2,NW_P2_Abel,P110,fridge,f371cfb9,normal,5.0,72.467,236.627,0.52,0.08,0.167,,on,-57,,validation test recording
2026-06-02T13:50:46.649605+00:00,2026-06-02 19:20:46,Abel,plug_2,NW_P2_Abel,P110,fridge,f371cfb9,normal,5.0,72.376,236.665,0.521,0.08,0.167,,on,-60,,validation test recording
2026-06-02T13:50:51.924566+00:00,2026-06-02 19:20:51,Abel,plug_2,NW_P2_Abel,P110,fridge,f371cfb9,normal,5.0,72.402,236.599,0.519,0.08,0.168,,on,-59,,validation test recording
2026-06-02T13:50:57.189423+00:00,2026-06-02 19:20:57,Abel,plug_2,NW_P2_Abel,P110,fridge,f371cfb9,normal,5.0,72.461,236.565,0.519,0.08,0.168,,on,-60,,validation test recording
2026-06-02T13:51:02.455988+00:00,2026-06-02 19:21:02,Abel,plug_2,NW_P2_Abel,P110,fridge,f371cfb9,normal,5.0,72.56,236.791,0.521,0.08,0.168,,on,-60,,validation test recording
2026-06-02T13:51:07.711089+00:00,2026-06-02 19:21:07,Abel,plug_2,NW_P2_Abel,P110,fridge,f371cfb9,normal,5.0,72.499,236.68,0.522,0.081,0.168,,on,-59,,validation test recording
2026-06-02T13:51:12.960661+00:00,2026-06-02 19:21:12,Abel,plug_2,NW_P2_Abel,P110,fridge,f371cfb9,normal,5.0,72.515,237.076,0.518,0.081,0.168,,on,-60,,validation test recording
2026-06-02T13:51:18.235741+00:00,2026-06-02 19:21:18,Abel,plug_2,NW_P2_Abel,P110,fridge,f371cfb9,normal,5.0,72.332,237.183,0.515,0.081,0.168,,on,-59,,validation test recording
2026-06-02T13:51:23.506221+00:00,2026-06-02 19:21:23,Abel,plug_2,NW_P2_Abel,P110,fridge,f371cfb9,normal,5.0,72.466,237.148,0.519,0.081,0.168,,on,-58,,validation test recording
2026-06-02T13:51:28.773035+00:00,2026-06-02 19:21:28,Abel,plug_2,NW_P2_Abel,P110,fridge,f371cfb9,normal,5.0,72.55,237.035,0.518,0.081,0.168,,on,-58,,validation test recording
2026-06-02T13:51:34.103644+00:00,2026-06-02 19:21:34,Abel,plug_2,NW_P2_Abel,P110,fridge,f371cfb9,normal,5.0,72.447,237.063,0.517,0.081,0.168,,on,-59,,validation test recording
2026-06-02T13:51:39.368749+00:00,2026-06-02 19:21:39,Abel,plug_2,NW_P2_Abel,P110,fridge,f371cfb9,normal,5.0,72.401,237.017,0.517,0.081,0.168,,on,-58,,validation test recording
2026-06-02T13:51:44.637712+00:00,2026-06-02 19:21:44,Abel,plug_2,NW_P2_Abel,P110,fridge,f371cfb9,normal,5.0,72.208,237.164,0.515,0.081,0.169,,on,-61,,validation test recording
2026-06-02T13:51:49.905843+00:00,2026-06-02 19:21:49,Abel,plug_2,NW_P2_Abel,P110,fridge,f371cfb9,normal,5.0,72.331,237.105,0.517,0.081,0.169,,on,-59,,validation test recording
2026-06-02T13:51:55.212355+00:00,2026-06-02 19:21:55,Abel,plug_2,NW_P2_Abel,P110,fridge,f371cfb9,normal,5.0,72.369,237.11,0.517,0.082,0.169,,on,-58,,validation test recording
2026-06-02T13:52:00.512016+00:00,2026-06-02 19:22:00,Abel,plug_2,NW_P2_Abel,P110,fridge,f371cfb9,normal,5.0,72.242,237.018,0.517,0.082,0.169,,on,-61,,validation test recording
2026-06-02T13:52:05.792615+00:00,2026-06-02 19:22:05,Abel,plug_2,NW_P2_Abel,P110,fridge,f371cfb9,normal,5.0,72.304,237.008,0.516,0.082,0.169,,on,-58,,validation test recording
2026-06-02T13:52:11.067373+00:00,2026-06-02 19:22:11,Abel,plug_2,NW_P2_Abel,P110,fridge,f371cfb9,normal,5.0,72.309,236.969,0.515,0.082,0.169,,on,-59,,validation test recording
2026-06-02T13:52:16.328752+00:00,2026-06-02 19:22:16,Abel,plug_2,NW_P2_Abel,P110,fridge,f371cfb9,normal,5.0,72.178,237.084,0.516,0.082,0.169,,on,-58,,validation test recording
2026-06-02T13:52:21.605566+00:00,2026-06-02 19:22:21,Abel,plug_2,NW_P2_Abel,P110,fridge,f371cfb9,normal,5.0,72.118,236.971,0.515,0.082,0.169,,on,-59,,validation test recording
2026-06-02T13:52:26.847598+00:00,2026-06-02 19:22:26,Abel,plug_2,NW_P2_Abel,P110,fridge,f371cfb9,normal,5.0,72.173,237.041,0.514,0.082,0.169,,on,-62,,validation test recording
2026-06-02T13:52:32.119489+00:00,2026-06-02 19:22:32,Abel,plug_2,NW_P2_Abel,P110,fridge,f371cfb9,normal,5.0,71.877,237.038,0.515,0.082,0.17,,on,-59,,validation test recording
2026-06-02T13:52:37.377365+00:00,2026-06-02 19:22:37,Abel,plug_2,NW_P2_Abel,P110,fridge,f371cfb9,normal,5.0,71.988,237.096,0.515,0.082,0.17,,on,-59,,validation test recording
2026-06-02T13:52:42.651722+00:00,2026-06-02 19:22:42,Abel,plug_2,NW_P2_Abel,P110,fridge,f371cfb9,normal,5.0,71.92,237.043,0.514,0.082,0.17,,on,-60,,validation test recording
2026-06-02T13:52:47.905496+00:00,2026-06-02 19:22:47,Abel,plug_2,NW_P2_Abel,P110,fridge,f371cfb9,normal,5.0,71.976,237.045,0.511,0.083,0.17,,on,-60,,validation test recording
2026-06-02T13:52:53.158069+00:00,2026-06-02 19:22:53,Abel,plug_2,NW_P2_Abel,P110,fridge,f371cfb9,normal,5.0,71.802,236.987,0.512,0.083,0.17,,on,-62,,validation test recording
2026-06-02T13:52:58.422219+00:00,2026-06-02 19:22:58,Abel,plug_2,NW_P2_Abel,P110,fridge,f371cfb9,normal,5.0,71.696,237.057,0.511,0.083,0.17,,on,-61,,validation test recording
2026-06-02T13:53:03.695313+00:00,2026-06-02 19:23:03,Abel,plug_2,NW_P2_Abel,P110,fridge,f371cfb9,normal,5.0,71.693,237.063,0.51,0.083,0.17,,on,-60,,validation test recording
2026-06-02T13:53:08.960606+00:00,2026-06-02 19:23:08,Abel,plug_2,NW_P2_Abel,P110,fridge,f371cfb9,normal,5.0,71.711,237.173,0.51,0.083,0.17,,on,-62,,validation test recording
2026-06-02T13:53:14.231236+00:00,2026-06-02 19:23:14,Abel,plug_2,NW_P2_Abel,P110,fridge,f371cfb9,normal,5.0,71.606,237.141,0.509,0.083,0.17,,on,-58,,validation test recording
2026-06-02T13:53:19.509586+00:00,2026-06-02 19:23:19,Abel,plug_2,NW_P2_Abel,P110,fridge,f371cfb9,normal,5.0,71.679,237.042,0.51,0.083,0.17,,on,-59,,validation test recording
2026-06-02T13:53:24.788721+00:00,2026-06-02 19:23:24,Abel,plug_2,NW_P2_Abel,P110,fridge,f371cfb9,normal,5.0,71.674,237.011,0.509,0.083,0.171,,on,-60,,validation test recording
2026-06-02T13:53:30.050466+00:00,2026-06-02 19:23:30,Abel,plug_2,NW_P2_Abel,P110,fridge,f371cfb9,normal,5.0,71.484,237.025,0.511,0.083,0.171,,on,-62,,validation test recording
2026-06-02T13:53:35.309315+00:00,2026-06-02 19:23:35,Abel,plug_2,NW_P2_Abel,P110,fridge,f371cfb9,normal,5.0,71.575,237.18,0.509,0.083,0.171,,on,-59,,validation test recording
2026-06-02T13:53:40.564003+00:00,2026-06-02 19:23:40,Abel,plug_2,NW_P2_Abel,P110,fridge,f371cfb9,normal,5.0,71.388,237.169,0.509,0.084,0.171,,on,-58,,validation test recording
2026-06-02T13:53:45.834079+00:00,2026-06-02 19:23:45,Abel,plug_2,NW_P2_Abel,P110,fridge,f371cfb9,normal,5.0,71.287,237.104,0.509,0.084,0.171,,on,-62,,validation test recording
2026-06-02T13:53:51.101129+00:00,2026-06-02 19:23:51,Abel,plug_2,NW_P2_Abel,P110,fridge,f371cfb9,normal,5.0,71.308,237.18,0.51,0.084,0.171,,on,-61,,validation test recording
2026-06-02T13:53:56.399435+00:00,2026-06-02 19:23:56,Abel,plug_2,NW_P2_Abel,P110,fridge,f371cfb9,normal,5.0,71.264,237.237,0.508,0.084,0.171,,on,-60,,validation test recording
2026-06-02T13:54:01.668466+00:00,2026-06-02 19:24:01,Abel,plug_2,NW_P2_Abel,P110,fridge,f371cfb9,normal,5.0,71.017,237.18,0.509,0.084,0.171,,on,-60,,validation test recording
2026-06-02T13:54:06.908611+00:00,2026-06-02 19:24:06,Abel,plug_2,NW_P2_Abel,P110,fridge,f371cfb9,normal,5.0,71.128,237.136,0.511,0.084,0.171,,on,-61,,validation test recording
2026-06-02T13:54:12.168284+00:00,2026-06-02 19:24:12,Abel,plug_2,NW_P2_Abel,P110,fridge,f371cfb9,normal,5.0,71.056,237.172,0.511,0.084,0.172,,on,-60,,validation test recording
2026-06-02T13:54:17.409594+00:00,2026-06-02 19:24:17,Abel,plug_2,NW_P2_Abel,P110,fridge,f371cfb9,normal,5.0,71.158,237.0,0.51,0.084,0.172,,on,-61,,validation test recording
2026-06-02T13:54:22.652324+00:00,2026-06-02 19:24:22,Abel,plug_2,NW_P2_Abel,P110,fridge,f371cfb9,normal,5.0,71.047,236.81,0.51,0.084,0.172,,on,-61,,validation test recording
2026-06-02T13:54:28.025267+00:00,2026-06-02 19:24:28,Abel,plug_2,NW_P2_Abel,P110,fridge,f371cfb9,normal,5.0,70.979,236.9,0.507,0.085,0.172,,on,-61,,validation test recording
2026-06-02T13:54:33.316665+00:00,2026-06-02 19:24:33,Abel,plug_2,NW_P2_Abel,P110,fridge,f371cfb9,normal,5.0,71.01,236.852,0.508,0.085,0.172,,on,-57,,validation test recording
2026-06-02T13:54:38.575995+00:00,2026-06-02 19:24:38,Abel,plug_2,NW_P2_Abel,P110,fridge,f371cfb9,normal,5.0,70.824,236.826,0.509,0.085,0.172,,on,-59,,validation test recording
2026-06-02T13:54:43.843773+00:00,2026-06-02 19:24:43,Abel,plug_2,NW_P2_Abel,P110,fridge,f371cfb9,normal,5.0,70.797,236.899,0.508,0.085,0.172,,on,-59,,validation test recording
2026-06-02T13:54:49.079036+00:00,2026-06-02 19:24:49,Abel,plug_2,NW_P2_Abel,P110,fridge,f371cfb9,normal,5.0,70.893,236.914,0.508,0.085,0.172,,on,-60,,validation test recording
2026-06-02T13:54:54.339980+00:00,2026-06-02 19:24:54,Abel,plug_2,NW_P2_Abel,P110,fridge,f371cfb9,normal,5.0,70.798,236.829,0.508,0.085,0.172,,on,-60,,validation test recording
2026-06-02T13:54:59.611477+00:00,2026-06-02 19:24:59,Abel,plug_2,NW_P2_Abel,P110,fridge,f371cfb9,normal,5.0,70.755,236.836,0.507,0.085,0.172,,on,-57,,validation test recording
2026-06-02T13:55:04.891209+00:00,2026-06-02 19:25:04,Abel,plug_2,NW_P2_Abel,P110,fridge,f371cfb9,normal,5.0,70.724,236.89,0.507,0.085,0.173,,on,-62,,validation test recording
2026-06-02T13:55:10.159954+00:00,2026-06-02 19:25:10,Abel,plug_2,NW_P2_Abel,P110,fridge,f371cfb9,normal,5.0,70.691,236.799,0.507,0.085,0.173,,on,-59,,validation test recording
2026-06-02T13:55:15.407000+00:00,2026-06-02 19:25:15,Abel,plug_2,NW_P2_Abel,P110,fridge,f371cfb9,normal,5.0,70.587,236.771,0.505,0.085,0.173,,on,-60,,validation test recording
2026-06-02T13:55:20.672597+00:00,2026-06-02 19:25:20,Abel,plug_2,NW_P2_Abel,P110,fridge,f371cfb9,normal,5.0,70.408,236.537,0.506,0.086,0.173,,on,-57,,validation test recording
2026-06-02T13:55:25.927220+00:00,2026-06-02 19:25:25,Abel,plug_2,NW_P2_Abel,P110,fridge,f371cfb9,normal,5.0,70.462,236.502,0.506,0.086,0.173,,on,-59,,validation test recording
2026-06-02T13:55:31.192594+00:00,2026-06-02 19:25:31,Abel,plug_2,NW_P2_Abel,P110,fridge,f371cfb9,normal,5.0,70.431,236.514,0.506,0.086,0.173,,on,-61,,validation test recording
2026-06-02T13:55:36.451470+00:00,2026-06-02 19:25:36,Abel,plug_2,NW_P2_Abel,P110,fridge,f371cfb9,normal,5.0,70.438,236.633,0.508,0.086,0.173,,on,-59,,validation test recording
2026-06-02T13:55:41.701505+00:00,2026-06-02 19:25:41,Abel,plug_2,NW_P2_Abel,P110,fridge,f371cfb9,normal,5.0,70.395,236.621,0.508,0.086,0.173,,on,-60,,validation test recording
2026-06-02T13:55:46.941386+00:00,2026-06-02 19:25:46,Abel,plug_2,NW_P2_Abel,P110,fridge,f371cfb9,normal,5.0,70.208,236.608,0.507,0.086,0.173,,on,-61,,validation test recording
2026-06-02T13:55:52.205007+00:00,2026-06-02 19:25:52,Abel,plug_2,NW_P2_Abel,P110,fridge,f371cfb9,normal,5.0,70.47,236.579,0.506,0.086,0.173,,on,-59,,validation test recording
2026-06-02T13:55:57.463657+00:00,2026-06-02 19:25:57,Abel,plug_2,NW_P2_Abel,P110,fridge,f371cfb9,normal,5.0,70.239,236.524,0.505,0.086,0.174,,on,-62,,validation test recording
2026-06-02T13:56:02.712814+00:00,2026-06-02 19:26:02,Abel,plug_2,NW_P2_Abel,P110,fridge,f371cfb9,normal,5.0,70.242,236.62,0.505,0.086,0.174,,on,-61,,validation test recording
2026-06-02T13:56:07.953950+00:00,2026-06-02 19:26:07,Abel,plug_2,NW_P2_Abel,P110,fridge,f371cfb9,normal,5.0,70.147,236.502,0.505,0.087,0.174,,on,-60,,validation test recording
2026-06-02T13:56:13.194073+00:00,2026-06-02 19:26:13,Abel,plug_2,NW_P2_Abel,P110,fridge,f371cfb9,normal,5.0,70.16,236.436,0.503,0.087,0.174,,on,-58,,validation test recording
2026-06-02T13:56:18.449814+00:00,2026-06-02 19:26:18,Abel,plug_2,NW_P2_Abel,P110,fridge,f371cfb9,normal,5.0,70.104,236.464,0.503,0.087,0.174,,on,-59,,validation test recording
2026-06-02T13:56:23.736504+00:00,2026-06-02 19:26:23,Abel,plug_2,NW_P2_Abel,P110,fridge,f371cfb9,normal,5.0,70.156,236.49,0.503,0.087,0.174,,on,-59,,validation test recording
2026-06-02T13:56:28.982160+00:00,2026-06-02 19:26:28,Abel,plug_2,NW_P2_Abel,P110,fridge,f371cfb9,normal,5.0,69.911,236.475,0.502,0.087,0.174,,on,-60,,validation test recording
2026-06-02T13:56:34.240473+00:00,2026-06-02 19:26:34,Abel,plug_2,NW_P2_Abel,P110,fridge,f371cfb9,normal,5.0,69.931,236.559,0.502,0.087,0.174,,on,-60,,validation test recording
2026-06-02T13:56:39.502148+00:00,2026-06-02 19:26:39,Abel,plug_2,NW_P2_Abel,P110,fridge,f371cfb9,normal,5.0,70.09,236.657,0.503,0.087,0.174,,on,-60,,validation test recording
2026-06-02T13:56:44.753139+00:00,2026-06-02 19:26:44,Abel,plug_2,NW_P2_Abel,P110,fridge,f371cfb9,normal,5.0,70.019,236.659,0.504,0.087,0.175,,on,-60,,validation test recording
2026-06-02T13:56:49.993669+00:00,2026-06-02 19:26:49,Abel,plug_2,NW_P2_Abel,P110,fridge,f371cfb9,normal,5.0,69.993,236.561,0.503,0.087,0.175,,on,-60,,validation test recording
2026-06-02T13:56:55.258413+00:00,2026-06-02 19:26:55,Abel,plug_2,NW_P2_Abel,P110,fridge,f371cfb9,normal,5.0,69.938,236.586,0.503,0.087,0.175,,on,-61,,validation test recording
2026-06-02T13:57:00.499366+00:00,2026-06-02 19:27:00,Abel,plug_2,NW_P2_Abel,P110,fridge,f371cfb9,normal,5.0,69.922,236.644,0.503,0.088,0.175,,on,-60,,validation test recording
2026-06-02T13:57:05.757899+00:00,2026-06-02 19:27:05,Abel,plug_2,NW_P2_Abel,P110,fridge,f371cfb9,normal,5.0,69.783,236.633,0.503,0.088,0.175,,on,-59,,validation test recording
2026-06-02T13:57:11.055313+00:00,2026-06-02 19:27:11,Abel,plug_2,NW_P2_Abel,P110,fridge,f371cfb9,normal,5.0,69.876,236.644,0.505,0.088,0.175,,on,-61,,validation test recording
2026-06-02T13:57:16.318852+00:00,2026-06-02 19:27:16,Abel,plug_2,NW_P2_Abel,P110,fridge,f371cfb9,normal,5.0,69.714,236.698,0.502,0.088,0.175,,on,-58,,validation test recording
2026-06-02T13:57:21.573753+00:00,2026-06-02 19:27:21,Abel,plug_2,NW_P2_Abel,P110,fridge,f371cfb9,normal,5.0,69.812,236.622,0.502,0.088,0.175,,on,-57,,validation test recording
2026-06-02T13:57:26.842797+00:00,2026-06-02 19:27:26,Abel,plug_2,NW_P2_Abel,P110,fridge,f371cfb9,normal,5.0,69.622,236.647,0.5,0.088,0.175,,on,-60,,validation test recording
2026-06-02T13:57:32.086696+00:00,2026-06-02 19:27:32,Abel,plug_2,NW_P2_Abel,P110,fridge,f371cfb9,normal,5.0,69.542,236.715,0.499,0.088,0.175,,on,-62,,validation test recording
2026-06-02T13:57:37.350044+00:00,2026-06-02 19:27:37,Abel,plug_2,NW_P2_Abel,P110,fridge,f371cfb9,normal,5.0,69.652,236.777,0.498,0.088,0.176,,on,-60,,validation test recording
2026-06-02T13:57:42.626016+00:00,2026-06-02 19:27:42,Abel,plug_2,NW_P2_Abel,P110,fridge,f371cfb9,normal,5.0,69.635,236.824,0.5,0.088,0.176,,on,-63,,validation test recording
2026-06-02T13:57:47.863706+00:00,2026-06-02 19:27:47,Abel,plug_2,NW_P2_Abel,P110,fridge,f371cfb9,normal,5.0,69.44,236.811,0.499,0.088,0.176,,on,-60,,validation test recording
2026-06-02T13:57:53.113944+00:00,2026-06-02 19:27:53,Abel,plug_2,NW_P2_Abel,P110,fridge,f371cfb9,normal,5.0,69.55,236.729,0.499,0.089,0.176,,on,-59,,validation test recording
2026-06-02T13:57:58.371911+00:00,2026-06-02 19:27:58,Abel,plug_2,NW_P2_Abel,P110,fridge,f371cfb9,normal,5.0,69.499,236.752,0.499,0.089,0.176,,on,-60,,validation test recording
2026-06-02T13:58:03.634709+00:00,2026-06-02 19:28:03,Abel,plug_2,NW_P2_Abel,P110,fridge,f371cfb9,normal,5.0,69.512,236.729,0.498,0.089,0.176,,on,-58,,validation test recording
2026-06-02T13:58:08.872403+00:00,2026-06-02 19:28:08,Abel,plug_2,NW_P2_Abel,P110,fridge,f371cfb9,normal,5.0,69.256,236.725,0.499,0.089,0.176,,on,-60,,validation test recording
2026-06-02T13:58:14.188413+00:00,2026-06-02 19:28:14,Abel,plug_2,NW_P2_Abel,P110,fridge,f371cfb9,normal,5.0,69.401,236.886,0.498,0.089,0.176,,on,-58,,validation test recording
2026-06-02T13:58:19.671308+00:00,2026-06-02 19:28:19,Abel,plug_2,NW_P2_Abel,P110,fridge,f371cfb9,normal,5.0,69.315,236.978,0.496,0.089,0.176,,on,-59,,validation test recording
2026-06-02T13:58:24.948501+00:00,2026-06-02 19:28:24,Abel,plug_2,NW_P2_Abel,P110,fridge,f371cfb9,normal,5.0,69.323,236.944,0.497,0.089,0.176,,on,-57,,validation test recording
2026-06-02T13:58:30.209769+00:00,2026-06-02 19:28:30,Abel,plug_2,NW_P2_Abel,P110,fridge,f371cfb9,normal,5.0,69.223,236.965,0.498,0.089,0.177,,on,-59,,validation test recording
2026-06-02T13:58:35.462185+00:00,2026-06-02 19:28:35,Abel,plug_2,NW_P2_Abel,P110,fridge,f371cfb9,normal,5.0,69.329,236.533,0.498,0.089,0.177,,on,-58,,validation test recording
2026-06-02T13:58:40.780023+00:00,2026-06-02 19:28:40,Abel,plug_2,NW_P2_Abel,P110,fridge,f371cfb9,normal,5.0,69.201,236.528,0.496,0.089,0.177,,on,-59,,validation test recording
2026-06-02T13:58:46.026133+00:00,2026-06-02 19:28:46,Abel,plug_2,NW_P2_Abel,P110,fridge,f371cfb9,normal,5.0,69.239,236.519,0.497,0.09,0.177,,on,-57,,validation test recording
2026-06-02T13:58:51.265457+00:00,2026-06-02 19:28:51,Abel,plug_2,NW_P2_Abel,P110,fridge,f371cfb9,normal,5.0,69.158,236.562,0.498,0.09,0.177,,on,-59,,validation test recording
2026-06-02T13:58:56.535496+00:00,2026-06-02 19:28:56,Abel,plug_2,NW_P2_Abel,P110,fridge,f371cfb9,normal,5.0,69.291,236.639,0.498,0.09,0.177,,on,-62,,validation test recording
2026-06-02T13:59:01.809720+00:00,2026-06-02 19:29:01,Abel,plug_2,NW_P2_Abel,P110,fridge,f371cfb9,normal,5.0,69.156,236.538,0.496,0.09,0.177,,on,-60,,validation test recording
2026-06-02T13:59:07.067510+00:00,2026-06-02 19:29:07,Abel,plug_2,NW_P2_Abel,P110,fridge,f371cfb9,normal,5.0,69.155,236.611,0.496,0.09,0.177,,on,-59,,validation test recording
2026-06-02T13:59:12.311974+00:00,2026-06-02 19:29:12,Abel,plug_2,NW_P2_Abel,P110,fridge,f371cfb9,normal,5.0,69.172,236.712,0.496,0.09,0.177,,on,-60,,validation test recording
2026-06-02T13:59:17.569863+00:00,2026-06-02 19:29:17,Abel,plug_2,NW_P2_Abel,P110,fridge,f371cfb9,normal,5.0,69.091,236.822,0.496,0.09,0.177,,on,-62,,validation test recording
2026-06-02T13:59:22.837486+00:00,2026-06-02 19:29:22,Abel,plug_2,NW_P2_Abel,P110,fridge,f371cfb9,normal,5.0,69.024,236.964,0.495,0.09,0.178,,on,-59,,validation test recording
2026-06-02T13:59:28.102505+00:00,2026-06-02 19:29:28,Abel,plug_2,NW_P2_Abel,P110,fridge,f371cfb9,normal,5.0,69.045,237.001,0.496,0.09,0.178,,on,-60,,validation test recording
2026-06-02T13:59:33.378123+00:00,2026-06-02 19:29:33,Abel,plug_2,NW_P2_Abel,P110,fridge,f371cfb9,normal,5.0,69.067,236.947,0.497,0.09,0.178,,on,-58,,validation test recording
2026-06-02T13:59:38.631413+00:00,2026-06-02 19:29:38,Abel,plug_2,NW_P2_Abel,P110,fridge,f371cfb9,normal,5.0,68.973,236.919,0.496,0.091,0.178,,on,-58,,validation test recording
2026-06-02T13:59:43.899926+00:00,2026-06-02 19:29:43,Abel,plug_2,NW_P2_Abel,P110,fridge,f371cfb9,normal,5.0,68.988,236.987,0.497,0.091,0.178,,on,-62,,validation test recording
2026-06-02T13:59:49.142762+00:00,2026-06-02 19:29:49,Abel,plug_2,NW_P2_Abel,P110,fridge,f371cfb9,normal,5.0,68.97,237.019,0.496,0.091,0.178,,on,-59,,validation test recording
2026-06-02T13:59:54.402848+00:00,2026-06-02 19:29:54,Abel,plug_2,NW_P2_Abel,P110,fridge,f371cfb9,normal,5.0,68.89,236.977,0.495,0.091,0.178,,on,-59,,validation test recording
2026-06-02T13:59:59.680120+00:00,2026-06-02 19:29:59,Abel,plug_2,NW_P2_Abel,P110,fridge,f371cfb9,normal,5.0,68.782,236.988,0.495,0.091,0.178,,on,-59,,validation test recording
2026-06-02T14:00:04.986435+00:00,2026-06-02 19:30:04,Abel,plug_2,NW_P2_Abel,P110,fridge,f371cfb9,normal,5.0,68.964,236.936,0.495,0.091,0.178,,on,-59,,validation test recording
2026-06-02T14:00:10.234206+00:00,2026-06-02 19:30:10,Abel,plug_2,NW_P2_Abel,P110,fridge,f371cfb9,normal,5.0,68.865,236.976,0.496,0.091,0.178,,on,-61,,validation test recording
2026-06-02T14:00:15.514358+00:00,2026-06-02 19:30:15,Abel,plug_2,NW_P2_Abel,P110,fridge,f371cfb9,normal,5.0,68.753,237.082,0.494,0.091,0.179,,on,-58,,validation test recording
2026-06-02T14:00:20.807344+00:00,2026-06-02 19:30:20,Abel,plug_2,NW_P2_Abel,P110,fridge,f371cfb9,normal,5.0,68.84,237.049,0.495,0.091,0.179,,on,-59,,validation test recording
2026-06-02T14:00:26.054445+00:00,2026-06-02 19:30:26,Abel,plug_2,NW_P2_Abel,P110,fridge,f371cfb9,normal,5.0,68.865,237.071,0.494,0.091,0.179,,on,-58,,validation test recording
2026-06-02T14:00:31.317959+00:00,2026-06-02 19:30:31,Abel,plug_2,NW_P2_Abel,P110,fridge,f371cfb9,normal,5.0,68.899,237.062,0.495,0.092,0.179,,on,-59,,validation test recording
2026-06-02T14:00:36.608163+00:00,2026-06-02 19:30:36,Abel,plug_2,NW_P2_Abel,P110,fridge,f371cfb9,normal,5.0,68.846,236.945,0.493,0.092,0.179,,on,-62,,validation test recording
2026-06-02T14:00:41.884665+00:00,2026-06-02 19:30:41,Abel,plug_2,NW_P2_Abel,P110,fridge,f371cfb9,normal,5.0,68.766,236.896,0.493,0.092,0.179,,on,-59,,validation test recording
2026-06-02T14:00:47.153383+00:00,2026-06-02 19:30:47,Abel,plug_2,NW_P2_Abel,P110,fridge,f371cfb9,normal,5.0,68.828,237.004,0.492,0.092,0.179,,on,-58,,validation test recording
2026-06-02T14:00:52.432603+00:00,2026-06-02 19:30:52,Abel,plug_2,NW_P2_Abel,P110,fridge,f371cfb9,normal,5.0,68.872,236.89,0.495,0.092,0.179,,on,-58,,validation test recording
2026-06-02T14:00:57.696159+00:00,2026-06-02 19:30:57,Abel,plug_2,NW_P2_Abel,P110,fridge,f371cfb9,normal,5.0,68.836,237.0,0.494,0.092,0.179,,on,-60,,validation test recording
2026-06-02T14:01:02.946991+00:00,2026-06-02 19:31:02,Abel,plug_2,NW_P2_Abel,P110,fridge,f371cfb9,normal,5.0,68.726,237.052,0.495,0.092,0.179,,on,-61,,validation test recording
2026-06-02T14:01:08.188798+00:00,2026-06-02 19:31:08,Abel,plug_2,NW_P2_Abel,P110,fridge,f371cfb9,normal,5.0,68.674,237.057,0.493,0.092,0.18,,on,-60,,validation test recording
2026-06-02T14:01:13.448757+00:00,2026-06-02 19:31:13,Abel,plug_2,NW_P2_Abel,P110,fridge,f371cfb9,normal,5.0,68.559,236.968,0.493,0.092,0.18,,on,-61,,validation test recording
2026-06-02T14:01:18.705781+00:00,2026-06-02 19:31:18,Abel,plug_2,NW_P2_Abel,P110,fridge,f371cfb9,normal,5.0,68.678,237.236,0.49,0.092,0.18,,on,-59,,validation test recording
2026-06-02T14:01:24.001943+00:00,2026-06-02 19:31:24,Abel,plug_2,NW_P2_Abel,P110,fridge,f371cfb9,normal,5.0,68.669,237.255,0.491,0.093,0.18,,on,-60,,validation test recording
2026-06-02T14:01:29.276741+00:00,2026-06-02 19:31:29,Abel,plug_2,NW_P2_Abel,P110,fridge,f371cfb9,normal,5.0,68.649,237.111,0.492,0.093,0.18,,on,-62,,validation test recording
2026-06-02T14:01:34.535967+00:00,2026-06-02 19:31:34,Abel,plug_2,NW_P2_Abel,P110,fridge,f371cfb9,normal,5.0,68.639,237.147,0.491,0.093,0.18,,on,-61,,validation test recording
2026-06-02T14:01:39.799109+00:00,2026-06-02 19:31:39,Abel,plug_2,NW_P2_Abel,P110,fridge,f371cfb9,normal,5.0,68.674,237.144,0.489,0.093,0.18,,on,-58,,validation test recording
2026-06-02T14:01:45.055839+00:00,2026-06-02 19:31:45,Abel,plug_2,NW_P2_Abel,P110,fridge,f371cfb9,normal,5.0,68.588,237.198,0.492,0.093,0.18,,on,-59,,validation test recording
2026-06-02T14:01:50.303108+00:00,2026-06-02 19:31:50,Abel,plug_2,NW_P2_Abel,P110,fridge,f371cfb9,normal,5.0,68.546,237.109,0.492,0.093,0.18,,on,-61,,validation test recording
2026-06-02T14:01:55.571856+00:00,2026-06-02 19:31:55,Abel,plug_2,NW_P2_Abel,P110,fridge,f371cfb9,normal,5.0,68.571,237.135,0.493,0.093,0.18,,on,-56,,validation test recording
2026-06-02T14:02:00.861144+00:00,2026-06-02 19:32:00,Abel,plug_2,NW_P2_Abel,P110,fridge,f371cfb9,normal,5.0,68.52,237.187,0.494,0.093,0.181,,on,-56,,validation test recording
2026-06-02T14:02:06.115935+00:00,2026-06-02 19:32:06,Abel,plug_2,NW_P2_Abel,P110,fridge,f371cfb9,normal,5.0,68.601,237.194,0.493,0.093,0.181,,on,-59,,validation test recording
2026-06-02T14:02:11.363943+00:00,2026-06-02 19:32:11,Abel,plug_2,NW_P2_Abel,P110,fridge,f371cfb9,normal,5.0,68.454,237.224,0.492,0.093,0.181,,on,-61,,validation test recording
2026-06-02T14:02:16.620547+00:00,2026-06-02 19:32:16,Abel,plug_2,NW_P2_Abel,P110,fridge,f371cfb9,normal,5.0,68.556,237.262,0.494,0.094,0.181,,on,-61,,validation test recording
2026-06-02T14:02:21.890899+00:00,2026-06-02 19:32:21,Abel,plug_2,NW_P2_Abel,P110,fridge,f371cfb9,normal,5.0,68.319,237.301,0.491,0.094,0.181,,on,-58,,validation test recording
2026-06-02T14:02:27.181443+00:00,2026-06-02 19:32:27,Abel,plug_2,NW_P2_Abel,P110,fridge,f371cfb9,normal,5.0,68.4,237.23,0.492,0.094,0.181,,on,-64,,validation test recording
2026-06-02T14:02:32.460411+00:00,2026-06-02 19:32:32,Abel,plug_2,NW_P2_Abel,P110,fridge,f371cfb9,normal,5.0,68.44,237.33,0.493,0.094,0.181,,on,-63,,validation test recording
2026-06-02T14:02:37.733465+00:00,2026-06-02 19:32:37,Abel,plug_2,NW_P2_Abel,P110,fridge,f371cfb9,normal,5.0,68.35,237.325,0.493,0.094,0.181,,on,-62,,validation test recording
2026-06-02T14:02:42.996686+00:00,2026-06-02 19:32:42,Abel,plug_2,NW_P2_Abel,P110,fridge,f371cfb9,normal,5.0,68.495,237.489,0.491,0.094,0.181,,on,-62,,validation test recording
2026-06-02T14:02:48.257427+00:00,2026-06-02 19:32:48,Abel,plug_2,NW_P2_Abel,P110,fridge,f371cfb9,normal,5.0,68.356,237.432,0.491,0.094,0.181,,on,-60,,validation test recording
2026-06-02T14:02:53.531683+00:00,2026-06-02 19:32:53,Abel,plug_2,NW_P2_Abel,P110,fridge,f371cfb9,normal,5.0,68.249,237.399,0.49,0.094,0.182,,on,-60,,validation test recording
2026-06-02T14:02:58.801305+00:00,2026-06-02 19:32:58,Abel,plug_2,NW_P2_Abel,P110,fridge,f371cfb9,normal,5.0,68.176,237.326,0.491,0.094,0.182,,on,-59,,validation test recording
2026-06-02T14:03:04.081382+00:00,2026-06-02 19:33:04,Abel,plug_2,NW_P2_Abel,P110,fridge,f371cfb9,normal,5.0,68.252,237.337,0.489,0.094,0.182,,on,-62,,validation test recording
2026-06-02T14:03:09.347715+00:00,2026-06-02 19:33:09,Abel,plug_2,NW_P2_Abel,P110,fridge,f371cfb9,normal,5.0,68.269,237.47,0.489,0.095,0.182,,on,-61,,validation test recording
2026-06-02T14:03:14.627750+00:00,2026-06-02 19:33:14,Abel,plug_2,NW_P2_Abel,P110,fridge,f371cfb9,normal,5.0,68.379,237.373,0.49,0.095,0.182,,on,-64,,validation test recording
2026-06-02T14:03:19.891812+00:00,2026-06-02 19:33:19,Abel,plug_2,NW_P2_Abel,P110,fridge,f371cfb9,normal,5.0,68.363,237.299,0.491,0.095,0.182,,on,-61,,validation test recording
2026-06-02T14:03:25.146214+00:00,2026-06-02 19:33:25,Abel,plug_2,NW_P2_Abel,P110,fridge,f371cfb9,normal,5.0,68.197,237.186,0.487,0.095,0.182,,on,-61,,validation test recording
2026-06-02T14:03:30.433399+00:00,2026-06-02 19:33:30,Abel,plug_2,NW_P2_Abel,P110,fridge,f371cfb9,normal,5.0,68.056,237.186,0.487,0.095,0.182,,on,-60,,validation test recording
2026-06-02T14:03:35.726149+00:00,2026-06-02 19:33:35,Abel,plug_2,NW_P2_Abel,P110,fridge,f371cfb9,normal,5.0,68.227,237.284,0.487,0.095,0.182,,on,-61,,validation test recording
2026-06-02T14:03:40.992015+00:00,2026-06-02 19:33:40,Abel,plug_2,NW_P2_Abel,P110,fridge,f371cfb9,normal,5.0,68.278,237.208,0.489,0.095,0.182,,on,-61,,validation test recording
2026-06-02T14:03:46.270721+00:00,2026-06-02 19:33:46,Abel,plug_2,NW_P2_Abel,P110,fridge,f371cfb9,normal,5.0,68.201,237.333,0.491,0.095,0.183,,on,-62,,validation test recording
2026-06-02T14:03:51.533811+00:00,2026-06-02 19:33:51,Abel,plug_2,NW_P2_Abel,P110,fridge,f371cfb9,normal,5.0,68.167,237.481,0.49,0.095,0.183,,on,-62,,validation test recording
2026-06-02T14:03:56.803931+00:00,2026-06-02 19:33:56,Abel,plug_2,NW_P2_Abel,P110,fridge,f371cfb9,normal,5.0,68.244,237.497,0.49,0.095,0.183,,on,-60,,validation test recording
2026-06-02T14:04:02.079340+00:00,2026-06-02 19:34:02,Abel,plug_2,NW_P2_Abel,P110,fridge,f371cfb9,normal,5.0,68.11,237.364,0.489,0.096,0.183,,on,-62,,validation test recording
2026-06-02T14:04:07.334996+00:00,2026-06-02 19:34:07,Abel,plug_2,NW_P2_Abel,P110,fridge,f371cfb9,normal,5.0,68.282,237.275,0.49,0.096,0.183,,on,-62,,validation test recording
2026-06-02T14:04:12.610957+00:00,2026-06-02 19:34:12,Abel,plug_2,NW_P2_Abel,P110,fridge,f371cfb9,normal,5.0,68.211,237.213,0.49,0.096,0.183,,on,-60,,validation test recording
2026-06-02T14:04:17.880189+00:00,2026-06-02 19:34:17,Abel,plug_2,NW_P2_Abel,P110,fridge,f371cfb9,normal,5.0,68.209,237.36,0.491,0.096,0.183,,on,-63,,validation test recording
2026-06-02T14:04:23.169718+00:00,2026-06-02 19:34:23,Abel,plug_2,NW_P2_Abel,P110,fridge,f371cfb9,normal,5.0,68.158,237.337,0.491,0.096,0.183,,on,-62,,validation test recording
2026-06-02T14:04:28.448654+00:00,2026-06-02 19:34:28,Abel,plug_2,NW_P2_Abel,P110,fridge,f371cfb9,normal,5.0,68.16,237.354,0.492,0.096,0.183,,on,-60,,validation test recording
2026-06-02T14:04:33.739496+00:00,2026-06-02 19:34:33,Abel,plug_2,NW_P2_Abel,P110,fridge,f371cfb9,normal,5.0,68.033,237.331,0.492,0.096,0.183,,on,-62,,validation test recording
2026-06-02T14:04:38.990836+00:00,2026-06-02 19:34:38,Abel,plug_2,NW_P2_Abel,P110,fridge,f371cfb9,normal,5.0,68.061,237.482,0.491,0.096,0.184,,on,-62,,validation test recording
2026-06-02T14:04:44.230855+00:00,2026-06-02 19:34:44,Abel,plug_2,NW_P2_Abel,P110,fridge,f371cfb9,normal,5.0,68.215,237.529,0.492,0.096,0.184,,on,-62,,validation test recording
2026-06-02T14:04:49.498540+00:00,2026-06-02 19:34:49,Abel,plug_2,NW_P2_Abel,P110,fridge,f371cfb9,normal,5.0,68.091,237.426,0.491,0.096,0.184,,on,-62,,validation test recording
2026-06-02T14:04:54.749058+00:00,2026-06-02 19:34:54,Abel,plug_2,NW_P2_Abel,P110,fridge,f371cfb9,normal,5.0,68.001,237.454,0.491,0.097,0.184,,on,-63,,validation test recording
2026-06-02T14:05:00.003919+00:00,2026-06-02 19:35:00,Abel,plug_2,NW_P2_Abel,P110,fridge,f371cfb9,normal,5.0,68.073,237.342,0.491,0.097,0.184,,on,-62,,validation test recording
2026-06-02T14:05:05.243886+00:00,2026-06-02 19:35:05,Abel,plug_2,NW_P2_Abel,P110,fridge,f371cfb9,normal,5.0,67.956,237.37,0.491,0.097,0.184,,on,-62,,validation test recording
2026-06-02T14:05:10.499387+00:00,2026-06-02 19:35:10,Abel,plug_2,NW_P2_Abel,P110,fridge,f371cfb9,normal,5.0,67.936,236.727,0.489,0.097,0.184,,on,-61,,validation test recording
2026-06-02T14:05:15.762344+00:00,2026-06-02 19:35:15,Abel,plug_2,NW_P2_Abel,P110,fridge,f371cfb9,normal,5.0,67.989,236.784,0.489,0.097,0.184,,on,-63,,validation test recording
2026-06-02T14:05:21.025126+00:00,2026-06-02 19:35:21,Abel,plug_2,NW_P2_Abel,P110,fridge,f371cfb9,normal,5.0,67.94,236.729,0.488,0.097,0.184,,on,-62,,validation test recording
2026-06-02T14:05:26.320903+00:00,2026-06-02 19:35:26,Abel,plug_2,NW_P2_Abel,P110,fridge,f371cfb9,normal,5.0,67.948,236.547,0.488,0.097,0.184,,on,-61,,validation test recording
2026-06-02T14:05:31.585186+00:00,2026-06-02 19:35:31,Abel,plug_2,NW_P2_Abel,P110,fridge,f371cfb9,normal,5.0,68.037,236.522,0.489,0.097,0.185,,on,-62,,validation test recording
2026-06-02T14:05:36.882655+00:00,2026-06-02 19:35:36,Abel,plug_2,NW_P2_Abel,P110,fridge,f371cfb9,normal,5.0,67.753,236.673,0.488,0.097,0.185,,on,-62,,validation test recording
2026-06-02T14:05:42.126554+00:00,2026-06-02 19:35:42,Abel,plug_2,NW_P2_Abel,P110,fridge,f371cfb9,normal,5.0,67.794,235.307,0.487,0.097,0.185,,on,-63,,validation test recording
2026-06-02T14:05:47.386086+00:00,2026-06-02 19:35:47,Abel,plug_2,NW_P2_Abel,P110,fridge,f371cfb9,normal,5.0,67.812,235.253,0.487,0.098,0.185,,on,-62,,validation test recording
2026-06-02T14:05:52.650154+00:00,2026-06-02 19:35:52,Abel,plug_2,NW_P2_Abel,P110,fridge,f371cfb9,normal,5.0,67.798,235.323,0.486,0.098,0.185,,on,-63,,validation test recording
2026-06-02T14:05:57.908163+00:00,2026-06-02 19:35:57,Abel,plug_2,NW_P2_Abel,P110,fridge,f371cfb9,normal,5.0,67.801,235.321,0.487,0.098,0.185,,on,-62,,validation test recording
2026-06-02T14:06:03.169390+00:00,2026-06-02 19:36:03,Abel,plug_2,NW_P2_Abel,P110,fridge,f371cfb9,normal,5.0,67.747,235.314,0.486,0.098,0.185,,on,-62,,validation test recording
2026-06-02T14:06:08.411824+00:00,2026-06-02 19:36:08,Abel,plug_2,NW_P2_Abel,P110,fridge,f371cfb9,normal,5.0,67.733,235.29,0.484,0.098,0.185,,on,-62,,validation test recording
2026-06-02T14:06:13.709021+00:00,2026-06-02 19:36:13,Abel,plug_2,NW_P2_Abel,P110,fridge,f371cfb9,normal,5.0,67.709,235.298,0.484,0.098,0.185,,on,-62,,validation test recording
2026-06-02T14:06:18.950402+00:00,2026-06-02 19:36:18,Abel,plug_2,NW_P2_Abel,P110,fridge,f371cfb9,normal,5.0,67.668,235.261,0.484,0.098,0.185,,on,-62,,validation test recording
2026-06-02T14:06:24.195097+00:00,2026-06-02 19:36:24,Abel,plug_2,NW_P2_Abel,P110,fridge,f371cfb9,normal,5.0,67.742,235.586,0.484,0.098,0.186,,on,-62,,validation test recording
2026-06-02T14:06:29.448387+00:00,2026-06-02 19:36:29,Abel,plug_2,NW_P2_Abel,P110,fridge,f371cfb9,normal,5.0,67.632,235.479,0.485,0.098,0.186,,on,-62,,validation test recording
2026-06-02T14:06:34.726703+00:00,2026-06-02 19:36:34,Abel,plug_2,NW_P2_Abel,P110,fridge,f371cfb9,normal,5.0,67.807,235.582,0.486,0.098,0.186,,on,-62,,validation test recording
2026-06-02T14:06:40.008982+00:00,2026-06-02 19:36:40,Abel,plug_2,NW_P2_Abel,P110,fridge,f371cfb9,normal,5.0,67.691,235.646,0.486,0.099,0.186,,on,-62,,validation test recording
2026-06-02T14:06:45.255620+00:00,2026-06-02 19:36:45,Abel,plug_2,NW_P2_Abel,P110,fridge,f371cfb9,normal,5.0,67.693,235.74,0.487,0.099,0.186,,on,-60,,validation test recording
2026-06-02T14:06:50.568019+00:00,2026-06-02 19:36:50,Abel,plug_2,NW_P2_Abel,P110,fridge,f371cfb9,normal,5.0,67.589,235.614,0.484,0.099,0.186,,on,-62,,validation test recording
2026-06-02T14:06:55.821620+00:00,2026-06-02 19:36:55,Abel,plug_2,NW_P2_Abel,P110,fridge,f371cfb9,normal,5.0,67.678,235.705,0.484,0.099,0.186,,on,-62,,validation test recording
2026-06-02T14:07:01.090136+00:00,2026-06-02 19:37:01,Abel,plug_2,NW_P2_Abel,P110,fridge,f371cfb9,normal,5.0,67.672,235.708,0.485,0.099,0.186,,on,-62,,validation test recording
2026-06-02T14:07:06.350381+00:00,2026-06-02 19:37:06,Abel,plug_2,NW_P2_Abel,P110,fridge,f371cfb9,normal,5.0,67.659,235.429,0.483,0.099,0.186,,on,-61,,validation test recording
2026-06-02T14:07:11.792835+00:00,2026-06-02 19:37:11,Abel,plug_2,NW_P2_Abel,P110,fridge,f371cfb9,normal,5.0,67.577,235.387,0.483,0.099,0.186,,on,-62,,validation test recording
2026-06-02T14:07:17.039114+00:00,2026-06-02 19:37:17,Abel,plug_2,NW_P2_Abel,P110,fridge,f371cfb9,normal,5.0,67.582,235.291,0.484,0.099,0.187,,on,-62,,validation test recording
2026-06-02T14:07:22.304849+00:00,2026-06-02 19:37:22,Abel,plug_2,NW_P2_Abel,P110,fridge,f371cfb9,normal,5.0,67.573,235.3,0.485,0.099,0.187,,on,-61,,validation test recording
2026-06-02T14:07:27.558480+00:00,2026-06-02 19:37:27,Abel,plug_2,NW_P2_Abel,P110,fridge,f371cfb9,normal,5.0,67.57,236.029,0.484,0.099,0.187,,on,-62,,validation test recording
2026-06-02T14:07:32.866511+00:00,2026-06-02 19:37:32,Abel,plug_2,NW_P2_Abel,P110,fridge,f371cfb9,normal,5.0,67.561,235.981,0.482,0.1,0.187,,on,-61,,validation test recording
2026-06-02T14:07:38.136981+00:00,2026-06-02 19:37:38,Abel,plug_2,NW_P2_Abel,P110,fridge,f371cfb9,normal,5.0,67.491,236.021,0.482,0.1,0.187,,on,-63,,validation test recording
2026-06-02T14:07:43.447546+00:00,2026-06-02 19:37:43,Abel,plug_2,NW_P2_Abel,P110,fridge,f371cfb9,normal,5.0,67.52,235.992,0.484,0.1,0.187,,on,-62,,validation test recording
2026-06-02T14:07:48.707495+00:00,2026-06-02 19:37:48,Abel,plug_2,NW_P2_Abel,P110,fridge,f371cfb9,normal,5.0,67.561,236.214,0.484,0.1,0.187,,on,-62,,validation test recording
2026-06-02T14:07:53.965434+00:00,2026-06-02 19:37:53,Abel,plug_2,NW_P2_Abel,P110,fridge,f371cfb9,normal,5.0,67.552,236.174,0.483,0.1,0.187,,on,-63,,validation test recording
2026-06-02T14:07:59.236124+00:00,2026-06-02 19:37:59,Abel,plug_2,NW_P2_Abel,P110,fridge,f371cfb9,normal,5.0,67.579,236.133,0.484,0.1,0.187,,on,-62,,validation test recording
2026-06-02T14:08:04.490846+00:00,2026-06-02 19:38:04,Abel,plug_2,NW_P2_Abel,P110,fridge,f371cfb9,normal,5.0,67.531,236.088,0.484,0.1,0.187,,on,-62,,validation test recording
2026-06-02T14:08:09.740477+00:00,2026-06-02 19:38:09,Abel,plug_2,NW_P2_Abel,P110,fridge,f371cfb9,normal,5.0,67.419,236.034,0.484,0.1,0.188,,on,-62,,validation test recording
2026-06-02T14:08:15.044491+00:00,2026-06-02 19:38:15,Abel,plug_2,NW_P2_Abel,P110,fridge,f371cfb9,normal,5.0,67.448,235.921,0.484,0.1,0.188,,on,-61,,validation test recording
2026-06-02T14:08:20.338477+00:00,2026-06-02 19:38:20,Abel,plug_2,NW_P2_Abel,P110,fridge,f371cfb9,normal,5.0,67.479,235.997,0.485,0.1,0.188,,on,-62,,validation test recording
2026-06-02T14:08:25.595480+00:00,2026-06-02 19:38:25,Abel,plug_2,NW_P2_Abel,P110,fridge,f371cfb9,normal,5.0,67.451,235.956,0.484,0.101,0.188,,on,-62,,validation test recording
2026-06-02T14:08:30.859454+00:00,2026-06-02 19:38:30,Abel,plug_2,NW_P2_Abel,P110,fridge,f371cfb9,normal,5.0,67.439,235.899,0.484,0.101,0.188,,on,-62,,validation test recording
2026-06-02T14:08:36.124935+00:00,2026-06-02 19:38:36,Abel,plug_2,NW_P2_Abel,P110,fridge,f371cfb9,normal,5.0,67.46,235.834,0.486,0.101,0.188,,on,-62,,validation test recording
2026-06-02T14:08:41.385544+00:00,2026-06-02 19:38:41,Abel,plug_2,NW_P2_Abel,P110,fridge,f371cfb9,normal,5.0,67.409,236.01,0.485,0.101,0.188,,on,-62,,validation test recording
2026-06-02T14:08:46.663250+00:00,2026-06-02 19:38:46,Abel,plug_2,NW_P2_Abel,P110,fridge,f371cfb9,normal,5.0,67.39,235.837,0.484,0.101,0.188,,on,-62,,validation test recording
2026-06-02T14:08:52.065037+00:00,2026-06-02 19:38:52,Abel,plug_2,NW_P2_Abel,P110,fridge,f371cfb9,normal,5.0,67.376,235.689,0.483,0.101,0.188,,on,-62,,validation test recording
2026-06-02T14:08:57.339216+00:00,2026-06-02 19:38:57,Abel,plug_2,NW_P2_Abel,P110,fridge,f371cfb9,normal,5.0,67.345,235.783,0.483,0.101,0.188,,on,-62,,validation test recording
2026-06-02T14:09:02.604573+00:00,2026-06-02 19:39:02,Abel,plug_2,NW_P2_Abel,P110,fridge,f371cfb9,normal,5.0,67.518,235.862,0.484,0.101,0.189,,on,-61,,validation test recording
2026-06-02T14:09:07.935224+00:00,2026-06-02 19:39:07,Abel,plug_2,NW_P2_Abel,P110,fridge,f371cfb9,normal,5.0,67.408,235.813,0.485,0.101,0.189,,on,-62,,validation test recording
2026-06-02T14:09:13.180288+00:00,2026-06-02 19:39:13,Abel,plug_2,NW_P2_Abel,P110,fridge,f371cfb9,normal,5.0,67.395,235.93,0.485,0.101,0.189,,on,-62,,validation test recording
2026-06-02T14:09:18.440738+00:00,2026-06-02 19:39:18,Abel,plug_2,NW_P2_Abel,P110,fridge,f371cfb9,normal,5.0,67.317,235.859,0.482,0.102,0.189,,on,-62,,validation test recording
2026-06-02T14:09:23.736192+00:00,2026-06-02 19:39:23,Abel,plug_2,NW_P2_Abel,P110,fridge,f371cfb9,normal,5.0,67.3,235.83,0.482,0.102,0.189,,on,-62,,validation test recording
2026-06-02T14:09:28.988003+00:00,2026-06-02 19:39:28,Abel,plug_2,NW_P2_Abel,P110,fridge,f371cfb9,normal,5.0,67.271,235.873,0.481,0.102,0.189,,on,-63,,validation test recording
2026-06-02T14:09:34.246869+00:00,2026-06-02 19:39:34,Abel,plug_2,NW_P2_Abel,P110,fridge,f371cfb9,normal,5.0,67.229,235.897,0.481,0.102,0.189,,on,-63,,validation test recording
2026-06-02T14:09:39.498071+00:00,2026-06-02 19:39:39,Abel,plug_2,NW_P2_Abel,P110,fridge,f371cfb9,normal,5.0,67.172,236.004,0.48,0.102,0.189,,on,-63,,validation test recording
2026-06-02T14:09:44.753154+00:00,2026-06-02 19:39:44,Abel,plug_2,NW_P2_Abel,P110,fridge,f371cfb9,normal,5.0,67.326,235.83,0.483,0.102,0.189,,on,-62,,validation test recording
2026-06-02T14:09:50.040252+00:00,2026-06-02 19:39:50,Abel,plug_2,NW_P2_Abel,P110,fridge,f371cfb9,normal,5.0,67.268,235.411,0.483,0.102,0.189,,on,-62,,validation test recording
2026-06-02T14:09:55.334796+00:00,2026-06-02 19:39:55,Abel,plug_2,NW_P2_Abel,P110,fridge,f371cfb9,normal,5.0,67.117,235.7,0.483,0.102,0.19,,on,-62,,validation test recording
2026-06-02T14:10:00.603379+00:00,2026-06-02 19:40:00,Abel,plug_2,NW_P2_Abel,P110,fridge,f371cfb9,normal,5.0,67.345,235.848,0.485,0.102,0.19,,on,-62,,validation test recording
2026-06-02T14:10:05.984528+00:00,2026-06-02 19:40:05,Abel,plug_2,NW_P2_Abel,P110,fridge,f371cfb9,normal,5.0,67.139,235.856,0.483,0.102,0.19,,on,-64,,validation test recording
2026-06-02T14:10:11.247645+00:00,2026-06-02 19:40:11,Abel,plug_2,NW_P2_Abel,P110,fridge,f371cfb9,normal,5.0,67.177,235.821,0.481,0.103,0.19,,on,-62,,validation test recording
2026-06-02T14:10:16.514359+00:00,2026-06-02 19:40:16,Abel,plug_2,NW_P2_Abel,P110,fridge,f371cfb9,normal,5.0,67.229,235.121,0.482,0.103,0.19,,on,-63,,validation test recording
2026-06-02T14:10:21.796029+00:00,2026-06-02 19:40:21,Abel,plug_2,NW_P2_Abel,P110,fridge,f371cfb9,normal,5.0,67.285,235.102,0.481,0.103,0.19,,on,-61,,validation test recording
2026-06-02T14:10:27.052273+00:00,2026-06-02 19:40:27,Abel,plug_2,NW_P2_Abel,P110,fridge,f371cfb9,normal,5.0,67.104,235.677,0.482,0.103,0.19,,on,-62,,validation test recording
2026-06-02T14:10:32.317708+00:00,2026-06-02 19:40:32,Abel,plug_2,NW_P2_Abel,P110,fridge,f371cfb9,normal,5.0,67.181,235.65,0.482,0.103,0.19,,on,-62,,validation test recording
2026-06-02T14:10:37.592477+00:00,2026-06-02 19:40:37,Abel,plug_2,NW_P2_Abel,P110,fridge,f371cfb9,normal,5.0,67.291,235.56,0.482,0.103,0.19,,on,-63,,validation test recording
2026-06-02T14:10:42.852851+00:00,2026-06-02 19:40:42,Abel,plug_2,NW_P2_Abel,P110,fridge,f371cfb9,normal,5.0,67.177,235.46,0.483,0.103,0.19,,on,-62,,validation test recording
2026-06-02T14:10:48.113710+00:00,2026-06-02 19:40:48,Abel,plug_2,NW_P2_Abel,P110,fridge,f371cfb9,normal,5.0,67.236,235.091,0.482,0.103,0.191,,on,-63,,validation test recording
2026-06-02T14:10:53.399171+00:00,2026-06-02 19:40:53,Abel,plug_2,NW_P2_Abel,P110,fridge,f371cfb9,normal,5.0,67.128,235.265,0.482,0.103,0.191,,on,-62,,validation test recording
2026-06-02T14:10:58.665805+00:00,2026-06-02 19:40:58,Abel,plug_2,NW_P2_Abel,P110,fridge,f371cfb9,normal,5.0,67.098,235.712,0.483,0.103,0.191,,on,-61,,validation test recording
2026-06-02T14:11:03.938304+00:00,2026-06-02 19:41:03,Abel,plug_2,NW_P2_Abel,P110,fridge,f371cfb9,normal,5.0,67.139,235.562,0.482,0.104,0.191,,on,-63,,validation test recording
2026-06-02T14:11:09.192418+00:00,2026-06-02 19:41:09,Abel,plug_2,NW_P2_Abel,P110,fridge,f371cfb9,normal,5.0,67.027,235.633,0.481,0.104,0.191,,on,-62,,validation test recording
2026-06-02T14:11:14.448044+00:00,2026-06-02 19:41:14,Abel,plug_2,NW_P2_Abel,P110,fridge,f371cfb9,normal,5.0,67.105,235.955,0.478,0.104,0.191,,on,-63,,validation test recording
2026-06-02T14:11:19.714361+00:00,2026-06-02 19:41:19,Abel,plug_2,NW_P2_Abel,P110,fridge,f371cfb9,normal,5.0,67.204,235.487,0.478,0.104,0.191,,on,-63,,validation test recording
2026-06-02T14:11:24.957998+00:00,2026-06-02 19:41:24,Abel,plug_2,NW_P2_Abel,P110,fridge,f371cfb9,normal,5.0,67.171,235.662,0.478,0.104,0.191,,on,-61,,validation test recording
2026-06-02T14:11:30.230462+00:00,2026-06-02 19:41:30,Abel,plug_2,NW_P2_Abel,P110,fridge,f371cfb9,normal,5.0,67.008,235.986,0.48,0.104,0.191,,on,-64,,validation test recording
2026-06-02T14:11:35.498537+00:00,2026-06-02 19:41:35,Abel,plug_2,NW_P2_Abel,P110,fridge,f371cfb9,normal,5.0,67.078,235.959,0.481,0.104,0.191,,on,-61,,validation test recording
2026-06-02T14:11:40.792250+00:00,2026-06-02 19:41:40,Abel,plug_2,NW_P2_Abel,P110,fridge,f371cfb9,normal,5.0,67.131,235.979,0.48,0.104,0.191,,on,-62,,validation test recording
2026-06-02T14:11:46.136729+00:00,2026-06-02 19:41:46,Abel,plug_2,NW_P2_Abel,P110,fridge,f371cfb9,normal,5.0,67.101,235.586,0.479,0.104,0.192,,on,-62,,validation test recording
2026-06-02T14:11:51.468379+00:00,2026-06-02 19:41:51,Abel,plug_2,NW_P2_Abel,P110,fridge,f371cfb9,normal,5.0,67.031,235.54,0.476,0.104,0.192,,on,-58,,validation test recording
2026-06-02T14:11:56.847367+00:00,2026-06-02 19:41:56,Abel,plug_2,NW_P2_Abel,P110,fridge,f371cfb9,normal,5.0,67.146,235.556,0.478,0.104,0.192,,on,-61,,validation test recording
2026-06-02T14:12:02.125944+00:00,2026-06-02 19:42:02,Abel,plug_2,NW_P2_Abel,P110,fridge,f371cfb9,normal,5.0,67.12,236.053,0.479,0.105,0.192,,on,-62,,validation test recording
2026-06-02T14:12:07.391039+00:00,2026-06-02 19:42:07,Abel,plug_2,NW_P2_Abel,P110,fridge,f371cfb9,normal,5.0,66.975,235.454,0.479,0.105,0.192,,on,-63,,validation test recording
2026-06-02T14:12:12.671551+00:00,2026-06-02 19:42:12,Abel,plug_2,NW_P2_Abel,P110,fridge,f371cfb9,normal,5.0,66.997,235.508,0.479,0.105,0.192,,on,-63,,validation test recording
2026-06-02T14:12:17.948540+00:00,2026-06-02 19:42:17,Abel,plug_2,NW_P2_Abel,P110,fridge,f371cfb9,normal,5.0,67.168,235.202,0.48,0.105,0.192,,on,-63,,validation test recording
2026-06-02T14:12:23.207619+00:00,2026-06-02 19:42:23,Abel,plug_2,NW_P2_Abel,P110,fridge,f371cfb9,normal,5.0,66.956,235.65,0.478,0.105,0.192,,on,-61,,validation test recording
2026-06-02T14:12:28.473806+00:00,2026-06-02 19:42:28,Abel,plug_2,NW_P2_Abel,P110,fridge,f371cfb9,normal,5.0,67.108,235.69,0.479,0.105,0.192,,on,-63,,validation test recording
2026-06-02T14:12:33.745094+00:00,2026-06-02 19:42:33,Abel,plug_2,NW_P2_Abel,P110,fridge,f371cfb9,normal,5.0,66.873,235.922,0.478,0.105,0.192,,on,-62,,validation test recording
2026-06-02T14:12:38.998645+00:00,2026-06-02 19:42:38,Abel,plug_2,NW_P2_Abel,P110,fridge,f371cfb9,normal,5.0,66.927,236.012,0.477,0.105,0.193,,on,-60,,validation test recording
2026-06-02T14:12:44.239031+00:00,2026-06-02 19:42:44,Abel,plug_2,NW_P2_Abel,P110,fridge,f371cfb9,normal,5.0,67.066,236.068,0.481,0.105,0.193,,on,-61,,validation test recording
2026-06-02T14:12:49.882730+00:00,2026-06-02 19:42:49,Abel,plug_2,NW_P2_Abel,P110,fridge,f371cfb9,normal,5.0,67.005,235.774,0.479,0.105,0.193,,on,-61,,validation test recording
2026-06-02T14:12:55.144925+00:00,2026-06-02 19:42:55,Abel,plug_2,NW_P2_Abel,P110,fridge,f371cfb9,normal,5.0,66.984,235.674,0.481,0.106,0.193,,on,-61,,validation test recording
2026-06-02T14:13:00.409141+00:00,2026-06-02 19:43:00,Abel,plug_2,NW_P2_Abel,P110,fridge,f371cfb9,normal,5.0,67.147,235.645,0.48,0.106,0.193,,on,-61,,validation test recording
2026-06-02T14:13:05.676534+00:00,2026-06-02 19:43:05,Abel,plug_2,NW_P2_Abel,P110,fridge,f371cfb9,normal,5.0,66.931,235.673,0.48,0.106,0.193,,on,-60,,validation test recording
2026-06-02T14:13:10.943296+00:00,2026-06-02 19:43:10,Abel,plug_2,NW_P2_Abel,P110,fridge,f371cfb9,normal,5.0,66.996,235.677,0.481,0.106,0.193,,on,-61,,validation test recording
2026-06-02T14:13:16.183152+00:00,2026-06-02 19:43:16,Abel,plug_2,NW_P2_Abel,P110,fridge,f371cfb9,normal,5.0,66.95,235.753,0.481,0.106,0.193,,on,-61,,validation test recording
2026-06-02T14:13:21.448542+00:00,2026-06-02 19:43:21,Abel,plug_2,NW_P2_Abel,P110,fridge,f371cfb9,normal,5.0,66.96,235.22,0.48,0.106,0.193,,on,-61,,validation test recording
2026-06-02T14:13:26.716511+00:00,2026-06-02 19:43:26,Abel,plug_2,NW_P2_Abel,P110,fridge,f371cfb9,normal,5.0,66.866,235.143,0.48,0.106,0.193,,on,-60,,validation test recording
2026-06-02T14:13:32.004911+00:00,2026-06-02 19:43:32,Abel,plug_2,NW_P2_Abel,P110,fridge,f371cfb9,normal,5.0,66.915,234.859,0.481,0.106,0.194,,on,-62,,validation test recording
2026-06-02T14:13:37.246346+00:00,2026-06-02 19:43:37,Abel,plug_2,NW_P2_Abel,P110,fridge,f371cfb9,normal,5.0,66.922,234.978,0.482,0.106,0.194,,on,-59,,validation test recording
2026-06-02T14:13:42.495168+00:00,2026-06-02 19:43:42,Abel,plug_2,NW_P2_Abel,P110,fridge,f371cfb9,normal,5.0,66.992,234.497,0.482,0.106,0.194,,on,-58,,validation test recording
2026-06-02T14:13:47.755572+00:00,2026-06-02 19:43:47,Abel,plug_2,NW_P2_Abel,P110,fridge,f371cfb9,normal,5.0,66.934,234.471,0.48,0.107,0.194,,on,-61,,validation test recording
2026-06-02T14:13:53.059404+00:00,2026-06-02 19:43:53,Abel,plug_2,NW_P2_Abel,P110,fridge,f371cfb9,normal,5.0,66.86,234.953,0.479,0.107,0.194,,on,-58,,validation test recording
2026-06-02T14:13:58.320058+00:00,2026-06-02 19:43:58,Abel,plug_2,NW_P2_Abel,P110,fridge,f371cfb9,normal,5.0,66.875,234.969,0.479,0.107,0.194,,on,-59,,validation test recording
2026-06-02T14:14:04.567068+00:00,2026-06-02 19:44:04,Abel,plug_2,NW_P2_Abel,P110,fridge,f371cfb9,normal,5.0,66.99,235.007,0.479,0.107,0.194,,on,-63,,validation test recording
2026-06-02T14:14:09.933106+00:00,2026-06-02 19:44:09,Abel,plug_2,NW_P2_Abel,P110,fridge,f371cfb9,normal,5.0,66.817,234.484,0.48,0.107,0.194,,on,-58,,validation test recording
2026-06-02T14:14:15.229440+00:00,2026-06-02 19:44:15,Abel,plug_2,NW_P2_Abel,P110,fridge,f371cfb9,normal,5.0,66.883,234.372,0.478,0.107,0.194,,on,-59,,validation test recording
2026-06-02T14:14:20.493482+00:00,2026-06-02 19:44:20,Abel,plug_2,NW_P2_Abel,P110,fridge,f371cfb9,normal,5.0,66.79,234.57,0.479,0.107,0.194,,on,-58,,validation test recording
2026-06-02T14:14:25.865454+00:00,2026-06-02 19:44:25,Abel,plug_2,NW_P2_Abel,P110,fridge,f371cfb9,normal,5.0,66.903,234.811,0.478,0.107,0.195,,on,-59,,validation test recording
2026-06-02T14:14:31.269624+00:00,2026-06-02 19:44:31,Abel,plug_2,NW_P2_Abel,P110,fridge,f371cfb9,normal,5.0,66.844,234.793,0.478,0.107,0.195,,on,-61,,validation test recording
2026-06-02T14:14:36.536786+00:00,2026-06-02 19:44:36,Abel,plug_2,NW_P2_Abel,P110,fridge,f371cfb9,normal,5.0,66.843,234.636,0.478,0.107,0.195,,on,-58,,validation test recording
2026-06-02T14:14:41.786760+00:00,2026-06-02 19:44:41,Abel,plug_2,NW_P2_Abel,P110,fridge,f371cfb9,normal,5.0,66.897,234.249,0.479,0.108,0.195,,on,-57,,validation test recording
2026-06-02T14:14:47.036016+00:00,2026-06-02 19:44:47,Abel,plug_2,NW_P2_Abel,P110,fridge,f371cfb9,normal,5.0,66.894,234.243,0.48,0.108,0.195,,on,-58,,validation test recording
2026-06-02T14:14:52.277710+00:00,2026-06-02 19:44:52,Abel,plug_2,NW_P2_Abel,P110,fridge,f371cfb9,normal,5.0,66.838,234.715,0.48,0.108,0.195,,on,-57,,validation test recording
2026-06-02T14:14:57.541597+00:00,2026-06-02 19:44:57,Abel,plug_2,NW_P2_Abel,P110,fridge,f371cfb9,normal,5.0,66.814,234.586,0.481,0.108,0.195,,on,-58,,validation test recording
2026-06-02T14:15:02.809136+00:00,2026-06-02 19:45:02,Abel,plug_2,NW_P2_Abel,P110,fridge,f371cfb9,normal,5.0,66.839,234.621,0.479,0.108,0.195,,on,-59,,validation test recording
2026-06-02T14:15:08.116141+00:00,2026-06-02 19:45:08,Abel,plug_2,NW_P2_Abel,P110,fridge,f371cfb9,normal,5.0,66.766,234.655,0.478,0.108,0.195,,on,-60,,validation test recording
2026-06-02T14:15:13.371679+00:00,2026-06-02 19:45:13,Abel,plug_2,NW_P2_Abel,P110,fridge,f371cfb9,normal,5.0,66.846,234.414,0.477,0.108,0.195,,on,-60,,validation test recording
2026-06-02T14:15:18.642093+00:00,2026-06-02 19:45:18,Abel,plug_2,NW_P2_Abel,P110,fridge,f371cfb9,normal,5.0,66.888,234.769,0.477,0.108,0.196,,on,-60,,validation test recording
2026-06-02T14:15:23.893519+00:00,2026-06-02 19:45:23,Abel,plug_2,NW_P2_Abel,P110,fridge,f371cfb9,normal,5.0,66.818,235.107,0.478,0.108,0.196,,on,-58,,validation test recording
2026-06-02T14:15:29.292202+00:00,2026-06-02 19:45:29,Abel,plug_2,NW_P2_Abel,P110,fridge,f371cfb9,normal,5.0,66.793,235.127,0.48,0.108,0.196,,on,-57,,validation test recording
2026-06-02T14:15:34.564364+00:00,2026-06-02 19:45:34,Abel,plug_2,NW_P2_Abel,P110,fridge,f371cfb9,normal,5.0,66.842,235.012,0.479,0.109,0.196,,on,-58,,validation test recording
2026-06-02T14:15:39.809800+00:00,2026-06-02 19:45:39,Abel,plug_2,NW_P2_Abel,P110,fridge,f371cfb9,normal,5.0,66.922,234.709,0.48,0.109,0.196,,on,-59,,validation test recording
2026-06-02T14:15:45.069402+00:00,2026-06-02 19:45:45,Abel,plug_2,NW_P2_Abel,P110,fridge,f371cfb9,normal,5.0,67.155,234.706,0.481,0.109,0.196,,on,-62,,validation test recording
2026-06-02T14:15:50.376590+00:00,2026-06-02 19:45:50,Abel,plug_2,NW_P2_Abel,P110,fridge,f371cfb9,normal,5.0,67.605,235.152,0.484,0.109,0.196,,on,-59,,validation test recording
2026-06-02T14:15:55.636866+00:00,2026-06-02 19:45:55,Abel,plug_2,NW_P2_Abel,P110,fridge,f371cfb9,normal,5.0,67.881,235.31,0.485,0.109,0.196,,on,-61,,validation test recording
2026-06-02T14:16:00.895360+00:00,2026-06-02 19:46:00,Abel,plug_2,NW_P2_Abel,P110,fridge,f371cfb9,normal,5.0,68.002,235.164,0.485,0.109,0.196,,on,-60,,validation test recording
2026-06-02T14:16:06.149052+00:00,2026-06-02 19:46:06,Abel,plug_2,NW_P2_Abel,P110,fridge,f371cfb9,normal,5.0,67.959,235.171,0.487,0.109,0.196,,on,-59,,validation test recording
2026-06-02T14:16:11.409737+00:00,2026-06-02 19:46:11,Abel,plug_2,NW_P2_Abel,P110,fridge,f371cfb9,normal,5.0,68.085,235.175,0.489,0.109,0.197,,on,-59,,validation test recording
2026-06-02T14:16:16.671203+00:00,2026-06-02 19:46:16,Abel,plug_2,NW_P2_Abel,P110,fridge,f371cfb9,normal,5.0,68.131,235.238,0.49,0.109,0.197,,on,-61,,validation test recording
2026-06-02T14:16:21.970342+00:00,2026-06-02 19:46:21,Abel,plug_2,NW_P2_Abel,P110,fridge,f371cfb9,normal,5.0,68.126,235.2,0.489,0.109,0.197,,on,-60,,validation test recording
2026-06-02T14:16:27.267030+00:00,2026-06-02 19:46:27,Abel,plug_2,NW_P2_Abel,P110,fridge,f371cfb9,normal,5.0,68.218,235.098,0.49,0.11,0.197,,on,-61,,validation test recording
2026-06-02T14:16:32.524972+00:00,2026-06-02 19:46:32,Abel,plug_2,NW_P2_Abel,P110,fridge,f371cfb9,normal,5.0,68.407,235.167,0.491,0.11,0.197,,on,-61,,validation test recording
2026-06-02T14:16:37.784575+00:00,2026-06-02 19:46:37,Abel,plug_2,NW_P2_Abel,P110,fridge,f371cfb9,normal,5.0,68.433,235.094,0.49,0.11,0.197,,on,-61,,validation test recording
2026-06-02T14:16:43.034044+00:00,2026-06-02 19:46:43,Abel,plug_2,NW_P2_Abel,P110,fridge,f371cfb9,normal,5.0,68.473,235.174,0.491,0.11,0.197,,on,-61,,validation test recording
2026-06-02T14:16:48.291806+00:00,2026-06-02 19:46:48,Abel,plug_2,NW_P2_Abel,P110,fridge,f371cfb9,normal,5.0,68.421,235.307,0.49,0.11,0.197,,on,-61,,validation test recording
2026-06-02T14:16:53.567624+00:00,2026-06-02 19:46:53,Abel,plug_2,NW_P2_Abel,P110,fridge,f371cfb9,normal,5.0,68.433,235.381,0.489,0.11,0.197,,on,-61,,validation test recording
2026-06-02T14:16:58.840430+00:00,2026-06-02 19:46:58,Abel,plug_2,NW_P2_Abel,P110,fridge,f371cfb9,normal,5.0,68.529,235.44,0.49,0.11,0.197,,on,-62,,validation test recording
2026-06-02T14:17:04.098894+00:00,2026-06-02 19:47:04,Abel,plug_2,NW_P2_Abel,P110,fridge,f371cfb9,normal,5.0,68.419,235.284,0.491,0.11,0.198,,on,-62,,validation test recording
2026-06-02T14:17:09.462532+00:00,2026-06-02 19:47:09,Abel,plug_2,NW_P2_Abel,P110,fridge,f371cfb9,normal,5.0,68.48,235.291,0.492,0.11,0.198,,on,-63,,validation test recording
2026-06-02T14:17:14.732733+00:00,2026-06-02 19:47:14,Abel,plug_2,NW_P2_Abel,P110,fridge,f371cfb9,normal,5.0,68.355,235.293,0.491,0.11,0.198,,on,-62,,validation test recording
2026-06-02T14:17:19.975191+00:00,2026-06-02 19:47:19,Abel,plug_2,NW_P2_Abel,P110,fridge,f371cfb9,normal,5.0,68.379,235.258,0.491,0.111,0.198,,on,-62,,validation test recording
2026-06-02T14:17:25.220368+00:00,2026-06-02 19:47:25,Abel,plug_2,NW_P2_Abel,P110,fridge,f371cfb9,normal,5.0,68.277,235.306,0.491,0.111,0.198,,on,-61,,validation test recording
2026-06-02T14:17:30.488348+00:00,2026-06-02 19:47:30,Abel,plug_2,NW_P2_Abel,P110,fridge,f371cfb9,normal,5.0,68.289,235.397,0.491,0.111,0.198,,on,-58,,validation test recording
2026-06-02T14:17:35.771681+00:00,2026-06-02 19:47:35,Abel,plug_2,NW_P2_Abel,P110,fridge,f371cfb9,normal,5.0,68.3,235.446,0.491,0.111,0.198,,on,-60,,validation test recording
2026-06-02T14:17:41.017650+00:00,2026-06-02 19:47:41,Abel,plug_2,NW_P2_Abel,P110,fridge,f371cfb9,normal,5.0,68.197,235.469,0.49,0.111,0.198,,on,-61,,validation test recording
2026-06-02T14:17:46.281440+00:00,2026-06-02 19:47:46,Abel,plug_2,NW_P2_Abel,P110,fridge,f371cfb9,normal,5.0,68.262,235.477,0.491,0.111,0.198,,on,-61,,validation test recording
2026-06-02T14:17:51.547753+00:00,2026-06-02 19:47:51,Abel,plug_2,NW_P2_Abel,P110,fridge,f371cfb9,normal,5.0,68.263,235.444,0.492,0.111,0.198,,on,-60,,validation test recording
2026-06-02T14:17:56.830968+00:00,2026-06-02 19:47:56,Abel,plug_2,NW_P2_Abel,P110,fridge,f371cfb9,normal,5.0,68.241,235.401,0.492,0.111,0.199,,on,-60,,validation test recording
2026-06-02T14:18:02.093479+00:00,2026-06-02 19:48:02,Abel,plug_2,NW_P2_Abel,P110,fridge,f371cfb9,normal,5.0,68.13,235.504,0.491,0.111,0.199,,on,-61,,validation test recording
2026-06-02T14:18:07.353135+00:00,2026-06-02 19:48:07,Abel,plug_2,NW_P2_Abel,P110,fridge,f371cfb9,normal,5.0,68.25,235.741,0.491,0.111,0.199,,on,-61,,validation test recording
2026-06-02T14:18:12.599649+00:00,2026-06-02 19:48:12,Abel,plug_2,NW_P2_Abel,P110,fridge,f371cfb9,normal,5.0,68.081,235.828,0.49,0.112,0.199,,on,-60,,validation test recording
2026-06-02T14:18:17.906484+00:00,2026-06-02 19:48:17,Abel,plug_2,NW_P2_Abel,P110,fridge,f371cfb9,normal,5.0,68.032,235.886,0.489,0.112,0.199,,on,-60,,validation test recording
2026-06-02T14:18:23.191214+00:00,2026-06-02 19:48:23,Abel,plug_2,NW_P2_Abel,P110,fridge,f371cfb9,normal,5.0,68.069,235.907,0.489,0.112,0.199,,on,-61,,validation test recording
2026-06-02T14:18:28.474584+00:00,2026-06-02 19:48:28,Abel,plug_2,NW_P2_Abel,P110,fridge,f371cfb9,normal,5.0,68.009,235.92,0.488,0.112,0.199,,on,-60,,validation test recording
2026-06-02T14:18:33.760290+00:00,2026-06-02 19:48:33,Abel,plug_2,NW_P2_Abel,P110,fridge,f371cfb9,normal,5.0,67.938,235.812,0.488,0.112,0.199,,on,-62,,validation test recording
2026-06-02T14:18:39.034549+00:00,2026-06-02 19:48:39,Abel,plug_2,NW_P2_Abel,P110,fridge,f371cfb9,normal,5.0,67.949,235.807,0.489,0.112,0.199,,on,-62,,validation test recording
2026-06-02T14:18:44.279419+00:00,2026-06-02 19:48:44,Abel,plug_2,NW_P2_Abel,P110,fridge,f371cfb9,normal,5.0,67.995,235.853,0.489,0.112,0.199,,on,-60,,validation test recording
2026-06-02T14:18:49.548869+00:00,2026-06-02 19:48:49,Abel,plug_2,NW_P2_Abel,P110,fridge,f371cfb9,normal,5.0,67.866,236.531,0.487,0.112,0.2,,on,-62,,validation test recording
2026-06-02T14:18:54.917697+00:00,2026-06-02 19:48:54,Abel,plug_2,NW_P2_Abel,P110,fridge,f371cfb9,normal,5.0,68.008,236.491,0.486,0.112,0.2,,on,-60,,validation test recording
2026-06-02T14:19:00.198625+00:00,2026-06-02 19:49:00,Abel,plug_2,NW_P2_Abel,P110,fridge,f371cfb9,normal,5.0,67.826,236.385,0.485,0.112,0.2,,on,-60,,validation test recording
2026-06-02T14:19:05.468196+00:00,2026-06-02 19:49:05,Abel,plug_2,NW_P2_Abel,P110,fridge,f371cfb9,normal,5.0,67.82,236.232,0.485,0.113,0.2,,on,-61,,validation test recording
2026-06-02T14:19:10.724956+00:00,2026-06-02 19:49:10,Abel,plug_2,NW_P2_Abel,P110,fridge,f371cfb9,normal,5.0,67.735,236.384,0.485,0.113,0.2,,on,-62,,validation test recording
2026-06-02T14:19:15.988612+00:00,2026-06-02 19:49:15,Abel,plug_2,NW_P2_Abel,P110,fridge,f371cfb9,normal,5.0,67.631,236.434,0.484,0.113,0.2,,on,-62,,validation test recording
2026-06-02T14:19:21.277808+00:00,2026-06-02 19:49:21,Abel,plug_2,NW_P2_Abel,P110,fridge,f371cfb9,normal,5.0,67.689,236.433,0.484,0.113,0.2,,on,-61,,validation test recording
2026-06-02T14:19:26.604760+00:00,2026-06-02 19:49:26,Abel,plug_2,NW_P2_Abel,P110,fridge,f371cfb9,normal,5.0,67.685,236.428,0.484,0.113,0.2,,on,-62,,validation test recording
2026-06-02T14:19:31.913805+00:00,2026-06-02 19:49:31,Abel,plug_2,NW_P2_Abel,P110,fridge,f371cfb9,normal,5.0,67.502,236.324,0.484,0.113,0.2,,on,-57,,validation test recording
2026-06-02T14:19:37.174130+00:00,2026-06-02 19:49:37,Abel,plug_2,NW_P2_Abel,P110,fridge,f371cfb9,normal,5.0,67.553,236.244,0.482,0.113,0.2,,on,-59,,validation test recording
2026-06-02T14:19:42.441093+00:00,2026-06-02 19:49:42,Abel,plug_2,NW_P2_Abel,P110,fridge,f371cfb9,normal,5.0,67.493,236.227,0.482,0.113,0.201,,on,-58,,validation test recording
2026-06-02T14:19:47.704056+00:00,2026-06-02 19:49:47,Abel,plug_2,NW_P2_Abel,P110,fridge,f371cfb9,normal,5.0,67.491,236.313,0.482,0.113,0.201,,on,-59,,validation test recording
2026-06-02T14:19:52.947357+00:00,2026-06-02 19:49:52,Abel,plug_2,NW_P2_Abel,P110,fridge,f371cfb9,normal,5.0,67.574,236.332,0.482,0.113,0.201,,on,-61,,validation test recording
2026-06-02T14:19:58.198208+00:00,2026-06-02 19:49:58,Abel,plug_2,NW_P2_Abel,P110,fridge,f371cfb9,normal,5.0,67.579,236.318,0.483,0.114,0.201,,on,-60,,validation test recording
2026-06-02T14:20:03.492899+00:00,2026-06-02 19:50:03,Abel,plug_2,NW_P2_Abel,P110,fridge,f371cfb9,normal,5.0,67.46,236.25,0.484,0.114,0.201,,on,-62,,validation test recording
2026-06-02T14:20:08.760142+00:00,2026-06-02 19:50:08,Abel,plug_2,NW_P2_Abel,P110,fridge,f371cfb9,normal,5.0,67.597,236.319,0.481,0.114,0.201,,on,-60,,validation test recording
2026-06-02T14:20:14.030796+00:00,2026-06-02 19:50:14,Abel,plug_2,NW_P2_Abel,P110,fridge,f371cfb9,normal,5.0,67.419,236.266,0.483,0.114,0.201,,on,-62,,validation test recording
2026-06-02T14:20:19.308018+00:00,2026-06-02 19:50:19,Abel,plug_2,NW_P2_Abel,P110,fridge,f371cfb9,normal,5.0,67.352,236.286,0.483,0.114,0.201,,on,-61,,validation test recording
2026-06-02T14:20:24.588761+00:00,2026-06-02 19:50:24,Abel,plug_2,NW_P2_Abel,P110,fridge,f371cfb9,normal,5.0,67.34,236.265,0.483,0.114,0.201,,on,-61,,validation test recording
2026-06-02T14:20:29.862318+00:00,2026-06-02 19:50:29,Abel,plug_2,NW_P2_Abel,P110,fridge,f371cfb9,normal,5.0,67.371,236.22,0.483,0.114,0.201,,on,-61,,validation test recording
2026-06-02T14:20:35.138099+00:00,2026-06-02 19:50:35,Abel,plug_2,NW_P2_Abel,P110,fridge,f371cfb9,normal,5.0,67.267,236.25,0.481,0.114,0.202,,on,-62,,validation test recording
2026-06-02T14:20:40.422159+00:00,2026-06-02 19:50:40,Abel,plug_2,NW_P2_Abel,P110,fridge,f371cfb9,normal,5.0,67.311,236.196,0.478,0.114,0.202,,on,-62,,validation test recording
2026-06-02T14:20:45.727583+00:00,2026-06-02 19:50:45,Abel,plug_2,NW_P2_Abel,P110,fridge,f371cfb9,normal,5.0,67.231,236.189,0.478,0.114,0.202,,on,-60,,validation test recording
2026-06-02T14:20:50.996183+00:00,2026-06-02 19:50:50,Abel,plug_2,NW_P2_Abel,P110,fridge,f371cfb9,normal,5.0,67.228,236.224,0.478,0.115,0.202,,on,-60,,validation test recording
2026-06-02T14:20:56.289695+00:00,2026-06-02 19:50:56,Abel,plug_2,NW_P2_Abel,P110,fridge,f371cfb9,normal,5.0,67.272,236.182,0.479,0.115,0.202,,on,-60,,validation test recording
2026-06-02T14:21:01.556058+00:00,2026-06-02 19:51:01,Abel,plug_2,NW_P2_Abel,P110,fridge,f371cfb9,normal,5.0,67.141,236.349,0.48,0.115,0.202,,on,-60,,validation test recording
2026-06-02T14:21:06.811186+00:00,2026-06-02 19:51:06,Abel,plug_2,NW_P2_Abel,P110,fridge,f371cfb9,normal,5.0,67.318,236.305,0.48,0.115,0.202,,on,-60,,validation test recording
2026-06-02T14:21:12.082415+00:00,2026-06-02 19:51:12,Abel,plug_2,NW_P2_Abel,P110,fridge,f371cfb9,normal,5.0,67.191,236.285,0.48,0.115,0.202,,on,-59,,validation test recording
2026-06-02T14:21:17.342926+00:00,2026-06-02 19:51:17,Abel,plug_2,NW_P2_Abel,P110,fridge,f371cfb9,normal,5.0,67.194,236.313,0.481,0.115,0.202,,on,-62,,validation test recording
2026-06-02T14:21:22.670868+00:00,2026-06-02 19:51:22,Abel,plug_2,NW_P2_Abel,P110,fridge,f371cfb9,normal,5.0,67.066,236.297,0.478,0.115,0.202,,on,-59,,validation test recording
2026-06-02T14:21:27.950813+00:00,2026-06-02 19:51:27,Abel,plug_2,NW_P2_Abel,P110,fridge,f371cfb9,normal,5.0,66.998,236.263,0.477,0.115,0.203,,on,-60,,validation test recording
2026-06-02T14:21:33.199047+00:00,2026-06-02 19:51:33,Abel,plug_2,NW_P2_Abel,P110,fridge,f371cfb9,normal,5.0,67.011,236.248,0.477,0.115,0.203,,on,-61,,validation test recording
2026-06-02T14:21:38.473690+00:00,2026-06-02 19:51:38,Abel,plug_2,NW_P2_Abel,P110,fridge,f371cfb9,normal,5.0,66.983,236.127,0.477,0.115,0.203,,on,-61,,validation test recording
2026-06-02T14:21:43.746425+00:00,2026-06-02 19:51:43,Abel,plug_2,NW_P2_Abel,P110,fridge,f371cfb9,normal,5.0,67.052,235.987,0.477,0.115,0.203,,on,-62,,validation test recording
2026-06-02T14:21:49.046132+00:00,2026-06-02 19:51:49,Abel,plug_2,NW_P2_Abel,P110,fridge,f371cfb9,normal,5.0,67.11,236.099,0.477,0.116,0.203,,on,-61,,validation test recording
2026-06-02T14:21:54.343923+00:00,2026-06-02 19:51:54,Abel,plug_2,NW_P2_Abel,P110,fridge,f371cfb9,normal,5.0,67.03,236.04,0.478,0.116,0.203,,on,-61,,validation test recording
2026-06-02T14:21:59.661586+00:00,2026-06-02 19:51:59,Abel,plug_2,NW_P2_Abel,P110,fridge,f371cfb9,normal,5.0,67.013,236.183,0.478,0.116,0.203,,on,-61,,validation test recording
2026-06-02T14:22:04.999658+00:00,2026-06-02 19:52:04,Abel,plug_2,NW_P2_Abel,P110,fridge,f371cfb9,normal,5.0,66.926,236.25,0.477,0.116,0.203,,on,-61,,validation test recording
2026-06-02T14:22:10.259249+00:00,2026-06-02 19:52:10,Abel,plug_2,NW_P2_Abel,P110,fridge,f371cfb9,normal,5.0,67.078,236.264,0.477,0.116,0.203,,on,-61,,validation test recording
2026-06-02T14:22:15.524583+00:00,2026-06-02 19:52:15,Abel,plug_2,NW_P2_Abel,P110,fridge,f371cfb9,normal,5.0,66.97,236.199,0.477,0.116,0.203,,on,-60,,validation test recording
2026-06-02T14:22:20.787346+00:00,2026-06-02 19:52:20,Abel,plug_2,NW_P2_Abel,P110,fridge,f371cfb9,normal,5.0,66.94,236.109,0.477,0.116,0.203,,on,-58,,validation test recording
2026-06-02T14:22:26.050856+00:00,2026-06-02 19:52:26,Abel,plug_2,NW_P2_Abel,P110,fridge,f371cfb9,normal,5.0,67.0,236.105,0.476,0.116,0.204,,on,-60,,validation test recording
2026-06-02T14:22:31.324635+00:00,2026-06-02 19:52:31,Abel,plug_2,NW_P2_Abel,P110,fridge,f371cfb9,normal,5.0,72.739,236.198,0.506,0.116,0.204,,on,-60,,validation test recording
2026-06-02T14:22:36.603562+00:00,2026-06-02 19:52:36,Abel,plug_2,NW_P2_Abel,P110,fridge,f371cfb9,normal,5.0,73.062,236.145,0.521,0.116,0.204,,on,-58,,validation test recording
2026-06-02T14:22:41.871179+00:00,2026-06-02 19:52:41,Abel,plug_2,NW_P2_Abel,P110,fridge,f371cfb9,normal,5.0,73.842,236.219,0.524,0.117,0.204,,on,-60,,validation test recording
2026-06-02T14:22:47.146564+00:00,2026-06-02 19:52:47,Abel,plug_2,NW_P2_Abel,P110,fridge,f371cfb9,normal,5.0,74.394,236.221,0.526,0.117,0.204,,on,-58,,validation test recording
2026-06-02T14:22:52.410118+00:00,2026-06-02 19:52:52,Abel,plug_2,NW_P2_Abel,P110,fridge,f371cfb9,normal,5.0,75.02,236.345,0.531,0.117,0.204,,on,-57,,validation test recording
2026-06-02T14:22:57.677063+00:00,2026-06-02 19:52:57,Abel,plug_2,NW_P2_Abel,P110,fridge,f371cfb9,normal,5.0,75.758,236.343,0.536,0.117,0.204,,on,-60,,validation test recording
2026-06-02T14:23:02.942458+00:00,2026-06-02 19:53:02,Abel,plug_2,NW_P2_Abel,P110,fridge,f371cfb9,normal,5.0,76.329,236.437,0.54,0.117,0.204,,on,-61,,validation test recording
2026-06-02T14:23:08.206921+00:00,2026-06-02 19:53:08,Abel,plug_2,NW_P2_Abel,P110,fridge,f371cfb9,normal,5.0,76.887,236.402,0.542,0.117,0.204,,on,-62,,validation test recording
2026-06-02T14:23:13.458910+00:00,2026-06-02 19:53:13,Abel,plug_2,NW_P2_Abel,P110,fridge,f371cfb9,normal,5.0,77.401,236.482,0.547,0.117,0.205,,on,-61,,validation test recording
2026-06-02T14:23:18.718912+00:00,2026-06-02 19:53:18,Abel,plug_2,NW_P2_Abel,P110,fridge,f371cfb9,normal,5.0,77.827,236.518,0.55,0.117,0.205,,on,-58,,validation test recording
2026-06-02T14:23:23.995518+00:00,2026-06-02 19:53:23,Abel,plug_2,NW_P2_Abel,P110,fridge,f371cfb9,normal,5.0,78.435,236.625,0.553,0.117,0.205,,on,-60,,validation test recording
2026-06-02T14:23:29.256205+00:00,2026-06-02 19:53:29,Abel,plug_2,NW_P2_Abel,P110,fridge,f371cfb9,normal,5.0,72.785,236.583,0.515,0.118,0.205,,on,-63,,validation test recording
2026-06-02T14:23:34.533592+00:00,2026-06-02 19:53:34,Abel,plug_2,NW_P2_Abel,P110,fridge,f371cfb9,normal,5.0,72.731,236.627,0.519,0.118,0.205,,on,-62,,validation test recording
2026-06-02T14:23:39.803064+00:00,2026-06-02 19:53:39,Abel,plug_2,NW_P2_Abel,P110,fridge,f371cfb9,normal,5.0,72.59,236.728,0.517,0.118,0.205,,on,-59,,validation test recording
2026-06-02T14:23:45.070617+00:00,2026-06-02 19:53:45,Abel,plug_2,NW_P2_Abel,P110,fridge,f371cfb9,normal,5.0,72.634,236.824,0.515,0.118,0.205,,on,-61,,validation test recording
2026-06-02T14:23:50.341315+00:00,2026-06-02 19:53:50,Abel,plug_2,NW_P2_Abel,P110,fridge,f371cfb9,normal,5.0,72.623,236.735,0.515,0.118,0.205,,on,-62,,validation test recording
2026-06-02T14:23:55.608563+00:00,2026-06-02 19:53:55,Abel,plug_2,NW_P2_Abel,P110,fridge,f371cfb9,normal,5.0,72.811,236.807,0.516,0.118,0.205,,on,-60,,validation test recording
2026-06-02T14:24:00.882015+00:00,2026-06-02 19:54:00,Abel,plug_2,NW_P2_Abel,P110,fridge,f371cfb9,normal,5.0,72.804,236.783,0.517,0.118,0.206,,on,-59,,validation test recording
2026-06-02T14:24:06.135544+00:00,2026-06-02 19:54:06,Abel,plug_2,NW_P2_Abel,P110,fridge,f371cfb9,normal,5.0,72.73,236.729,0.516,0.118,0.206,,on,-60,,validation test recording
2026-06-02T14:24:11.389178+00:00,2026-06-02 19:54:11,Abel,plug_2,NW_P2_Abel,P110,fridge,f371cfb9,normal,5.0,72.765,236.796,0.516,0.118,0.206,,on,-60,,validation test recording
2026-06-02T14:24:19.129250+00:00,2026-06-02 19:54:19,Abel,plug_2,NW_P2_Abel,P110,fridge,f371cfb9,normal,5.0,72.731,236.894,0.517,0.119,0.206,,on,-60,,validation test recording
2026-06-02T14:24:27.000407+00:00,2026-06-02 19:54:27,Abel,plug_2,NW_P2_Abel,P110,fridge,f371cfb9,normal,5.0,72.602,237.062,0.516,0.119,0.206,,on,-59,,validation test recording
2026-06-02T14:24:32.285744+00:00,2026-06-02 19:54:32,Abel,plug_2,NW_P2_Abel,P110,fridge,f371cfb9,normal,5.0,72.561,236.952,0.517,0.119,0.206,,on,-59,,validation test recording
2026-06-02T14:24:37.565487+00:00,2026-06-02 19:54:37,Abel,plug_2,NW_P2_Abel,P110,fridge,f371cfb9,normal,5.0,72.584,236.738,0.515,0.119,0.206,,on,-61,,validation test recording
2026-06-02T14:24:43.929413+00:00,2026-06-02 19:54:43,Abel,plug_2,NW_P2_Abel,P110,fridge,f371cfb9,normal,5.0,72.479,236.65,0.517,0.119,0.206,,on,-60,,validation test recording
2026-06-02T14:24:49.206427+00:00,2026-06-02 19:54:49,Abel,plug_2,NW_P2_Abel,P110,fridge,f371cfb9,normal,5.0,72.525,236.858,0.518,0.119,0.207,,on,-60,,validation test recording
2026-06-02T14:24:54.469700+00:00,2026-06-02 19:54:54,Abel,plug_2,NW_P2_Abel,P110,fridge,f371cfb9,normal,5.0,72.427,236.754,0.52,0.119,0.207,,on,-61,,validation test recording
2026-06-02T14:24:59.758913+00:00,2026-06-02 19:54:59,Abel,plug_2,NW_P2_Abel,P110,fridge,f371cfb9,normal,5.0,72.468,236.78,0.516,0.119,0.207,,on,-61,,validation test recording
2026-06-02T14:25:05.075729+00:00,2026-06-02 19:55:05,Abel,plug_2,NW_P2_Abel,P110,fridge,f371cfb9,normal,5.0,72.558,236.719,0.516,0.12,0.207,,on,-62,,validation test recording
2026-06-02T14:25:10.326777+00:00,2026-06-02 19:55:10,Abel,plug_2,NW_P2_Abel,P110,fridge,f371cfb9,normal,5.0,72.42,236.713,0.514,0.12,0.207,,on,-62,,validation test recording
2026-06-02T14:25:15.585026+00:00,2026-06-02 19:55:15,Abel,plug_2,NW_P2_Abel,P110,fridge,f371cfb9,normal,5.0,72.495,236.678,0.513,0.12,0.207,,on,-62,,validation test recording
2026-06-02T14:25:20.978469+00:00,2026-06-02 19:55:20,Abel,plug_2,NW_P2_Abel,P110,fridge,f371cfb9,normal,5.0,72.444,236.75,0.512,0.12,0.207,,on,-60,,validation test recording
2026-06-02T14:25:26.261299+00:00,2026-06-02 19:55:26,Abel,plug_2,NW_P2_Abel,P110,fridge,f371cfb9,normal,5.0,72.337,236.888,0.512,0.12,0.207,,on,-62,,validation test recording
2026-06-02T14:25:31.534123+00:00,2026-06-02 19:55:31,Abel,plug_2,NW_P2_Abel,P110,fridge,f371cfb9,normal,5.0,72.176,236.88,0.511,0.12,0.207,,on,-59,,validation test recording
2026-06-02T14:25:36.794916+00:00,2026-06-02 19:55:36,Abel,plug_2,NW_P2_Abel,P110,fridge,f371cfb9,normal,5.0,72.279,236.844,0.512,0.12,0.207,,on,-61,,validation test recording
2026-06-02T14:25:42.055524+00:00,2026-06-02 19:55:42,Abel,plug_2,NW_P2_Abel,P110,fridge,f371cfb9,normal,5.0,72.265,236.908,0.512,0.12,0.208,,on,-61,,validation test recording
2026-06-02T14:25:47.295623+00:00,2026-06-02 19:55:47,Abel,plug_2,NW_P2_Abel,P110,fridge,f371cfb9,normal,5.0,72.198,236.814,0.511,0.12,0.208,,on,-60,,validation test recording
2026-06-02T14:25:52.556648+00:00,2026-06-02 19:55:52,Abel,plug_2,NW_P2_Abel,P110,fridge,f371cfb9,normal,5.0,72.157,236.665,0.511,0.12,0.208,,on,-58,,validation test recording
2026-06-02T14:25:57.823657+00:00,2026-06-02 19:55:57,Abel,plug_2,NW_P2_Abel,P110,fridge,f371cfb9,normal,5.0,72.17,236.634,0.511,0.121,0.208,,on,-60,,validation test recording
2026-06-02T14:26:03.238042+00:00,2026-06-02 19:56:03,Abel,plug_2,NW_P2_Abel,P110,fridge,f371cfb9,normal,5.0,72.173,236.265,0.513,0.121,0.208,,on,-61,,validation test recording
2026-06-02T14:26:08.498382+00:00,2026-06-02 19:56:08,Abel,plug_2,NW_P2_Abel,P110,fridge,f371cfb9,normal,5.0,72.096,236.29,0.514,0.121,0.208,,on,-60,,validation test recording
2026-06-02T14:26:13.783201+00:00,2026-06-02 19:56:13,Abel,plug_2,NW_P2_Abel,P110,fridge,f371cfb9,normal,5.0,72.157,236.332,0.511,0.121,0.208,,on,-61,,validation test recording
2026-06-02T14:26:19.057708+00:00,2026-06-02 19:56:19,Abel,plug_2,NW_P2_Abel,P110,fridge,f371cfb9,normal,5.0,71.981,236.288,0.511,0.121,0.208,,on,-60,,validation test recording
2026-06-02T14:26:24.314420+00:00,2026-06-02 19:56:24,Abel,plug_2,NW_P2_Abel,P110,fridge,f371cfb9,normal,5.0,71.975,236.315,0.512,0.121,0.208,,on,-60,,validation test recording
2026-06-02T14:26:29.583968+00:00,2026-06-02 19:56:29,Abel,plug_2,NW_P2_Abel,P110,fridge,f371cfb9,normal,5.0,71.99,236.32,0.511,0.121,0.209,,on,-60,,validation test recording
2026-06-02T14:26:34.849195+00:00,2026-06-02 19:56:34,Abel,plug_2,NW_P2_Abel,P110,fridge,f371cfb9,normal,5.0,71.909,236.24,0.51,0.121,0.209,,on,-60,,validation test recording
2026-06-02T14:26:40.107650+00:00,2026-06-02 19:56:40,Abel,plug_2,NW_P2_Abel,P110,fridge,f371cfb9,normal,5.0,71.683,236.053,0.512,0.121,0.209,,on,-61,,validation test recording
2026-06-02T14:26:45.380919+00:00,2026-06-02 19:56:45,Abel,plug_2,NW_P2_Abel,P110,fridge,f371cfb9,normal,5.0,71.908,236.05,0.511,0.122,0.209,,on,-61,,validation test recording
2026-06-02T14:26:50.646147+00:00,2026-06-02 19:56:50,Abel,plug_2,NW_P2_Abel,P110,fridge,f371cfb9,normal,5.0,71.821,236.162,0.51,0.122,0.209,,on,-59,,validation test recording
2026-06-02T14:26:55.902061+00:00,2026-06-02 19:56:55,Abel,plug_2,NW_P2_Abel,P110,fridge,f371cfb9,normal,5.0,71.767,236.181,0.508,0.122,0.209,,on,-60,,validation test recording
2026-06-02T14:27:01.180192+00:00,2026-06-02 19:57:01,Abel,plug_2,NW_P2_Abel,P110,fridge,f371cfb9,normal,5.0,71.708,236.204,0.508,0.122,0.209,,on,-58,,validation test recording
2026-06-02T14:27:06.448335+00:00,2026-06-02 19:57:06,Abel,plug_2,NW_P2_Abel,P110,fridge,f371cfb9,normal,5.0,71.762,236.224,0.509,0.122,0.209,,on,-59,,validation test recording
2026-06-02T14:27:11.697921+00:00,2026-06-02 19:57:11,Abel,plug_2,NW_P2_Abel,P110,fridge,f371cfb9,normal,5.0,71.627,236.28,0.509,0.122,0.209,,on,-58,,validation test recording
2026-06-02T14:27:16.963161+00:00,2026-06-02 19:57:16,Abel,plug_2,NW_P2_Abel,P110,fridge,f371cfb9,normal,5.0,71.695,236.228,0.509,0.122,0.209,,on,-61,,validation test recording
2026-06-02T14:27:22.210150+00:00,2026-06-02 19:57:22,Abel,plug_2,NW_P2_Abel,P110,fridge,f371cfb9,normal,5.0,71.61,236.236,0.51,0.122,0.21,,on,-61,,validation test recording
2026-06-02T14:27:27.476539+00:00,2026-06-02 19:57:27,Abel,plug_2,NW_P2_Abel,P110,fridge,f371cfb9,normal,5.0,71.672,236.27,0.509,0.122,0.21,,on,-61,,validation test recording
2026-06-02T14:27:32.738073+00:00,2026-06-02 19:57:32,Abel,plug_2,NW_P2_Abel,P110,fridge,f371cfb9,normal,5.0,71.46,236.287,0.508,0.122,0.21,,on,-59,,validation test recording
2026-06-02T14:27:38.004510+00:00,2026-06-02 19:57:38,Abel,plug_2,NW_P2_Abel,P110,fridge,f371cfb9,normal,5.0,71.561,236.257,0.509,0.123,0.21,,on,-62,,validation test recording
2026-06-02T14:27:43.298645+00:00,2026-06-02 19:57:43,Abel,plug_2,NW_P2_Abel,P110,fridge,f371cfb9,normal,5.0,71.424,236.284,0.511,0.123,0.21,,on,-59,,validation test recording
2026-06-02T14:27:48.559799+00:00,2026-06-02 19:57:48,Abel,plug_2,NW_P2_Abel,P110,fridge,f371cfb9,normal,5.0,71.354,236.391,0.511,0.123,0.21,,on,-62,,validation test recording
2026-06-02T14:27:53.820937+00:00,2026-06-02 19:57:53,Abel,plug_2,NW_P2_Abel,P110,fridge,f371cfb9,normal,5.0,71.474,236.492,0.508,0.123,0.21,,on,-62,,validation test recording
2026-06-02T14:27:59.085008+00:00,2026-06-02 19:57:59,Abel,plug_2,NW_P2_Abel,P110,fridge,f371cfb9,normal,5.0,71.44,236.533,0.507,0.123,0.21,,on,-59,,validation test recording
2026-06-02T14:28:04.348674+00:00,2026-06-02 19:58:04,Abel,plug_2,NW_P2_Abel,P110,fridge,f371cfb9,normal,5.0,71.329,236.616,0.507,0.123,0.21,,on,-58,,validation test recording
2026-06-02T14:28:09.720598+00:00,2026-06-02 19:58:09,Abel,plug_2,NW_P2_Abel,P110,fridge,f371cfb9,normal,5.0,71.339,236.675,0.508,0.123,0.211,,on,-60,,validation test recording
2026-06-02T14:28:14.993975+00:00,2026-06-02 19:58:14,Abel,plug_2,NW_P2_Abel,P110,fridge,f371cfb9,normal,5.0,71.391,236.67,0.508,0.123,0.211,,on,-62,,validation test recording
2026-06-02T14:28:20.259366+00:00,2026-06-02 19:58:20,Abel,plug_2,NW_P2_Abel,P110,fridge,f371cfb9,normal,5.0,71.227,236.662,0.507,0.123,0.211,,on,-61,,validation test recording
2026-06-02T14:28:25.701333+00:00,2026-06-02 19:58:25,Abel,plug_2,NW_P2_Abel,P110,fridge,f371cfb9,normal,5.0,71.151,236.7,0.507,0.124,0.211,,on,-61,,validation test recording
2026-06-02T14:28:31.026845+00:00,2026-06-02 19:58:31,Abel,plug_2,NW_P2_Abel,P110,fridge,f371cfb9,normal,5.0,71.258,236.651,0.506,0.124,0.211,,on,-65,,validation test recording
2026-06-02T14:28:36.282347+00:00,2026-06-02 19:58:36,Abel,plug_2,NW_P2_Abel,P110,fridge,f371cfb9,normal,5.0,71.189,236.552,0.507,0.124,0.211,,on,-59,,validation test recording
2026-06-02T14:28:41.557276+00:00,2026-06-02 19:58:41,Abel,plug_2,NW_P2_Abel,P110,fridge,f371cfb9,normal,5.0,71.225,236.604,0.507,0.124,0.211,,on,-56,,validation test recording
2026-06-02T14:28:46.948104+00:00,2026-06-02 19:58:46,Abel,plug_2,NW_P2_Abel,P110,fridge,f371cfb9,normal,5.0,71.104,236.582,0.505,0.124,0.211,,on,-58,,validation test recording
2026-06-02T14:28:52.274567+00:00,2026-06-02 19:58:52,Abel,plug_2,NW_P2_Abel,P110,fridge,f371cfb9,normal,5.0,71.103,236.349,0.507,0.124,0.211,,on,-59,,validation test recording
2026-06-02T14:28:57.555490+00:00,2026-06-02 19:58:57,Abel,plug_2,NW_P2_Abel,P110,fridge,f371cfb9,normal,5.0,71.011,235.857,0.507,0.124,0.211,,on,-58,,validation test recording
2026-06-02T14:29:02.824502+00:00,2026-06-02 19:59:02,Abel,plug_2,NW_P2_Abel,P110,fridge,f371cfb9,normal,5.0,71.182,235.869,0.508,0.124,0.212,,on,-57,,validation test recording
2026-06-02T14:29:08.278018+00:00,2026-06-02 19:59:08,Abel,plug_2,NW_P2_Abel,P110,fridge,f371cfb9,normal,5.0,71.013,235.903,0.507,0.124,0.212,,on,-57,,validation test recording
2026-06-02T14:29:13.587878+00:00,2026-06-02 19:59:13,Abel,plug_2,NW_P2_Abel,P110,fridge,f371cfb9,normal,5.0,71.014,236.018,0.506,0.124,0.212,,on,-59,,validation test recording
2026-06-02T14:29:19.191733+00:00,2026-06-02 19:59:19,Abel,plug_2,NW_P2_Abel,P110,fridge,f371cfb9,normal,5.0,70.91,235.849,0.505,0.125,0.212,,on,-59,,validation test recording
2026-06-02T14:29:25.829092+00:00,2026-06-02 19:59:25,Abel,plug_2,NW_P2_Abel,P110,fridge,f371cfb9,normal,5.0,71.006,236.165,0.503,0.125,0.212,,on,-58,,validation test recording
2026-06-02T14:29:31.739055+00:00,2026-06-02 19:59:31,Abel,plug_2,NW_P2_Abel,P110,fridge,f371cfb9,normal,5.0,70.875,235.559,0.502,0.125,0.212,,on,-58,,validation test recording
2026-06-02T14:29:37.009292+00:00,2026-06-02 19:59:37,Abel,plug_2,NW_P2_Abel,P110,fridge,f371cfb9,normal,5.0,70.834,235.47,0.501,0.125,0.212,,on,-58,,validation test recording
2026-06-02T14:29:42.281104+00:00,2026-06-02 19:59:42,Abel,plug_2,NW_P2_Abel,P110,fridge,f371cfb9,normal,5.0,70.86,235.239,0.503,0.125,0.212,,on,-58,,validation test recording
2026-06-02T14:29:47.566566+00:00,2026-06-02 19:59:47,Abel,plug_2,NW_P2_Abel,P110,fridge,f371cfb9,normal,5.0,70.949,235.246,0.505,0.125,0.212,,on,-58,,validation test recording
2026-06-02T14:29:52.851264+00:00,2026-06-02 19:59:52,Abel,plug_2,NW_P2_Abel,P110,fridge,f371cfb9,normal,5.0,70.785,235.21,0.505,0.125,0.213,,on,-59,,validation test recording
2026-06-02T14:29:58.188582+00:00,2026-06-02 19:59:58,Abel,plug_2,NW_P2_Abel,P110,fridge,f371cfb9,normal,5.0,70.737,235.291,0.504,0.125,0.213,,on,-58,,validation test recording
2026-06-02T14:30:03.510342+00:00,2026-06-02 20:00:03,Abel,plug_2,NW_P2_Abel,P110,fridge,f371cfb9,normal,5.0,70.735,235.279,0.504,0.125,0.213,,on,-56,,validation test recording
2026-06-02T14:30:08.792548+00:00,2026-06-02 20:00:08,Abel,plug_2,NW_P2_Abel,P110,fridge,f371cfb9,normal,5.0,70.728,235.162,0.503,0.126,0.213,,on,-58,,validation test recording
2026-06-02T14:30:14.360767+00:00,2026-06-02 20:00:14,Abel,plug_2,NW_P2_Abel,P110,fridge,f371cfb9,normal,5.0,70.712,235.167,0.504,0.126,0.213,,on,-57,,validation test recording
2026-06-02T14:30:21.074601+00:00,2026-06-02 20:00:21,Abel,plug_2,NW_P2_Abel,P110,fridge,f371cfb9,normal,5.0,70.673,235.224,0.504,0.126,0.213,,on,-55,,validation test recording
2026-06-02T14:30:26.360059+00:00,2026-06-02 20:00:26,Abel,plug_2,NW_P2_Abel,P110,fridge,f371cfb9,normal,5.0,70.701,235.192,0.505,0.126,0.213,,on,-58,,validation test recording
2026-06-02T14:30:31.676535+00:00,2026-06-02 20:00:31,Abel,plug_2,NW_P2_Abel,P110,fridge,f371cfb9,normal,5.0,70.618,234.729,0.507,0.126,0.213,,on,-57,,validation test recording
2026-06-02T14:30:36.978275+00:00,2026-06-02 20:00:36,Abel,plug_2,NW_P2_Abel,P110,fridge,f371cfb9,normal,5.0,70.621,234.737,0.506,0.126,0.213,,on,-57,,validation test recording
2026-06-02T14:30:42.239222+00:00,2026-06-02 20:00:42,Abel,plug_2,NW_P2_Abel,P110,fridge,f371cfb9,normal,5.0,70.489,234.69,0.506,0.126,0.214,,on,-57,,validation test recording
2026-06-02T14:30:47.635640+00:00,2026-06-02 20:00:47,Abel,plug_2,NW_P2_Abel,P110,fridge,f371cfb9,normal,5.0,70.408,234.646,0.505,0.126,0.214,,on,-59,,validation test recording
2026-06-02T14:30:53.112214+00:00,2026-06-02 20:00:53,Abel,plug_2,NW_P2_Abel,P110,fridge,f371cfb9,normal,5.0,70.374,234.62,0.503,0.126,0.214,,on,-61,,validation test recording
2026-06-02T14:30:58.560261+00:00,2026-06-02 20:00:58,Abel,plug_2,NW_P2_Abel,P110,fridge,f371cfb9,normal,5.0,70.661,234.711,0.504,0.127,0.214,,on,-60,,validation test recording
2026-06-02T14:31:03.900263+00:00,2026-06-02 20:01:03,Abel,plug_2,NW_P2_Abel,P110,fridge,f371cfb9,normal,5.0,70.435,234.675,0.504,0.127,0.214,,on,-61,,validation test recording
2026-06-02T14:31:09.147217+00:00,2026-06-02 20:01:09,Abel,plug_2,NW_P2_Abel,P110,fridge,f371cfb9,normal,5.0,70.523,234.658,0.502,0.127,0.214,,on,-59,,validation test recording
