timestamp_utc,timestamp_local,team_member,plug_id,plug_alias,plug_model,appliance,session_id,mode,sample_interval_sec,power_w,voltage_v,current_a,energy_today_kwh,energy_this_month_kwh,energy_total_kwh,state,rssi,signal_level,notes
2026-06-03T07:42:59.062260+00:00,2026-06-03 13:12:59,Abel,plug_2,NW_P2_Abel,P110,washing_machine,adeac0d9,normal_wash,5.0,1.367,238.337,0.043,1.218,1.697,,on,-70,,44 minute wash cycle
2026-06-03T07:43:04.327670+00:00,2026-06-03 13:13:04,Abel,plug_2,NW_P2_Abel,P110,washing_machine,adeac0d9,normal_wash,5.0,1.338,238.326,0.043,1.218,1.697,,on,-67,,44 minute wash cycle
2026-06-03T07:43:09.621720+00:00,2026-06-03 13:13:09,Abel,plug_2,NW_P2_Abel,P110,washing_machine,adeac0d9,normal_wash,5.0,1.356,238.265,0.043,1.218,1.697,,on,-66,,44 minute wash cycle
2026-06-03T07:43:14.891893+00:00,2026-06-03 13:13:14,Abel,plug_2,NW_P2_Abel,P110,washing_machine,adeac0d9,normal_wash,5.0,1.4,238.185,0.043,1.218,1.697,,on,-71,,44 minute wash cycle
2026-06-03T07:43:20.139331+00:00,2026-06-03 13:13:20,Abel,plug_2,NW_P2_Abel,P110,washing_machine,adeac0d9,normal_wash,5.0,1.4,238.249,0.043,1.218,1.697,,on,-69,,44 minute wash cycle
2026-06-03T07:43:25.388879+00:00,2026-06-03 13:13:25,Abel,plug_2,NW_P2_Abel,P110,washing_machine,adeac0d9,normal_wash,5.0,1.345,238.166,0.043,1.218,1.697,,on,-70,,44 minute wash cycle
2026-06-03T07:43:30.677783+00:00,2026-06-03 13:13:30,Abel,plug_2,NW_P2_Abel,P110,washing_machine,adeac0d9,normal_wash,5.0,1.375,238.19,0.043,1.218,1.697,,on,-69,,44 minute wash cycle
2026-06-03T07:43:35.947779+00:00,2026-06-03 13:13:35,Abel,plug_2,NW_P2_Abel,P110,washing_machine,adeac0d9,normal_wash,5.0,1.397,238.11,0.043,1.218,1.697,,on,-68,,44 minute wash cycle
2026-06-03T07:43:41.223100+00:00,2026-06-03 13:13:41,Abel,plug_2,NW_P2_Abel,P110,washing_machine,adeac0d9,normal_wash,5.0,1.31,238.08,0.043,1.218,1.697,,on,-68,,44 minute wash cycle
2026-06-03T07:43:46.498042+00:00,2026-06-03 13:13:46,Abel,plug_2,NW_P2_Abel,P110,washing_machine,adeac0d9,normal_wash,5.0,1.32,238.0,0.043,1.218,1.697,,on,-68,,44 minute wash cycle
2026-06-03T07:43:51.746432+00:00,2026-06-03 13:13:51,Abel,plug_2,NW_P2_Abel,P110,washing_machine,adeac0d9,normal_wash,5.0,1.343,237.443,0.042,1.218,1.697,,on,-69,,44 minute wash cycle
2026-06-03T07:43:56.994516+00:00,2026-06-03 13:13:56,Abel,plug_2,NW_P2_Abel,P110,washing_machine,adeac0d9,normal_wash,5.0,1.298,237.523,0.043,1.218,1.697,,on,-71,,44 minute wash cycle
2026-06-03T07:44:02.354827+00:00,2026-06-03 13:14:02,Abel,plug_2,NW_P2_Abel,P110,washing_machine,adeac0d9,normal_wash,5.0,1.425,237.546,0.043,1.218,1.697,,on,-68,,44 minute wash cycle
2026-06-03T07:44:07.624928+00:00,2026-06-03 13:14:07,Abel,plug_2,NW_P2_Abel,P110,washing_machine,adeac0d9,normal_wash,5.0,1.369,237.508,0.042,1.218,1.697,,on,-72,,44 minute wash cycle
2026-06-03T07:44:12.928628+00:00,2026-06-03 13:14:12,Abel,plug_2,NW_P2_Abel,P110,washing_machine,adeac0d9,normal_wash,5.0,1.341,237.571,0.042,1.218,1.697,,on,-69,,44 minute wash cycle
2026-06-03T07:44:18.186028+00:00,2026-06-03 13:14:18,Abel,plug_2,NW_P2_Abel,P110,washing_machine,adeac0d9,normal_wash,5.0,1.314,237.518,0.043,1.218,1.697,,on,-76,,44 minute wash cycle
2026-06-03T07:44:23.449216+00:00,2026-06-03 13:14:23,Abel,plug_2,NW_P2_Abel,P110,washing_machine,adeac0d9,normal_wash,5.0,2.276,237.64,0.045,1.218,1.697,,on,-72,,44 minute wash cycle
2026-06-03T07:44:28.734720+00:00,2026-06-03 13:14:28,Abel,plug_2,NW_P2_Abel,P110,washing_machine,adeac0d9,normal_wash,5.0,2.634,237.59,0.045,1.218,1.697,,on,-67,,44 minute wash cycle
2026-06-03T07:44:34.012248+00:00,2026-06-03 13:14:34,Abel,plug_2,NW_P2_Abel,P110,washing_machine,adeac0d9,normal_wash,5.0,8.783,237.497,0.043,1.218,1.697,,on,-69,,44 minute wash cycle
2026-06-03T07:44:39.878865+00:00,2026-06-03 13:14:39,Abel,plug_2,NW_P2_Abel,P110,washing_machine,adeac0d9,normal_wash,5.0,8.095,237.84,0.044,1.218,1.697,,on,-67,,44 minute wash cycle
2026-06-03T07:44:45.119800+00:00,2026-06-03 13:14:45,Abel,plug_2,NW_P2_Abel,P110,washing_machine,adeac0d9,normal_wash,5.0,8.898,237.857,0.046,1.218,1.697,,on,-70,,44 minute wash cycle
2026-06-03T07:44:50.408444+00:00,2026-06-03 13:14:50,Abel,plug_2,NW_P2_Abel,P110,washing_machine,adeac0d9,normal_wash,5.0,8.848,237.991,0.044,1.218,1.697,,on,-67,,44 minute wash cycle
2026-06-03T07:44:55.669085+00:00,2026-06-03 13:14:55,Abel,plug_2,NW_P2_Abel,P110,washing_machine,adeac0d9,normal_wash,5.0,8.92,238.51,0.044,1.218,1.697,,on,-68,,44 minute wash cycle
2026-06-03T07:45:00.911511+00:00,2026-06-03 13:15:00,Abel,plug_2,NW_P2_Abel,P110,washing_machine,adeac0d9,normal_wash,5.0,8.872,238.575,0.044,1.218,1.697,,on,-69,,44 minute wash cycle
2026-06-03T07:45:06.192857+00:00,2026-06-03 13:15:06,Abel,plug_2,NW_P2_Abel,P110,washing_machine,adeac0d9,normal_wash,5.0,8.875,238.688,0.045,1.218,1.697,,on,-68,,44 minute wash cycle
2026-06-03T07:45:11.478631+00:00,2026-06-03 13:15:11,Abel,plug_2,NW_P2_Abel,P110,washing_machine,adeac0d9,normal_wash,5.0,8.867,238.653,0.044,1.218,1.697,,on,-71,,44 minute wash cycle
2026-06-03T07:45:16.736946+00:00,2026-06-03 13:15:16,Abel,plug_2,NW_P2_Abel,P110,washing_machine,adeac0d9,normal_wash,5.0,8.874,238.57,0.044,1.218,1.697,,on,-68,,44 minute wash cycle
2026-06-03T07:45:22.212142+00:00,2026-06-03 13:15:22,Abel,plug_2,NW_P2_Abel,P110,washing_machine,adeac0d9,normal_wash,5.0,8.797,238.411,0.044,1.218,1.697,,on,-67,,44 minute wash cycle
2026-06-03T07:45:27.523582+00:00,2026-06-03 13:15:27,Abel,plug_2,NW_P2_Abel,P110,washing_machine,adeac0d9,normal_wash,5.0,100.118,238.122,0.047,1.218,1.698,,on,-67,,44 minute wash cycle
2026-06-03T07:45:32.782723+00:00,2026-06-03 13:15:32,Abel,plug_2,NW_P2_Abel,P110,washing_machine,adeac0d9,normal_wash,5.0,127.408,238.38,1.902,1.218,1.698,,on,-69,,44 minute wash cycle
2026-06-03T07:45:38.045420+00:00,2026-06-03 13:15:38,Abel,plug_2,NW_P2_Abel,P110,washing_machine,adeac0d9,normal_wash,5.0,2.667,238.513,0.046,1.218,1.698,,on,-70,,44 minute wash cycle
2026-06-03T07:45:43.323123+00:00,2026-06-03 13:15:43,Abel,plug_2,NW_P2_Abel,P110,washing_machine,adeac0d9,normal_wash,5.0,2.696,238.705,0.046,1.218,1.698,,on,-66,,44 minute wash cycle
2026-06-03T07:45:48.590796+00:00,2026-06-03 13:15:48,Abel,plug_2,NW_P2_Abel,P110,washing_machine,adeac0d9,normal_wash,5.0,121.865,238.416,2.194,1.218,1.698,,on,-67,,44 minute wash cycle
2026-06-03T07:45:53.854326+00:00,2026-06-03 13:15:53,Abel,plug_2,NW_P2_Abel,P110,washing_machine,adeac0d9,normal_wash,5.0,126.707,238.577,1.851,1.219,1.698,,on,-68,,44 minute wash cycle
2026-06-03T07:45:59.132192+00:00,2026-06-03 13:15:59,Abel,plug_2,NW_P2_Abel,P110,washing_machine,adeac0d9,normal_wash,5.0,107.581,238.445,2.252,1.219,1.698,,on,-68,,44 minute wash cycle
2026-06-03T07:46:04.389985+00:00,2026-06-03 13:16:04,Abel,plug_2,NW_P2_Abel,P110,washing_machine,adeac0d9,normal_wash,5.0,106.543,238.257,2.2,1.219,1.698,,on,-70,,44 minute wash cycle
2026-06-03T07:46:09.805592+00:00,2026-06-03 13:16:09,Abel,plug_2,NW_P2_Abel,P110,washing_machine,adeac0d9,normal_wash,5.0,8.841,238.616,0.045,1.219,1.698,,on,-71,,44 minute wash cycle
2026-06-03T07:46:15.064616+00:00,2026-06-03 13:16:15,Abel,plug_2,NW_P2_Abel,P110,washing_machine,adeac0d9,normal_wash,5.0,2.605,238.106,0.045,1.219,1.698,,on,-67,,44 minute wash cycle
2026-06-03T07:46:20.335500+00:00,2026-06-03 13:16:20,Abel,plug_2,NW_P2_Abel,P110,washing_machine,adeac0d9,normal_wash,5.0,4.004,238.071,0.08,1.219,1.698,,on,-69,,44 minute wash cycle
2026-06-03T07:46:25.607969+00:00,2026-06-03 13:16:25,Abel,plug_2,NW_P2_Abel,P110,washing_machine,adeac0d9,normal_wash,5.0,113.042,237.665,2.238,1.219,1.699,,on,-67,,44 minute wash cycle
2026-06-03T07:46:30.844520+00:00,2026-06-03 13:16:30,Abel,plug_2,NW_P2_Abel,P110,washing_machine,adeac0d9,normal_wash,5.0,34.168,238.027,2.443,1.219,1.699,,on,-67,,44 minute wash cycle
2026-06-03T07:46:36.108626+00:00,2026-06-03 13:16:36,Abel,plug_2,NW_P2_Abel,P110,washing_machine,adeac0d9,normal_wash,5.0,2.689,238.073,0.045,1.219,1.699,,on,-68,,44 minute wash cycle
2026-06-03T07:46:41.362868+00:00,2026-06-03 13:16:41,Abel,plug_2,NW_P2_Abel,P110,washing_machine,adeac0d9,normal_wash,5.0,122.636,238.144,2.626,1.219,1.699,,on,-68,,44 minute wash cycle
2026-06-03T07:46:46.622729+00:00,2026-06-03 13:16:46,Abel,plug_2,NW_P2_Abel,P110,washing_machine,adeac0d9,normal_wash,5.0,123.156,237.394,2.512,1.219,1.699,,on,-71,,44 minute wash cycle
2026-06-03T07:46:51.889014+00:00,2026-06-03 13:16:51,Abel,plug_2,NW_P2_Abel,P110,washing_machine,adeac0d9,normal_wash,5.0,122.409,237.208,2.388,1.22,1.699,,on,-67,,44 minute wash cycle
2026-06-03T07:46:57.217652+00:00,2026-06-03 13:16:57,Abel,plug_2,NW_P2_Abel,P110,washing_machine,adeac0d9,normal_wash,5.0,123.146,237.244,2.519,1.22,1.699,,on,-71,,44 minute wash cycle
2026-06-03T07:47:02.476254+00:00,2026-06-03 13:17:02,Abel,plug_2,NW_P2_Abel,P110,washing_machine,adeac0d9,normal_wash,5.0,8.806,237.54,0.045,1.22,1.699,,on,-70,,44 minute wash cycle
2026-06-03T07:47:07.724556+00:00,2026-06-03 13:17:07,Abel,plug_2,NW_P2_Abel,P110,washing_machine,adeac0d9,normal_wash,5.0,2.62,237.598,0.045,1.22,1.699,,on,-68,,44 minute wash cycle
2026-06-03T07:47:12.996202+00:00,2026-06-03 13:17:12,Abel,plug_2,NW_P2_Abel,P110,washing_machine,adeac0d9,normal_wash,5.0,2.595,237.654,0.045,1.22,1.699,,on,-68,,44 minute wash cycle
2026-06-03T07:47:18.243681+00:00,2026-06-03 13:17:18,Abel,plug_2,NW_P2_Abel,P110,washing_machine,adeac0d9,normal_wash,5.0,140.346,236.953,2.301,1.22,1.7,,on,-70,,44 minute wash cycle
2026-06-03T07:47:23.503384+00:00,2026-06-03 13:17:23,Abel,plug_2,NW_P2_Abel,P110,washing_machine,adeac0d9,normal_wash,5.0,134.886,237.038,2.381,1.22,1.7,,on,-71,,44 minute wash cycle
2026-06-03T07:47:28.779931+00:00,2026-06-03 13:17:28,Abel,plug_2,NW_P2_Abel,P110,washing_machine,adeac0d9,normal_wash,5.0,6.349,237.524,2.963,1.22,1.7,,on,-71,,44 minute wash cycle
2026-06-03T07:47:34.058828+00:00,2026-06-03 13:17:34,Abel,plug_2,NW_P2_Abel,P110,washing_machine,adeac0d9,normal_wash,5.0,123.121,237.226,2.208,1.22,1.7,,on,-72,,44 minute wash cycle
2026-06-03T07:47:39.353706+00:00,2026-06-03 13:17:39,Abel,plug_2,NW_P2_Abel,P110,washing_machine,adeac0d9,normal_wash,5.0,110.043,237.265,2.148,1.221,1.7,,on,-71,,44 minute wash cycle
2026-06-03T07:47:44.619743+00:00,2026-06-03 13:17:44,Abel,plug_2,NW_P2_Abel,P110,washing_machine,adeac0d9,normal_wash,5.0,2.569,237.952,0.045,1.221,1.7,,on,-68,,44 minute wash cycle
2026-06-03T07:47:49.869911+00:00,2026-06-03 13:17:49,Abel,plug_2,NW_P2_Abel,P110,washing_machine,adeac0d9,normal_wash,5.0,2.603,238.008,0.221,1.221,1.7,,on,-68,,44 minute wash cycle
2026-06-03T07:47:55.118721+00:00,2026-06-03 13:17:55,Abel,plug_2,NW_P2_Abel,P110,washing_machine,adeac0d9,normal_wash,5.0,107.32,237.5,2.393,1.221,1.7,,on,-70,,44 minute wash cycle
2026-06-03T07:48:00.381874+00:00,2026-06-03 13:18:00,Abel,plug_2,NW_P2_Abel,P110,washing_machine,adeac0d9,normal_wash,5.0,106.55,237.498,2.548,1.221,1.701,,on,-71,,44 minute wash cycle
2026-06-03T07:48:05.641076+00:00,2026-06-03 13:18:05,Abel,plug_2,NW_P2_Abel,P110,washing_machine,adeac0d9,normal_wash,5.0,2.628,238.057,0.045,1.221,1.701,,on,-71,,44 minute wash cycle
2026-06-03T07:48:10.919426+00:00,2026-06-03 13:18:10,Abel,plug_2,NW_P2_Abel,P110,washing_machine,adeac0d9,normal_wash,5.0,131.609,237.428,2.695,1.221,1.701,,on,-68,,44 minute wash cycle
2026-06-03T07:48:16.202223+00:00,2026-06-03 13:18:16,Abel,plug_2,NW_P2_Abel,P110,washing_machine,adeac0d9,normal_wash,5.0,120.8,237.607,2.391,1.221,1.701,,on,-68,,44 minute wash cycle
2026-06-03T07:48:21.473702+00:00,2026-06-03 13:18:21,Abel,plug_2,NW_P2_Abel,P110,washing_machine,adeac0d9,normal_wash,5.0,118.749,238.089,2.292,1.221,1.701,,on,-69,,44 minute wash cycle
2026-06-03T07:48:26.751749+00:00,2026-06-03 13:18:26,Abel,plug_2,NW_P2_Abel,P110,washing_machine,adeac0d9,normal_wash,5.0,2.584,238.195,0.045,1.221,1.701,,on,-69,,44 minute wash cycle
2026-06-03T07:48:32.009645+00:00,2026-06-03 13:18:32,Abel,plug_2,NW_P2_Abel,P110,washing_machine,adeac0d9,normal_wash,5.0,156.233,237.841,2.984,1.222,1.701,,on,-72,,44 minute wash cycle
2026-06-03T07:48:37.288686+00:00,2026-06-03 13:18:37,Abel,plug_2,NW_P2_Abel,P110,washing_machine,adeac0d9,normal_wash,5.0,116.355,237.646,2.495,1.222,1.701,,on,-71,,44 minute wash cycle
2026-06-03T07:48:42.543222+00:00,2026-06-03 13:18:42,Abel,plug_2,NW_P2_Abel,P110,washing_machine,adeac0d9,normal_wash,5.0,23.437,238.157,1.645,1.222,1.701,,on,-68,,44 minute wash cycle
2026-06-03T07:48:47.790633+00:00,2026-06-03 13:18:47,Abel,plug_2,NW_P2_Abel,P110,washing_machine,adeac0d9,normal_wash,5.0,3.15,238.038,0.046,1.222,1.701,,on,-68,,44 minute wash cycle
2026-06-03T07:48:53.054005+00:00,2026-06-03 13:18:53,Abel,plug_2,NW_P2_Abel,P110,washing_machine,adeac0d9,normal_wash,5.0,135.909,237.631,2.638,1.222,1.702,,on,-71,,44 minute wash cycle
2026-06-03T07:48:58.306134+00:00,2026-06-03 13:18:58,Abel,plug_2,NW_P2_Abel,P110,washing_machine,adeac0d9,normal_wash,5.0,126.229,237.798,2.378,1.222,1.702,,on,-68,,44 minute wash cycle
2026-06-03T07:49:03.568488+00:00,2026-06-03 13:19:03,Abel,plug_2,NW_P2_Abel,P110,washing_machine,adeac0d9,normal_wash,5.0,2.595,238.244,0.045,1.222,1.702,,on,-70,,44 minute wash cycle
2026-06-03T07:49:08.836929+00:00,2026-06-03 13:19:08,Abel,plug_2,NW_P2_Abel,P110,washing_machine,adeac0d9,normal_wash,5.0,2.565,238.255,0.045,1.222,1.702,,on,-71,,44 minute wash cycle
2026-06-03T07:49:14.103796+00:00,2026-06-03 13:19:14,Abel,plug_2,NW_P2_Abel,P110,washing_machine,adeac0d9,normal_wash,5.0,127.605,237.75,2.65,1.223,1.702,,on,-70,,44 minute wash cycle
2026-06-03T07:49:19.378799+00:00,2026-06-03 13:19:19,Abel,plug_2,NW_P2_Abel,P110,washing_machine,adeac0d9,normal_wash,5.0,117.275,237.427,2.489,1.223,1.702,,on,-72,,44 minute wash cycle
2026-06-03T07:49:24.641367+00:00,2026-06-03 13:19:24,Abel,plug_2,NW_P2_Abel,P110,washing_machine,adeac0d9,normal_wash,5.0,2.566,238.335,0.045,1.223,1.702,,on,-71,,44 minute wash cycle
2026-06-03T07:49:29.894804+00:00,2026-06-03 13:19:29,Abel,plug_2,NW_P2_Abel,P110,washing_machine,adeac0d9,normal_wash,5.0,191.887,238.328,3.734,1.223,1.702,,on,-71,,44 minute wash cycle
2026-06-03T07:49:35.170865+00:00,2026-06-03 13:19:35,Abel,plug_2,NW_P2_Abel,P110,washing_machine,adeac0d9,normal_wash,5.0,127.117,237.95,2.439,1.223,1.703,,on,-71,,44 minute wash cycle
2026-06-03T07:49:40.431498+00:00,2026-06-03 13:19:40,Abel,plug_2,NW_P2_Abel,P110,washing_machine,adeac0d9,normal_wash,5.0,116.426,237.985,2.669,1.223,1.703,,on,-68,,44 minute wash cycle
2026-06-03T07:49:45.701746+00:00,2026-06-03 13:19:45,Abel,plug_2,NW_P2_Abel,P110,washing_machine,adeac0d9,normal_wash,5.0,2.667,238.313,0.045,1.223,1.703,,on,-67,,44 minute wash cycle
2026-06-03T07:49:50.978943+00:00,2026-06-03 13:19:50,Abel,plug_2,NW_P2_Abel,P110,washing_machine,adeac0d9,normal_wash,5.0,115.343,238.303,0.837,1.223,1.703,,on,-67,,44 minute wash cycle
2026-06-03T07:49:56.258529+00:00,2026-06-03 13:19:56,Abel,plug_2,NW_P2_Abel,P110,washing_machine,adeac0d9,normal_wash,5.0,117.846,237.767,2.538,1.223,1.703,,on,-72,,44 minute wash cycle
2026-06-03T07:50:01.531461+00:00,2026-06-03 13:20:01,Abel,plug_2,NW_P2_Abel,P110,washing_machine,adeac0d9,normal_wash,5.0,56.424,237.796,2.391,1.224,1.703,,on,-69,,44 minute wash cycle
2026-06-03T07:50:06.807466+00:00,2026-06-03 13:20:06,Abel,plug_2,NW_P2_Abel,P110,washing_machine,adeac0d9,normal_wash,5.0,2.639,238.315,0.046,1.224,1.703,,on,-70,,44 minute wash cycle
2026-06-03T07:50:12.070675+00:00,2026-06-03 13:20:12,Abel,plug_2,NW_P2_Abel,P110,washing_machine,adeac0d9,normal_wash,5.0,121.676,237.676,2.484,1.224,1.703,,on,-70,,44 minute wash cycle
2026-06-03T07:50:17.337186+00:00,2026-06-03 13:20:17,Abel,plug_2,NW_P2_Abel,P110,washing_machine,adeac0d9,normal_wash,5.0,121.69,238.318,2.479,1.224,1.704,,on,-70,,44 minute wash cycle
2026-06-03T07:50:22.653358+00:00,2026-06-03 13:20:22,Abel,plug_2,NW_P2_Abel,P110,washing_machine,adeac0d9,normal_wash,5.0,2.639,238.659,2.562,1.224,1.704,,on,-74,,44 minute wash cycle
2026-06-03T07:50:27.944781+00:00,2026-06-03 13:20:27,Abel,plug_2,NW_P2_Abel,P110,washing_machine,adeac0d9,normal_wash,5.0,2.646,238.547,0.045,1.224,1.704,,on,-72,,44 minute wash cycle
2026-06-03T07:50:33.260496+00:00,2026-06-03 13:20:33,Abel,plug_2,NW_P2_Abel,P110,washing_machine,adeac0d9,normal_wash,5.0,142.091,238.248,2.865,1.224,1.704,,on,-72,,44 minute wash cycle
2026-06-03T07:50:38.531411+00:00,2026-06-03 13:20:38,Abel,plug_2,NW_P2_Abel,P110,washing_machine,adeac0d9,normal_wash,5.0,135.252,238.401,2.682,1.224,1.704,,on,-68,,44 minute wash cycle
2026-06-03T07:50:43.801196+00:00,2026-06-03 13:20:43,Abel,plug_2,NW_P2_Abel,P110,washing_machine,adeac0d9,normal_wash,5.0,2.742,238.614,1.119,1.224,1.704,,on,-69,,44 minute wash cycle
2026-06-03T07:50:49.075541+00:00,2026-06-03 13:20:49,Abel,plug_2,NW_P2_Abel,P110,washing_machine,adeac0d9,normal_wash,5.0,3.934,238.086,0.046,1.225,1.704,,on,-68,,44 minute wash cycle
2026-06-03T07:50:54.350094+00:00,2026-06-03 13:20:54,Abel,plug_2,NW_P2_Abel,P110,washing_machine,adeac0d9,normal_wash,5.0,129.404,238.049,2.66,1.225,1.704,,on,-70,,44 minute wash cycle
2026-06-03T07:50:59.611283+00:00,2026-06-03 13:20:59,Abel,plug_2,NW_P2_Abel,P110,washing_machine,adeac0d9,normal_wash,5.0,125.347,238.016,2.662,1.225,1.704,,on,-67,,44 minute wash cycle
2026-06-03T07:51:04.879320+00:00,2026-06-03 13:21:04,Abel,plug_2,NW_P2_Abel,P110,washing_machine,adeac0d9,normal_wash,5.0,2.781,238.513,0.046,1.225,1.705,,on,-71,,44 minute wash cycle
2026-06-03T07:51:10.554871+00:00,2026-06-03 13:21:10,Abel,plug_2,NW_P2_Abel,P110,washing_machine,adeac0d9,normal_wash,5.0,2.793,238.578,0.046,1.225,1.705,,on,-69,,44 minute wash cycle
2026-06-03T07:51:16.635962+00:00,2026-06-03 13:21:16,Abel,plug_2,NW_P2_Abel,P110,washing_machine,adeac0d9,normal_wash,5.0,133.501,238.194,2.773,1.225,1.705,,on,-69,,44 minute wash cycle
2026-06-03T07:51:23.330885+00:00,2026-06-03 13:21:23,Abel,plug_2,NW_P2_Abel,P110,washing_machine,adeac0d9,normal_wash,5.0,86.551,238.799,2.675,1.225,1.705,,on,-70,,44 minute wash cycle
2026-06-03T07:51:29.345055+00:00,2026-06-03 13:21:29,Abel,plug_2,NW_P2_Abel,P110,washing_machine,adeac0d9,normal_wash,5.0,53.248,238.934,0.046,1.225,1.705,,on,-67,,44 minute wash cycle
2026-06-03T07:51:34.767105+00:00,2026-06-03 13:21:34,Abel,plug_2,NW_P2_Abel,P110,washing_machine,adeac0d9,normal_wash,5.0,125.239,238.595,2.739,1.226,1.705,,on,-68,,44 minute wash cycle
2026-06-03T07:51:40.393060+00:00,2026-06-03 13:21:40,Abel,plug_2,NW_P2_Abel,P110,washing_machine,adeac0d9,normal_wash,5.0,123.84,238.461,2.765,1.226,1.705,,on,-68,,44 minute wash cycle
2026-06-03T07:51:46.087161+00:00,2026-06-03 13:21:46,Abel,plug_2,NW_P2_Abel,P110,washing_machine,adeac0d9,normal_wash,5.0,2.768,238.932,0.046,1.226,1.705,,on,-65,,44 minute wash cycle
2026-06-03T07:51:51.657331+00:00,2026-06-03 13:21:51,Abel,plug_2,NW_P2_Abel,P110,washing_machine,adeac0d9,normal_wash,5.0,133.851,238.869,1.171,1.226,1.706,,on,-66,,44 minute wash cycle
2026-06-03T07:51:57.289901+00:00,2026-06-03 13:21:57,Abel,plug_2,NW_P2_Abel,P110,washing_machine,adeac0d9,normal_wash,5.0,129.528,238.483,2.633,1.226,1.706,,on,-69,,44 minute wash cycle
2026-06-03T07:52:02.921731+00:00,2026-06-03 13:22:02,Abel,plug_2,NW_P2_Abel,P110,washing_machine,adeac0d9,normal_wash,5.0,42.415,238.558,0.046,1.226,1.706,,on,-69,,44 minute wash cycle
2026-06-03T07:52:08.612094+00:00,2026-06-03 13:22:08,Abel,plug_2,NW_P2_Abel,P110,washing_machine,adeac0d9,normal_wash,5.0,2.737,238.931,1.392,1.226,1.706,,on,-68,,44 minute wash cycle
2026-06-03T07:52:14.384468+00:00,2026-06-03 13:22:14,Abel,plug_2,NW_P2_Abel,P110,washing_machine,adeac0d9,normal_wash,5.0,121.8,238.455,2.768,1.227,1.706,,on,-65,,44 minute wash cycle
2026-06-03T07:52:19.857470+00:00,2026-06-03 13:22:19,Abel,plug_2,NW_P2_Abel,P110,washing_machine,adeac0d9,normal_wash,5.0,130.459,238.382,2.76,1.227,1.706,,on,-65,,44 minute wash cycle
2026-06-03T07:52:25.266878+00:00,2026-06-03 13:22:25,Abel,plug_2,NW_P2_Abel,P110,washing_machine,adeac0d9,normal_wash,5.0,2.778,237.359,0.046,1.227,1.706,,on,-66,,44 minute wash cycle
2026-06-03T07:52:32.004148+00:00,2026-06-03 13:22:32,Abel,plug_2,NW_P2_Abel,P110,washing_machine,adeac0d9,normal_wash,5.0,59.428,236.791,0.045,1.227,1.706,,on,-69,,44 minute wash cycle
2026-06-03T07:52:37.840757+00:00,2026-06-03 13:22:37,Abel,plug_2,NW_P2_Abel,P110,washing_machine,adeac0d9,normal_wash,5.0,125.879,236.728,2.745,1.227,1.707,,on,-67,,44 minute wash cycle
2026-06-03T07:52:43.883934+00:00,2026-06-03 13:22:43,Abel,plug_2,NW_P2_Abel,P110,washing_machine,adeac0d9,normal_wash,5.0,2.56,236.922,0.98,1.227,1.707,,on,-66,,44 minute wash cycle
2026-06-03T07:52:51.255795+00:00,2026-06-03 13:22:51,Abel,plug_2,NW_P2_Abel,P110,washing_machine,adeac0d9,normal_wash,5.0,60.74,236.446,2.964,1.227,1.707,,on,-68,,44 minute wash cycle
2026-06-03T07:52:56.988961+00:00,2026-06-03 13:22:56,Abel,plug_2,NW_P2_Abel,P110,washing_machine,adeac0d9,normal_wash,5.0,123.793,236.633,2.738,1.227,1.707,,on,-69,,44 minute wash cycle
2026-06-03T07:53:02.866843+00:00,2026-06-03 13:23:02,Abel,plug_2,NW_P2_Abel,P110,washing_machine,adeac0d9,normal_wash,5.0,2.569,236.622,0.045,1.228,1.707,,on,-68,,44 minute wash cycle
2026-06-03T07:53:08.867920+00:00,2026-06-03 13:23:08,Abel,plug_2,NW_P2_Abel,P110,washing_machine,adeac0d9,normal_wash,5.0,2.591,237.268,0.045,1.228,1.707,,on,-67,,44 minute wash cycle
2026-06-03T07:53:14.603359+00:00,2026-06-03 13:23:14,Abel,plug_2,NW_P2_Abel,P110,washing_machine,adeac0d9,normal_wash,5.0,125.472,236.699,4.264,1.228,1.707,,on,-65,,44 minute wash cycle
2026-06-03T07:53:22.802187+00:00,2026-06-03 13:23:22,Abel,plug_2,NW_P2_Abel,P110,washing_machine,adeac0d9,normal_wash,5.0,131.33,237.204,2.572,1.228,1.708,,on,-68,,44 minute wash cycle
2026-06-03T07:53:28.428387+00:00,2026-06-03 13:23:28,Abel,plug_2,NW_P2_Abel,P110,washing_machine,adeac0d9,normal_wash,5.0,3.849,237.154,0.045,1.228,1.708,,on,-67,,44 minute wash cycle
2026-06-03T07:53:34.566714+00:00,2026-06-03 13:23:34,Abel,plug_2,NW_P2_Abel,P110,washing_machine,adeac0d9,normal_wash,5.0,126.372,236.138,2.808,1.228,1.708,,on,-69,,44 minute wash cycle
2026-06-03T07:53:40.198877+00:00,2026-06-03 13:23:40,Abel,plug_2,NW_P2_Abel,P110,washing_machine,adeac0d9,normal_wash,5.0,129.211,236.299,2.917,1.228,1.708,,on,-68,,44 minute wash cycle
2026-06-03T07:53:46.015859+00:00,2026-06-03 13:23:46,Abel,plug_2,NW_P2_Abel,P110,washing_machine,adeac0d9,normal_wash,5.0,2.68,236.77,0.045,1.228,1.708,,on,-68,,44 minute wash cycle
2026-06-03T07:53:51.673695+00:00,2026-06-03 13:23:51,Abel,plug_2,NW_P2_Abel,P110,washing_machine,adeac0d9,normal_wash,5.0,34.424,236.735,1.241,1.229,1.708,,on,-65,,44 minute wash cycle
2026-06-03T07:53:57.539849+00:00,2026-06-03 13:23:57,Abel,plug_2,NW_P2_Abel,P110,washing_machine,adeac0d9,normal_wash,5.0,129.61,236.294,2.854,1.229,1.708,,on,-67,,44 minute wash cycle
2026-06-03T07:54:03.052669+00:00,2026-06-03 13:24:03,Abel,plug_2,NW_P2_Abel,P110,washing_machine,adeac0d9,normal_wash,5.0,2.725,236.305,0.045,1.229,1.708,,on,-67,,44 minute wash cycle
2026-06-03T07:54:08.774589+00:00,2026-06-03 13:24:08,Abel,plug_2,NW_P2_Abel,P110,washing_machine,adeac0d9,normal_wash,5.0,2.738,236.694,1.246,1.229,1.708,,on,-68,,44 minute wash cycle
2026-06-03T07:54:14.547882+00:00,2026-06-03 13:24:14,Abel,plug_2,NW_P2_Abel,P110,washing_machine,adeac0d9,normal_wash,5.0,122.052,236.111,2.832,1.229,1.709,,on,-71,,44 minute wash cycle
2026-06-03T07:54:20.449567+00:00,2026-06-03 13:24:20,Abel,plug_2,NW_P2_Abel,P110,washing_machine,adeac0d9,normal_wash,5.0,118.705,236.218,2.915,1.229,1.709,,on,-69,,44 minute wash cycle
2026-06-03T07:54:26.092583+00:00,2026-06-03 13:24:26,Abel,plug_2,NW_P2_Abel,P110,washing_machine,adeac0d9,normal_wash,5.0,2.729,236.812,0.045,1.229,1.709,,on,-68,,44 minute wash cycle
2026-06-03T07:54:34.102855+00:00,2026-06-03 13:24:34,Abel,plug_2,NW_P2_Abel,P110,washing_machine,adeac0d9,normal_wash,5.0,131.706,236.276,2.917,1.229,1.709,,on,-74,,44 minute wash cycle
2026-06-03T07:54:40.002180+00:00,2026-06-03 13:24:40,Abel,plug_2,NW_P2_Abel,P110,washing_machine,adeac0d9,normal_wash,5.0,118.505,236.27,2.717,1.23,1.709,,on,-77,,44 minute wash cycle
2026-06-03T07:54:45.615563+00:00,2026-06-03 13:24:45,Abel,plug_2,NW_P2_Abel,P110,washing_machine,adeac0d9,normal_wash,5.0,2.687,236.684,0.045,1.23,1.709,,on,-67,,44 minute wash cycle
2026-06-03T07:54:51.329338+00:00,2026-06-03 13:24:51,Abel,plug_2,NW_P2_Abel,P110,washing_machine,adeac0d9,normal_wash,5.0,135.263,236.249,3.009,1.23,1.709,,on,-67,,44 minute wash cycle
2026-06-03T07:54:56.908311+00:00,2026-06-03 13:24:56,Abel,plug_2,NW_P2_Abel,P110,washing_machine,adeac0d9,normal_wash,5.0,117.756,236.141,2.726,1.23,1.71,,on,-70,,44 minute wash cycle
2026-06-03T07:55:02.439654+00:00,2026-06-03 13:25:02,Abel,plug_2,NW_P2_Abel,P110,washing_machine,adeac0d9,normal_wash,5.0,83.16,236.124,2.717,1.23,1.71,,on,-67,,44 minute wash cycle
2026-06-03T07:55:07.916050+00:00,2026-06-03 13:25:07,Abel,plug_2,NW_P2_Abel,P110,washing_machine,adeac0d9,normal_wash,5.0,2.639,236.54,0.045,1.23,1.71,,on,-67,,44 minute wash cycle
2026-06-03T07:55:13.538685+00:00,2026-06-03 13:25:13,Abel,plug_2,NW_P2_Abel,P110,washing_machine,adeac0d9,normal_wash,5.0,133.223,236.51,4.337,1.23,1.71,,on,-68,,44 minute wash cycle
2026-06-03T07:55:19.273992+00:00,2026-06-03 13:25:19,Abel,plug_2,NW_P2_Abel,P110,washing_machine,adeac0d9,normal_wash,5.0,119.479,236.683,2.712,1.231,1.71,,on,-69,,44 minute wash cycle
2026-06-03T07:55:26.639503+00:00,2026-06-03 13:25:26,Abel,plug_2,NW_P2_Abel,P110,washing_machine,adeac0d9,normal_wash,5.0,2.75,237.113,0.045,1.231,1.71,,on,-68,,44 minute wash cycle
2026-06-03T07:55:32.226952+00:00,2026-06-03 13:25:32,Abel,plug_2,NW_P2_Abel,P110,washing_machine,adeac0d9,normal_wash,5.0,120.901,236.48,4.228,1.231,1.71,,on,-69,,44 minute wash cycle
2026-06-03T07:55:37.867352+00:00,2026-06-03 13:25:37,Abel,plug_2,NW_P2_Abel,P110,washing_machine,adeac0d9,normal_wash,5.0,114.109,236.445,2.655,1.231,1.71,,on,-69,,44 minute wash cycle
2026-06-03T07:55:43.906355+00:00,2026-06-03 13:25:43,Abel,plug_2,NW_P2_Abel,P110,washing_machine,adeac0d9,normal_wash,5.0,4.009,236.848,1.133,1.231,1.711,,on,-66,,44 minute wash cycle
2026-06-03T07:55:49.533814+00:00,2026-06-03 13:25:49,Abel,plug_2,NW_P2_Abel,P110,washing_machine,adeac0d9,normal_wash,5.0,113.917,236.318,2.682,1.231,1.711,,on,-67,,44 minute wash cycle
2026-06-03T07:55:56.291312+00:00,2026-06-03 13:25:56,Abel,plug_2,NW_P2_Abel,P110,washing_machine,adeac0d9,normal_wash,5.0,115.341,236.297,2.747,1.231,1.711,,on,-70,,44 minute wash cycle
2026-06-03T07:56:02.129327+00:00,2026-06-03 13:26:02,Abel,plug_2,NW_P2_Abel,P110,washing_machine,adeac0d9,normal_wash,5.0,2.601,236.757,0.045,1.231,1.711,,on,-68,,44 minute wash cycle
2026-06-03T07:56:07.954578+00:00,2026-06-03 13:26:07,Abel,plug_2,NW_P2_Abel,P110,washing_machine,adeac0d9,normal_wash,5.0,192.752,236.269,1.406,1.232,1.711,,on,-71,,44 minute wash cycle
2026-06-03T07:56:13.807944+00:00,2026-06-03 13:26:13,Abel,plug_2,NW_P2_Abel,P110,washing_machine,adeac0d9,normal_wash,5.0,131.845,236.567,2.77,1.232,1.711,,on,-69,,44 minute wash cycle
2026-06-03T07:56:19.639683+00:00,2026-06-03 13:26:19,Abel,plug_2,NW_P2_Abel,P110,washing_machine,adeac0d9,normal_wash,5.0,2.616,237.051,0.045,1.232,1.711,,on,-71,,44 minute wash cycle
2026-06-03T07:56:25.681412+00:00,2026-06-03 13:26:25,Abel,plug_2,NW_P2_Abel,P110,washing_machine,adeac0d9,normal_wash,5.0,67.399,236.465,1.384,1.232,1.712,,on,-70,,44 minute wash cycle
2026-06-03T07:56:31.725266+00:00,2026-06-03 13:26:31,Abel,plug_2,NW_P2_Abel,P110,washing_machine,adeac0d9,normal_wash,5.0,116.872,236.662,2.768,1.232,1.712,,on,-69,,44 minute wash cycle
2026-06-03T07:56:37.461719+00:00,2026-06-03 13:26:37,Abel,plug_2,NW_P2_Abel,P110,washing_machine,adeac0d9,normal_wash,5.0,117.707,237.194,2.762,1.232,1.712,,on,-70,,44 minute wash cycle
2026-06-03T07:56:43.014055+00:00,2026-06-03 13:26:43,Abel,plug_2,NW_P2_Abel,P110,washing_machine,adeac0d9,normal_wash,5.0,2.662,237.195,0.045,1.232,1.712,,on,-69,,44 minute wash cycle
2026-06-03T07:56:49.242897+00:00,2026-06-03 13:26:49,Abel,plug_2,NW_P2_Abel,P110,washing_machine,adeac0d9,normal_wash,5.0,147.212,236.582,3.183,1.232,1.712,,on,-70,,44 minute wash cycle
2026-06-03T07:56:54.973570+00:00,2026-06-03 13:26:54,Abel,plug_2,NW_P2_Abel,P110,washing_machine,adeac0d9,normal_wash,5.0,128.108,236.328,2.886,1.233,1.712,,on,-65,,44 minute wash cycle
2026-06-03T07:57:00.645478+00:00,2026-06-03 13:27:00,Abel,plug_2,NW_P2_Abel,P110,washing_machine,adeac0d9,normal_wash,5.0,2.616,236.943,0.045,1.233,1.712,,on,-67,,44 minute wash cycle
2026-06-03T07:57:06.238090+00:00,2026-06-03 13:27:06,Abel,plug_2,NW_P2_Abel,P110,washing_machine,adeac0d9,normal_wash,5.0,140.961,236.481,3.136,1.233,1.712,,on,-69,,44 minute wash cycle
2026-06-03T07:57:11.867949+00:00,2026-06-03 13:27:11,Abel,plug_2,NW_P2_Abel,P110,washing_machine,adeac0d9,normal_wash,5.0,113.619,236.595,2.944,1.233,1.713,,on,-69,,44 minute wash cycle
2026-06-03T07:57:18.944360+00:00,2026-06-03 13:27:18,Abel,plug_2,NW_P2_Abel,P110,washing_machine,adeac0d9,normal_wash,5.0,76.752,236.649,0.045,1.233,1.713,,on,-67,,44 minute wash cycle
2026-06-03T07:57:24.669943+00:00,2026-06-03 13:27:24,Abel,plug_2,NW_P2_Abel,P110,washing_machine,adeac0d9,normal_wash,5.0,2.602,237.037,0.045,1.233,1.713,,on,-68,,44 minute wash cycle
2026-06-03T07:57:30.351434+00:00,2026-06-03 13:27:30,Abel,plug_2,NW_P2_Abel,P110,washing_machine,adeac0d9,normal_wash,5.0,130.71,236.689,2.961,1.233,1.713,,on,-68,,44 minute wash cycle
2026-06-03T07:57:38.107540+00:00,2026-06-03 13:27:38,Abel,plug_2,NW_P2_Abel,P110,washing_machine,adeac0d9,normal_wash,5.0,129.167,236.764,2.955,1.234,1.713,,on,-68,,44 minute wash cycle
2026-06-03T07:57:43.711413+00:00,2026-06-03 13:27:43,Abel,plug_2,NW_P2_Abel,P110,washing_machine,adeac0d9,normal_wash,5.0,6.091,236.85,0.045,1.234,1.713,,on,-70,,44 minute wash cycle
2026-06-03T07:57:49.286840+00:00,2026-06-03 13:27:49,Abel,plug_2,NW_P2_Abel,P110,washing_machine,adeac0d9,normal_wash,5.0,129.287,236.394,2.799,1.234,1.713,,on,-69,,44 minute wash cycle
2026-06-03T07:57:55.084655+00:00,2026-06-03 13:27:55,Abel,plug_2,NW_P2_Abel,P110,washing_machine,adeac0d9,normal_wash,5.0,123.291,236.354,2.861,1.234,1.714,,on,-70,,44 minute wash cycle
2026-06-03T07:58:00.813447+00:00,2026-06-03 13:28:00,Abel,plug_2,NW_P2_Abel,P110,washing_machine,adeac0d9,normal_wash,5.0,2.699,237.005,0.045,1.234,1.714,,on,-67,,44 minute wash cycle
2026-06-03T07:58:06.348304+00:00,2026-06-03 13:28:06,Abel,plug_2,NW_P2_Abel,P110,washing_machine,adeac0d9,normal_wash,5.0,61.482,236.95,1.424,1.234,1.714,,on,-66,,44 minute wash cycle
2026-06-03T07:58:13.619111+00:00,2026-06-03 13:28:13,Abel,plug_2,NW_P2_Abel,P110,washing_machine,adeac0d9,normal_wash,5.0,125.405,236.517,2.855,1.234,1.714,,on,-67,,44 minute wash cycle
2026-06-03T07:58:19.142823+00:00,2026-06-03 13:28:19,Abel,plug_2,NW_P2_Abel,P110,washing_machine,adeac0d9,normal_wash,5.0,2.67,236.604,0.045,1.234,1.714,,on,-66,,44 minute wash cycle
2026-06-03T07:58:25.408806+00:00,2026-06-03 13:28:25,Abel,plug_2,NW_P2_Abel,P110,washing_machine,adeac0d9,normal_wash,5.0,51.356,236.36,1.494,1.235,1.714,,on,-68,,44 minute wash cycle
2026-06-03T07:58:31.027073+00:00,2026-06-03 13:28:31,Abel,plug_2,NW_P2_Abel,P110,washing_machine,adeac0d9,normal_wash,5.0,130.537,236.437,2.988,1.235,1.714,,on,-68,,44 minute wash cycle
2026-06-03T07:58:36.864264+00:00,2026-06-03 13:28:36,Abel,plug_2,NW_P2_Abel,P110,washing_machine,adeac0d9,normal_wash,5.0,122.569,236.421,2.862,1.235,1.714,,on,-67,,44 minute wash cycle
2026-06-03T07:58:42.496032+00:00,2026-06-03 13:28:42,Abel,plug_2,NW_P2_Abel,P110,washing_machine,adeac0d9,normal_wash,5.0,2.626,236.834,0.045,1.235,1.714,,on,-68,,44 minute wash cycle
2026-06-03T07:58:48.231735+00:00,2026-06-03 13:28:48,Abel,plug_2,NW_P2_Abel,P110,washing_machine,adeac0d9,normal_wash,5.0,136.504,236.346,3.058,1.235,1.715,,on,-67,,44 minute wash cycle
2026-06-03T07:58:54.255238+00:00,2026-06-03 13:28:54,Abel,plug_2,NW_P2_Abel,P110,washing_machine,adeac0d9,normal_wash,5.0,131.412,236.466,2.955,1.235,1.715,,on,-66,,44 minute wash cycle
2026-06-03T07:59:00.349838+00:00,2026-06-03 13:29:00,Abel,plug_2,NW_P2_Abel,P110,washing_machine,adeac0d9,normal_wash,5.0,2.531,236.835,0.045,1.235,1.715,,on,-69,,44 minute wash cycle
2026-06-03T07:59:06.167186+00:00,2026-06-03 13:29:06,Abel,plug_2,NW_P2_Abel,P110,washing_machine,adeac0d9,normal_wash,5.0,148.842,236.426,2.863,1.235,1.715,,on,-68,,44 minute wash cycle
2026-06-03T07:59:11.888458+00:00,2026-06-03 13:29:11,Abel,plug_2,NW_P2_Abel,P110,washing_machine,adeac0d9,normal_wash,5.0,112.557,236.647,2.784,1.236,1.715,,on,-68,,44 minute wash cycle
2026-06-03T07:59:17.725517+00:00,2026-06-03 13:29:17,Abel,plug_2,NW_P2_Abel,P110,washing_machine,adeac0d9,normal_wash,5.0,72.797,236.465,0.045,1.236,1.715,,on,-69,,44 minute wash cycle
2026-06-03T07:59:24.074861+00:00,2026-06-03 13:29:24,Abel,plug_2,NW_P2_Abel,P110,washing_machine,adeac0d9,normal_wash,5.0,2.617,236.974,0.046,1.236,1.715,,on,-70,,44 minute wash cycle
2026-06-03T07:59:30.070741+00:00,2026-06-03 13:29:30,Abel,plug_2,NW_P2_Abel,P110,washing_machine,adeac0d9,normal_wash,5.0,130.199,236.269,2.808,1.236,1.716,,on,-71,,44 minute wash cycle
2026-06-03T07:59:37.528446+00:00,2026-06-03 13:29:37,Abel,plug_2,NW_P2_Abel,P110,washing_machine,adeac0d9,normal_wash,5.0,126.417,236.827,2.832,1.236,1.716,,on,-69,,44 minute wash cycle
2026-06-03T07:59:43.132908+00:00,2026-06-03 13:29:43,Abel,plug_2,NW_P2_Abel,P110,washing_machine,adeac0d9,normal_wash,5.0,2.651,236.946,0.045,1.236,1.716,,on,-70,,44 minute wash cycle
2026-06-03T07:59:48.663505+00:00,2026-06-03 13:29:48,Abel,plug_2,NW_P2_Abel,P110,washing_machine,adeac0d9,normal_wash,5.0,127.155,236.508,2.928,1.236,1.716,,on,-70,,44 minute wash cycle
2026-06-03T07:59:54.485976+00:00,2026-06-03 13:29:54,Abel,plug_2,NW_P2_Abel,P110,washing_machine,adeac0d9,normal_wash,5.0,121.379,236.773,2.876,1.237,1.716,,on,-70,,44 minute wash cycle
2026-06-03T08:00:00.323870+00:00,2026-06-03 13:30:00,Abel,plug_2,NW_P2_Abel,P110,washing_machine,adeac0d9,normal_wash,5.0,2.703,237.185,0.046,1.237,1.716,,on,-69,,44 minute wash cycle
2026-06-03T08:00:07.491873+00:00,2026-06-03 13:30:07,Abel,plug_2,NW_P2_Abel,P110,washing_machine,adeac0d9,normal_wash,5.0,2.723,236.654,1.828,1.237,1.716,,on,-72,,44 minute wash cycle
2026-06-03T08:00:14.135537+00:00,2026-06-03 13:30:14,Abel,plug_2,NW_P2_Abel,P110,washing_machine,adeac0d9,normal_wash,5.0,126.628,236.53,2.864,1.237,1.717,,on,-75,,44 minute wash cycle
2026-06-03T08:00:20.496878+00:00,2026-06-03 13:30:20,Abel,plug_2,NW_P2_Abel,P110,washing_machine,adeac0d9,normal_wash,5.0,2.707,236.896,0.046,1.237,1.717,,on,-72,,44 minute wash cycle
2026-06-03T08:00:26.083664+00:00,2026-06-03 13:30:26,Abel,plug_2,NW_P2_Abel,P110,washing_machine,adeac0d9,normal_wash,5.0,165.57,236.108,1.821,1.237,1.717,,on,-70,,44 minute wash cycle
2026-06-03T08:00:34.016650+00:00,2026-06-03 13:30:34,Abel,plug_2,NW_P2_Abel,P110,washing_machine,adeac0d9,normal_wash,5.0,112.666,236.318,2.727,1.237,1.717,,on,-71,,44 minute wash cycle
2026-06-03T08:00:39.916062+00:00,2026-06-03 13:30:39,Abel,plug_2,NW_P2_Abel,P110,washing_machine,adeac0d9,normal_wash,5.0,2.707,236.762,0.045,1.237,1.717,,on,-70,,44 minute wash cycle
2026-06-03T08:00:45.796146+00:00,2026-06-03 13:30:45,Abel,plug_2,NW_P2_Abel,P110,washing_machine,adeac0d9,normal_wash,5.0,2.765,236.81,0.046,1.238,1.717,,on,-72,,44 minute wash cycle
2026-06-03T08:00:51.728837+00:00,2026-06-03 13:30:51,Abel,plug_2,NW_P2_Abel,P110,washing_machine,adeac0d9,normal_wash,5.0,125.008,236.359,2.869,1.238,1.717,,on,-72,,44 minute wash cycle
2026-06-03T08:00:57.406311+00:00,2026-06-03 13:30:57,Abel,plug_2,NW_P2_Abel,P110,washing_machine,adeac0d9,normal_wash,5.0,29.144,236.288,0.771,1.238,1.717,,on,-74,,44 minute wash cycle
2026-06-03T08:01:02.901215+00:00,2026-06-03 13:31:02,Abel,plug_2,NW_P2_Abel,P110,washing_machine,adeac0d9,normal_wash,5.0,2.792,236.714,0.046,1.238,1.717,,on,-68,,44 minute wash cycle
2026-06-03T08:01:08.736931+00:00,2026-06-03 13:31:08,Abel,plug_2,NW_P2_Abel,P110,washing_machine,adeac0d9,normal_wash,5.0,126.481,236.211,2.795,1.238,1.718,,on,-69,,44 minute wash cycle
2026-06-03T08:01:14.120484+00:00,2026-06-03 13:31:14,Abel,plug_2,NW_P2_Abel,P110,washing_machine,adeac0d9,normal_wash,5.0,118.601,236.256,2.738,1.238,1.718,,on,-71,,44 minute wash cycle
2026-06-03T08:01:20.298484+00:00,2026-06-03 13:31:20,Abel,plug_2,NW_P2_Abel,P110,washing_machine,adeac0d9,normal_wash,5.0,2.677,236.908,0.046,1.238,1.718,,on,-72,,44 minute wash cycle
2026-06-03T08:01:25.942531+00:00,2026-06-03 13:31:25,Abel,plug_2,NW_P2_Abel,P110,washing_machine,adeac0d9,normal_wash,5.0,6.386,236.936,0.046,1.238,1.718,,on,-72,,44 minute wash cycle
2026-06-03T08:01:31.885102+00:00,2026-06-03 13:31:31,Abel,plug_2,NW_P2_Abel,P110,washing_machine,adeac0d9,normal_wash,5.0,121.045,236.362,2.756,1.239,1.718,,on,-72,,44 minute wash cycle
2026-06-03T08:01:38.112114+00:00,2026-06-03 13:31:38,Abel,plug_2,NW_P2_Abel,P110,washing_machine,adeac0d9,normal_wash,5.0,117.047,236.788,2.732,1.239,1.718,,on,-71,,44 minute wash cycle
2026-06-03T08:01:43.757730+00:00,2026-06-03 13:31:43,Abel,plug_2,NW_P2_Abel,P110,washing_machine,adeac0d9,normal_wash,5.0,8.333,236.879,0.046,1.239,1.718,,on,-69,,44 minute wash cycle
2026-06-03T08:01:49.185939+00:00,2026-06-03 13:31:49,Abel,plug_2,NW_P2_Abel,P110,washing_machine,adeac0d9,normal_wash,5.0,116.703,236.378,2.76,1.239,1.719,,on,-68,,44 minute wash cycle
2026-06-03T08:01:55.014070+00:00,2026-06-03 13:31:55,Abel,plug_2,NW_P2_Abel,P110,washing_machine,adeac0d9,normal_wash,5.0,114.583,236.322,2.742,1.239,1.719,,on,-70,,44 minute wash cycle
2026-06-03T08:02:00.953674+00:00,2026-06-03 13:32:00,Abel,plug_2,NW_P2_Abel,P110,washing_machine,adeac0d9,normal_wash,5.0,2.759,236.872,0.046,1.239,1.719,,on,-69,,44 minute wash cycle
2026-06-03T08:02:06.789541+00:00,2026-06-03 13:32:06,Abel,plug_2,NW_P2_Abel,P110,washing_machine,adeac0d9,normal_wash,5.0,47.756,236.711,1.411,1.239,1.719,,on,-69,,44 minute wash cycle
2026-06-03T08:02:12.314304+00:00,2026-06-03 13:32:12,Abel,plug_2,NW_P2_Abel,P110,washing_machine,adeac0d9,normal_wash,5.0,130.542,236.234,2.926,1.239,1.719,,on,-69,,44 minute wash cycle
2026-06-03T08:02:19.629972+00:00,2026-06-03 13:32:19,Abel,plug_2,NW_P2_Abel,P110,washing_machine,adeac0d9,normal_wash,5.0,74.184,236.638,0.046,1.24,1.719,,on,-68,,44 minute wash cycle
2026-06-03T08:02:25.734802+00:00,2026-06-03 13:32:25,Abel,plug_2,NW_P2_Abel,P110,washing_machine,adeac0d9,normal_wash,5.0,50.555,236.11,1.502,1.24,1.719,,on,-68,,44 minute wash cycle
2026-06-03T08:02:31.366410+00:00,2026-06-03 13:32:31,Abel,plug_2,NW_P2_Abel,P110,washing_machine,adeac0d9,normal_wash,5.0,130.599,236.36,3.012,1.24,1.719,,on,-70,,44 minute wash cycle
2026-06-03T08:02:38.734542+00:00,2026-06-03 13:32:38,Abel,plug_2,NW_P2_Abel,P110,washing_machine,adeac0d9,normal_wash,5.0,116.879,236.765,2.804,1.24,1.72,,on,-69,,44 minute wash cycle
2026-06-03T08:02:44.473755+00:00,2026-06-03 13:32:44,Abel,plug_2,NW_P2_Abel,P110,washing_machine,adeac0d9,normal_wash,5.0,2.787,236.696,0.046,1.24,1.72,,on,-69,,44 minute wash cycle
2026-06-03T08:02:50.145818+00:00,2026-06-03 13:32:50,Abel,plug_2,NW_P2_Abel,P110,washing_machine,adeac0d9,normal_wash,5.0,123.046,236.378,2.994,1.24,1.72,,on,-69,,44 minute wash cycle
2026-06-03T08:02:56.406240+00:00,2026-06-03 13:32:56,Abel,plug_2,NW_P2_Abel,P110,washing_machine,adeac0d9,normal_wash,5.0,129.453,236.319,2.78,1.24,1.72,,on,-68,,44 minute wash cycle
2026-06-03T08:03:02.597984+00:00,2026-06-03 13:33:02,Abel,plug_2,NW_P2_Abel,P110,washing_machine,adeac0d9,normal_wash,5.0,2.607,236.484,0.045,1.24,1.72,,on,-69,,44 minute wash cycle
2026-06-03T08:03:08.234415+00:00,2026-06-03 13:33:08,Abel,plug_2,NW_P2_Abel,P110,washing_machine,adeac0d9,normal_wash,5.0,125.563,236.005,2.937,1.241,1.72,,on,-70,,44 minute wash cycle
2026-06-03T08:03:13.903008+00:00,2026-06-03 13:33:13,Abel,plug_2,NW_P2_Abel,P110,washing_machine,adeac0d9,normal_wash,5.0,117.636,236.001,2.838,1.241,1.72,,on,-69,,44 minute wash cycle
2026-06-03T08:03:19.706939+00:00,2026-06-03 13:33:19,Abel,plug_2,NW_P2_Abel,P110,washing_machine,adeac0d9,normal_wash,5.0,2.632,236.264,0.045,1.241,1.72,,on,-70,,44 minute wash cycle
2026-06-03T08:03:25.439488+00:00,2026-06-03 13:33:25,Abel,plug_2,NW_P2_Abel,P110,washing_machine,adeac0d9,normal_wash,5.0,2.59,236.157,0.045,1.241,1.72,,on,-69,,44 minute wash cycle
2026-06-03T08:03:31.516641+00:00,2026-06-03 13:33:31,Abel,plug_2,NW_P2_Abel,P110,washing_machine,adeac0d9,normal_wash,5.0,125.714,235.979,2.804,1.241,1.721,,on,-67,,44 minute wash cycle
2026-06-03T08:03:37.480924+00:00,2026-06-03 13:33:37,Abel,plug_2,NW_P2_Abel,P110,washing_machine,adeac0d9,normal_wash,5.0,125.012,236.399,2.899,1.241,1.721,,on,-67,,44 minute wash cycle
2026-06-03T08:03:43.153504+00:00,2026-06-03 13:33:43,Abel,plug_2,NW_P2_Abel,P110,washing_machine,adeac0d9,normal_wash,5.0,2.579,236.414,0.045,1.241,1.721,,on,-68,,44 minute wash cycle
2026-06-03T08:03:48.680175+00:00,2026-06-03 13:33:48,Abel,plug_2,NW_P2_Abel,P110,washing_machine,adeac0d9,normal_wash,5.0,118.947,235.933,2.802,1.241,1.721,,on,-68,,44 minute wash cycle
2026-06-03T08:03:54.414019+00:00,2026-06-03 13:33:54,Abel,plug_2,NW_P2_Abel,P110,washing_machine,adeac0d9,normal_wash,5.0,113.458,235.811,2.753,1.242,1.721,,on,-68,,44 minute wash cycle
2026-06-03T08:04:00.279508+00:00,2026-06-03 13:34:00,Abel,plug_2,NW_P2_Abel,P110,washing_machine,adeac0d9,normal_wash,5.0,2.707,236.163,0.045,1.242,1.721,,on,-67,,44 minute wash cycle
2026-06-03T08:04:06.190536+00:00,2026-06-03 13:34:06,Abel,plug_2,NW_P2_Abel,P110,washing_machine,adeac0d9,normal_wash,5.0,2.725,236.077,0.045,1.242,1.721,,on,-69,,44 minute wash cycle
2026-06-03T08:04:11.636161+00:00,2026-06-03 13:34:11,Abel,plug_2,NW_P2_Abel,P110,washing_machine,adeac0d9,normal_wash,5.0,133.965,235.436,2.936,1.242,1.722,,on,-67,,44 minute wash cycle
2026-06-03T08:04:17.353334+00:00,2026-06-03 13:34:17,Abel,plug_2,NW_P2_Abel,P110,washing_machine,adeac0d9,normal_wash,5.0,80.931,235.552,2.86,1.242,1.722,,on,-67,,44 minute wash cycle
2026-06-03T08:04:22.952308+00:00,2026-06-03 13:34:22,Abel,plug_2,NW_P2_Abel,P110,washing_machine,adeac0d9,normal_wash,5.0,2.774,236.162,0.045,1.242,1.722,,on,-68,,44 minute wash cycle
2026-06-03T08:04:28.719720+00:00,2026-06-03 13:34:28,Abel,plug_2,NW_P2_Abel,P110,washing_machine,adeac0d9,normal_wash,5.0,110.743,235.671,2.693,1.242,1.722,,on,-68,,44 minute wash cycle
2026-06-03T08:04:34.259975+00:00,2026-06-03 13:34:34,Abel,plug_2,NW_P2_Abel,P110,washing_machine,adeac0d9,normal_wash,5.0,125.036,235.653,2.945,1.243,1.722,,on,-68,,44 minute wash cycle
2026-06-03T08:04:39.879308+00:00,2026-06-03 13:34:39,Abel,plug_2,NW_P2_Abel,P110,washing_machine,adeac0d9,normal_wash,5.0,2.694,235.973,0.045,1.243,1.722,,on,-68,,44 minute wash cycle
2026-06-03T08:04:45.615477+00:00,2026-06-03 13:34:45,Abel,plug_2,NW_P2_Abel,P110,washing_machine,adeac0d9,normal_wash,5.0,2.668,235.925,0.045,1.243,1.722,,on,-70,,44 minute wash cycle
2026-06-03T08:04:51.054486+00:00,2026-06-03 13:34:51,Abel,plug_2,NW_P2_Abel,P110,washing_machine,adeac0d9,normal_wash,5.0,132.262,235.255,2.873,1.243,1.722,,on,-69,,44 minute wash cycle
2026-06-03T08:04:57.715701+00:00,2026-06-03 13:34:57,Abel,plug_2,NW_P2_Abel,P110,washing_machine,adeac0d9,normal_wash,5.0,120.136,235.167,0.613,1.243,1.723,,on,-68,,44 minute wash cycle
2026-06-03T08:05:05.277786+00:00,2026-06-03 13:35:05,Abel,plug_2,NW_P2_Abel,P110,washing_machine,adeac0d9,normal_wash,5.0,2.601,234.967,0.045,1.243,1.723,,on,-65,,44 minute wash cycle
2026-06-03T08:05:11.319470+00:00,2026-06-03 13:35:11,Abel,plug_2,NW_P2_Abel,P110,washing_machine,adeac0d9,normal_wash,5.0,119.896,235.196,2.88,1.243,1.723,,on,-64,,44 minute wash cycle
2026-06-03T08:05:17.168764+00:00,2026-06-03 13:35:17,Abel,plug_2,NW_P2_Abel,P110,washing_machine,adeac0d9,normal_wash,5.0,51.155,235.561,2.838,1.243,1.723,,on,-65,,44 minute wash cycle
2026-06-03T08:05:23.001794+00:00,2026-06-03 13:35:23,Abel,plug_2,NW_P2_Abel,P110,washing_machine,adeac0d9,normal_wash,5.0,2.682,236.693,0.045,1.243,1.723,,on,-67,,44 minute wash cycle
2026-06-03T08:05:28.830225+00:00,2026-06-03 13:35:28,Abel,plug_2,NW_P2_Abel,P110,washing_machine,adeac0d9,normal_wash,5.0,204.141,236.091,4.307,1.244,1.723,,on,-66,,44 minute wash cycle
2026-06-03T08:05:36.305630+00:00,2026-06-03 13:35:36,Abel,plug_2,NW_P2_Abel,P110,washing_machine,adeac0d9,normal_wash,5.0,126.391,236.037,2.901,1.244,1.723,,on,-66,,44 minute wash cycle
2026-06-03T08:05:41.946596+00:00,2026-06-03 13:35:41,Abel,plug_2,NW_P2_Abel,P110,washing_machine,adeac0d9,normal_wash,5.0,2.622,236.342,0.045,1.244,1.723,,on,-65,,44 minute wash cycle
2026-06-03T08:05:48.998741+00:00,2026-06-03 13:35:48,Abel,plug_2,NW_P2_Abel,P110,washing_machine,adeac0d9,normal_wash,5.0,123.564,235.666,3.211,1.244,1.724,,on,-65,,44 minute wash cycle
2026-06-03T08:05:55.021366+00:00,2026-06-03 13:35:55,Abel,plug_2,NW_P2_Abel,P110,washing_machine,adeac0d9,normal_wash,5.0,134.046,235.684,2.831,1.244,1.724,,on,-65,,44 minute wash cycle
2026-06-03T08:06:01.184591+00:00,2026-06-03 13:36:01,Abel,plug_2,NW_P2_Abel,P110,washing_machine,adeac0d9,normal_wash,5.0,21.906,236.07,0.168,1.244,1.724,,on,-65,,44 minute wash cycle
2026-06-03T08:06:08.175342+00:00,2026-06-03 13:36:08,Abel,plug_2,NW_P2_Abel,P110,washing_machine,adeac0d9,normal_wash,5.0,88.652,236.099,2.232,1.244,1.724,,on,-65,,44 minute wash cycle
2026-06-03T08:06:15.217871+00:00,2026-06-03 13:36:15,Abel,plug_2,NW_P2_Abel,P110,washing_machine,adeac0d9,normal_wash,5.0,128.143,235.507,2.864,1.245,1.724,,on,-64,,44 minute wash cycle
2026-06-03T08:06:20.958077+00:00,2026-06-03 13:36:20,Abel,plug_2,NW_P2_Abel,P110,washing_machine,adeac0d9,normal_wash,5.0,20.038,236.03,0.168,1.245,1.724,,on,-65,,44 minute wash cycle
2026-06-03T08:06:26.579619+00:00,2026-06-03 13:36:26,Abel,plug_2,NW_P2_Abel,P110,washing_machine,adeac0d9,normal_wash,5.0,142.051,235.679,2.226,1.245,1.725,,on,-66,,44 minute wash cycle
2026-06-03T08:06:32.314532+00:00,2026-06-03 13:36:32,Abel,plug_2,NW_P2_Abel,P110,washing_machine,adeac0d9,normal_wash,5.0,19.939,236.074,2.942,1.245,1.725,,on,-67,,44 minute wash cycle
2026-06-03T08:06:37.958422+00:00,2026-06-03 13:36:37,Abel,plug_2,NW_P2_Abel,P110,washing_machine,adeac0d9,normal_wash,5.0,142.388,235.537,3.137,1.245,1.725,,on,-67,,44 minute wash cycle
2026-06-03T08:06:43.487903+00:00,2026-06-03 13:36:43,Abel,plug_2,NW_P2_Abel,P110,washing_machine,adeac0d9,normal_wash,5.0,69.973,235.723,1.59,1.245,1.725,,on,-66,,44 minute wash cycle
2026-06-03T08:06:49.211146+00:00,2026-06-03 13:36:49,Abel,plug_2,NW_P2_Abel,P110,washing_machine,adeac0d9,normal_wash,5.0,60.515,235.999,1.342,1.246,1.725,,on,-67,,44 minute wash cycle
2026-06-03T08:06:55.330761+00:00,2026-06-03 13:36:55,Abel,plug_2,NW_P2_Abel,P110,washing_machine,adeac0d9,normal_wash,5.0,56.448,236.0,1.333,1.246,1.725,,on,-66,,44 minute wash cycle
2026-06-03T08:07:01.401062+00:00,2026-06-03 13:37:01,Abel,plug_2,NW_P2_Abel,P110,washing_machine,adeac0d9,normal_wash,5.0,198.992,235.696,2.482,1.246,1.725,,on,-66,,44 minute wash cycle
2026-06-03T08:07:07.649042+00:00,2026-06-03 13:37:07,Abel,plug_2,NW_P2_Abel,P110,washing_machine,adeac0d9,normal_wash,5.0,104.316,235.945,1.475,1.246,1.726,,on,-66,,44 minute wash cycle
2026-06-03T08:07:13.178362+00:00,2026-06-03 13:37:13,Abel,plug_2,NW_P2_Abel,P110,washing_machine,adeac0d9,normal_wash,5.0,101.269,236.072,1.451,1.246,1.726,,on,-65,,44 minute wash cycle
2026-06-03T08:07:19.117706+00:00,2026-06-03 13:37:19,Abel,plug_2,NW_P2_Abel,P110,washing_machine,adeac0d9,normal_wash,5.0,97.536,236.006,1.444,1.246,1.726,,on,-66,,44 minute wash cycle
2026-06-03T08:07:24.846686+00:00,2026-06-03 13:37:24,Abel,plug_2,NW_P2_Abel,P110,washing_machine,adeac0d9,normal_wash,5.0,97.647,236.08,1.438,1.247,1.726,,on,-65,,44 minute wash cycle
2026-06-03T08:07:31.098797+00:00,2026-06-03 13:37:31,Abel,plug_2,NW_P2_Abel,P110,washing_machine,adeac0d9,normal_wash,5.0,98.119,235.81,1.711,1.247,1.726,,on,-65,,44 minute wash cycle
2026-06-03T08:07:39.182992+00:00,2026-06-03 13:37:39,Abel,plug_2,NW_P2_Abel,P110,washing_machine,adeac0d9,normal_wash,5.0,132.065,235.861,1.647,1.247,1.727,,on,-66,,44 minute wash cycle
2026-06-03T08:07:45.332736+00:00,2026-06-03 13:37:45,Abel,plug_2,NW_P2_Abel,P110,washing_machine,adeac0d9,normal_wash,5.0,139.516,235.838,1.883,1.247,1.727,,on,-67,,44 minute wash cycle
2026-06-03T08:07:51.169694+00:00,2026-06-03 13:37:51,Abel,plug_2,NW_P2_Abel,P110,washing_machine,adeac0d9,normal_wash,5.0,185.393,235.587,1.769,1.248,1.727,,on,-67,,44 minute wash cycle
2026-06-03T08:07:56.820511+00:00,2026-06-03 13:37:56,Abel,plug_2,NW_P2_Abel,P110,washing_machine,adeac0d9,normal_wash,5.0,202.707,235.494,1.795,1.248,1.728,,on,-66,,44 minute wash cycle
2026-06-03T08:08:02.536643+00:00,2026-06-03 13:38:02,Abel,plug_2,NW_P2_Abel,P110,washing_machine,adeac0d9,normal_wash,5.0,221.574,235.428,1.803,1.248,1.728,,on,-66,,44 minute wash cycle
2026-06-03T08:08:09.605985+00:00,2026-06-03 13:38:09,Abel,plug_2,NW_P2_Abel,P110,washing_machine,adeac0d9,normal_wash,5.0,241.139,235.333,1.819,1.249,1.728,,on,-66,,44 minute wash cycle
2026-06-03T08:08:15.142973+00:00,2026-06-03 13:38:15,Abel,plug_2,NW_P2_Abel,P110,washing_machine,adeac0d9,normal_wash,5.0,259.343,235.326,1.826,1.249,1.729,,on,-66,,44 minute wash cycle
2026-06-03T08:08:21.173796+00:00,2026-06-03 13:38:21,Abel,plug_2,NW_P2_Abel,P110,washing_machine,adeac0d9,normal_wash,5.0,281.329,235.346,1.835,1.25,1.729,,on,-64,,44 minute wash cycle
2026-06-03T08:08:28.648668+00:00,2026-06-03 13:38:28,Abel,plug_2,NW_P2_Abel,P110,washing_machine,adeac0d9,normal_wash,5.0,21.566,236.397,0.168,1.25,1.729,,on,-67,,44 minute wash cycle
2026-06-03T08:08:34.587959+00:00,2026-06-03 13:38:34,Abel,plug_2,NW_P2_Abel,P110,washing_machine,adeac0d9,normal_wash,5.0,21.221,236.425,0.168,1.25,1.729,,on,-66,,44 minute wash cycle
2026-06-03T08:08:41.552047+00:00,2026-06-03 13:38:41,Abel,plug_2,NW_P2_Abel,P110,washing_machine,adeac0d9,normal_wash,5.0,20.775,236.38,0.168,1.25,1.729,,on,-66,,44 minute wash cycle
2026-06-03T08:08:47.080497+00:00,2026-06-03 13:38:47,Abel,plug_2,NW_P2_Abel,P110,washing_machine,adeac0d9,normal_wash,5.0,20.503,236.346,0.167,1.25,1.73,,on,-66,,44 minute wash cycle
2026-06-03T08:08:52.912304+00:00,2026-06-03 13:38:52,Abel,plug_2,NW_P2_Abel,P110,washing_machine,adeac0d9,normal_wash,5.0,20.38,236.376,0.168,1.25,1.73,,on,-66,,44 minute wash cycle
2026-06-03T08:08:58.560574+00:00,2026-06-03 13:38:58,Abel,plug_2,NW_P2_Abel,P110,washing_machine,adeac0d9,normal_wash,5.0,20.331,236.341,0.168,1.25,1.73,,on,-64,,44 minute wash cycle
2026-06-03T08:09:04.387694+00:00,2026-06-03 13:39:04,Abel,plug_2,NW_P2_Abel,P110,washing_machine,adeac0d9,normal_wash,5.0,20.281,236.362,0.167,1.25,1.73,,on,-66,,44 minute wash cycle
2026-06-03T08:09:10.320698+00:00,2026-06-03 13:39:10,Abel,plug_2,NW_P2_Abel,P110,washing_machine,adeac0d9,normal_wash,5.0,71.359,235.984,1.796,1.25,1.73,,on,-65,,44 minute wash cycle
2026-06-03T08:09:17.796318+00:00,2026-06-03 13:39:17,Abel,plug_2,NW_P2_Abel,P110,washing_machine,adeac0d9,normal_wash,5.0,64.086,236.058,1.713,1.25,1.73,,on,-65,,44 minute wash cycle
2026-06-03T08:09:24.391415+00:00,2026-06-03 13:39:24,Abel,plug_2,NW_P2_Abel,P110,washing_machine,adeac0d9,normal_wash,5.0,8.655,236.345,0.044,1.25,1.73,,on,-65,,44 minute wash cycle
2026-06-03T08:09:30.084985+00:00,2026-06-03 13:39:30,Abel,plug_2,NW_P2_Abel,P110,washing_machine,adeac0d9,normal_wash,5.0,66.562,236.063,0.044,1.25,1.73,,on,-65,,44 minute wash cycle
2026-06-03T08:09:38.093101+00:00,2026-06-03 13:39:38,Abel,plug_2,NW_P2_Abel,P110,washing_machine,adeac0d9,normal_wash,5.0,76.927,236.122,1.934,1.25,1.73,,on,-65,,44 minute wash cycle
2026-06-03T08:09:43.914830+00:00,2026-06-03 13:39:43,Abel,plug_2,NW_P2_Abel,P110,washing_machine,adeac0d9,normal_wash,5.0,8.667,236.413,0.044,1.251,1.73,,on,-66,,44 minute wash cycle
2026-06-03T08:09:49.973479+00:00,2026-06-03 13:39:49,Abel,plug_2,NW_P2_Abel,P110,washing_machine,adeac0d9,normal_wash,5.0,92.056,236.114,2.236,1.251,1.73,,on,-66,,44 minute wash cycle
2026-06-03T08:09:56.420779+00:00,2026-06-03 13:39:56,Abel,plug_2,NW_P2_Abel,P110,washing_machine,adeac0d9,normal_wash,5.0,76.807,236.122,1.999,1.251,1.73,,on,-65,,44 minute wash cycle
2026-06-03T08:10:03.615622+00:00,2026-06-03 13:40:03,Abel,plug_2,NW_P2_Abel,P110,washing_machine,adeac0d9,normal_wash,5.0,8.758,236.472,0.045,1.251,1.73,,on,-66,,44 minute wash cycle
2026-06-03T08:10:09.286142+00:00,2026-06-03 13:40:09,Abel,plug_2,NW_P2_Abel,P110,washing_machine,adeac0d9,normal_wash,5.0,8.8,236.989,0.045,1.251,1.731,,on,-65,,44 minute wash cycle
2026-06-03T08:10:16.781408+00:00,2026-06-03 13:40:16,Abel,plug_2,NW_P2_Abel,P110,washing_machine,adeac0d9,normal_wash,5.0,110.477,236.364,2.593,1.251,1.731,,on,-66,,44 minute wash cycle
2026-06-03T08:10:22.315894+00:00,2026-06-03 13:40:22,Abel,plug_2,NW_P2_Abel,P110,washing_machine,adeac0d9,normal_wash,5.0,8.807,236.69,0.045,1.251,1.731,,on,-66,,44 minute wash cycle
2026-06-03T08:10:28.050415+00:00,2026-06-03 13:40:28,Abel,plug_2,NW_P2_Abel,P110,washing_machine,adeac0d9,normal_wash,5.0,163.246,237.006,3.704,1.251,1.731,,on,-66,,44 minute wash cycle
2026-06-03T08:10:33.790936+00:00,2026-06-03 13:40:33,Abel,plug_2,NW_P2_Abel,P110,washing_machine,adeac0d9,normal_wash,5.0,115.795,236.474,2.638,1.252,1.731,,on,-66,,44 minute wash cycle
2026-06-03T08:10:41.151927+00:00,2026-06-03 13:40:41,Abel,plug_2,NW_P2_Abel,P110,washing_machine,adeac0d9,normal_wash,5.0,116.054,236.908,2.101,1.252,1.731,,on,-65,,44 minute wash cycle
2026-06-03T08:10:46.687919+00:00,2026-06-03 13:40:46,Abel,plug_2,NW_P2_Abel,P110,washing_machine,adeac0d9,normal_wash,5.0,8.643,236.876,0.045,1.252,1.731,,on,-66,,44 minute wash cycle
2026-06-03T08:10:52.124109+00:00,2026-06-03 13:40:52,Abel,plug_2,NW_P2_Abel,P110,washing_machine,adeac0d9,normal_wash,5.0,128.874,236.009,3.103,1.252,1.731,,on,-65,,44 minute wash cycle
2026-06-03T08:10:57.849690+00:00,2026-06-03 13:40:57,Abel,plug_2,NW_P2_Abel,P110,washing_machine,adeac0d9,normal_wash,5.0,127.264,236.446,2.854,1.252,1.732,,on,-65,,44 minute wash cycle
2026-06-03T08:11:03.481971+00:00,2026-06-03 13:41:03,Abel,plug_2,NW_P2_Abel,P110,washing_machine,adeac0d9,normal_wash,5.0,2.539,236.894,0.047,1.252,1.732,,on,-66,,44 minute wash cycle
2026-06-03T08:11:09.303319+00:00,2026-06-03 13:41:09,Abel,plug_2,NW_P2_Abel,P110,washing_machine,adeac0d9,normal_wash,5.0,159.254,235.818,0.425,1.252,1.732,,on,-65,,44 minute wash cycle
2026-06-03T08:11:16.384163+00:00,2026-06-03 13:41:16,Abel,plug_2,NW_P2_Abel,P110,washing_machine,adeac0d9,normal_wash,5.0,126.295,236.115,2.989,1.252,1.732,,on,-65,,44 minute wash cycle
2026-06-03T08:11:22.111213+00:00,2026-06-03 13:41:22,Abel,plug_2,NW_P2_Abel,P110,washing_machine,adeac0d9,normal_wash,5.0,2.573,236.597,0.045,1.253,1.732,,on,-65,,44 minute wash cycle
2026-06-03T08:11:27.382974+00:00,2026-06-03 13:41:27,Abel,plug_2,NW_P2_Abel,P110,washing_machine,adeac0d9,normal_wash,5.0,2.59,236.588,0.045,1.253,1.732,,on,-67,,44 minute wash cycle
2026-06-03T08:11:33.884326+00:00,2026-06-03 13:41:33,Abel,plug_2,NW_P2_Abel,P110,washing_machine,adeac0d9,normal_wash,5.0,133.935,236.079,3.588,1.253,1.732,,on,-66,,44 minute wash cycle
2026-06-03T08:11:40.042843+00:00,2026-06-03 13:41:40,Abel,plug_2,NW_P2_Abel,P110,washing_machine,adeac0d9,normal_wash,5.0,151.183,235.923,2.1,1.253,1.733,,on,-69,,44 minute wash cycle
2026-06-03T08:11:48.139864+00:00,2026-06-03 13:41:48,Abel,plug_2,NW_P2_Abel,P110,washing_machine,adeac0d9,normal_wash,5.0,2.581,235.887,0.045,1.253,1.733,,on,-67,,44 minute wash cycle
2026-06-03T08:11:54.119863+00:00,2026-06-03 13:41:54,Abel,plug_2,NW_P2_Abel,P110,washing_machine,adeac0d9,normal_wash,5.0,126.349,235.691,2.957,1.253,1.733,,on,-68,,44 minute wash cycle
2026-06-03T08:11:59.594290+00:00,2026-06-03 13:41:59,Abel,plug_2,NW_P2_Abel,P110,washing_machine,adeac0d9,normal_wash,5.0,115.107,235.546,2.906,1.254,1.733,,on,-68,,44 minute wash cycle
2026-06-03T08:12:05.332820+00:00,2026-06-03 13:42:05,Abel,plug_2,NW_P2_Abel,P110,washing_machine,adeac0d9,normal_wash,5.0,2.611,235.944,0.045,1.254,1.733,,on,-69,,44 minute wash cycle
2026-06-03T08:12:11.272401+00:00,2026-06-03 13:42:11,Abel,plug_2,NW_P2_Abel,P110,washing_machine,adeac0d9,normal_wash,5.0,218.581,235.746,3.934,1.254,1.733,,on,-68,,44 minute wash cycle
2026-06-03T08:12:16.903722+00:00,2026-06-03 13:42:16,Abel,plug_2,NW_P2_Abel,P110,washing_machine,adeac0d9,normal_wash,5.0,145.76,235.432,2.833,1.254,1.733,,on,-68,,44 minute wash cycle
2026-06-03T08:12:22.575069+00:00,2026-06-03 13:42:22,Abel,plug_2,NW_P2_Abel,P110,washing_machine,adeac0d9,normal_wash,5.0,2.656,235.887,0.045,1.254,1.734,,on,-69,,44 minute wash cycle
2026-06-03T08:12:28.373424+00:00,2026-06-03 13:42:28,Abel,plug_2,NW_P2_Abel,P110,washing_machine,adeac0d9,normal_wash,5.0,16.189,236.015,4.095,1.254,1.734,,on,-68,,44 minute wash cycle
2026-06-03T08:12:35.024166+00:00,2026-06-03 13:42:35,Abel,plug_2,NW_P2_Abel,P110,washing_machine,adeac0d9,normal_wash,5.0,120.888,235.403,2.934,1.254,1.734,,on,-68,,44 minute wash cycle
2026-06-03T08:12:41.276924+00:00,2026-06-03 13:42:41,Abel,plug_2,NW_P2_Abel,P110,washing_machine,adeac0d9,normal_wash,5.0,11.911,235.321,1.62,1.254,1.734,,on,-66,,44 minute wash cycle
2026-06-03T08:12:47.787266+00:00,2026-06-03 13:42:47,Abel,plug_2,NW_P2_Abel,P110,washing_machine,adeac0d9,normal_wash,5.0,2.569,235.7,0.045,1.254,1.734,,on,-69,,44 minute wash cycle
2026-06-03T08:12:53.800471+00:00,2026-06-03 13:42:53,Abel,plug_2,NW_P2_Abel,P110,washing_machine,adeac0d9,normal_wash,5.0,145.165,235.624,3.039,1.255,1.734,,on,-68,,44 minute wash cycle
2026-06-03T08:13:01.388230+00:00,2026-06-03 13:43:01,Abel,plug_2,NW_P2_Abel,P110,washing_machine,adeac0d9,normal_wash,5.0,129.26,235.664,0.168,1.255,1.734,,on,-69,,44 minute wash cycle
2026-06-03T08:13:07.900096+00:00,2026-06-03 13:43:07,Abel,plug_2,NW_P2_Abel,P110,washing_machine,adeac0d9,normal_wash,5.0,21.014,236.013,0.649,1.255,1.735,,on,-69,,44 minute wash cycle
2026-06-03T08:13:14.951297+00:00,2026-06-03 13:43:14,Abel,plug_2,NW_P2_Abel,P110,washing_machine,adeac0d9,normal_wash,5.0,118.738,235.606,2.821,1.255,1.735,,on,-67,,44 minute wash cycle
2026-06-03T08:13:20.908995+00:00,2026-06-03 13:43:20,Abel,plug_2,NW_P2_Abel,P110,washing_machine,adeac0d9,normal_wash,5.0,125.281,235.909,2.806,1.255,1.735,,on,-67,,44 minute wash cycle
2026-06-03T08:13:26.372776+00:00,2026-06-03 13:43:26,Abel,plug_2,NW_P2_Abel,P110,washing_machine,adeac0d9,normal_wash,5.0,20.089,235.929,0.167,1.255,1.735,,on,-69,,44 minute wash cycle
2026-06-03T08:13:32.170117+00:00,2026-06-03 13:43:32,Abel,plug_2,NW_P2_Abel,P110,washing_machine,adeac0d9,normal_wash,5.0,129.492,235.566,2.981,1.256,1.735,,on,-68,,44 minute wash cycle
2026-06-03T08:13:37.989439+00:00,2026-06-03 13:43:37,Abel,plug_2,NW_P2_Abel,P110,washing_machine,adeac0d9,normal_wash,5.0,131.099,235.26,3.145,1.256,1.735,,on,-70,,44 minute wash cycle
2026-06-03T08:13:43.434751+00:00,2026-06-03 13:43:43,Abel,plug_2,NW_P2_Abel,P110,washing_machine,adeac0d9,normal_wash,5.0,75.68,235.564,1.656,1.256,1.735,,on,-68,,44 minute wash cycle
2026-06-03T08:13:48.967676+00:00,2026-06-03 13:43:48,Abel,plug_2,NW_P2_Abel,P110,washing_machine,adeac0d9,normal_wash,5.0,58.54,235.607,1.395,1.256,1.736,,on,-68,,44 minute wash cycle
2026-06-03T08:13:55.355917+00:00,2026-06-03 13:43:55,Abel,plug_2,NW_P2_Abel,P110,washing_machine,adeac0d9,normal_wash,5.0,56.542,235.752,1.364,1.256,1.736,,on,-68,,44 minute wash cycle
2026-06-03T08:14:01.464483+00:00,2026-06-03 13:44:01,Abel,plug_2,NW_P2_Abel,P110,washing_machine,adeac0d9,normal_wash,5.0,55.695,236.0,3.427,1.256,1.736,,on,-69,,44 minute wash cycle
2026-06-03T08:14:07.088511+00:00,2026-06-03 13:44:07,Abel,plug_2,NW_P2_Abel,P110,washing_machine,adeac0d9,normal_wash,5.0,105.636,235.7,2.01,1.256,1.736,,on,-69,,44 minute wash cycle
2026-06-03T08:14:12.721885+00:00,2026-06-03 13:44:12,Abel,plug_2,NW_P2_Abel,P110,washing_machine,adeac0d9,normal_wash,5.0,56.53,235.949,1.579,1.256,1.736,,on,-69,,44 minute wash cycle
2026-06-03T08:14:18.456247+00:00,2026-06-03 13:44:18,Abel,plug_2,NW_P2_Abel,P110,washing_machine,adeac0d9,normal_wash,5.0,57.102,236.106,1.337,1.257,1.736,,on,-68,,44 minute wash cycle
2026-06-03T08:14:24.097593+00:00,2026-06-03 13:44:24,Abel,plug_2,NW_P2_Abel,P110,washing_machine,adeac0d9,normal_wash,5.0,21.14,236.24,0.466,1.257,1.736,,on,-68,,44 minute wash cycle
2026-06-03T08:14:30.021847+00:00,2026-06-03 13:44:30,Abel,plug_2,NW_P2_Abel,P110,washing_machine,adeac0d9,normal_wash,5.0,144.334,235.841,3.531,1.257,1.736,,on,-71,,44 minute wash cycle
2026-06-03T08:14:37.607454+00:00,2026-06-03 13:44:37,Abel,plug_2,NW_P2_Abel,P110,washing_machine,adeac0d9,normal_wash,5.0,93.31,235.992,2.006,1.257,1.736,,on,-72,,44 minute wash cycle
2026-06-03T08:14:43.442709+00:00,2026-06-03 13:44:43,Abel,plug_2,NW_P2_Abel,P110,washing_machine,adeac0d9,normal_wash,5.0,58.434,236.14,1.389,1.257,1.737,,on,-69,,44 minute wash cycle
2026-06-03T08:14:49.068589+00:00,2026-06-03 13:44:49,Abel,plug_2,NW_P2_Abel,P110,washing_machine,adeac0d9,normal_wash,5.0,57.58,236.117,1.37,1.257,1.737,,on,-67,,44 minute wash cycle
2026-06-03T08:14:54.905861+00:00,2026-06-03 13:44:54,Abel,plug_2,NW_P2_Abel,P110,washing_machine,adeac0d9,normal_wash,5.0,187.102,235.81,2.384,1.257,1.737,,on,-68,,44 minute wash cycle
2026-06-03T08:15:01.055979+00:00,2026-06-03 13:45:01,Abel,plug_2,NW_P2_Abel,P110,washing_machine,adeac0d9,normal_wash,5.0,97.871,236.056,1.614,1.258,1.737,,on,-71,,44 minute wash cycle
2026-06-03T08:15:06.886981+00:00,2026-06-03 13:45:06,Abel,plug_2,NW_P2_Abel,P110,washing_machine,adeac0d9,normal_wash,5.0,93.969,235.983,1.405,1.258,1.737,,on,-68,,44 minute wash cycle
2026-06-03T08:15:12.475511+00:00,2026-06-03 13:45:12,Abel,plug_2,NW_P2_Abel,P110,washing_machine,adeac0d9,normal_wash,5.0,93.451,235.972,1.4,1.258,1.737,,on,-69,,44 minute wash cycle
2026-06-03T08:15:17.886224+00:00,2026-06-03 13:45:17,Abel,plug_2,NW_P2_Abel,P110,washing_machine,adeac0d9,normal_wash,5.0,92.493,236.039,1.393,1.258,1.738,,on,-68,,44 minute wash cycle
2026-06-03T08:15:23.482344+00:00,2026-06-03 13:45:23,Abel,plug_2,NW_P2_Abel,P110,washing_machine,adeac0d9,normal_wash,5.0,92.882,236.185,1.39,1.258,1.738,,on,-67,,44 minute wash cycle
2026-06-03T08:15:29.421376+00:00,2026-06-03 13:45:29,Abel,plug_2,NW_P2_Abel,P110,washing_machine,adeac0d9,normal_wash,5.0,129.292,235.901,1.652,1.258,1.738,,on,-68,,44 minute wash cycle
2026-06-03T08:15:35.053355+00:00,2026-06-03 13:45:35,Abel,plug_2,NW_P2_Abel,P110,washing_machine,adeac0d9,normal_wash,5.0,140.868,235.914,1.65,1.259,1.738,,on,-67,,44 minute wash cycle
2026-06-03T08:15:40.622908+00:00,2026-06-03 13:45:40,Abel,plug_2,NW_P2_Abel,P110,washing_machine,adeac0d9,normal_wash,5.0,180.019,235.863,1.704,1.259,1.738,,on,-69,,44 minute wash cycle
2026-06-03T08:15:46.123533+00:00,2026-06-03 13:45:46,Abel,plug_2,NW_P2_Abel,P110,washing_machine,adeac0d9,normal_wash,5.0,180.895,235.689,1.773,1.259,1.739,,on,-69,,44 minute wash cycle
2026-06-03T08:15:51.607304+00:00,2026-06-03 13:45:51,Abel,plug_2,NW_P2_Abel,P110,washing_machine,adeac0d9,normal_wash,5.0,201.745,235.479,1.775,1.259,1.739,,on,-67,,44 minute wash cycle
2026-06-03T08:15:57.088796+00:00,2026-06-03 13:45:57,Abel,plug_2,NW_P2_Abel,P110,washing_machine,adeac0d9,normal_wash,5.0,215.527,235.403,1.787,1.26,1.739,,on,-68,,44 minute wash cycle
2026-06-03T08:16:02.906824+00:00,2026-06-03 13:46:02,Abel,plug_2,NW_P2_Abel,P110,washing_machine,adeac0d9,normal_wash,5.0,234.64,235.33,1.798,1.26,1.74,,on,-69,,44 minute wash cycle
2026-06-03T08:16:09.705203+00:00,2026-06-03 13:46:09,Abel,plug_2,NW_P2_Abel,P110,washing_machine,adeac0d9,normal_wash,5.0,251.454,235.403,1.8,1.261,1.74,,on,-69,,44 minute wash cycle
2026-06-03T08:16:16.696158+00:00,2026-06-03 13:46:16,Abel,plug_2,NW_P2_Abel,P110,washing_machine,adeac0d9,normal_wash,5.0,274.678,235.389,1.813,1.261,1.741,,on,-69,,44 minute wash cycle
2026-06-03T08:16:26.152402+00:00,2026-06-03 13:46:26,Abel,plug_2,NW_P2_Abel,P110,washing_machine,adeac0d9,normal_wash,5.0,21.592,236.111,0.167,1.261,1.741,,on,-69,,44 minute wash cycle
2026-06-03T08:16:33.831691+00:00,2026-06-03 13:46:33,Abel,plug_2,NW_P2_Abel,P110,washing_machine,adeac0d9,normal_wash,5.0,20.937,236.221,0.167,1.261,1.741,,on,-68,,44 minute wash cycle
2026-06-03T08:16:39.374002+00:00,2026-06-03 13:46:39,Abel,plug_2,NW_P2_Abel,P110,washing_machine,adeac0d9,normal_wash,5.0,20.543,236.068,0.166,1.261,1.741,,on,-67,,44 minute wash cycle
2026-06-03T08:16:45.104704+00:00,2026-06-03 13:46:45,Abel,plug_2,NW_P2_Abel,P110,washing_machine,adeac0d9,normal_wash,5.0,20.409,236.236,0.166,1.261,1.741,,on,-69,,44 minute wash cycle
2026-06-03T08:16:51.818262+00:00,2026-06-03 13:46:51,Abel,plug_2,NW_P2_Abel,P110,washing_machine,adeac0d9,normal_wash,5.0,20.395,236.183,0.167,1.261,1.741,,on,-67,,44 minute wash cycle
2026-06-03T08:16:57.449829+00:00,2026-06-03 13:46:57,Abel,plug_2,NW_P2_Abel,P110,washing_machine,adeac0d9,normal_wash,5.0,20.431,236.241,0.167,1.261,1.741,,on,-71,,44 minute wash cycle
2026-06-03T08:17:02.956495+00:00,2026-06-03 13:47:02,Abel,plug_2,NW_P2_Abel,P110,washing_machine,adeac0d9,normal_wash,5.0,20.439,236.153,0.166,1.261,1.741,,on,-70,,44 minute wash cycle
2026-06-03T08:17:10.039926+00:00,2026-06-03 13:47:10,Abel,plug_2,NW_P2_Abel,P110,washing_machine,adeac0d9,normal_wash,5.0,72.086,235.989,1.752,1.262,1.741,,on,-67,,44 minute wash cycle
2026-06-03T08:17:15.920154+00:00,2026-06-03 13:47:15,Abel,plug_2,NW_P2_Abel,P110,washing_machine,adeac0d9,normal_wash,5.0,73.121,236.012,1.721,1.262,1.741,,on,-70,,44 minute wash cycle
2026-06-03T08:17:21.449775+00:00,2026-06-03 13:47:21,Abel,plug_2,NW_P2_Abel,P110,washing_machine,adeac0d9,normal_wash,5.0,2.505,236.321,0.045,1.262,1.741,,on,-71,,44 minute wash cycle
2026-06-03T08:17:26.885453+00:00,2026-06-03 13:47:26,Abel,plug_2,NW_P2_Abel,P110,washing_machine,adeac0d9,normal_wash,5.0,75.571,235.989,1.141,1.262,1.741,,on,-71,,44 minute wash cycle
2026-06-03T08:17:34.250353+00:00,2026-06-03 13:47:34,Abel,plug_2,NW_P2_Abel,P110,washing_machine,adeac0d9,normal_wash,5.0,62.621,236.047,1.829,1.262,1.741,,on,-69,,44 minute wash cycle
2026-06-03T08:17:40.023945+00:00,2026-06-03 13:47:40,Abel,plug_2,NW_P2_Abel,P110,washing_machine,adeac0d9,normal_wash,5.0,14.866,236.292,0.053,1.262,1.742,,on,-72,,44 minute wash cycle
2026-06-03T08:17:45.713345+00:00,2026-06-03 13:47:45,Abel,plug_2,NW_P2_Abel,P110,washing_machine,adeac0d9,normal_wash,5.0,79.539,235.934,1.028,1.262,1.742,,on,-71,,44 minute wash cycle
2026-06-03T08:17:51.448771+00:00,2026-06-03 13:47:51,Abel,plug_2,NW_P2_Abel,P110,washing_machine,adeac0d9,normal_wash,5.0,76.465,235.884,1.839,1.262,1.742,,on,-68,,44 minute wash cycle
2026-06-03T08:17:57.084421+00:00,2026-06-03 13:47:57,Abel,plug_2,NW_P2_Abel,P110,washing_machine,adeac0d9,normal_wash,5.0,71.021,236.256,1.885,1.262,1.742,,on,-71,,44 minute wash cycle
2026-06-03T08:18:05.081373+00:00,2026-06-03 13:48:05,Abel,plug_2,NW_P2_Abel,P110,washing_machine,adeac0d9,normal_wash,5.0,2.604,236.282,0.045,1.262,1.742,,on,-68,,44 minute wash cycle
2026-06-03T08:18:11.115007+00:00,2026-06-03 13:48:11,Abel,plug_2,NW_P2_Abel,P110,washing_machine,adeac0d9,normal_wash,5.0,80.129,235.993,1.993,1.262,1.742,,on,-71,,44 minute wash cycle
2026-06-03T08:18:17.031980+00:00,2026-06-03 13:48:17,Abel,plug_2,NW_P2_Abel,P110,washing_machine,adeac0d9,normal_wash,5.0,77.609,235.917,0.753,1.262,1.742,,on,-69,,44 minute wash cycle
2026-06-03T08:18:22.788843+00:00,2026-06-03 13:48:22,Abel,plug_2,NW_P2_Abel,P110,washing_machine,adeac0d9,normal_wash,5.0,14.832,236.207,0.064,1.263,1.742,,on,-71,,44 minute wash cycle
2026-06-03T08:18:28.829813+00:00,2026-06-03 13:48:28,Abel,plug_2,NW_P2_Abel,P110,washing_machine,adeac0d9,normal_wash,5.0,85.042,235.871,2.005,1.263,1.742,,on,-69,,44 minute wash cycle
2026-06-03T08:18:34.866619+00:00,2026-06-03 13:48:34,Abel,plug_2,NW_P2_Abel,P110,washing_machine,adeac0d9,normal_wash,5.0,88.681,235.837,2.115,1.263,1.742,,on,-71,,44 minute wash cycle
2026-06-03T08:18:40.704662+00:00,2026-06-03 13:48:40,Abel,plug_2,NW_P2_Abel,P110,washing_machine,adeac0d9,normal_wash,5.0,14.872,235.974,0.065,1.263,1.742,,on,-68,,44 minute wash cycle
2026-06-03T08:18:46.642773+00:00,2026-06-03 13:48:46,Abel,plug_2,NW_P2_Abel,P110,washing_machine,adeac0d9,normal_wash,5.0,50.462,235.699,3.662,1.263,1.743,,on,-71,,44 minute wash cycle
2026-06-03T08:18:52.590381+00:00,2026-06-03 13:48:52,Abel,plug_2,NW_P2_Abel,P110,washing_machine,adeac0d9,normal_wash,5.0,106.905,235.429,2.4,1.263,1.743,,on,-69,,44 minute wash cycle
2026-06-03T08:18:59.551337+00:00,2026-06-03 13:48:59,Abel,plug_2,NW_P2_Abel,P110,washing_machine,adeac0d9,normal_wash,5.0,14.867,236.004,0.065,1.263,1.743,,on,-70,,44 minute wash cycle
2026-06-03T08:19:05.899359+00:00,2026-06-03 13:49:05,Abel,plug_2,NW_P2_Abel,P110,washing_machine,adeac0d9,normal_wash,5.0,151.953,235.54,3.83,1.263,1.743,,on,-69,,44 minute wash cycle
2026-06-03T08:19:12.561742+00:00,2026-06-03 13:49:12,Abel,plug_2,NW_P2_Abel,P110,washing_machine,adeac0d9,normal_wash,5.0,122.836,235.323,2.74,1.264,1.743,,on,-67,,44 minute wash cycle
2026-06-03T08:19:18.125796+00:00,2026-06-03 13:49:18,Abel,plug_2,NW_P2_Abel,P110,washing_machine,adeac0d9,normal_wash,5.0,14.763,235.826,1.103,1.264,1.743,,on,-67,,44 minute wash cycle
2026-06-03T08:19:23.440783+00:00,2026-06-03 13:49:23,Abel,plug_2,NW_P2_Abel,P110,washing_machine,adeac0d9,normal_wash,5.0,14.794,235.914,0.065,1.264,1.743,,on,-67,,44 minute wash cycle
2026-06-03T08:19:29.448034+00:00,2026-06-03 13:49:29,Abel,plug_2,NW_P2_Abel,P110,washing_machine,adeac0d9,normal_wash,5.0,134.837,234.854,3.109,1.264,1.743,,on,-70,,44 minute wash cycle
2026-06-03T08:19:35.355063+00:00,2026-06-03 13:49:35,Abel,plug_2,NW_P2_Abel,P110,washing_machine,adeac0d9,normal_wash,5.0,131.38,235.213,2.982,1.264,1.744,,on,-70,,44 minute wash cycle
2026-06-03T08:19:41.132454+00:00,2026-06-03 13:49:41,Abel,plug_2,NW_P2_Abel,P110,washing_machine,adeac0d9,normal_wash,5.0,2.805,235.94,0.046,1.264,1.744,,on,-70,,44 minute wash cycle
2026-06-03T08:19:46.655948+00:00,2026-06-03 13:49:46,Abel,plug_2,NW_P2_Abel,P110,washing_machine,adeac0d9,normal_wash,5.0,150.386,235.19,3.041,1.264,1.744,,on,-71,,44 minute wash cycle
2026-06-03T08:19:52.751213+00:00,2026-06-03 13:49:52,Abel,plug_2,NW_P2_Abel,P110,washing_machine,adeac0d9,normal_wash,5.0,131.567,235.55,2.998,1.265,1.744,,on,-69,,44 minute wash cycle
2026-06-03T08:19:59.046842+00:00,2026-06-03 13:49:59,Abel,plug_2,NW_P2_Abel,P110,washing_machine,adeac0d9,normal_wash,5.0,2.841,236.273,0.046,1.265,1.744,,on,-70,,44 minute wash cycle
2026-06-03T08:20:04.551886+00:00,2026-06-03 13:50:04,Abel,plug_2,NW_P2_Abel,P110,washing_machine,adeac0d9,normal_wash,5.0,2.717,236.027,0.045,1.265,1.744,,on,-68,,44 minute wash cycle
2026-06-03T08:20:10.404700+00:00,2026-06-03 13:50:10,Abel,plug_2,NW_P2_Abel,P110,washing_machine,adeac0d9,normal_wash,5.0,143.692,235.37,3.008,1.265,1.744,,on,-71,,44 minute wash cycle
2026-06-03T08:20:16.040197+00:00,2026-06-03 13:50:16,Abel,plug_2,NW_P2_Abel,P110,washing_machine,adeac0d9,normal_wash,5.0,123.932,235.237,2.971,1.265,1.745,,on,-71,,44 minute wash cycle
2026-06-03T08:20:21.980319+00:00,2026-06-03 13:50:21,Abel,plug_2,NW_P2_Abel,P110,washing_machine,adeac0d9,normal_wash,5.0,2.794,235.605,0.045,1.265,1.745,,on,-68,,44 minute wash cycle
2026-06-03T08:20:27.821414+00:00,2026-06-03 13:50:27,Abel,plug_2,NW_P2_Abel,P110,washing_machine,adeac0d9,normal_wash,5.0,130.139,235.057,3.284,1.265,1.745,,on,-70,,44 minute wash cycle
2026-06-03T08:20:34.591574+00:00,2026-06-03 13:50:34,Abel,plug_2,NW_P2_Abel,P110,washing_machine,adeac0d9,normal_wash,5.0,128.98,234.773,3.05,1.265,1.745,,on,-67,,44 minute wash cycle
2026-06-03T08:20:40.719135+00:00,2026-06-03 13:50:40,Abel,plug_2,NW_P2_Abel,P110,washing_machine,adeac0d9,normal_wash,5.0,2.643,235.442,0.045,1.266,1.745,,on,-70,,44 minute wash cycle
2026-06-03T08:20:46.562178+00:00,2026-06-03 13:50:46,Abel,plug_2,NW_P2_Abel,P110,washing_machine,adeac0d9,normal_wash,5.0,60.212,235.655,4.654,1.266,1.745,,on,-69,,44 minute wash cycle
2026-06-03T08:20:52.469154+00:00,2026-06-03 13:50:52,Abel,plug_2,NW_P2_Abel,P110,washing_machine,adeac0d9,normal_wash,5.0,126.633,235.22,2.982,1.266,1.745,,on,-71,,44 minute wash cycle
2026-06-03T08:20:58.481094+00:00,2026-06-03 13:50:58,Abel,plug_2,NW_P2_Abel,P110,washing_machine,adeac0d9,normal_wash,5.0,2.673,235.459,0.045,1.266,1.746,,on,-70,,44 minute wash cycle
2026-06-03T08:21:04.072825+00:00,2026-06-03 13:51:04,Abel,plug_2,NW_P2_Abel,P110,washing_machine,adeac0d9,normal_wash,5.0,48.7,235.435,0.045,1.266,1.746,,on,-69,,44 minute wash cycle
2026-06-03T08:21:10.830732+00:00,2026-06-03 13:51:10,Abel,plug_2,NW_P2_Abel,P110,washing_machine,adeac0d9,normal_wash,5.0,131.985,235.218,3.013,1.266,1.746,,on,-69,,44 minute wash cycle
2026-06-03T08:21:17.073483+00:00,2026-06-03 13:51:17,Abel,plug_2,NW_P2_Abel,P110,washing_machine,adeac0d9,normal_wash,5.0,129.571,235.137,0.81,1.266,1.746,,on,-74,,44 minute wash cycle
2026-06-03T08:21:22.906549+00:00,2026-06-03 13:51:22,Abel,plug_2,NW_P2_Abel,P110,washing_machine,adeac0d9,normal_wash,5.0,2.645,235.559,0.045,1.266,1.746,,on,-76,,44 minute wash cycle
2026-06-03T08:21:29.059148+00:00,2026-06-03 13:51:29,Abel,plug_2,NW_P2_Abel,P110,washing_machine,adeac0d9,normal_wash,5.0,169.463,234.99,2.88,1.267,1.746,,on,-74,,44 minute wash cycle
2026-06-03T08:21:34.817199+00:00,2026-06-03 13:51:34,Abel,plug_2,NW_P2_Abel,P110,washing_machine,adeac0d9,normal_wash,5.0,152.33,235.07,3.028,1.267,1.746,,on,-73,,44 minute wash cycle
2026-06-03T08:21:40.363946+00:00,2026-06-03 13:51:40,Abel,plug_2,NW_P2_Abel,P110,washing_machine,adeac0d9,normal_wash,5.0,24.092,235.662,0.167,1.267,1.747,,on,-74,,44 minute wash cycle
2026-06-03T08:21:47.696509+00:00,2026-06-03 13:51:47,Abel,plug_2,NW_P2_Abel,P110,washing_machine,adeac0d9,normal_wash,5.0,137.008,235.112,2.726,1.267,1.747,,on,-73,,44 minute wash cycle
2026-06-03T08:21:53.225796+00:00,2026-06-03 13:51:53,Abel,plug_2,NW_P2_Abel,P110,washing_machine,adeac0d9,normal_wash,5.0,130.822,235.237,2.976,1.267,1.747,,on,-75,,44 minute wash cycle
2026-06-03T08:21:58.764045+00:00,2026-06-03 13:51:58,Abel,plug_2,NW_P2_Abel,P110,washing_machine,adeac0d9,normal_wash,5.0,21.392,235.872,0.169,1.267,1.747,,on,-74,,44 minute wash cycle
2026-06-03T08:22:04.285434+00:00,2026-06-03 13:52:04,Abel,plug_2,NW_P2_Abel,P110,washing_machine,adeac0d9,normal_wash,5.0,21.503,235.904,0.169,1.268,1.747,,on,-71,,44 minute wash cycle
2026-06-03T08:22:11.966059+00:00,2026-06-03 13:52:11,Abel,plug_2,NW_P2_Abel,P110,washing_machine,adeac0d9,normal_wash,5.0,126.015,235.565,2.817,1.268,1.747,,on,-74,,44 minute wash cycle
2026-06-03T08:22:17.813369+00:00,2026-06-03 13:52:17,Abel,plug_2,NW_P2_Abel,P110,washing_machine,adeac0d9,normal_wash,5.0,154.267,235.422,3.564,1.268,1.748,,on,-72,,44 minute wash cycle
2026-06-03T08:22:23.844694+00:00,2026-06-03 13:52:23,Abel,plug_2,NW_P2_Abel,P110,washing_machine,adeac0d9,normal_wash,5.0,78.541,235.337,1.947,1.268,1.748,,on,-72,,44 minute wash cycle
2026-06-03T08:22:29.547776+00:00,2026-06-03 13:52:29,Abel,plug_2,NW_P2_Abel,P110,washing_machine,adeac0d9,normal_wash,5.0,59.575,235.441,1.343,1.268,1.748,,on,-74,,44 minute wash cycle
2026-06-03T08:22:36.645024+00:00,2026-06-03 13:52:36,Abel,plug_2,NW_P2_Abel,P110,washing_machine,adeac0d9,normal_wash,5.0,55.701,235.379,1.32,1.268,1.748,,on,-73,,44 minute wash cycle
2026-06-03T08:22:44.939599+00:00,2026-06-03 13:52:44,Abel,plug_2,NW_P2_Abel,P110,washing_machine,adeac0d9,normal_wash,5.0,178.743,234.97,2.477,1.269,1.748,,on,-75,,44 minute wash cycle
2026-06-03T08:22:50.965515+00:00,2026-06-03 13:52:50,Abel,plug_2,NW_P2_Abel,P110,washing_machine,adeac0d9,normal_wash,5.0,98.321,235.202,1.425,1.269,1.748,,on,-75,,44 minute wash cycle
2026-06-03T08:22:56.519227+00:00,2026-06-03 13:52:56,Abel,plug_2,NW_P2_Abel,P110,washing_machine,adeac0d9,normal_wash,5.0,93.457,235.204,1.4,1.269,1.749,,on,-76,,44 minute wash cycle
2026-06-03T08:23:02.059798+00:00,2026-06-03 13:53:02,Abel,plug_2,NW_P2_Abel,P110,washing_machine,adeac0d9,normal_wash,5.0,91.3,235.276,1.388,1.269,1.749,,on,-74,,44 minute wash cycle
2026-06-03T08:23:07.667116+00:00,2026-06-03 13:53:07,Abel,plug_2,NW_P2_Abel,P110,washing_machine,adeac0d9,normal_wash,5.0,91.942,235.238,1.382,1.269,1.749,,on,-74,,44 minute wash cycle
2026-06-03T08:23:13.139164+00:00,2026-06-03 13:53:13,Abel,plug_2,NW_P2_Abel,P110,washing_machine,adeac0d9,normal_wash,5.0,123.319,234.964,1.428,1.269,1.749,,on,-71,,44 minute wash cycle
2026-06-03T08:23:19.038852+00:00,2026-06-03 13:53:19,Abel,plug_2,NW_P2_Abel,P110,washing_machine,adeac0d9,normal_wash,5.0,129.388,234.919,1.639,1.27,1.749,,on,-73,,44 minute wash cycle
2026-06-03T08:23:26.304215+00:00,2026-06-03 13:53:26,Abel,plug_2,NW_P2_Abel,P110,washing_machine,adeac0d9,normal_wash,5.0,138.17,235.02,1.55,1.27,1.749,,on,-72,,44 minute wash cycle
2026-06-03T08:23:32.044597+00:00,2026-06-03 13:53:32,Abel,plug_2,NW_P2_Abel,P110,washing_machine,adeac0d9,normal_wash,5.0,172.505,235.031,1.755,1.27,1.75,,on,-72,,44 minute wash cycle
2026-06-03T08:23:37.579946+00:00,2026-06-03 13:53:37,Abel,plug_2,NW_P2_Abel,P110,washing_machine,adeac0d9,normal_wash,5.0,190.778,234.886,1.764,1.271,1.75,,on,-74,,44 minute wash cycle
2026-06-03T08:23:43.618654+00:00,2026-06-03 13:53:43,Abel,plug_2,NW_P2_Abel,P110,washing_machine,adeac0d9,normal_wash,5.0,209.368,234.869,1.765,1.271,1.75,,on,-72,,44 minute wash cycle
2026-06-03T08:23:49.287496+00:00,2026-06-03 13:53:49,Abel,plug_2,NW_P2_Abel,P110,washing_machine,adeac0d9,normal_wash,5.0,224.364,235.028,1.767,1.271,1.751,,on,-73,,44 minute wash cycle
2026-06-03T08:23:55.085440+00:00,2026-06-03 13:53:55,Abel,plug_2,NW_P2_Abel,P110,washing_machine,adeac0d9,normal_wash,5.0,243.993,234.886,1.782,1.272,1.751,,on,-71,,44 minute wash cycle
2026-06-03T08:24:00.921640+00:00,2026-06-03 13:54:00,Abel,plug_2,NW_P2_Abel,P110,washing_machine,adeac0d9,normal_wash,5.0,258.683,234.915,1.785,1.272,1.752,,on,-74,,44 minute wash cycle
2026-06-03T08:24:06.861603+00:00,2026-06-03 13:54:06,Abel,plug_2,NW_P2_Abel,P110,washing_machine,adeac0d9,normal_wash,5.0,282.533,234.724,1.795,1.273,1.752,,on,-72,,44 minute wash cycle
2026-06-03T08:24:13.832969+00:00,2026-06-03 13:54:13,Abel,plug_2,NW_P2_Abel,P110,washing_machine,adeac0d9,normal_wash,5.0,298.297,234.607,1.814,1.273,1.753,,on,-71,,44 minute wash cycle
2026-06-03T08:24:19.661657+00:00,2026-06-03 13:54:19,Abel,plug_2,NW_P2_Abel,P110,washing_machine,adeac0d9,normal_wash,5.0,326.697,234.755,1.818,1.274,1.753,,on,-72,,44 minute wash cycle
2026-06-03T08:24:25.908029+00:00,2026-06-03 13:54:25,Abel,plug_2,NW_P2_Abel,P110,washing_machine,adeac0d9,normal_wash,5.0,351.274,234.628,1.803,1.274,1.754,,on,-74,,44 minute wash cycle
2026-06-03T08:24:31.540732+00:00,2026-06-03 13:54:31,Abel,plug_2,NW_P2_Abel,P110,washing_machine,adeac0d9,normal_wash,5.0,233.942,234.821,1.637,1.275,1.754,,on,-72,,44 minute wash cycle
2026-06-03T08:24:37.986052+00:00,2026-06-03 13:54:37,Abel,plug_2,NW_P2_Abel,P110,washing_machine,adeac0d9,normal_wash,5.0,254.787,234.631,1.54,1.275,1.755,,on,-72,,44 minute wash cycle
2026-06-03T08:24:43.521753+00:00,2026-06-03 13:54:43,Abel,plug_2,NW_P2_Abel,P110,washing_machine,adeac0d9,normal_wash,5.0,252.718,234.69,1.545,1.275,1.755,,on,-73,,44 minute wash cycle
2026-06-03T08:24:49.460870+00:00,2026-06-03 13:54:49,Abel,plug_2,NW_P2_Abel,P110,washing_machine,adeac0d9,normal_wash,5.0,252.124,234.918,1.547,1.276,1.755,,on,-72,,44 minute wash cycle
2026-06-03T08:24:56.219569+00:00,2026-06-03 13:54:56,Abel,plug_2,NW_P2_Abel,P110,washing_machine,adeac0d9,normal_wash,5.0,251.153,235.236,1.546,1.276,1.756,,on,-72,,44 minute wash cycle
2026-06-03T08:25:01.954063+00:00,2026-06-03 13:55:01,Abel,plug_2,NW_P2_Abel,P110,washing_machine,adeac0d9,normal_wash,5.0,250.357,234.969,1.54,1.277,1.756,,on,-73,,44 minute wash cycle
2026-06-03T08:25:07.995977+00:00,2026-06-03 13:55:07,Abel,plug_2,NW_P2_Abel,P110,washing_machine,adeac0d9,normal_wash,5.0,251.645,235.048,1.54,1.277,1.757,,on,-73,,44 minute wash cycle
2026-06-03T08:25:13.936367+00:00,2026-06-03 13:55:13,Abel,plug_2,NW_P2_Abel,P110,washing_machine,adeac0d9,normal_wash,5.0,250.73,235.177,1.542,1.278,1.757,,on,-74,,44 minute wash cycle
2026-06-03T08:25:19.572063+00:00,2026-06-03 13:55:19,Abel,plug_2,NW_P2_Abel,P110,washing_machine,adeac0d9,normal_wash,5.0,250.693,235.145,1.543,1.278,1.758,,on,-73,,44 minute wash cycle
2026-06-03T08:25:24.897723+00:00,2026-06-03 13:55:24,Abel,plug_2,NW_P2_Abel,P110,washing_machine,adeac0d9,normal_wash,5.0,249.43,235.671,1.539,1.278,1.758,,on,-73,,44 minute wash cycle
2026-06-03T08:25:30.529884+00:00,2026-06-03 13:55:30,Abel,plug_2,NW_P2_Abel,P110,washing_machine,adeac0d9,normal_wash,5.0,250.565,235.654,1.543,1.279,1.758,,on,-72,,44 minute wash cycle
2026-06-03T08:25:36.156674+00:00,2026-06-03 13:55:36,Abel,plug_2,NW_P2_Abel,P110,washing_machine,adeac0d9,normal_wash,5.0,249.131,235.505,1.537,1.279,1.759,,on,-72,,44 minute wash cycle
2026-06-03T08:25:42.064518+00:00,2026-06-03 13:55:42,Abel,plug_2,NW_P2_Abel,P110,washing_machine,adeac0d9,normal_wash,5.0,250.496,235.555,1.544,1.279,1.759,,on,-75,,44 minute wash cycle
2026-06-03T08:25:47.932844+00:00,2026-06-03 13:55:47,Abel,plug_2,NW_P2_Abel,P110,washing_machine,adeac0d9,normal_wash,5.0,250.413,235.61,1.542,1.28,1.759,,on,-75,,44 minute wash cycle
2026-06-03T08:25:53.568655+00:00,2026-06-03 13:55:53,Abel,plug_2,NW_P2_Abel,P110,washing_machine,adeac0d9,normal_wash,5.0,249.924,235.598,1.54,1.28,1.76,,on,-74,,44 minute wash cycle
2026-06-03T08:25:58.992346+00:00,2026-06-03 13:55:58,Abel,plug_2,NW_P2_Abel,P110,washing_machine,adeac0d9,normal_wash,5.0,385.638,235.411,1.753,1.281,1.76,,on,-73,,44 minute wash cycle
2026-06-03T08:26:05.169012+00:00,2026-06-03 13:56:05,Abel,plug_2,NW_P2_Abel,P110,washing_machine,adeac0d9,normal_wash,5.0,368.733,235.389,1.837,1.281,1.761,,on,-76,,44 minute wash cycle
2026-06-03T08:26:11.377079+00:00,2026-06-03 13:56:11,Abel,plug_2,NW_P2_Abel,P110,washing_machine,adeac0d9,normal_wash,5.0,403.865,235.329,1.836,1.282,1.762,,on,-72,,44 minute wash cycle
2026-06-03T08:26:17.156580+00:00,2026-06-03 13:56:17,Abel,plug_2,NW_P2_Abel,P110,washing_machine,adeac0d9,normal_wash,5.0,396.192,235.373,1.774,1.283,1.762,,on,-74,,44 minute wash cycle
2026-06-03T08:26:22.954878+00:00,2026-06-03 13:56:22,Abel,plug_2,NW_P2_Abel,P110,washing_machine,adeac0d9,normal_wash,5.0,338.658,235.527,1.551,1.283,1.763,,on,-76,,44 minute wash cycle
2026-06-03T08:26:30.162527+00:00,2026-06-03 13:56:30,Abel,plug_2,NW_P2_Abel,P110,washing_machine,adeac0d9,normal_wash,5.0,308.706,235.723,1.616,1.284,1.763,,on,-74,,44 minute wash cycle
2026-06-03T08:26:36.473373+00:00,2026-06-03 13:56:36,Abel,plug_2,NW_P2_Abel,P110,washing_machine,adeac0d9,normal_wash,5.0,317.545,235.959,1.611,1.284,1.764,,on,-75,,44 minute wash cycle
2026-06-03T08:26:42.006831+00:00,2026-06-03 13:56:42,Abel,plug_2,NW_P2_Abel,P110,washing_machine,adeac0d9,normal_wash,5.0,320.718,235.881,1.614,1.285,1.764,,on,-72,,44 minute wash cycle
2026-06-03T08:26:47.591621+00:00,2026-06-03 13:56:47,Abel,plug_2,NW_P2_Abel,P110,washing_machine,adeac0d9,normal_wash,5.0,320.59,235.886,1.613,1.285,1.765,,on,-72,,44 minute wash cycle
2026-06-03T08:26:53.778436+00:00,2026-06-03 13:56:53,Abel,plug_2,NW_P2_Abel,P110,washing_machine,adeac0d9,normal_wash,5.0,317.06,235.919,1.612,1.286,1.765,,on,-72,,44 minute wash cycle
2026-06-03T08:26:59.515537+00:00,2026-06-03 13:56:59,Abel,plug_2,NW_P2_Abel,P110,washing_machine,adeac0d9,normal_wash,5.0,321.371,236.28,1.616,1.286,1.766,,on,-72,,44 minute wash cycle
2026-06-03T08:27:05.227127+00:00,2026-06-03 13:57:05,Abel,plug_2,NW_P2_Abel,P110,washing_machine,adeac0d9,normal_wash,5.0,322.477,236.196,1.611,1.287,1.767,,on,-74,,44 minute wash cycle
2026-06-03T08:27:11.180302+00:00,2026-06-03 13:57:11,Abel,plug_2,NW_P2_Abel,P110,washing_machine,adeac0d9,normal_wash,5.0,319.119,236.149,1.61,1.288,1.767,,on,-74,,44 minute wash cycle
2026-06-03T08:27:17.028022+00:00,2026-06-03 13:57:17,Abel,plug_2,NW_P2_Abel,P110,washing_machine,adeac0d9,normal_wash,5.0,316.822,236.103,1.599,1.288,1.768,,on,-73,,44 minute wash cycle
2026-06-03T08:27:22.705677+00:00,2026-06-03 13:57:22,Abel,plug_2,NW_P2_Abel,P110,washing_machine,adeac0d9,normal_wash,5.0,317.211,236.038,1.608,1.289,1.768,,on,-72,,44 minute wash cycle
2026-06-03T08:27:28.799452+00:00,2026-06-03 13:57:28,Abel,plug_2,NW_P2_Abel,P110,washing_machine,adeac0d9,normal_wash,5.0,320.713,236.102,1.619,1.289,1.769,,on,-75,,44 minute wash cycle
2026-06-03T08:27:34.442301+00:00,2026-06-03 13:57:34,Abel,plug_2,NW_P2_Abel,P110,washing_machine,adeac0d9,normal_wash,5.0,322.122,236.073,1.603,1.29,1.769,,on,-75,,44 minute wash cycle
2026-06-03T08:27:40.468221+00:00,2026-06-03 13:57:40,Abel,plug_2,NW_P2_Abel,P110,washing_machine,adeac0d9,normal_wash,5.0,318.565,235.883,1.614,1.29,1.77,,on,-73,,44 minute wash cycle
2026-06-03T08:27:46.404578+00:00,2026-06-03 13:57:46,Abel,plug_2,NW_P2_Abel,P110,washing_machine,adeac0d9,normal_wash,5.0,322.801,236.001,1.597,1.291,1.77,,on,-75,,44 minute wash cycle
2026-06-03T08:27:52.257178+00:00,2026-06-03 13:57:52,Abel,plug_2,NW_P2_Abel,P110,washing_machine,adeac0d9,normal_wash,5.0,320.983,236.041,1.613,1.291,1.771,,on,-71,,44 minute wash cycle
2026-06-03T08:27:57.983759+00:00,2026-06-03 13:57:57,Abel,plug_2,NW_P2_Abel,P110,washing_machine,adeac0d9,normal_wash,5.0,319.496,235.96,1.607,1.292,1.771,,on,-73,,44 minute wash cycle
2026-06-03T08:28:03.713628+00:00,2026-06-03 13:58:03,Abel,plug_2,NW_P2_Abel,P110,washing_machine,adeac0d9,normal_wash,5.0,319.457,235.939,1.608,1.292,1.772,,on,-72,,44 minute wash cycle
2026-06-03T08:28:09.155763+00:00,2026-06-03 13:58:09,Abel,plug_2,NW_P2_Abel,P110,washing_machine,adeac0d9,normal_wash,5.0,317.489,236.127,1.608,1.293,1.772,,on,-73,,44 minute wash cycle
2026-06-03T08:28:15.478208+00:00,2026-06-03 13:58:15,Abel,plug_2,NW_P2_Abel,P110,washing_machine,adeac0d9,normal_wash,5.0,317.896,236.136,1.597,1.293,1.773,,on,-73,,44 minute wash cycle
2026-06-03T08:28:21.435538+00:00,2026-06-03 13:58:21,Abel,plug_2,NW_P2_Abel,P110,washing_machine,adeac0d9,normal_wash,5.0,21.672,236.448,0.168,1.293,1.773,,on,-71,,44 minute wash cycle
2026-06-03T08:28:27.168747+00:00,2026-06-03 13:58:27,Abel,plug_2,NW_P2_Abel,P110,washing_machine,adeac0d9,normal_wash,5.0,21.613,236.441,0.169,1.293,1.773,,on,-74,,44 minute wash cycle
2026-06-03T08:28:32.817206+00:00,2026-06-03 13:58:32,Abel,plug_2,NW_P2_Abel,P110,washing_machine,adeac0d9,normal_wash,5.0,21.657,236.508,0.169,1.293,1.773,,on,-73,,44 minute wash cycle
2026-06-03T08:28:38.535622+00:00,2026-06-03 13:58:38,Abel,plug_2,NW_P2_Abel,P110,washing_machine,adeac0d9,normal_wash,5.0,21.657,236.535,0.169,1.293,1.773,,on,-73,,44 minute wash cycle
2026-06-03T08:28:46.050474+00:00,2026-06-03 13:58:46,Abel,plug_2,NW_P2_Abel,P110,washing_machine,adeac0d9,normal_wash,5.0,21.563,236.511,0.168,1.294,1.773,,on,-70,,44 minute wash cycle
2026-06-03T08:28:51.884011+00:00,2026-06-03 13:58:51,Abel,plug_2,NW_P2_Abel,P110,washing_machine,adeac0d9,normal_wash,5.0,21.679,236.39,0.169,1.294,1.773,,on,-74,,44 minute wash cycle
2026-06-03T08:28:59.834288+00:00,2026-06-03 13:58:59,Abel,plug_2,NW_P2_Abel,P110,washing_machine,adeac0d9,normal_wash,5.0,21.664,236.462,0.168,1.294,1.773,,on,-76,,44 minute wash cycle
2026-06-03T08:29:05.302442+00:00,2026-06-03 13:59:05,Abel,plug_2,NW_P2_Abel,P110,washing_machine,adeac0d9,normal_wash,5.0,21.473,236.436,0.169,1.294,1.773,,on,-71,,44 minute wash cycle
2026-06-03T08:29:11.208515+00:00,2026-06-03 13:59:11,Abel,plug_2,NW_P2_Abel,P110,washing_machine,adeac0d9,normal_wash,5.0,21.55,236.193,0.168,1.294,1.773,,on,-71,,44 minute wash cycle
2026-06-03T08:29:18.479345+00:00,2026-06-03 13:59:18,Abel,plug_2,NW_P2_Abel,P110,washing_machine,adeac0d9,normal_wash,5.0,21.583,236.198,0.168,1.294,1.773,,on,-72,,44 minute wash cycle
2026-06-03T08:29:24.110296+00:00,2026-06-03 13:59:24,Abel,plug_2,NW_P2_Abel,P110,washing_machine,adeac0d9,normal_wash,5.0,21.56,236.252,0.168,1.294,1.773,,on,-70,,44 minute wash cycle
2026-06-03T08:29:29.848513+00:00,2026-06-03 13:59:29,Abel,plug_2,NW_P2_Abel,P110,washing_machine,adeac0d9,normal_wash,5.0,98.137,236.274,2.668,1.294,1.773,,on,-72,,44 minute wash cycle
2026-06-03T08:29:35.754553+00:00,2026-06-03 13:59:35,Abel,plug_2,NW_P2_Abel,P110,washing_machine,adeac0d9,normal_wash,5.0,73.081,236.265,1.668,1.294,1.774,,on,-75,,44 minute wash cycle
2026-06-03T08:29:41.227729+00:00,2026-06-03 13:59:41,Abel,plug_2,NW_P2_Abel,P110,washing_machine,adeac0d9,normal_wash,5.0,2.704,236.65,0.046,1.294,1.774,,on,-68,,44 minute wash cycle
2026-06-03T08:29:47.042749+00:00,2026-06-03 13:59:47,Abel,plug_2,NW_P2_Abel,P110,washing_machine,adeac0d9,normal_wash,5.0,2.725,236.536,0.046,1.294,1.774,,on,-74,,44 minute wash cycle
2026-06-03T08:29:55.235302+00:00,2026-06-03 13:59:55,Abel,plug_2,NW_P2_Abel,P110,washing_machine,adeac0d9,normal_wash,5.0,77.53,236.652,1.633,1.294,1.774,,on,-68,,44 minute wash cycle
2026-06-03T08:30:01.585221+00:00,2026-06-03 14:00:01,Abel,plug_2,NW_P2_Abel,P110,washing_machine,adeac0d9,normal_wash,5.0,2.731,236.44,0.046,1.294,1.774,,on,-76,,44 minute wash cycle
2026-06-03T08:30:07.624652+00:00,2026-06-03 14:00:07,Abel,plug_2,NW_P2_Abel,P110,washing_machine,adeac0d9,normal_wash,5.0,105.822,235.887,0.046,1.294,1.774,,on,-71,,44 minute wash cycle
2026-06-03T08:30:13.130053+00:00,2026-06-03 14:00:13,Abel,plug_2,NW_P2_Abel,P110,washing_machine,adeac0d9,normal_wash,5.0,69.685,236.025,1.618,1.294,1.774,,on,-76,,44 minute wash cycle
2026-06-03T08:30:20.006033+00:00,2026-06-03 14:00:20,Abel,plug_2,NW_P2_Abel,P110,washing_machine,adeac0d9,normal_wash,5.0,2.607,236.205,0.045,1.294,1.774,,on,-78,,44 minute wash cycle
2026-06-03T08:30:27.389624+00:00,2026-06-03 14:00:27,Abel,plug_2,NW_P2_Abel,P110,washing_machine,adeac0d9,normal_wash,5.0,2.668,236.224,1.313,1.294,1.774,,on,-77,,44 minute wash cycle
2026-06-03T08:30:33.426392+00:00,2026-06-03 14:00:33,Abel,plug_2,NW_P2_Abel,P110,washing_machine,adeac0d9,normal_wash,5.0,3.463,236.18,0.1,1.294,1.774,,on,-76,,44 minute wash cycle
2026-06-03T08:30:39.267958+00:00,2026-06-03 14:00:39,Abel,plug_2,NW_P2_Abel,P110,washing_machine,adeac0d9,normal_wash,5.0,2.261,236.173,0.045,1.294,1.774,,on,-72,,44 minute wash cycle
2026-06-03T08:30:45.202325+00:00,2026-06-03 14:00:45,Abel,plug_2,NW_P2_Abel,P110,washing_machine,adeac0d9,normal_wash,5.0,2.289,236.29,0.045,1.294,1.774,,on,-75,,44 minute wash cycle
2026-06-03T08:30:50.956122+00:00,2026-06-03 14:00:50,Abel,plug_2,NW_P2_Abel,P110,washing_machine,adeac0d9,normal_wash,5.0,2.247,236.268,0.045,1.294,1.774,,on,-73,,44 minute wash cycle
2026-06-03T08:30:56.983976+00:00,2026-06-03 14:00:56,Abel,plug_2,NW_P2_Abel,P110,washing_machine,adeac0d9,normal_wash,5.0,2.309,236.315,0.045,1.294,1.774,,on,-79,,44 minute wash cycle
2026-06-03T08:31:04.254095+00:00,2026-06-03 14:01:04,Abel,plug_2,NW_P2_Abel,P110,washing_machine,adeac0d9,normal_wash,5.0,2.296,236.4,0.045,1.294,1.774,,on,-77,,44 minute wash cycle
2026-06-03T08:31:10.054584+00:00,2026-06-03 14:01:10,Abel,plug_2,NW_P2_Abel,P110,washing_machine,adeac0d9,normal_wash,5.0,2.281,236.422,0.045,1.294,1.774,,on,-70,,44 minute wash cycle
2026-06-03T08:31:16.108380+00:00,2026-06-03 14:01:16,Abel,plug_2,NW_P2_Abel,P110,washing_machine,adeac0d9,normal_wash,5.0,2.283,236.614,0.045,1.294,1.774,,on,-67,,44 minute wash cycle
2026-06-03T08:31:22.174783+00:00,2026-06-03 14:01:22,Abel,plug_2,NW_P2_Abel,P110,washing_machine,adeac0d9,normal_wash,5.0,2.274,236.456,0.045,1.294,1.774,,on,-73,,44 minute wash cycle
2026-06-03T08:31:27.704125+00:00,2026-06-03 14:01:27,Abel,plug_2,NW_P2_Abel,P110,washing_machine,adeac0d9,normal_wash,5.0,2.333,236.277,0.045,1.294,1.774,,on,-68,,44 minute wash cycle
2026-06-03T08:31:33.438913+00:00,2026-06-03 14:01:33,Abel,plug_2,NW_P2_Abel,P110,washing_machine,adeac0d9,normal_wash,5.0,2.536,236.289,0.046,1.294,1.774,,on,-69,,44 minute wash cycle
2026-06-03T08:31:39.401446+00:00,2026-06-03 14:01:39,Abel,plug_2,NW_P2_Abel,P110,washing_machine,adeac0d9,normal_wash,5.0,2.31,236.347,0.045,1.294,1.774,,on,-72,,44 minute wash cycle
2026-06-03T08:31:45.313102+00:00,2026-06-03 14:01:45,Abel,plug_2,NW_P2_Abel,P110,washing_machine,adeac0d9,normal_wash,5.0,2.297,236.468,0.045,1.294,1.774,,on,-75,,44 minute wash cycle
2026-06-03T08:31:52.793273+00:00,2026-06-03 14:01:52,Abel,plug_2,NW_P2_Abel,P110,washing_machine,adeac0d9,normal_wash,5.0,2.299,236.296,0.044,1.294,1.774,,on,-71,,44 minute wash cycle
2026-06-03T08:31:59.346722+00:00,2026-06-03 14:01:59,Abel,plug_2,NW_P2_Abel,P110,washing_machine,adeac0d9,normal_wash,5.0,2.301,236.419,0.044,1.294,1.774,,on,-71,,44 minute wash cycle
2026-06-03T08:32:05.185146+00:00,2026-06-03 14:02:05,Abel,plug_2,NW_P2_Abel,P110,washing_machine,adeac0d9,normal_wash,5.0,2.305,236.375,0.045,1.294,1.774,,on,-68,,44 minute wash cycle
2026-06-03T08:32:10.712650+00:00,2026-06-03 14:02:10,Abel,plug_2,NW_P2_Abel,P110,washing_machine,adeac0d9,normal_wash,5.0,2.278,236.382,0.045,1.294,1.774,,on,-70,,44 minute wash cycle
2026-06-03T08:32:16.854931+00:00,2026-06-03 14:02:16,Abel,plug_2,NW_P2_Abel,P110,washing_machine,adeac0d9,normal_wash,5.0,2.219,236.415,0.045,1.294,1.774,,on,-70,,44 minute wash cycle
2026-06-03T08:32:23.020580+00:00,2026-06-03 14:02:23,Abel,plug_2,NW_P2_Abel,P110,washing_machine,adeac0d9,normal_wash,5.0,2.334,236.404,0.045,1.294,1.774,,on,-69,,44 minute wash cycle
2026-06-03T08:32:28.551938+00:00,2026-06-03 14:02:28,Abel,plug_2,NW_P2_Abel,P110,washing_machine,adeac0d9,normal_wash,5.0,2.357,236.406,0.045,1.294,1.774,,on,-75,,44 minute wash cycle
2026-06-03T08:32:34.252223+00:00,2026-06-03 14:02:34,Abel,plug_2,NW_P2_Abel,P110,washing_machine,adeac0d9,normal_wash,5.0,2.319,236.389,0.045,1.294,1.774,,on,-69,,44 minute wash cycle
2026-06-03T08:32:40.214823+00:00,2026-06-03 14:02:40,Abel,plug_2,NW_P2_Abel,P110,washing_machine,adeac0d9,normal_wash,5.0,2.319,236.338,0.045,1.294,1.774,,on,-72,,44 minute wash cycle
2026-06-03T08:32:45.735549+00:00,2026-06-03 14:02:45,Abel,plug_2,NW_P2_Abel,P110,washing_machine,adeac0d9,normal_wash,5.0,2.252,236.471,0.045,1.294,1.774,,on,-73,,44 minute wash cycle
2026-06-03T08:32:51.469662+00:00,2026-06-03 14:02:51,Abel,plug_2,NW_P2_Abel,P110,washing_machine,adeac0d9,normal_wash,5.0,2.343,236.333,0.045,1.294,1.774,,on,-70,,44 minute wash cycle
2026-06-03T08:32:57.215094+00:00,2026-06-03 14:02:57,Abel,plug_2,NW_P2_Abel,P110,washing_machine,adeac0d9,normal_wash,5.0,2.364,236.36,0.045,1.294,1.774,,on,-71,,44 minute wash cycle
2026-06-03T08:33:04.274366+00:00,2026-06-03 14:03:04,Abel,plug_2,NW_P2_Abel,P110,washing_machine,adeac0d9,normal_wash,5.0,2.297,236.244,0.045,1.294,1.774,,on,-70,,44 minute wash cycle
2026-06-03T08:33:10.516889+00:00,2026-06-03 14:03:10,Abel,plug_2,NW_P2_Abel,P110,washing_machine,adeac0d9,normal_wash,5.0,2.251,236.4,0.045,1.294,1.774,,on,-70,,44 minute wash cycle
2026-06-03T08:33:16.046414+00:00,2026-06-03 14:03:16,Abel,plug_2,NW_P2_Abel,P110,washing_machine,adeac0d9,normal_wash,5.0,2.324,236.229,0.045,1.294,1.774,,on,-69,,44 minute wash cycle
2026-06-03T08:33:21.985730+00:00,2026-06-03 14:03:21,Abel,plug_2,NW_P2_Abel,P110,washing_machine,adeac0d9,normal_wash,5.0,2.348,236.291,0.045,1.294,1.774,,on,-71,,44 minute wash cycle
2026-06-03T08:33:28.231430+00:00,2026-06-03 14:03:28,Abel,plug_2,NW_P2_Abel,P110,washing_machine,adeac0d9,normal_wash,5.0,2.318,236.179,0.045,1.294,1.774,,on,-77,,44 minute wash cycle
2026-06-03T08:33:35.400455+00:00,2026-06-03 14:03:35,Abel,plug_2,NW_P2_Abel,P110,washing_machine,adeac0d9,normal_wash,5.0,2.33,236.469,0.045,1.294,1.774,,on,-77,,44 minute wash cycle
2026-06-03T08:33:41.847152+00:00,2026-06-03 14:03:41,Abel,plug_2,NW_P2_Abel,P110,washing_machine,adeac0d9,normal_wash,5.0,2.332,236.308,0.045,1.294,1.774,,on,-82,,44 minute wash cycle
2026-06-03T08:33:47.621145+00:00,2026-06-03 14:03:47,Abel,plug_2,NW_P2_Abel,P110,washing_machine,adeac0d9,normal_wash,5.0,2.265,236.312,0.045,1.294,1.774,,on,-77,,44 minute wash cycle
2026-06-03T08:33:53.786322+00:00,2026-06-03 14:03:53,Abel,plug_2,NW_P2_Abel,P110,washing_machine,adeac0d9,normal_wash,5.0,2.319,236.248,0.045,1.294,1.774,,on,-76,,44 minute wash cycle
2026-06-03T08:33:59.772657+00:00,2026-06-03 14:03:59,Abel,plug_2,NW_P2_Abel,P110,washing_machine,adeac0d9,normal_wash,5.0,2.328,236.296,0.045,1.294,1.774,,on,-76,,44 minute wash cycle
2026-06-03T08:34:06.838105+00:00,2026-06-03 14:04:06,Abel,plug_2,NW_P2_Abel,P110,washing_machine,adeac0d9,normal_wash,5.0,2.298,236.128,0.045,1.294,1.774,,on,-77,,44 minute wash cycle
2026-06-03T08:34:12.675291+00:00,2026-06-03 14:04:12,Abel,plug_2,NW_P2_Abel,P110,washing_machine,adeac0d9,normal_wash,5.0,2.327,236.2,0.045,1.294,1.774,,on,-74,,44 minute wash cycle
2026-06-03T08:34:18.723013+00:00,2026-06-03 14:04:18,Abel,plug_2,NW_P2_Abel,P110,washing_machine,adeac0d9,normal_wash,5.0,2.281,236.125,0.044,1.294,1.774,,on,-80,,44 minute wash cycle
2026-06-03T08:34:24.451332+00:00,2026-06-03 14:04:24,Abel,plug_2,NW_P2_Abel,P110,washing_machine,adeac0d9,normal_wash,5.0,2.213,236.044,0.045,1.295,1.774,,on,-76,,44 minute wash cycle
2026-06-03T08:34:30.487062+00:00,2026-06-03 14:04:30,Abel,plug_2,NW_P2_Abel,P110,washing_machine,adeac0d9,normal_wash,5.0,2.283,235.916,0.045,1.295,1.774,,on,-73,,44 minute wash cycle
2026-06-03T08:34:36.343984+00:00,2026-06-03 14:04:36,Abel,plug_2,NW_P2_Abel,P110,washing_machine,adeac0d9,normal_wash,5.0,2.297,236.162,0.045,1.295,1.774,,on,-68,,44 minute wash cycle
2026-06-03T08:34:42.064980+00:00,2026-06-03 14:04:42,Abel,plug_2,NW_P2_Abel,P110,washing_machine,adeac0d9,normal_wash,5.0,2.349,236.168,0.045,1.295,1.774,,on,-69,,44 minute wash cycle
2026-06-03T08:34:47.594442+00:00,2026-06-03 14:04:47,Abel,plug_2,NW_P2_Abel,P110,washing_machine,adeac0d9,normal_wash,5.0,2.307,236.056,0.044,1.295,1.774,,on,-67,,44 minute wash cycle
2026-06-03T08:34:54.250816+00:00,2026-06-03 14:04:54,Abel,plug_2,NW_P2_Abel,P110,washing_machine,adeac0d9,normal_wash,5.0,2.309,236.271,0.045,1.295,1.774,,on,-70,,44 minute wash cycle
2026-06-03T08:34:59.889239+00:00,2026-06-03 14:04:59,Abel,plug_2,NW_P2_Abel,P110,washing_machine,adeac0d9,normal_wash,5.0,2.341,236.111,0.045,1.295,1.774,,on,-72,,44 minute wash cycle
2026-06-03T08:35:05.714712+00:00,2026-06-03 14:05:05,Abel,plug_2,NW_P2_Abel,P110,washing_machine,adeac0d9,normal_wash,5.0,2.264,236.069,0.045,1.295,1.774,,on,-75,,44 minute wash cycle
2026-06-03T08:35:12.683614+00:00,2026-06-03 14:05:12,Abel,plug_2,NW_P2_Abel,P110,washing_machine,adeac0d9,normal_wash,5.0,2.27,236.017,0.045,1.295,1.774,,on,-72,,44 minute wash cycle
2026-06-03T08:35:18.520153+00:00,2026-06-03 14:05:18,Abel,plug_2,NW_P2_Abel,P110,washing_machine,adeac0d9,normal_wash,5.0,2.326,236.075,0.045,1.295,1.774,,on,-76,,44 minute wash cycle
2026-06-03T08:35:23.947637+00:00,2026-06-03 14:05:23,Abel,plug_2,NW_P2_Abel,P110,washing_machine,adeac0d9,normal_wash,5.0,2.351,236.095,0.044,1.295,1.774,,on,-75,,44 minute wash cycle
2026-06-03T08:35:29.381061+00:00,2026-06-03 14:05:29,Abel,plug_2,NW_P2_Abel,P110,washing_machine,adeac0d9,normal_wash,5.0,2.309,235.924,0.044,1.295,1.774,,on,-73,,44 minute wash cycle
2026-06-03T08:35:35.133820+00:00,2026-06-03 14:05:35,Abel,plug_2,NW_P2_Abel,P110,washing_machine,adeac0d9,normal_wash,5.0,1.666,235.945,0.043,1.295,1.774,,on,-80,,44 minute wash cycle
2026-06-03T08:35:41.048614+00:00,2026-06-03 14:05:41,Abel,plug_2,NW_P2_Abel,P110,washing_machine,adeac0d9,normal_wash,5.0,1.643,235.866,0.043,1.295,1.774,,on,-77,,44 minute wash cycle
2026-06-03T08:35:46.885652+00:00,2026-06-03 14:05:46,Abel,plug_2,NW_P2_Abel,P110,washing_machine,adeac0d9,normal_wash,5.0,1.691,235.731,0.043,1.295,1.774,,on,-70,,44 minute wash cycle
2026-06-03T08:35:52.415379+00:00,2026-06-03 14:05:52,Abel,plug_2,NW_P2_Abel,P110,washing_machine,adeac0d9,normal_wash,5.0,1.756,235.672,0.043,1.295,1.774,,on,-70,,44 minute wash cycle
2026-06-03T08:35:58.111680+00:00,2026-06-03 14:05:58,Abel,plug_2,NW_P2_Abel,P110,washing_machine,adeac0d9,normal_wash,5.0,1.674,235.706,0.043,1.295,1.774,,on,-81,,44 minute wash cycle
2026-06-03T08:36:03.679678+00:00,2026-06-03 14:06:03,Abel,plug_2,NW_P2_Abel,P110,washing_machine,adeac0d9,normal_wash,5.0,1.676,235.799,0.043,1.295,1.774,,on,-72,,44 minute wash cycle
2026-06-03T08:36:10.682480+00:00,2026-06-03 14:06:10,Abel,plug_2,NW_P2_Abel,P110,washing_machine,adeac0d9,normal_wash,5.0,1.682,235.654,0.043,1.295,1.774,,on,-74,,44 minute wash cycle
2026-06-03T08:36:16.427970+00:00,2026-06-03 14:06:16,Abel,plug_2,NW_P2_Abel,P110,washing_machine,adeac0d9,normal_wash,5.0,1.752,235.567,0.043,1.295,1.774,,on,-77,,44 minute wash cycle
2026-06-03T08:36:22.891153+00:00,2026-06-03 14:06:22,Abel,plug_2,NW_P2_Abel,P110,washing_machine,adeac0d9,normal_wash,5.0,1.666,235.65,0.043,1.295,1.774,,on,-79,,44 minute wash cycle
2026-06-03T08:36:28.352856+00:00,2026-06-03 14:06:28,Abel,plug_2,NW_P2_Abel,P110,washing_machine,adeac0d9,normal_wash,5.0,1.731,235.687,0.043,1.295,1.774,,on,-80,,44 minute wash cycle
2026-06-03T08:36:35.725144+00:00,2026-06-03 14:06:35,Abel,plug_2,NW_P2_Abel,P110,washing_machine,adeac0d9,normal_wash,5.0,1.772,235.695,0.043,1.295,1.774,,on,-70,,44 minute wash cycle
2026-06-03T08:36:41.567206+00:00,2026-06-03 14:06:41,Abel,plug_2,NW_P2_Abel,P110,washing_machine,adeac0d9,normal_wash,5.0,1.709,235.68,0.043,1.295,1.774,,on,-77,,44 minute wash cycle
2026-06-03T08:36:48.538628+00:00,2026-06-03 14:06:48,Abel,plug_2,NW_P2_Abel,P110,washing_machine,adeac0d9,normal_wash,5.0,1.682,235.662,0.043,1.295,1.774,,on,-73,,44 minute wash cycle
2026-06-03T08:36:54.064794+00:00,2026-06-03 14:06:54,Abel,plug_2,NW_P2_Abel,P110,washing_machine,adeac0d9,normal_wash,5.0,1.683,235.656,0.043,1.295,1.774,,on,-75,,44 minute wash cycle
2026-06-03T08:37:00.000900+00:00,2026-06-03 14:07:00,Abel,plug_2,NW_P2_Abel,P110,washing_machine,adeac0d9,normal_wash,5.0,1.62,235.67,0.043,1.295,1.774,,on,-70,,44 minute wash cycle
2026-06-03T08:37:05.781492+00:00,2026-06-03 14:07:05,Abel,plug_2,NW_P2_Abel,P110,washing_machine,adeac0d9,normal_wash,5.0,1.667,235.713,0.043,1.295,1.774,,on,-77,,44 minute wash cycle
2026-06-03T08:37:11.674663+00:00,2026-06-03 14:07:11,Abel,plug_2,NW_P2_Abel,P110,washing_machine,adeac0d9,normal_wash,5.0,1.681,235.726,0.043,1.295,1.774,,on,-77,,44 minute wash cycle
2026-06-03T08:37:19.047754+00:00,2026-06-03 14:07:19,Abel,plug_2,NW_P2_Abel,P110,washing_machine,adeac0d9,normal_wash,5.0,1.714,235.965,0.043,1.295,1.774,,on,-77,,44 minute wash cycle
2026-06-03T08:37:25.088558+00:00,2026-06-03 14:07:25,Abel,plug_2,NW_P2_Abel,P110,washing_machine,adeac0d9,normal_wash,5.0,1.603,235.767,0.043,1.295,1.774,,on,-76,,44 minute wash cycle
2026-06-03T08:37:30.920596+00:00,2026-06-03 14:07:30,Abel,plug_2,NW_P2_Abel,P110,washing_machine,adeac0d9,normal_wash,5.0,1.841,235.81,0.043,1.295,1.774,,on,-80,,44 minute wash cycle
2026-06-03T08:37:36.696277+00:00,2026-06-03 14:07:36,Abel,plug_2,NW_P2_Abel,P110,washing_machine,adeac0d9,normal_wash,5.0,1.706,235.943,0.043,1.295,1.774,,on,-73,,44 minute wash cycle
2026-06-03T08:37:42.755183+00:00,2026-06-03 14:07:42,Abel,plug_2,NW_P2_Abel,P110,washing_machine,adeac0d9,normal_wash,5.0,1.703,235.802,0.043,1.295,1.774,,on,-73,,44 minute wash cycle
2026-06-03T08:37:48.642195+00:00,2026-06-03 14:07:48,Abel,plug_2,NW_P2_Abel,P110,washing_machine,adeac0d9,normal_wash,5.0,1.837,235.883,0.043,1.295,1.774,,on,-81,,44 minute wash cycle
2026-06-03T08:37:54.274367+00:00,2026-06-03 14:07:54,Abel,plug_2,NW_P2_Abel,P110,washing_machine,adeac0d9,normal_wash,5.0,1.729,236.13,0.043,1.295,1.774,,on,-76,,44 minute wash cycle
2026-06-03T08:38:00.022633+00:00,2026-06-03 14:08:00,Abel,plug_2,NW_P2_Abel,P110,washing_machine,adeac0d9,normal_wash,5.0,1.689,236.148,0.043,1.295,1.774,,on,-71,,44 minute wash cycle
2026-06-03T08:38:05.845634+00:00,2026-06-03 14:08:05,Abel,plug_2,NW_P2_Abel,P110,washing_machine,adeac0d9,normal_wash,5.0,1.664,235.972,0.043,1.295,1.774,,on,-73,,44 minute wash cycle
2026-06-03T08:38:11.478530+00:00,2026-06-03 14:08:11,Abel,plug_2,NW_P2_Abel,P110,washing_machine,adeac0d9,normal_wash,5.0,1.775,235.743,0.043,1.295,1.774,,on,-76,,44 minute wash cycle
2026-06-03T08:38:18.787854+00:00,2026-06-03 14:08:18,Abel,plug_2,NW_P2_Abel,P110,washing_machine,adeac0d9,normal_wash,5.0,1.769,235.733,0.043,1.295,1.774,,on,-73,,44 minute wash cycle
2026-06-03T08:38:24.647841+00:00,2026-06-03 14:08:24,Abel,plug_2,NW_P2_Abel,P110,washing_machine,adeac0d9,normal_wash,5.0,1.766,235.846,0.043,1.295,1.774,,on,-70,,44 minute wash cycle
2026-06-03T08:38:30.934478+00:00,2026-06-03 14:08:30,Abel,plug_2,NW_P2_Abel,P110,washing_machine,adeac0d9,normal_wash,5.0,1.735,235.714,0.043,1.295,1.774,,on,-75,,44 minute wash cycle
2026-06-03T08:38:36.608775+00:00,2026-06-03 14:08:36,Abel,plug_2,NW_P2_Abel,P110,washing_machine,adeac0d9,normal_wash,5.0,1.728,235.75,0.042,1.295,1.774,,on,-74,,44 minute wash cycle
2026-06-03T08:38:42.198243+00:00,2026-06-03 14:08:42,Abel,plug_2,NW_P2_Abel,P110,washing_machine,adeac0d9,normal_wash,5.0,1.642,235.814,0.043,1.295,1.774,,on,-77,,44 minute wash cycle
2026-06-03T08:38:50.587029+00:00,2026-06-03 14:08:50,Abel,plug_2,NW_P2_Abel,P110,washing_machine,adeac0d9,normal_wash,5.0,1.633,235.943,0.043,1.295,1.774,,on,-76,,44 minute wash cycle
2026-06-03T08:38:56.858750+00:00,2026-06-03 14:08:56,Abel,plug_2,NW_P2_Abel,P110,washing_machine,adeac0d9,normal_wash,5.0,1.792,235.996,0.043,1.295,1.774,,on,-78,,44 minute wash cycle
2026-06-03T08:39:02.679308+00:00,2026-06-03 14:09:02,Abel,plug_2,NW_P2_Abel,P110,washing_machine,adeac0d9,normal_wash,5.0,1.654,235.853,0.043,1.295,1.774,,on,-75,,44 minute wash cycle
2026-06-03T08:39:08.294097+00:00,2026-06-03 14:09:08,Abel,plug_2,NW_P2_Abel,P110,washing_machine,adeac0d9,normal_wash,5.0,1.728,235.734,0.043,1.295,1.774,,on,-76,,44 minute wash cycle
2026-06-03T08:39:13.836262+00:00,2026-06-03 14:09:13,Abel,plug_2,NW_P2_Abel,P110,washing_machine,adeac0d9,normal_wash,5.0,1.717,235.939,0.043,1.295,1.774,,on,-78,,44 minute wash cycle
2026-06-03T08:39:21.466752+00:00,2026-06-03 14:09:21,Abel,plug_2,NW_P2_Abel,P110,washing_machine,adeac0d9,normal_wash,5.0,1.771,236.031,0.043,1.295,1.774,,on,-81,,44 minute wash cycle
2026-06-03T08:39:26.998726+00:00,2026-06-03 14:09:26,Abel,plug_2,NW_P2_Abel,P110,washing_machine,adeac0d9,normal_wash,5.0,1.636,235.946,0.043,1.295,1.774,,on,-78,,44 minute wash cycle
2026-06-03T08:39:32.443558+00:00,2026-06-03 14:09:32,Abel,plug_2,NW_P2_Abel,P110,washing_machine,adeac0d9,normal_wash,5.0,1.667,236.069,0.043,1.295,1.774,,on,-72,,44 minute wash cycle
2026-06-03T08:39:38.013321+00:00,2026-06-03 14:09:38,Abel,plug_2,NW_P2_Abel,P110,washing_machine,adeac0d9,normal_wash,5.0,1.698,236.096,0.043,1.295,1.774,,on,-71,,44 minute wash cycle
2026-06-03T08:39:45.176221+00:00,2026-06-03 14:09:45,Abel,plug_2,NW_P2_Abel,P110,washing_machine,adeac0d9,normal_wash,5.0,1.713,235.917,0.043,1.295,1.774,,on,-74,,44 minute wash cycle
2026-06-03T08:39:52.105638+00:00,2026-06-03 14:09:52,Abel,plug_2,NW_P2_Abel,P110,washing_machine,adeac0d9,normal_wash,5.0,1.623,235.971,0.043,1.295,1.774,,on,-73,,44 minute wash cycle
2026-06-03T08:39:58.224398+00:00,2026-06-03 14:09:58,Abel,plug_2,NW_P2_Abel,P110,washing_machine,adeac0d9,normal_wash,5.0,1.662,236.136,0.043,1.295,1.774,,on,-75,,44 minute wash cycle
2026-06-03T08:40:04.114911+00:00,2026-06-03 14:10:04,Abel,plug_2,NW_P2_Abel,P110,washing_machine,adeac0d9,normal_wash,5.0,1.71,236.154,0.043,1.295,1.774,,on,-71,,44 minute wash cycle
2026-06-03T08:40:09.664064+00:00,2026-06-03 14:10:09,Abel,plug_2,NW_P2_Abel,P110,washing_machine,adeac0d9,normal_wash,5.0,1.728,236.056,0.043,1.295,1.774,,on,-73,,44 minute wash cycle
2026-06-03T08:40:15.179914+00:00,2026-06-03 14:10:15,Abel,plug_2,NW_P2_Abel,P110,washing_machine,adeac0d9,normal_wash,5.0,1.68,235.973,0.043,1.295,1.774,,on,-75,,44 minute wash cycle
2026-06-03T08:40:21.363624+00:00,2026-06-03 14:10:21,Abel,plug_2,NW_P2_Abel,P110,washing_machine,adeac0d9,normal_wash,5.0,1.677,235.93,0.043,1.295,1.774,,on,-73,,44 minute wash cycle
2026-06-03T08:40:27.770260+00:00,2026-06-03 14:10:27,Abel,plug_2,NW_P2_Abel,P110,washing_machine,adeac0d9,normal_wash,5.0,1.694,236.033,0.042,1.295,1.774,,on,-77,,44 minute wash cycle
2026-06-03T08:40:33.612436+00:00,2026-06-03 14:10:33,Abel,plug_2,NW_P2_Abel,P110,washing_machine,adeac0d9,normal_wash,5.0,1.734,235.972,0.043,1.295,1.774,,on,-72,,44 minute wash cycle
2026-06-03T08:40:39.449529+00:00,2026-06-03 14:10:39,Abel,plug_2,NW_P2_Abel,P110,washing_machine,adeac0d9,normal_wash,5.0,1.662,235.86,0.043,1.295,1.774,,on,-72,,44 minute wash cycle
2026-06-03T08:40:45.593884+00:00,2026-06-03 14:10:45,Abel,plug_2,NW_P2_Abel,P110,washing_machine,adeac0d9,normal_wash,5.0,1.64,235.739,0.043,1.295,1.774,,on,-76,,44 minute wash cycle
2026-06-03T08:40:52.550008+00:00,2026-06-03 14:10:52,Abel,plug_2,NW_P2_Abel,P110,washing_machine,adeac0d9,normal_wash,5.0,1.698,235.81,0.043,1.295,1.774,,on,-72,,44 minute wash cycle
2026-06-03T08:40:58.386628+00:00,2026-06-03 14:10:58,Abel,plug_2,NW_P2_Abel,P110,washing_machine,adeac0d9,normal_wash,5.0,1.759,235.721,0.043,1.295,1.774,,on,-68,,44 minute wash cycle
2026-06-03T08:41:03.924038+00:00,2026-06-03 14:11:03,Abel,plug_2,NW_P2_Abel,P110,washing_machine,adeac0d9,normal_wash,5.0,1.63,235.926,0.043,1.295,1.774,,on,-73,,44 minute wash cycle
2026-06-03T08:41:09.760843+00:00,2026-06-03 14:11:09,Abel,plug_2,NW_P2_Abel,P110,washing_machine,adeac0d9,normal_wash,5.0,1.704,236.053,0.043,1.295,1.774,,on,-80,,44 minute wash cycle
2026-06-03T08:41:15.388023+00:00,2026-06-03 14:11:15,Abel,plug_2,NW_P2_Abel,P110,washing_machine,adeac0d9,normal_wash,5.0,1.719,235.851,0.043,1.295,1.774,,on,-69,,44 minute wash cycle
2026-06-03T08:41:21.336316+00:00,2026-06-03 14:11:21,Abel,plug_2,NW_P2_Abel,P110,washing_machine,adeac0d9,normal_wash,5.0,1.827,235.835,0.043,1.295,1.774,,on,-69,,44 minute wash cycle
2026-06-03T08:41:26.964084+00:00,2026-06-03 14:11:26,Abel,plug_2,NW_P2_Abel,P110,washing_machine,adeac0d9,normal_wash,5.0,1.7,235.786,0.043,1.295,1.774,,on,-71,,44 minute wash cycle
2026-06-03T08:41:32.794152+00:00,2026-06-03 14:11:32,Abel,plug_2,NW_P2_Abel,P110,washing_machine,adeac0d9,normal_wash,5.0,1.66,235.773,0.043,1.295,1.774,,on,-68,,44 minute wash cycle
2026-06-03T08:41:38.450063+00:00,2026-06-03 14:11:38,Abel,plug_2,NW_P2_Abel,P110,washing_machine,adeac0d9,normal_wash,5.0,1.681,235.637,0.043,1.295,1.774,,on,-77,,44 minute wash cycle
2026-06-03T08:41:45.092503+00:00,2026-06-03 14:11:45,Abel,plug_2,NW_P2_Abel,P110,washing_machine,adeac0d9,normal_wash,5.0,1.636,235.596,0.043,1.295,1.774,,on,-68,,44 minute wash cycle
2026-06-03T08:41:50.658465+00:00,2026-06-03 14:11:50,Abel,plug_2,NW_P2_Abel,P110,washing_machine,adeac0d9,normal_wash,5.0,1.735,235.519,0.043,1.295,1.774,,on,-77,,44 minute wash cycle
2026-06-03T08:41:56.457006+00:00,2026-06-03 14:11:56,Abel,plug_2,NW_P2_Abel,P110,washing_machine,adeac0d9,normal_wash,5.0,1.747,235.494,0.043,1.295,1.774,,on,-76,,44 minute wash cycle
2026-06-03T08:42:02.237463+00:00,2026-06-03 14:12:02,Abel,plug_2,NW_P2_Abel,P110,washing_machine,adeac0d9,normal_wash,5.0,1.683,235.471,0.043,1.295,1.774,,on,-77,,44 minute wash cycle
2026-06-03T08:42:09.012621+00:00,2026-06-03 14:12:09,Abel,plug_2,NW_P2_Abel,P110,washing_machine,adeac0d9,normal_wash,5.0,1.676,235.458,0.043,1.295,1.774,,on,-75,,44 minute wash cycle
2026-06-03T08:42:14.781301+00:00,2026-06-03 14:12:14,Abel,plug_2,NW_P2_Abel,P110,washing_machine,adeac0d9,normal_wash,5.0,1.625,235.338,0.043,1.295,1.774,,on,-74,,44 minute wash cycle
2026-06-03T08:42:21.033101+00:00,2026-06-03 14:12:21,Abel,plug_2,NW_P2_Abel,P110,washing_machine,adeac0d9,normal_wash,5.0,1.746,235.343,0.043,1.295,1.774,,on,-77,,44 minute wash cycle
2026-06-03T08:42:26.665425+00:00,2026-06-03 14:12:26,Abel,plug_2,NW_P2_Abel,P110,washing_machine,adeac0d9,normal_wash,5.0,1.726,235.302,0.043,1.295,1.774,,on,-70,,44 minute wash cycle
2026-06-03T08:42:32.502064+00:00,2026-06-03 14:12:32,Abel,plug_2,NW_P2_Abel,P110,washing_machine,adeac0d9,normal_wash,5.0,1.702,235.527,0.043,1.295,1.774,,on,-74,,44 minute wash cycle
2026-06-03T08:42:38.340825+00:00,2026-06-03 14:12:38,Abel,plug_2,NW_P2_Abel,P110,washing_machine,adeac0d9,normal_wash,5.0,1.709,235.277,0.043,1.295,1.774,,on,-77,,44 minute wash cycle
2026-06-03T08:42:44.068375+00:00,2026-06-03 14:12:44,Abel,plug_2,NW_P2_Abel,P110,washing_machine,adeac0d9,normal_wash,5.0,1.669,235.168,0.043,1.295,1.774,,on,-74,,44 minute wash cycle
2026-06-03T08:42:52.265589+00:00,2026-06-03 14:12:52,Abel,plug_2,NW_P2_Abel,P110,washing_machine,adeac0d9,normal_wash,5.0,1.742,235.411,0.043,1.295,1.774,,on,-74,,44 minute wash cycle
2026-06-03T08:42:58.920733+00:00,2026-06-03 14:12:58,Abel,plug_2,NW_P2_Abel,P110,washing_machine,adeac0d9,normal_wash,5.0,1.643,235.476,0.043,1.295,1.774,,on,-74,,44 minute wash cycle
2026-06-03T08:43:04.963582+00:00,2026-06-03 14:13:04,Abel,plug_2,NW_P2_Abel,P110,washing_machine,adeac0d9,normal_wash,5.0,1.699,235.318,0.043,1.295,1.774,,on,-75,,44 minute wash cycle
2026-06-03T08:43:10.903135+00:00,2026-06-03 14:13:10,Abel,plug_2,NW_P2_Abel,P110,washing_machine,adeac0d9,normal_wash,5.0,1.67,235.486,0.043,1.295,1.774,,on,-75,,44 minute wash cycle
2026-06-03T08:43:16.534842+00:00,2026-06-03 14:13:16,Abel,plug_2,NW_P2_Abel,P110,washing_machine,adeac0d9,normal_wash,5.0,1.732,235.381,0.043,1.295,1.774,,on,-73,,44 minute wash cycle
2026-06-03T08:43:22.469928+00:00,2026-06-03 14:13:22,Abel,plug_2,NW_P2_Abel,P110,washing_machine,adeac0d9,normal_wash,5.0,1.676,235.507,0.043,1.295,1.774,,on,-75,,44 minute wash cycle
2026-06-03T08:43:28.110296+00:00,2026-06-03 14:13:28,Abel,plug_2,NW_P2_Abel,P110,washing_machine,adeac0d9,normal_wash,5.0,1.676,235.515,0.043,1.295,1.774,,on,-74,,44 minute wash cycle
2026-06-03T08:43:34.753861+00:00,2026-06-03 14:13:34,Abel,plug_2,NW_P2_Abel,P110,washing_machine,adeac0d9,normal_wash,5.0,1.71,235.652,0.043,1.295,1.774,,on,-79,,44 minute wash cycle
2026-06-03T08:43:40.476279+00:00,2026-06-03 14:13:40,Abel,plug_2,NW_P2_Abel,P110,washing_machine,adeac0d9,normal_wash,5.0,1.762,235.629,0.043,1.295,1.774,,on,-75,,44 minute wash cycle
2026-06-03T08:43:46.232702+00:00,2026-06-03 14:13:46,Abel,plug_2,NW_P2_Abel,P110,washing_machine,adeac0d9,normal_wash,5.0,1.689,235.648,0.043,1.295,1.774,,on,-69,,44 minute wash cycle
2026-06-03T08:43:52.068463+00:00,2026-06-03 14:13:52,Abel,plug_2,NW_P2_Abel,P110,washing_machine,adeac0d9,normal_wash,5.0,1.688,235.659,0.043,1.295,1.774,,on,-72,,44 minute wash cycle
2026-06-03T08:43:57.433106+00:00,2026-06-03 14:13:57,Abel,plug_2,NW_P2_Abel,P110,washing_machine,adeac0d9,normal_wash,5.0,1.671,235.496,0.043,1.295,1.774,,on,-76,,44 minute wash cycle
2026-06-03T08:44:04.704073+00:00,2026-06-03 14:14:04,Abel,plug_2,NW_P2_Abel,P110,washing_machine,adeac0d9,normal_wash,5.0,1.7,235.553,0.043,1.295,1.774,,on,-76,,44 minute wash cycle
2026-06-03T08:44:10.705007+00:00,2026-06-03 14:14:10,Abel,plug_2,NW_P2_Abel,P110,washing_machine,adeac0d9,normal_wash,5.0,1.677,235.654,0.043,1.295,1.774,,on,-72,,44 minute wash cycle
2026-06-03T08:44:17.668352+00:00,2026-06-03 14:14:17,Abel,plug_2,NW_P2_Abel,P110,washing_machine,adeac0d9,normal_wash,5.0,1.72,235.861,0.043,1.295,1.774,,on,-72,,44 minute wash cycle
2026-06-03T08:44:23.335418+00:00,2026-06-03 14:14:23,Abel,plug_2,NW_P2_Abel,P110,washing_machine,adeac0d9,normal_wash,5.0,1.67,236.052,0.043,1.295,1.774,,on,-71,,44 minute wash cycle
2026-06-03T08:44:29.249501+00:00,2026-06-03 14:14:29,Abel,plug_2,NW_P2_Abel,P110,washing_machine,adeac0d9,normal_wash,5.0,1.717,236.101,0.043,1.295,1.774,,on,-71,,44 minute wash cycle
2026-06-03T08:44:34.918333+00:00,2026-06-03 14:14:34,Abel,plug_2,NW_P2_Abel,P110,washing_machine,adeac0d9,normal_wash,5.0,1.59,236.104,0.043,1.295,1.774,,on,-70,,44 minute wash cycle
2026-06-03T08:44:40.647623+00:00,2026-06-03 14:14:40,Abel,plug_2,NW_P2_Abel,P110,washing_machine,adeac0d9,normal_wash,5.0,1.789,236.098,0.043,1.295,1.774,,on,-71,,44 minute wash cycle
2026-06-03T08:44:46.279561+00:00,2026-06-03 14:14:46,Abel,plug_2,NW_P2_Abel,P110,washing_machine,adeac0d9,normal_wash,5.0,1.656,236.248,0.043,1.295,1.774,,on,-79,,44 minute wash cycle
2026-06-03T08:44:51.757907+00:00,2026-06-03 14:14:51,Abel,plug_2,NW_P2_Abel,P110,washing_machine,adeac0d9,normal_wash,5.0,1.75,236.184,0.043,1.295,1.774,,on,-74,,44 minute wash cycle
2026-06-03T08:44:57.868886+00:00,2026-06-03 14:14:57,Abel,plug_2,NW_P2_Abel,P110,washing_machine,adeac0d9,normal_wash,5.0,1.606,236.135,0.043,1.295,1.774,,on,-78,,44 minute wash cycle
2026-06-03T08:45:03.628778+00:00,2026-06-03 14:15:03,Abel,plug_2,NW_P2_Abel,P110,washing_machine,adeac0d9,normal_wash,5.0,1.727,236.039,0.043,1.295,1.774,,on,-72,,44 minute wash cycle
2026-06-03T08:45:08.906021+00:00,2026-06-03 14:15:08,Abel,plug_2,NW_P2_Abel,P110,washing_machine,adeac0d9,normal_wash,5.0,1.603,236.16,0.043,1.295,1.774,,on,-76,,44 minute wash cycle
2026-06-03T08:45:14.707887+00:00,2026-06-03 14:15:14,Abel,plug_2,NW_P2_Abel,P110,washing_machine,adeac0d9,normal_wash,5.0,1.774,235.98,0.043,1.295,1.774,,on,-77,,44 minute wash cycle
2026-06-03T08:45:20.544750+00:00,2026-06-03 14:15:20,Abel,plug_2,NW_P2_Abel,P110,washing_machine,adeac0d9,normal_wash,5.0,1.63,235.933,0.043,1.295,1.774,,on,-75,,44 minute wash cycle
2026-06-03T08:45:25.802814+00:00,2026-06-03 14:15:25,Abel,plug_2,NW_P2_Abel,P110,washing_machine,adeac0d9,normal_wash,5.0,1.709,235.802,0.043,1.295,1.774,,on,-75,,44 minute wash cycle
2026-06-03T08:45:31.686734+00:00,2026-06-03 14:15:31,Abel,plug_2,NW_P2_Abel,P110,washing_machine,adeac0d9,normal_wash,5.0,1.704,235.838,0.043,1.295,1.774,,on,-70,,44 minute wash cycle
2026-06-03T08:45:37.441019+00:00,2026-06-03 14:15:37,Abel,plug_2,NW_P2_Abel,P110,washing_machine,adeac0d9,normal_wash,5.0,1.619,235.753,0.043,1.295,1.774,,on,-73,,44 minute wash cycle
2026-06-03T08:45:45.160624+00:00,2026-06-03 14:15:45,Abel,plug_2,NW_P2_Abel,P110,washing_machine,adeac0d9,normal_wash,5.0,1.793,235.905,0.043,1.295,1.774,,on,-77,,44 minute wash cycle
2026-06-03T08:45:50.655828+00:00,2026-06-03 14:15:50,Abel,plug_2,NW_P2_Abel,P110,washing_machine,adeac0d9,normal_wash,5.0,1.6,235.885,0.043,1.295,1.774,,on,-70,,44 minute wash cycle
2026-06-03T08:45:56.088477+00:00,2026-06-03 14:15:56,Abel,plug_2,NW_P2_Abel,P110,washing_machine,adeac0d9,normal_wash,5.0,1.752,235.884,0.043,1.295,1.774,,on,-71,,44 minute wash cycle
2026-06-03T08:46:02.222435+00:00,2026-06-03 14:16:02,Abel,plug_2,NW_P2_Abel,P110,washing_machine,adeac0d9,normal_wash,5.0,1.733,235.858,0.043,1.295,1.774,,on,-80,,44 minute wash cycle
2026-06-03T08:46:07.978458+00:00,2026-06-03 14:16:07,Abel,plug_2,NW_P2_Abel,P110,washing_machine,adeac0d9,normal_wash,5.0,1.66,235.821,0.043,1.295,1.774,,on,-74,,44 minute wash cycle
2026-06-03T08:46:16.149173+00:00,2026-06-03 14:16:16,Abel,plug_2,NW_P2_Abel,P110,washing_machine,adeac0d9,normal_wash,5.0,1.8,235.784,0.043,1.295,1.774,,on,-71,,44 minute wash cycle
2026-06-03T08:46:21.775779+00:00,2026-06-03 14:16:21,Abel,plug_2,NW_P2_Abel,P110,washing_machine,adeac0d9,normal_wash,5.0,1.707,235.78,0.043,1.295,1.774,,on,-77,,44 minute wash cycle
2026-06-03T08:46:30.075847+00:00,2026-06-03 14:16:30,Abel,plug_2,NW_P2_Abel,P110,washing_machine,adeac0d9,normal_wash,5.0,1.68,235.736,0.043,1.295,1.774,,on,-76,,44 minute wash cycle
2026-06-03T08:46:36.009808+00:00,2026-06-03 14:16:36,Abel,plug_2,NW_P2_Abel,P110,washing_machine,adeac0d9,normal_wash,5.0,1.683,235.818,0.043,1.295,1.774,,on,-75,,44 minute wash cycle
2026-06-03T08:46:41.986643+00:00,2026-06-03 14:16:41,Abel,plug_2,NW_P2_Abel,P110,washing_machine,adeac0d9,normal_wash,5.0,1.691,235.772,0.043,1.295,1.774,,on,-77,,44 minute wash cycle
2026-06-03T08:46:47.679128+00:00,2026-06-03 14:16:47,Abel,plug_2,NW_P2_Abel,P110,washing_machine,adeac0d9,normal_wash,5.0,1.72,235.629,0.043,1.295,1.774,,on,-74,,44 minute wash cycle
2026-06-03T08:46:53.526141+00:00,2026-06-03 14:16:53,Abel,plug_2,NW_P2_Abel,P110,washing_machine,adeac0d9,normal_wash,5.0,1.675,235.712,0.043,1.295,1.774,,on,-72,,44 minute wash cycle
2026-06-03T08:46:58.948188+00:00,2026-06-03 14:16:58,Abel,plug_2,NW_P2_Abel,P110,washing_machine,adeac0d9,normal_wash,5.0,1.781,235.648,0.043,1.295,1.774,,on,-75,,44 minute wash cycle
2026-06-03T08:47:06.020469+00:00,2026-06-03 14:17:06,Abel,plug_2,NW_P2_Abel,P110,washing_machine,adeac0d9,normal_wash,5.0,1.559,235.65,0.043,1.295,1.774,,on,-76,,44 minute wash cycle
2026-06-03T08:47:12.132730+00:00,2026-06-03 14:17:12,Abel,plug_2,NW_P2_Abel,P110,washing_machine,adeac0d9,normal_wash,5.0,1.671,235.741,0.043,1.295,1.774,,on,-77,,44 minute wash cycle
2026-06-03T08:47:18.205040+00:00,2026-06-03 14:17:18,Abel,plug_2,NW_P2_Abel,P110,washing_machine,adeac0d9,normal_wash,5.0,1.657,235.69,0.043,1.295,1.774,,on,-74,,44 minute wash cycle
2026-06-03T08:47:24.047394+00:00,2026-06-03 14:17:24,Abel,plug_2,NW_P2_Abel,P110,washing_machine,adeac0d9,normal_wash,5.0,1.726,235.633,0.043,1.295,1.774,,on,-75,,44 minute wash cycle
2026-06-03T08:47:30.288766+00:00,2026-06-03 14:17:30,Abel,plug_2,NW_P2_Abel,P110,washing_machine,adeac0d9,normal_wash,5.0,1.661,235.459,0.043,1.295,1.774,,on,-77,,44 minute wash cycle
2026-06-03T08:47:37.046827+00:00,2026-06-03 14:17:37,Abel,plug_2,NW_P2_Abel,P110,washing_machine,adeac0d9,normal_wash,5.0,1.702,235.71,0.043,1.295,1.774,,on,-77,,44 minute wash cycle
2026-06-03T08:47:42.885583+00:00,2026-06-03 14:17:42,Abel,plug_2,NW_P2_Abel,P110,washing_machine,adeac0d9,normal_wash,5.0,1.773,235.785,0.043,1.295,1.774,,on,-77,,44 minute wash cycle
2026-06-03T08:47:48.515861+00:00,2026-06-03 14:17:48,Abel,plug_2,NW_P2_Abel,P110,washing_machine,adeac0d9,normal_wash,5.0,1.675,235.897,0.043,1.295,1.774,,on,-74,,44 minute wash cycle
2026-06-03T08:47:54.251328+00:00,2026-06-03 14:17:54,Abel,plug_2,NW_P2_Abel,P110,washing_machine,adeac0d9,normal_wash,5.0,1.709,235.784,0.043,1.295,1.774,,on,-77,,44 minute wash cycle
2026-06-03T08:48:00.190149+00:00,2026-06-03 14:18:00,Abel,plug_2,NW_P2_Abel,P110,washing_machine,adeac0d9,normal_wash,5.0,1.714,235.623,0.043,1.295,1.774,,on,-71,,44 minute wash cycle
2026-06-03T08:48:06.429577+00:00,2026-06-03 14:18:06,Abel,plug_2,NW_P2_Abel,P110,washing_machine,adeac0d9,normal_wash,5.0,1.639,235.496,0.043,1.295,1.774,,on,-78,,44 minute wash cycle
2026-06-03T08:48:12.211268+00:00,2026-06-03 14:18:12,Abel,plug_2,NW_P2_Abel,P110,washing_machine,adeac0d9,normal_wash,5.0,1.702,235.39,0.043,1.295,1.774,,on,-76,,44 minute wash cycle
2026-06-03T08:48:17.745379+00:00,2026-06-03 14:18:17,Abel,plug_2,NW_P2_Abel,P110,washing_machine,adeac0d9,normal_wash,5.0,1.62,235.441,0.043,1.295,1.774,,on,-79,,44 minute wash cycle
2026-06-03T08:48:23.435942+00:00,2026-06-03 14:18:23,Abel,plug_2,NW_P2_Abel,P110,washing_machine,adeac0d9,normal_wash,5.0,1.678,235.721,0.043,1.295,1.774,,on,-78,,44 minute wash cycle
2026-06-03T08:48:29.165379+00:00,2026-06-03 14:18:29,Abel,plug_2,NW_P2_Abel,P110,washing_machine,adeac0d9,normal_wash,5.0,1.622,235.616,0.042,1.295,1.774,,on,-76,,44 minute wash cycle
2026-06-03T08:48:34.904423+00:00,2026-06-03 14:18:34,Abel,plug_2,NW_P2_Abel,P110,washing_machine,adeac0d9,normal_wash,5.0,1.696,235.578,0.043,1.295,1.774,,on,-72,,44 minute wash cycle
2026-06-03T08:48:40.614670+00:00,2026-06-03 14:18:40,Abel,plug_2,NW_P2_Abel,P110,washing_machine,adeac0d9,normal_wash,5.0,1.672,235.485,0.043,1.295,1.774,,on,-79,,44 minute wash cycle
2026-06-03T08:48:46.547828+00:00,2026-06-03 14:18:46,Abel,plug_2,NW_P2_Abel,P110,washing_machine,adeac0d9,normal_wash,5.0,1.672,235.444,0.043,1.295,1.774,,on,-81,,44 minute wash cycle
2026-06-03T08:48:52.312999+00:00,2026-06-03 14:18:52,Abel,plug_2,NW_P2_Abel,P110,washing_machine,adeac0d9,normal_wash,5.0,1.741,235.582,0.043,1.295,1.774,,on,-72,,44 minute wash cycle
2026-06-03T08:48:58.150038+00:00,2026-06-03 14:18:58,Abel,plug_2,NW_P2_Abel,P110,washing_machine,adeac0d9,normal_wash,5.0,1.66,235.411,0.043,1.295,1.774,,on,-77,,44 minute wash cycle
2026-06-03T08:49:03.879562+00:00,2026-06-03 14:19:03,Abel,plug_2,NW_P2_Abel,P110,washing_machine,adeac0d9,normal_wash,5.0,1.717,235.524,0.043,1.295,1.774,,on,-72,,44 minute wash cycle
2026-06-03T08:49:09.510965+00:00,2026-06-03 14:19:09,Abel,plug_2,NW_P2_Abel,P110,washing_machine,adeac0d9,normal_wash,5.0,1.621,235.549,0.043,1.295,1.774,,on,-71,,44 minute wash cycle
2026-06-03T08:49:16.890120+00:00,2026-06-03 14:19:16,Abel,plug_2,NW_P2_Abel,P110,washing_machine,adeac0d9,normal_wash,5.0,1.702,235.428,0.043,1.295,1.775,,on,-71,,44 minute wash cycle
2026-06-03T08:49:22.521963+00:00,2026-06-03 14:19:22,Abel,plug_2,NW_P2_Abel,P110,washing_machine,adeac0d9,normal_wash,5.0,1.661,235.548,0.043,1.295,1.775,,on,-72,,44 minute wash cycle
2026-06-03T08:49:27.955099+00:00,2026-06-03 14:19:27,Abel,plug_2,NW_P2_Abel,P110,washing_machine,adeac0d9,normal_wash,5.0,1.671,235.549,0.043,1.295,1.775,,on,-74,,44 minute wash cycle
2026-06-03T08:49:34.820745+00:00,2026-06-03 14:19:34,Abel,plug_2,NW_P2_Abel,P110,washing_machine,adeac0d9,normal_wash,5.0,1.745,235.519,0.043,1.295,1.775,,on,-77,,44 minute wash cycle
2026-06-03T08:49:40.648075+00:00,2026-06-03 14:19:40,Abel,plug_2,NW_P2_Abel,P110,washing_machine,adeac0d9,normal_wash,5.0,1.71,235.414,0.043,1.295,1.775,,on,-72,,44 minute wash cycle
2026-06-03T08:49:46.283058+00:00,2026-06-03 14:19:46,Abel,plug_2,NW_P2_Abel,P110,washing_machine,adeac0d9,normal_wash,5.0,1.714,235.44,0.043,1.295,1.775,,on,-80,,44 minute wash cycle
2026-06-03T08:49:51.706427+00:00,2026-06-03 14:19:51,Abel,plug_2,NW_P2_Abel,P110,washing_machine,adeac0d9,normal_wash,5.0,1.692,235.473,0.043,1.295,1.775,,on,-73,,44 minute wash cycle
2026-06-03T08:49:57.137587+00:00,2026-06-03 14:19:57,Abel,plug_2,NW_P2_Abel,P110,washing_machine,adeac0d9,normal_wash,5.0,1.672,235.48,0.043,1.295,1.775,,on,-80,,44 minute wash cycle
2026-06-03T08:50:02.970067+00:00,2026-06-03 14:20:02,Abel,plug_2,NW_P2_Abel,P110,washing_machine,adeac0d9,normal_wash,5.0,1.717,235.526,0.043,1.295,1.775,,on,-75,,44 minute wash cycle
2026-06-03T08:50:08.705149+00:00,2026-06-03 14:20:08,Abel,plug_2,NW_P2_Abel,P110,washing_machine,adeac0d9,normal_wash,5.0,1.674,235.607,0.043,1.295,1.775,,on,-73,,44 minute wash cycle
2026-06-03T08:50:14.843655+00:00,2026-06-03 14:20:14,Abel,plug_2,NW_P2_Abel,P110,washing_machine,adeac0d9,normal_wash,5.0,1.666,235.486,0.043,1.295,1.775,,on,-75,,44 minute wash cycle
2026-06-03T08:50:20.784589+00:00,2026-06-03 14:20:20,Abel,plug_2,NW_P2_Abel,P110,washing_machine,adeac0d9,normal_wash,5.0,1.654,235.441,0.043,1.295,1.775,,on,-73,,44 minute wash cycle
2026-06-03T08:50:26.421775+00:00,2026-06-03 14:20:26,Abel,plug_2,NW_P2_Abel,P110,washing_machine,adeac0d9,normal_wash,5.0,1.79,235.514,0.043,1.295,1.775,,on,-72,,44 minute wash cycle
2026-06-03T08:50:32.053850+00:00,2026-06-03 14:20:32,Abel,plug_2,NW_P2_Abel,P110,washing_machine,adeac0d9,normal_wash,5.0,1.628,235.479,0.043,1.295,1.775,,on,-77,,44 minute wash cycle
2026-06-03T08:50:37.686032+00:00,2026-06-03 14:20:37,Abel,plug_2,NW_P2_Abel,P110,washing_machine,adeac0d9,normal_wash,5.0,1.582,235.451,0.043,1.295,1.775,,on,-76,,44 minute wash cycle
2026-06-03T08:50:43.173904+00:00,2026-06-03 14:20:43,Abel,plug_2,NW_P2_Abel,P110,washing_machine,adeac0d9,normal_wash,5.0,1.7,235.598,0.043,1.295,1.775,,on,-74,,44 minute wash cycle
2026-06-03T08:50:48.420620+00:00,2026-06-03 14:20:48,Abel,plug_2,NW_P2_Abel,P110,washing_machine,adeac0d9,normal_wash,5.0,1.646,235.485,0.043,1.295,1.775,,on,-72,,44 minute wash cycle
2026-06-03T08:50:54.928298+00:00,2026-06-03 14:20:54,Abel,plug_2,NW_P2_Abel,P110,washing_machine,adeac0d9,normal_wash,5.0,1.699,235.449,0.043,1.295,1.775,,on,-74,,44 minute wash cycle
2026-06-03T08:51:01.135479+00:00,2026-06-03 14:21:01,Abel,plug_2,NW_P2_Abel,P110,washing_machine,adeac0d9,normal_wash,5.0,1.702,235.2,0.043,1.295,1.775,,on,-73,,44 minute wash cycle
2026-06-03T08:51:07.159672+00:00,2026-06-03 14:21:07,Abel,plug_2,NW_P2_Abel,P110,washing_machine,adeac0d9,normal_wash,5.0,1.704,235.25,0.043,1.295,1.775,,on,-71,,44 minute wash cycle
2026-06-03T08:51:12.826048+00:00,2026-06-03 14:21:12,Abel,plug_2,NW_P2_Abel,P110,washing_machine,adeac0d9,normal_wash,5.0,1.654,235.26,0.043,1.295,1.775,,on,-72,,44 minute wash cycle
2026-06-03T08:51:18.684945+00:00,2026-06-03 14:21:18,Abel,plug_2,NW_P2_Abel,P110,washing_machine,adeac0d9,normal_wash,5.0,1.677,235.125,0.043,1.295,1.775,,on,-70,,44 minute wash cycle
2026-06-03T08:51:24.381099+00:00,2026-06-03 14:21:24,Abel,plug_2,NW_P2_Abel,P110,washing_machine,adeac0d9,normal_wash,5.0,1.741,235.223,0.043,1.295,1.775,,on,-73,,44 minute wash cycle
2026-06-03T08:51:30.115188+00:00,2026-06-03 14:21:30,Abel,plug_2,NW_P2_Abel,P110,washing_machine,adeac0d9,normal_wash,5.0,1.695,235.435,0.043,1.295,1.775,,on,-71,,44 minute wash cycle
2026-06-03T08:51:35.660980+00:00,2026-06-03 14:21:35,Abel,plug_2,NW_P2_Abel,P110,washing_machine,adeac0d9,normal_wash,5.0,1.688,235.623,0.043,1.295,1.775,,on,-72,,44 minute wash cycle
2026-06-03T08:51:41.312946+00:00,2026-06-03 14:21:41,Abel,plug_2,NW_P2_Abel,P110,washing_machine,adeac0d9,normal_wash,5.0,1.706,235.706,0.043,1.295,1.775,,on,-73,,44 minute wash cycle
2026-06-03T08:51:47.420448+00:00,2026-06-03 14:21:47,Abel,plug_2,NW_P2_Abel,P110,washing_machine,adeac0d9,normal_wash,5.0,1.695,235.412,0.043,1.295,1.775,,on,-72,,44 minute wash cycle
2026-06-03T08:51:52.991159+00:00,2026-06-03 14:21:52,Abel,plug_2,NW_P2_Abel,P110,washing_machine,adeac0d9,normal_wash,5.0,1.664,235.434,0.043,1.295,1.775,,on,-73,,44 minute wash cycle
2026-06-03T08:51:58.520381+00:00,2026-06-03 14:21:58,Abel,plug_2,NW_P2_Abel,P110,washing_machine,adeac0d9,normal_wash,5.0,1.701,235.289,0.043,1.295,1.775,,on,-71,,44 minute wash cycle
2026-06-03T08:52:04.152245+00:00,2026-06-03 14:22:04,Abel,plug_2,NW_P2_Abel,P110,washing_machine,adeac0d9,normal_wash,5.0,1.646,235.287,0.043,1.295,1.775,,on,-76,,44 minute wash cycle
2026-06-03T08:52:10.294538+00:00,2026-06-03 14:22:10,Abel,plug_2,NW_P2_Abel,P110,washing_machine,adeac0d9,normal_wash,5.0,1.804,235.238,0.043,1.295,1.775,,on,-74,,44 minute wash cycle
2026-06-03T08:52:17.635114+00:00,2026-06-03 14:22:17,Abel,plug_2,NW_P2_Abel,P110,washing_machine,adeac0d9,normal_wash,5.0,1.659,235.243,0.043,1.295,1.775,,on,-74,,44 minute wash cycle
2026-06-03T08:52:23.262267+00:00,2026-06-03 14:22:23,Abel,plug_2,NW_P2_Abel,P110,washing_machine,adeac0d9,normal_wash,5.0,1.681,235.364,0.043,1.295,1.775,,on,-73,,44 minute wash cycle
2026-06-03T08:52:29.099713+00:00,2026-06-03 14:22:29,Abel,plug_2,NW_P2_Abel,P110,washing_machine,adeac0d9,normal_wash,5.0,1.66,235.261,0.043,1.295,1.775,,on,-72,,44 minute wash cycle
2026-06-03T08:52:34.671850+00:00,2026-06-03 14:22:34,Abel,plug_2,NW_P2_Abel,P110,washing_machine,adeac0d9,normal_wash,5.0,1.596,235.114,0.043,1.295,1.775,,on,-74,,44 minute wash cycle
2026-06-03T08:52:40.678049+00:00,2026-06-03 14:22:40,Abel,plug_2,NW_P2_Abel,P110,washing_machine,adeac0d9,normal_wash,5.0,1.706,235.217,0.043,1.295,1.775,,on,-72,,44 minute wash cycle
2026-06-03T08:52:46.917092+00:00,2026-06-03 14:22:46,Abel,plug_2,NW_P2_Abel,P110,washing_machine,adeac0d9,normal_wash,5.0,1.667,235.21,0.043,1.295,1.775,,on,-73,,44 minute wash cycle
2026-06-03T08:52:52.486673+00:00,2026-06-03 14:22:52,Abel,plug_2,NW_P2_Abel,P110,washing_machine,adeac0d9,normal_wash,5.0,1.769,235.223,0.043,1.295,1.775,,on,-74,,44 minute wash cycle
2026-06-03T08:52:58.283585+00:00,2026-06-03 14:22:58,Abel,plug_2,NW_P2_Abel,P110,washing_machine,adeac0d9,normal_wash,5.0,1.601,235.135,0.043,1.295,1.775,,on,-74,,44 minute wash cycle
2026-06-03T08:53:04.061410+00:00,2026-06-03 14:23:04,Abel,plug_2,NW_P2_Abel,P110,washing_machine,adeac0d9,normal_wash,5.0,1.66,235.138,0.043,1.295,1.775,,on,-77,,44 minute wash cycle
2026-06-03T08:53:10.776947+00:00,2026-06-03 14:23:10,Abel,plug_2,NW_P2_Abel,P110,washing_machine,adeac0d9,normal_wash,5.0,1.64,235.164,0.042,1.295,1.775,,on,-74,,44 minute wash cycle
2026-06-03T08:53:16.471671+00:00,2026-06-03 14:23:16,Abel,plug_2,NW_P2_Abel,P110,washing_machine,adeac0d9,normal_wash,5.0,1.67,235.187,0.043,1.295,1.775,,on,-74,,44 minute wash cycle
2026-06-03T08:53:22.450287+00:00,2026-06-03 14:23:22,Abel,plug_2,NW_P2_Abel,P110,washing_machine,adeac0d9,normal_wash,5.0,1.726,235.042,0.042,1.295,1.775,,on,-73,,44 minute wash cycle
2026-06-03T08:53:28.976424+00:00,2026-06-03 14:23:28,Abel,plug_2,NW_P2_Abel,P110,washing_machine,adeac0d9,normal_wash,5.0,1.71,235.095,0.043,1.295,1.775,,on,-75,,44 minute wash cycle
2026-06-03T08:53:35.172914+00:00,2026-06-03 14:23:35,Abel,plug_2,NW_P2_Abel,P110,washing_machine,adeac0d9,normal_wash,5.0,1.809,235.181,0.043,1.295,1.775,,on,-74,,44 minute wash cycle
2026-06-03T08:53:40.882621+00:00,2026-06-03 14:23:40,Abel,plug_2,NW_P2_Abel,P110,washing_machine,adeac0d9,normal_wash,5.0,1.648,235.25,0.043,1.295,1.775,,on,-80,,44 minute wash cycle
2026-06-03T08:53:46.714549+00:00,2026-06-03 14:23:46,Abel,plug_2,NW_P2_Abel,P110,washing_machine,adeac0d9,normal_wash,5.0,1.693,235.205,0.043,1.295,1.775,,on,-74,,44 minute wash cycle
2026-06-03T08:53:52.454913+00:00,2026-06-03 14:23:52,Abel,plug_2,NW_P2_Abel,P110,washing_machine,adeac0d9,normal_wash,5.0,1.721,235.093,0.043,1.295,1.775,,on,-77,,44 minute wash cycle
2026-06-03T08:53:58.280344+00:00,2026-06-03 14:23:58,Abel,plug_2,NW_P2_Abel,P110,washing_machine,adeac0d9,normal_wash,5.0,1.79,234.926,0.042,1.295,1.775,,on,-74,,44 minute wash cycle
2026-06-03T08:54:04.231342+00:00,2026-06-03 14:24:04,Abel,plug_2,NW_P2_Abel,P110,washing_machine,adeac0d9,normal_wash,5.0,1.668,234.842,0.043,1.295,1.775,,on,-76,,44 minute wash cycle
2026-06-03T08:54:09.941401+00:00,2026-06-03 14:24:09,Abel,plug_2,NW_P2_Abel,P110,washing_machine,adeac0d9,normal_wash,5.0,1.652,234.864,0.042,1.295,1.775,,on,-75,,44 minute wash cycle
2026-06-03T08:54:16.770685+00:00,2026-06-03 14:24:16,Abel,plug_2,NW_P2_Abel,P110,washing_machine,adeac0d9,normal_wash,5.0,1.789,234.799,0.043,1.295,1.775,,on,-72,,44 minute wash cycle
2026-06-03T08:54:22.459093+00:00,2026-06-03 14:24:22,Abel,plug_2,NW_P2_Abel,P110,washing_machine,adeac0d9,normal_wash,5.0,1.705,234.82,0.043,1.295,1.775,,on,-73,,44 minute wash cycle
2026-06-03T08:54:28.296264+00:00,2026-06-03 14:24:28,Abel,plug_2,NW_P2_Abel,P110,washing_machine,adeac0d9,normal_wash,5.0,1.598,234.921,0.043,1.295,1.775,,on,-73,,44 minute wash cycle
2026-06-03T08:54:33.647821+00:00,2026-06-03 14:24:33,Abel,plug_2,NW_P2_Abel,P110,washing_machine,adeac0d9,normal_wash,5.0,1.678,234.846,0.043,1.295,1.775,,on,-75,,44 minute wash cycle
2026-06-03T08:54:39.457757+00:00,2026-06-03 14:24:39,Abel,plug_2,NW_P2_Abel,P110,washing_machine,adeac0d9,normal_wash,5.0,1.693,234.907,0.043,1.295,1.775,,on,-79,,44 minute wash cycle
2026-06-03T08:54:45.090054+00:00,2026-06-03 14:24:45,Abel,plug_2,NW_P2_Abel,P110,washing_machine,adeac0d9,normal_wash,5.0,1.667,234.916,0.042,1.295,1.775,,on,-74,,44 minute wash cycle
2026-06-03T08:54:51.336202+00:00,2026-06-03 14:24:51,Abel,plug_2,NW_P2_Abel,P110,washing_machine,adeac0d9,normal_wash,5.0,1.63,235.146,0.043,1.295,1.775,,on,-76,,44 minute wash cycle
2026-06-03T08:54:57.582910+00:00,2026-06-03 14:24:57,Abel,plug_2,NW_P2_Abel,P110,washing_machine,adeac0d9,normal_wash,5.0,1.684,235.08,0.043,1.295,1.775,,on,-76,,44 minute wash cycle
2026-06-03T08:55:03.218791+00:00,2026-06-03 14:25:03,Abel,plug_2,NW_P2_Abel,P110,washing_machine,adeac0d9,normal_wash,5.0,1.753,235.003,0.043,1.295,1.775,,on,-74,,44 minute wash cycle
2026-06-03T08:55:10.671649+00:00,2026-06-03 14:25:10,Abel,plug_2,NW_P2_Abel,P110,washing_machine,adeac0d9,normal_wash,5.0,1.712,235.129,0.043,1.295,1.775,,on,-73,,44 minute wash cycle
2026-06-03T08:55:16.424796+00:00,2026-06-03 14:25:16,Abel,plug_2,NW_P2_Abel,P110,washing_machine,adeac0d9,normal_wash,5.0,1.758,235.086,0.043,1.295,1.775,,on,-74,,44 minute wash cycle
2026-06-03T08:55:22.071454+00:00,2026-06-03 14:25:22,Abel,plug_2,NW_P2_Abel,P110,washing_machine,adeac0d9,normal_wash,5.0,1.629,235.171,0.043,1.295,1.775,,on,-75,,44 minute wash cycle
2026-06-03T08:55:27.696178+00:00,2026-06-03 14:25:27,Abel,plug_2,NW_P2_Abel,P110,washing_machine,adeac0d9,normal_wash,5.0,1.753,235.148,0.043,1.295,1.775,,on,-76,,44 minute wash cycle
2026-06-03T08:55:33.833709+00:00,2026-06-03 14:25:33,Abel,plug_2,NW_P2_Abel,P110,washing_machine,adeac0d9,normal_wash,5.0,1.648,234.995,0.043,1.295,1.775,,on,-73,,44 minute wash cycle
2026-06-03T08:55:39.387633+00:00,2026-06-03 14:25:39,Abel,plug_2,NW_P2_Abel,P110,washing_machine,adeac0d9,normal_wash,5.0,1.584,234.74,0.043,1.295,1.775,,on,-72,,44 minute wash cycle
2026-06-03T08:55:45.104662+00:00,2026-06-03 14:25:45,Abel,plug_2,NW_P2_Abel,P110,washing_machine,adeac0d9,normal_wash,5.0,1.642,234.791,0.043,1.295,1.775,,on,-71,,44 minute wash cycle
2026-06-03T08:55:50.629714+00:00,2026-06-03 14:25:50,Abel,plug_2,NW_P2_Abel,P110,washing_machine,adeac0d9,normal_wash,5.0,1.705,234.806,0.043,1.295,1.775,,on,-74,,44 minute wash cycle
2026-06-03T08:55:56.384585+00:00,2026-06-03 14:25:56,Abel,plug_2,NW_P2_Abel,P110,washing_machine,adeac0d9,normal_wash,5.0,1.612,234.712,0.042,1.295,1.775,,on,-71,,44 minute wash cycle
2026-06-03T08:56:02.910914+00:00,2026-06-03 14:26:02,Abel,plug_2,NW_P2_Abel,P110,washing_machine,adeac0d9,normal_wash,5.0,1.695,234.637,0.043,1.295,1.775,,on,-73,,44 minute wash cycle
2026-06-03T08:56:08.557378+00:00,2026-06-03 14:26:08,Abel,plug_2,NW_P2_Abel,P110,washing_machine,adeac0d9,normal_wash,5.0,1.664,234.559,0.042,1.295,1.775,,on,-71,,44 minute wash cycle
2026-06-03T08:56:13.822770+00:00,2026-06-03 14:26:13,Abel,plug_2,NW_P2_Abel,P110,washing_machine,adeac0d9,normal_wash,5.0,1.699,234.701,0.043,1.295,1.775,,on,-70,,44 minute wash cycle
2026-06-03T08:56:21.446616+00:00,2026-06-03 14:26:21,Abel,plug_2,NW_P2_Abel,P110,washing_machine,adeac0d9,normal_wash,5.0,1.712,234.742,0.043,1.295,1.775,,on,-72,,44 minute wash cycle
2026-06-03T08:56:26.896708+00:00,2026-06-03 14:26:26,Abel,plug_2,NW_P2_Abel,P110,washing_machine,adeac0d9,normal_wash,5.0,1.667,234.734,0.043,1.295,1.775,,on,-70,,44 minute wash cycle
2026-06-03T08:56:32.549539+00:00,2026-06-03 14:26:32,Abel,plug_2,NW_P2_Abel,P110,washing_machine,adeac0d9,normal_wash,5.0,1.741,234.752,0.042,1.295,1.775,,on,-70,,44 minute wash cycle
2026-06-03T08:56:38.552022+00:00,2026-06-03 14:26:38,Abel,plug_2,NW_P2_Abel,P110,washing_machine,adeac0d9,normal_wash,5.0,1.727,234.765,0.043,1.295,1.775,,on,-71,,44 minute wash cycle
2026-06-03T08:56:44.480140+00:00,2026-06-03 14:26:44,Abel,plug_2,NW_P2_Abel,P110,washing_machine,adeac0d9,normal_wash,5.0,1.661,234.873,0.043,1.295,1.775,,on,-74,,44 minute wash cycle
2026-06-03T08:56:50.128113+00:00,2026-06-03 14:26:50,Abel,plug_2,NW_P2_Abel,P110,washing_machine,adeac0d9,normal_wash,5.0,1.842,234.911,0.043,1.295,1.775,,on,-73,,44 minute wash cycle
2026-06-03T08:56:57.291498+00:00,2026-06-03 14:26:57,Abel,plug_2,NW_P2_Abel,P110,washing_machine,adeac0d9,normal_wash,5.0,1.751,234.592,0.043,1.295,1.775,,on,-72,,44 minute wash cycle
2026-06-03T08:57:03.844859+00:00,2026-06-03 14:27:03,Abel,plug_2,NW_P2_Abel,P110,washing_machine,adeac0d9,normal_wash,5.0,1.69,234.696,0.043,1.295,1.775,,on,-73,,44 minute wash cycle
2026-06-03T08:57:10.299349+00:00,2026-06-03 14:27:10,Abel,plug_2,NW_P2_Abel,P110,washing_machine,adeac0d9,normal_wash,5.0,1.757,234.98,0.043,1.295,1.775,,on,-73,,44 minute wash cycle
2026-06-03T08:57:15.928880+00:00,2026-06-03 14:27:15,Abel,plug_2,NW_P2_Abel,P110,washing_machine,adeac0d9,normal_wash,5.0,1.727,234.928,0.043,1.295,1.775,,on,-71,,44 minute wash cycle
2026-06-03T08:57:22.751860+00:00,2026-06-03 14:27:22,Abel,plug_2,NW_P2_Abel,P110,washing_machine,adeac0d9,normal_wash,5.0,1.647,234.942,0.043,1.295,1.775,,on,-71,,44 minute wash cycle
2026-06-03T08:57:30.162714+00:00,2026-06-03 14:27:30,Abel,plug_2,NW_P2_Abel,P110,washing_machine,adeac0d9,normal_wash,5.0,1.668,234.623,0.043,1.295,1.775,,on,-71,,44 minute wash cycle
2026-06-03T08:57:35.896416+00:00,2026-06-03 14:27:35,Abel,plug_2,NW_P2_Abel,P110,washing_machine,adeac0d9,normal_wash,5.0,1.623,234.483,0.043,1.295,1.775,,on,-72,,44 minute wash cycle
2026-06-03T08:57:41.638223+00:00,2026-06-03 14:27:41,Abel,plug_2,NW_P2_Abel,P110,washing_machine,adeac0d9,normal_wash,5.0,1.713,234.302,0.043,1.295,1.775,,on,-73,,44 minute wash cycle
2026-06-03T08:57:50.327108+00:00,2026-06-03 14:27:50,Abel,plug_2,NW_P2_Abel,P110,washing_machine,adeac0d9,normal_wash,5.0,1.676,234.153,0.043,1.295,1.775,,on,-72,,44 minute wash cycle
2026-06-03T08:57:56.070526+00:00,2026-06-03 14:27:56,Abel,plug_2,NW_P2_Abel,P110,washing_machine,adeac0d9,normal_wash,5.0,1.644,234.242,0.043,1.295,1.775,,on,-71,,44 minute wash cycle
2026-06-03T08:58:01.701795+00:00,2026-06-03 14:28:01,Abel,plug_2,NW_P2_Abel,P110,washing_machine,adeac0d9,normal_wash,5.0,1.746,234.487,0.043,1.295,1.775,,on,-68,,44 minute wash cycle
2026-06-03T08:58:07.539041+00:00,2026-06-03 14:28:07,Abel,plug_2,NW_P2_Abel,P110,washing_machine,adeac0d9,normal_wash,5.0,1.661,234.643,0.043,1.295,1.775,,on,-69,,44 minute wash cycle
2026-06-03T08:58:13.479573+00:00,2026-06-03 14:28:13,Abel,plug_2,NW_P2_Abel,P110,washing_machine,adeac0d9,normal_wash,5.0,1.58,234.534,0.042,1.295,1.775,,on,-75,,44 minute wash cycle
2026-06-03T08:58:19.315705+00:00,2026-06-03 14:28:19,Abel,plug_2,NW_P2_Abel,P110,washing_machine,adeac0d9,normal_wash,5.0,1.71,234.483,0.042,1.295,1.775,,on,-70,,44 minute wash cycle
2026-06-03T08:58:24.948053+00:00,2026-06-03 14:28:24,Abel,plug_2,NW_P2_Abel,P110,washing_machine,adeac0d9,normal_wash,5.0,1.721,234.458,0.043,1.295,1.775,,on,-69,,44 minute wash cycle
2026-06-03T08:58:30.682473+00:00,2026-06-03 14:28:30,Abel,plug_2,NW_P2_Abel,P110,washing_machine,adeac0d9,normal_wash,5.0,1.642,234.496,0.043,1.295,1.775,,on,-72,,44 minute wash cycle
2026-06-03T08:58:36.314985+00:00,2026-06-03 14:28:36,Abel,plug_2,NW_P2_Abel,P110,washing_machine,adeac0d9,normal_wash,5.0,1.744,234.636,0.043,1.295,1.775,,on,-70,,44 minute wash cycle
2026-06-03T08:58:42.151706+00:00,2026-06-03 14:28:42,Abel,plug_2,NW_P2_Abel,P110,washing_machine,adeac0d9,normal_wash,5.0,1.698,234.861,0.043,1.295,1.775,,on,-73,,44 minute wash cycle
2026-06-03T08:58:47.914348+00:00,2026-06-03 14:28:47,Abel,plug_2,NW_P2_Abel,P110,washing_machine,adeac0d9,normal_wash,5.0,1.627,235.106,0.043,1.295,1.775,,on,-73,,44 minute wash cycle
2026-06-03T08:58:54.849658+00:00,2026-06-03 14:28:54,Abel,plug_2,NW_P2_Abel,P110,washing_machine,adeac0d9,normal_wash,5.0,1.779,235.16,0.043,1.295,1.775,,on,-73,,44 minute wash cycle
2026-06-03T08:59:00.277034+00:00,2026-06-03 14:29:00,Abel,plug_2,NW_P2_Abel,P110,washing_machine,adeac0d9,normal_wash,5.0,1.623,235.11,0.043,1.295,1.775,,on,-71,,44 minute wash cycle
2026-06-03T08:59:06.314204+00:00,2026-06-03 14:29:06,Abel,plug_2,NW_P2_Abel,P110,washing_machine,adeac0d9,normal_wash,5.0,1.754,235.02,0.043,1.295,1.775,,on,-71,,44 minute wash cycle
2026-06-03T08:59:11.957446+00:00,2026-06-03 14:29:11,Abel,plug_2,NW_P2_Abel,P110,washing_machine,adeac0d9,normal_wash,5.0,1.703,235.035,0.043,1.295,1.775,,on,-71,,44 minute wash cycle
2026-06-03T08:59:17.786968+00:00,2026-06-03 14:29:17,Abel,plug_2,NW_P2_Abel,P110,washing_machine,adeac0d9,normal_wash,5.0,1.657,235.008,0.043,1.295,1.775,,on,-73,,44 minute wash cycle
2026-06-03T08:59:23.234535+00:00,2026-06-03 14:29:23,Abel,plug_2,NW_P2_Abel,P110,washing_machine,adeac0d9,normal_wash,5.0,1.716,235.132,0.043,1.295,1.775,,on,-72,,44 minute wash cycle
2026-06-03T08:59:28.681949+00:00,2026-06-03 14:29:28,Abel,plug_2,NW_P2_Abel,P110,washing_machine,adeac0d9,normal_wash,5.0,1.798,235.301,0.043,1.295,1.775,,on,-70,,44 minute wash cycle
2026-06-03T08:59:34.688433+00:00,2026-06-03 14:29:34,Abel,plug_2,NW_P2_Abel,P110,washing_machine,adeac0d9,normal_wash,5.0,1.79,235.277,0.043,1.295,1.775,,on,-70,,44 minute wash cycle
2026-06-03T08:59:40.316338+00:00,2026-06-03 14:29:40,Abel,plug_2,NW_P2_Abel,P110,washing_machine,adeac0d9,normal_wash,5.0,1.65,235.385,0.043,1.295,1.775,,on,-69,,44 minute wash cycle
2026-06-03T08:59:45.948773+00:00,2026-06-03 14:29:45,Abel,plug_2,NW_P2_Abel,P110,washing_machine,adeac0d9,normal_wash,5.0,1.719,235.308,0.043,1.295,1.775,,on,-71,,44 minute wash cycle
2026-06-03T08:59:52.026743+00:00,2026-06-03 14:29:52,Abel,plug_2,NW_P2_Abel,P110,washing_machine,adeac0d9,normal_wash,5.0,1.68,235.317,0.043,1.295,1.775,,on,-75,,44 minute wash cycle
2026-06-03T08:59:57.707909+00:00,2026-06-03 14:29:57,Abel,plug_2,NW_P2_Abel,P110,washing_machine,adeac0d9,normal_wash,5.0,1.741,235.564,0.043,1.295,1.775,,on,-72,,44 minute wash cycle
2026-06-03T09:00:03.865443+00:00,2026-06-03 14:30:03,Abel,plug_2,NW_P2_Abel,P110,washing_machine,adeac0d9,normal_wash,5.0,1.755,235.627,0.043,1.295,1.775,,on,-70,,44 minute wash cycle
2026-06-03T09:00:11.958965+00:00,2026-06-03 14:30:11,Abel,plug_2,NW_P2_Abel,P110,washing_machine,adeac0d9,normal_wash,5.0,1.637,235.27,0.043,1.295,1.775,,on,-70,,44 minute wash cycle
2026-06-03T09:00:17.424840+00:00,2026-06-03 14:30:17,Abel,plug_2,NW_P2_Abel,P110,washing_machine,adeac0d9,normal_wash,5.0,1.657,235.442,0.043,1.295,1.775,,on,-71,,44 minute wash cycle
2026-06-03T09:00:23.018120+00:00,2026-06-03 14:30:23,Abel,plug_2,NW_P2_Abel,P110,washing_machine,adeac0d9,normal_wash,5.0,1.625,235.285,0.043,1.295,1.775,,on,-71,,44 minute wash cycle
2026-06-03T09:00:28.454947+00:00,2026-06-03 14:30:28,Abel,plug_2,NW_P2_Abel,P110,washing_machine,adeac0d9,normal_wash,5.0,1.68,235.415,0.043,1.295,1.775,,on,-70,,44 minute wash cycle
2026-06-03T09:00:34.181309+00:00,2026-06-03 14:30:34,Abel,plug_2,NW_P2_Abel,P110,washing_machine,adeac0d9,normal_wash,5.0,1.733,235.237,0.043,1.295,1.775,,on,-69,,44 minute wash cycle
2026-06-03T09:00:40.228530+00:00,2026-06-03 14:30:40,Abel,plug_2,NW_P2_Abel,P110,washing_machine,adeac0d9,normal_wash,5.0,1.708,235.174,0.043,1.295,1.775,,on,-70,,44 minute wash cycle
2026-06-03T09:00:46.058249+00:00,2026-06-03 14:30:46,Abel,plug_2,NW_P2_Abel,P110,washing_machine,adeac0d9,normal_wash,5.0,1.631,235.277,0.043,1.295,1.775,,on,-75,,44 minute wash cycle
2026-06-03T09:00:51.922673+00:00,2026-06-03 14:30:51,Abel,plug_2,NW_P2_Abel,P110,washing_machine,adeac0d9,normal_wash,5.0,1.705,235.403,0.043,1.295,1.775,,on,-71,,44 minute wash cycle
2026-06-03T09:00:57.605382+00:00,2026-06-03 14:30:57,Abel,plug_2,NW_P2_Abel,P110,washing_machine,adeac0d9,normal_wash,5.0,1.745,235.208,0.043,1.295,1.775,,on,-73,,44 minute wash cycle
2026-06-03T09:01:03.257663+00:00,2026-06-03 14:31:03,Abel,plug_2,NW_P2_Abel,P110,washing_machine,adeac0d9,normal_wash,5.0,1.707,235.267,0.043,1.295,1.775,,on,-69,,44 minute wash cycle
2026-06-03T09:01:10.197793+00:00,2026-06-03 14:31:10,Abel,plug_2,NW_P2_Abel,P110,washing_machine,adeac0d9,normal_wash,5.0,1.712,235.438,0.043,1.295,1.775,,on,-72,,44 minute wash cycle
2026-06-03T09:01:16.472794+00:00,2026-06-03 14:31:16,Abel,plug_2,NW_P2_Abel,P110,washing_machine,adeac0d9,normal_wash,5.0,1.614,235.494,0.043,1.295,1.775,,on,-69,,44 minute wash cycle
2026-06-03T09:01:22.207267+00:00,2026-06-03 14:31:22,Abel,plug_2,NW_P2_Abel,P110,washing_machine,adeac0d9,normal_wash,5.0,1.728,235.413,0.043,1.295,1.775,,on,-70,,44 minute wash cycle
2026-06-03T09:01:27.941342+00:00,2026-06-03 14:31:27,Abel,plug_2,NW_P2_Abel,P110,washing_machine,adeac0d9,normal_wash,5.0,1.712,235.351,0.043,1.295,1.775,,on,-69,,44 minute wash cycle
2026-06-03T09:01:33.675266+00:00,2026-06-03 14:31:33,Abel,plug_2,NW_P2_Abel,P110,washing_machine,adeac0d9,normal_wash,5.0,1.578,235.503,0.043,1.295,1.775,,on,-73,,44 minute wash cycle
2026-06-03T09:01:40.859837+00:00,2026-06-03 14:31:40,Abel,plug_2,NW_P2_Abel,P110,washing_machine,adeac0d9,normal_wash,5.0,1.739,235.475,0.043,1.295,1.775,,on,-74,,44 minute wash cycle
2026-06-03T09:01:46.369132+00:00,2026-06-03 14:31:46,Abel,plug_2,NW_P2_Abel,P110,washing_machine,adeac0d9,normal_wash,5.0,1.671,235.382,0.043,1.295,1.775,,on,-70,,44 minute wash cycle
2026-06-03T09:01:52.006389+00:00,2026-06-03 14:31:52,Abel,plug_2,NW_P2_Abel,P110,washing_machine,adeac0d9,normal_wash,5.0,1.708,235.272,0.043,1.295,1.775,,on,-70,,44 minute wash cycle
2026-06-03T09:01:58.150050+00:00,2026-06-03 14:31:58,Abel,plug_2,NW_P2_Abel,P110,washing_machine,adeac0d9,normal_wash,5.0,1.739,235.259,0.043,1.295,1.775,,on,-72,,44 minute wash cycle
2026-06-03T09:02:03.987186+00:00,2026-06-03 14:32:03,Abel,plug_2,NW_P2_Abel,P110,washing_machine,adeac0d9,normal_wash,5.0,1.685,235.312,0.043,1.295,1.775,,on,-74,,44 minute wash cycle
2026-06-03T09:02:09.520779+00:00,2026-06-03 14:32:09,Abel,plug_2,NW_P2_Abel,P110,washing_machine,adeac0d9,normal_wash,5.0,1.79,235.324,0.043,1.295,1.775,,on,-72,,44 minute wash cycle
2026-06-03T09:02:15.557896+00:00,2026-06-03 14:32:15,Abel,plug_2,NW_P2_Abel,P110,washing_machine,adeac0d9,normal_wash,5.0,1.686,235.506,0.043,1.295,1.775,,on,-70,,44 minute wash cycle
2026-06-03T09:02:21.293340+00:00,2026-06-03 14:32:21,Abel,plug_2,NW_P2_Abel,P110,washing_machine,adeac0d9,normal_wash,5.0,1.684,235.645,0.043,1.295,1.775,,on,-74,,44 minute wash cycle
2026-06-03T09:02:26.932132+00:00,2026-06-03 14:32:26,Abel,plug_2,NW_P2_Abel,P110,washing_machine,adeac0d9,normal_wash,5.0,1.765,235.298,0.043,1.295,1.775,,on,-70,,44 minute wash cycle
2026-06-03T09:02:32.552234+00:00,2026-06-03 14:32:32,Abel,plug_2,NW_P2_Abel,P110,washing_machine,adeac0d9,normal_wash,5.0,1.65,235.274,0.043,1.295,1.775,,on,-72,,44 minute wash cycle
2026-06-03T09:02:38.701457+00:00,2026-06-03 14:32:38,Abel,plug_2,NW_P2_Abel,P110,washing_machine,adeac0d9,normal_wash,5.0,1.657,235.193,0.043,1.295,1.775,,on,-71,,44 minute wash cycle
2026-06-03T09:02:44.333790+00:00,2026-06-03 14:32:44,Abel,plug_2,NW_P2_Abel,P110,washing_machine,adeac0d9,normal_wash,5.0,1.715,235.604,0.043,1.295,1.775,,on,-70,,44 minute wash cycle
2026-06-03T09:02:49.903253+00:00,2026-06-03 14:32:49,Abel,plug_2,NW_P2_Abel,P110,washing_machine,adeac0d9,normal_wash,5.0,1.714,235.492,0.043,1.295,1.775,,on,-74,,44 minute wash cycle
2026-06-03T09:02:55.803484+00:00,2026-06-03 14:32:55,Abel,plug_2,NW_P2_Abel,P110,washing_machine,adeac0d9,normal_wash,5.0,1.818,235.6,0.043,1.295,1.775,,on,-70,,44 minute wash cycle
2026-06-03T09:03:02.459421+00:00,2026-06-03 14:33:02,Abel,plug_2,NW_P2_Abel,P110,washing_machine,adeac0d9,normal_wash,5.0,1.562,235.567,0.043,1.295,1.775,,on,-69,,44 minute wash cycle
2026-06-03T09:03:10.699385+00:00,2026-06-03 14:33:10,Abel,plug_2,NW_P2_Abel,P110,washing_machine,adeac0d9,normal_wash,5.0,1.678,235.276,0.043,1.295,1.775,,on,-69,,44 minute wash cycle
2026-06-03T09:03:16.386478+00:00,2026-06-03 14:33:16,Abel,plug_2,NW_P2_Abel,P110,washing_machine,adeac0d9,normal_wash,5.0,1.72,235.227,0.043,1.295,1.775,,on,-69,,44 minute wash cycle
2026-06-03T09:03:22.239007+00:00,2026-06-03 14:33:22,Abel,plug_2,NW_P2_Abel,P110,washing_machine,adeac0d9,normal_wash,5.0,1.708,235.178,0.043,1.295,1.775,,on,-73,,44 minute wash cycle
2026-06-03T09:03:27.957670+00:00,2026-06-03 14:33:27,Abel,plug_2,NW_P2_Abel,P110,washing_machine,adeac0d9,normal_wash,5.0,1.68,235.245,0.043,1.295,1.775,,on,-70,,44 minute wash cycle
2026-06-03T09:03:33.589622+00:00,2026-06-03 14:33:33,Abel,plug_2,NW_P2_Abel,P110,washing_machine,adeac0d9,normal_wash,5.0,1.673,235.065,0.043,1.295,1.775,,on,-70,,44 minute wash cycle
2026-06-03T09:03:39.426328+00:00,2026-06-03 14:33:39,Abel,plug_2,NW_P2_Abel,P110,washing_machine,adeac0d9,normal_wash,5.0,1.703,235.156,0.043,1.295,1.775,,on,-69,,44 minute wash cycle
2026-06-03T09:03:45.160229+00:00,2026-06-03 14:33:45,Abel,plug_2,NW_P2_Abel,P110,washing_machine,adeac0d9,normal_wash,5.0,1.735,235.345,0.043,1.295,1.775,,on,-68,,44 minute wash cycle
2026-06-03T09:03:50.603600+00:00,2026-06-03 14:33:50,Abel,plug_2,NW_P2_Abel,P110,washing_machine,adeac0d9,normal_wash,5.0,1.615,235.208,0.043,1.295,1.775,,on,-70,,44 minute wash cycle
2026-06-03T09:03:56.425090+00:00,2026-06-03 14:33:56,Abel,plug_2,NW_P2_Abel,P110,washing_machine,adeac0d9,normal_wash,5.0,1.729,235.354,0.042,1.295,1.775,,on,-71,,44 minute wash cycle
2026-06-03T09:04:03.798238+00:00,2026-06-03 14:34:03,Abel,plug_2,NW_P2_Abel,P110,washing_machine,adeac0d9,normal_wash,5.0,1.503,235.173,0.043,1.295,1.775,,on,-71,,44 minute wash cycle
2026-06-03T09:04:09.833675+00:00,2026-06-03 14:34:09,Abel,plug_2,NW_P2_Abel,P110,washing_machine,adeac0d9,normal_wash,5.0,1.764,235.202,0.043,1.295,1.775,,on,-69,,44 minute wash cycle
2026-06-03T09:04:15.751684+00:00,2026-06-03 14:34:15,Abel,plug_2,NW_P2_Abel,P110,washing_machine,adeac0d9,normal_wash,5.0,1.703,235.436,0.043,1.295,1.775,,on,-69,,44 minute wash cycle
2026-06-03T09:04:21.719311+00:00,2026-06-03 14:34:21,Abel,plug_2,NW_P2_Abel,P110,washing_machine,adeac0d9,normal_wash,5.0,1.639,235.414,0.043,1.295,1.775,,on,-73,,44 minute wash cycle
2026-06-03T09:04:27.453035+00:00,2026-06-03 14:34:27,Abel,plug_2,NW_P2_Abel,P110,washing_machine,adeac0d9,normal_wash,5.0,1.658,235.348,0.043,1.295,1.775,,on,-69,,44 minute wash cycle
2026-06-03T09:04:32.982771+00:00,2026-06-03 14:34:32,Abel,plug_2,NW_P2_Abel,P110,washing_machine,adeac0d9,normal_wash,5.0,1.794,235.266,0.043,1.295,1.775,,on,-71,,44 minute wash cycle
2026-06-03T09:04:40.253743+00:00,2026-06-03 14:34:40,Abel,plug_2,NW_P2_Abel,P110,washing_machine,adeac0d9,normal_wash,5.0,1.688,235.451,0.043,1.295,1.775,,on,-71,,44 minute wash cycle
2026-06-03T09:04:46.192922+00:00,2026-06-03 14:34:46,Abel,plug_2,NW_P2_Abel,P110,washing_machine,adeac0d9,normal_wash,5.0,1.738,235.231,0.043,1.295,1.775,,on,-73,,44 minute wash cycle
2026-06-03T09:04:52.531063+00:00,2026-06-03 14:34:52,Abel,plug_2,NW_P2_Abel,P110,washing_machine,adeac0d9,normal_wash,5.0,1.663,235.305,0.043,1.295,1.775,,on,-71,,44 minute wash cycle
2026-06-03T09:04:58.378648+00:00,2026-06-03 14:34:58,Abel,plug_2,NW_P2_Abel,P110,washing_machine,adeac0d9,normal_wash,5.0,1.717,235.388,0.043,1.295,1.775,,on,-71,,44 minute wash cycle
2026-06-03T09:05:06.263878+00:00,2026-06-03 14:35:06,Abel,plug_2,NW_P2_Abel,P110,washing_machine,adeac0d9,normal_wash,5.0,1.691,235.398,0.043,1.295,1.775,,on,-70,,44 minute wash cycle
2026-06-03T09:05:12.730042+00:00,2026-06-03 14:35:12,Abel,plug_2,NW_P2_Abel,P110,washing_machine,adeac0d9,normal_wash,5.0,1.714,235.406,0.043,1.295,1.775,,on,-68,,44 minute wash cycle
2026-06-03T09:05:19.775891+00:00,2026-06-03 14:35:19,Abel,plug_2,NW_P2_Abel,P110,washing_machine,adeac0d9,normal_wash,5.0,1.681,235.427,0.043,1.295,1.775,,on,-67,,44 minute wash cycle
2026-06-03T09:05:25.719782+00:00,2026-06-03 14:35:25,Abel,plug_2,NW_P2_Abel,P110,washing_machine,adeac0d9,normal_wash,5.0,1.686,235.502,0.043,1.295,1.775,,on,-68,,44 minute wash cycle
2026-06-03T09:05:31.454602+00:00,2026-06-03 14:35:31,Abel,plug_2,NW_P2_Abel,P110,washing_machine,adeac0d9,normal_wash,5.0,1.759,235.496,0.043,1.295,1.775,,on,-68,,44 minute wash cycle
2026-06-03T09:05:36.992152+00:00,2026-06-03 14:35:36,Abel,plug_2,NW_P2_Abel,P110,washing_machine,adeac0d9,normal_wash,5.0,1.594,235.574,0.043,1.295,1.775,,on,-69,,44 minute wash cycle
2026-06-03T09:05:43.128436+00:00,2026-06-03 14:35:43,Abel,plug_2,NW_P2_Abel,P110,washing_machine,adeac0d9,normal_wash,5.0,1.719,235.611,0.043,1.295,1.775,,on,-70,,44 minute wash cycle
2026-06-03T09:05:51.731015+00:00,2026-06-03 14:35:51,Abel,plug_2,NW_P2_Abel,P110,washing_machine,adeac0d9,normal_wash,5.0,1.765,235.614,0.043,1.295,1.775,,on,-71,,44 minute wash cycle
2026-06-03T09:05:57.674352+00:00,2026-06-03 14:35:57,Abel,plug_2,NW_P2_Abel,P110,washing_machine,adeac0d9,normal_wash,5.0,1.677,235.757,0.043,1.295,1.775,,on,-69,,44 minute wash cycle
2026-06-03T09:06:03.609807+00:00,2026-06-03 14:36:03,Abel,plug_2,NW_P2_Abel,P110,washing_machine,adeac0d9,normal_wash,5.0,1.757,235.796,0.042,1.295,1.775,,on,-70,,44 minute wash cycle
2026-06-03T09:06:09.241097+00:00,2026-06-03 14:36:09,Abel,plug_2,NW_P2_Abel,P110,washing_machine,adeac0d9,normal_wash,5.0,1.692,235.607,0.043,1.295,1.775,,on,-70,,44 minute wash cycle
2026-06-03T09:06:14.864146+00:00,2026-06-03 14:36:14,Abel,plug_2,NW_P2_Abel,P110,washing_machine,adeac0d9,normal_wash,5.0,1.635,235.713,0.043,1.295,1.775,,on,-72,,44 minute wash cycle
2026-06-03T09:06:20.403910+00:00,2026-06-03 14:36:20,Abel,plug_2,NW_P2_Abel,P110,washing_machine,adeac0d9,normal_wash,5.0,1.711,235.624,0.043,1.295,1.775,,on,-73,,44 minute wash cycle
2026-06-03T09:06:25.943952+00:00,2026-06-03 14:36:25,Abel,plug_2,NW_P2_Abel,P110,washing_machine,adeac0d9,normal_wash,5.0,1.709,235.562,0.043,1.295,1.775,,on,-71,,44 minute wash cycle
2026-06-03T09:06:31.872412+00:00,2026-06-03 14:36:31,Abel,plug_2,NW_P2_Abel,P110,washing_machine,adeac0d9,normal_wash,5.0,1.681,235.474,0.043,1.295,1.775,,on,-68,,44 minute wash cycle
2026-06-03T09:06:37.445147+00:00,2026-06-03 14:36:37,Abel,plug_2,NW_P2_Abel,P110,washing_machine,adeac0d9,normal_wash,5.0,1.684,235.425,0.043,1.295,1.775,,on,-71,,44 minute wash cycle
2026-06-03T09:06:43.101809+00:00,2026-06-03 14:36:43,Abel,plug_2,NW_P2_Abel,P110,washing_machine,adeac0d9,normal_wash,5.0,1.752,235.573,0.043,1.295,1.775,,on,-68,,44 minute wash cycle
2026-06-03T09:06:48.618355+00:00,2026-06-03 14:36:48,Abel,plug_2,NW_P2_Abel,P110,washing_machine,adeac0d9,normal_wash,5.0,1.598,235.523,0.043,1.295,1.775,,on,-70,,44 minute wash cycle
2026-06-03T09:06:54.132837+00:00,2026-06-03 14:36:54,Abel,plug_2,NW_P2_Abel,P110,washing_machine,adeac0d9,normal_wash,5.0,1.629,235.369,0.043,1.295,1.775,,on,-69,,44 minute wash cycle
2026-06-03T09:07:00.538404+00:00,2026-06-03 14:37:00,Abel,plug_2,NW_P2_Abel,P110,washing_machine,adeac0d9,normal_wash,5.0,1.688,235.338,0.042,1.295,1.775,,on,-68,,44 minute wash cycle
2026-06-03T09:07:06.211841+00:00,2026-06-03 14:37:06,Abel,plug_2,NW_P2_Abel,P110,washing_machine,adeac0d9,normal_wash,5.0,1.645,235.321,0.043,1.295,1.775,,on,-72,,44 minute wash cycle
2026-06-03T09:07:11.707166+00:00,2026-06-03 14:37:11,Abel,plug_2,NW_P2_Abel,P110,washing_machine,adeac0d9,normal_wash,5.0,1.793,235.267,0.043,1.295,1.775,,on,-74,,44 minute wash cycle
2026-06-03T09:07:17.260916+00:00,2026-06-03 14:37:17,Abel,plug_2,NW_P2_Abel,P110,washing_machine,adeac0d9,normal_wash,5.0,1.649,235.216,0.043,1.295,1.775,,on,-70,,44 minute wash cycle
2026-06-03T09:07:23.215786+00:00,2026-06-03 14:37:23,Abel,plug_2,NW_P2_Abel,P110,washing_machine,adeac0d9,normal_wash,5.0,1.696,235.273,0.043,1.295,1.775,,on,-67,,44 minute wash cycle
2026-06-03T09:07:29.052654+00:00,2026-06-03 14:37:29,Abel,plug_2,NW_P2_Abel,P110,washing_machine,adeac0d9,normal_wash,5.0,1.748,235.114,0.043,1.295,1.775,,on,-67,,44 minute wash cycle
2026-06-03T09:07:34.899732+00:00,2026-06-03 14:37:34,Abel,plug_2,NW_P2_Abel,P110,washing_machine,adeac0d9,normal_wash,5.0,1.675,235.0,0.043,1.295,1.775,,on,-67,,44 minute wash cycle
2026-06-03T09:07:41.505934+00:00,2026-06-03 14:37:41,Abel,plug_2,NW_P2_Abel,P110,washing_machine,adeac0d9,normal_wash,5.0,1.706,235.096,0.043,1.295,1.775,,on,-68,,44 minute wash cycle
2026-06-03T09:07:49.186266+00:00,2026-06-03 14:37:49,Abel,plug_2,NW_P2_Abel,P110,washing_machine,adeac0d9,normal_wash,5.0,1.588,235.28,0.043,1.295,1.775,,on,-69,,44 minute wash cycle
2026-06-03T09:07:55.125675+00:00,2026-06-03 14:37:55,Abel,plug_2,NW_P2_Abel,P110,washing_machine,adeac0d9,normal_wash,5.0,1.697,235.087,0.043,1.295,1.775,,on,-67,,44 minute wash cycle
2026-06-03T09:08:00.852661+00:00,2026-06-03 14:38:00,Abel,plug_2,NW_P2_Abel,P110,washing_machine,adeac0d9,normal_wash,5.0,1.63,235.132,0.043,1.295,1.775,,on,-70,,44 minute wash cycle
2026-06-03T09:08:07.003831+00:00,2026-06-03 14:38:07,Abel,plug_2,NW_P2_Abel,P110,washing_machine,adeac0d9,normal_wash,5.0,1.626,235.332,0.043,1.295,1.775,,on,-71,,44 minute wash cycle
2026-06-03T09:08:12.702866+00:00,2026-06-03 14:38:12,Abel,plug_2,NW_P2_Abel,P110,washing_machine,adeac0d9,normal_wash,5.0,1.635,235.427,0.043,1.295,1.775,,on,-73,,44 minute wash cycle
2026-06-03T09:08:20.634543+00:00,2026-06-03 14:38:20,Abel,plug_2,NW_P2_Abel,P110,washing_machine,adeac0d9,normal_wash,5.0,1.651,235.338,0.043,1.295,1.775,,on,-70,,44 minute wash cycle
2026-06-03T09:08:26.255268+00:00,2026-06-03 14:38:26,Abel,plug_2,NW_P2_Abel,P110,washing_machine,adeac0d9,normal_wash,5.0,1.669,235.195,0.043,1.295,1.775,,on,-67,,44 minute wash cycle
2026-06-03T09:08:31.990150+00:00,2026-06-03 14:38:31,Abel,plug_2,NW_P2_Abel,P110,washing_machine,adeac0d9,normal_wash,5.0,1.648,235.316,0.042,1.295,1.775,,on,-73,,44 minute wash cycle
2026-06-03T09:08:37.557113+00:00,2026-06-03 14:38:37,Abel,plug_2,NW_P2_Abel,P110,washing_machine,adeac0d9,normal_wash,5.0,1.702,235.482,0.043,1.295,1.775,,on,-66,,44 minute wash cycle
2026-06-03T09:08:43.151328+00:00,2026-06-03 14:38:43,Abel,plug_2,NW_P2_Abel,P110,washing_machine,adeac0d9,normal_wash,5.0,1.694,235.372,0.043,1.295,1.775,,on,-68,,44 minute wash cycle
2026-06-03T09:08:48.791667+00:00,2026-06-03 14:38:48,Abel,plug_2,NW_P2_Abel,P110,washing_machine,adeac0d9,normal_wash,5.0,1.744,235.496,0.043,1.295,1.775,,on,-67,,44 minute wash cycle
2026-06-03T09:08:54.422710+00:00,2026-06-03 14:38:54,Abel,plug_2,NW_P2_Abel,P110,washing_machine,adeac0d9,normal_wash,5.0,1.685,235.705,0.043,1.295,1.775,,on,-69,,44 minute wash cycle
2026-06-03T09:09:00.151436+00:00,2026-06-03 14:39:00,Abel,plug_2,NW_P2_Abel,P110,washing_machine,adeac0d9,normal_wash,5.0,1.652,235.642,0.043,1.295,1.775,,on,-69,,44 minute wash cycle
2026-06-03T09:09:05.695635+00:00,2026-06-03 14:39:05,Abel,plug_2,NW_P2_Abel,P110,washing_machine,adeac0d9,normal_wash,5.0,1.621,235.56,0.043,1.295,1.775,,on,-68,,44 minute wash cycle
2026-06-03T09:09:11.683503+00:00,2026-06-03 14:39:11,Abel,plug_2,NW_P2_Abel,P110,washing_machine,adeac0d9,normal_wash,5.0,1.678,235.661,0.043,1.295,1.775,,on,-71,,44 minute wash cycle
2026-06-03T09:09:17.496813+00:00,2026-06-03 14:39:17,Abel,plug_2,NW_P2_Abel,P110,washing_machine,adeac0d9,normal_wash,5.0,1.662,235.475,0.043,1.295,1.775,,on,-69,,44 minute wash cycle
2026-06-03T09:09:23.554486+00:00,2026-06-03 14:39:23,Abel,plug_2,NW_P2_Abel,P110,washing_machine,adeac0d9,normal_wash,5.0,1.616,235.513,0.043,1.296,1.775,,on,-70,,44 minute wash cycle
2026-06-03T09:09:29.032714+00:00,2026-06-03 14:39:29,Abel,plug_2,NW_P2_Abel,P110,washing_machine,adeac0d9,normal_wash,5.0,1.664,235.423,0.043,1.296,1.775,,on,-73,,44 minute wash cycle
2026-06-03T09:09:34.770525+00:00,2026-06-03 14:39:34,Abel,plug_2,NW_P2_Abel,P110,washing_machine,adeac0d9,normal_wash,5.0,1.627,235.425,0.043,1.296,1.775,,on,-71,,44 minute wash cycle
2026-06-03T09:09:40.711196+00:00,2026-06-03 14:39:40,Abel,plug_2,NW_P2_Abel,P110,washing_machine,adeac0d9,normal_wash,5.0,1.636,235.556,0.043,1.296,1.775,,on,-71,,44 minute wash cycle
2026-06-03T09:09:46.338935+00:00,2026-06-03 14:39:46,Abel,plug_2,NW_P2_Abel,P110,washing_machine,adeac0d9,normal_wash,5.0,1.717,235.564,0.043,1.296,1.775,,on,-75,,44 minute wash cycle
2026-06-03T09:09:51.860879+00:00,2026-06-03 14:39:51,Abel,plug_2,NW_P2_Abel,P110,washing_machine,adeac0d9,normal_wash,5.0,1.67,235.591,0.043,1.296,1.775,,on,-69,,44 minute wash cycle
2026-06-03T09:09:57.599353+00:00,2026-06-03 14:39:57,Abel,plug_2,NW_P2_Abel,P110,washing_machine,adeac0d9,normal_wash,5.0,1.633,235.621,0.043,1.296,1.775,,on,-66,,44 minute wash cycle
2026-06-03T09:10:03.385001+00:00,2026-06-03 14:40:03,Abel,plug_2,NW_P2_Abel,P110,washing_machine,adeac0d9,normal_wash,5.0,1.688,235.556,0.043,1.296,1.775,,on,-67,,44 minute wash cycle
2026-06-03T09:10:09.267054+00:00,2026-06-03 14:40:09,Abel,plug_2,NW_P2_Abel,P110,washing_machine,adeac0d9,normal_wash,5.0,1.732,235.506,0.043,1.296,1.775,,on,-71,,44 minute wash cycle
2026-06-03T09:10:15.104325+00:00,2026-06-03 14:40:15,Abel,plug_2,NW_P2_Abel,P110,washing_machine,adeac0d9,normal_wash,5.0,1.669,235.389,0.043,1.296,1.775,,on,-71,,44 minute wash cycle
2026-06-03T09:10:22.019743+00:00,2026-06-03 14:40:22,Abel,plug_2,NW_P2_Abel,P110,washing_machine,adeac0d9,normal_wash,5.0,1.609,235.37,0.043,1.296,1.775,,on,-70,,44 minute wash cycle
2026-06-03T09:10:27.501586+00:00,2026-06-03 14:40:27,Abel,plug_2,NW_P2_Abel,P110,washing_machine,adeac0d9,normal_wash,5.0,1.706,235.376,0.043,1.296,1.775,,on,-71,,44 minute wash cycle
2026-06-03T09:10:33.149229+00:00,2026-06-03 14:40:33,Abel,plug_2,NW_P2_Abel,P110,washing_machine,adeac0d9,normal_wash,5.0,1.667,235.166,0.043,1.296,1.775,,on,-70,,44 minute wash cycle
2026-06-03T09:10:38.968822+00:00,2026-06-03 14:40:38,Abel,plug_2,NW_P2_Abel,P110,washing_machine,adeac0d9,normal_wash,5.0,1.649,235.453,0.043,1.296,1.775,,on,-72,,44 minute wash cycle
2026-06-03T09:10:44.608752+00:00,2026-06-03 14:40:44,Abel,plug_2,NW_P2_Abel,P110,washing_machine,adeac0d9,normal_wash,5.0,1.759,235.366,0.042,1.296,1.775,,on,-73,,44 minute wash cycle
2026-06-03T09:10:50.122589+00:00,2026-06-03 14:40:50,Abel,plug_2,NW_P2_Abel,P110,washing_machine,adeac0d9,normal_wash,5.0,1.682,235.38,0.043,1.296,1.775,,on,-70,,44 minute wash cycle
2026-06-03T09:10:56.284902+00:00,2026-06-03 14:40:56,Abel,plug_2,NW_P2_Abel,P110,washing_machine,adeac0d9,normal_wash,5.0,1.668,235.382,0.043,1.296,1.775,,on,-74,,44 minute wash cycle
2026-06-03T09:11:03.136457+00:00,2026-06-03 14:41:03,Abel,plug_2,NW_P2_Abel,P110,washing_machine,adeac0d9,normal_wash,5.0,1.605,235.157,0.043,1.296,1.775,,on,-71,,44 minute wash cycle
2026-06-03T09:11:08.413997+00:00,2026-06-03 14:41:08,Abel,plug_2,NW_P2_Abel,P110,washing_machine,adeac0d9,normal_wash,5.0,1.624,235.439,0.043,1.296,1.775,,on,-70,,44 minute wash cycle
2026-06-03T09:11:13.888777+00:00,2026-06-03 14:41:13,Abel,plug_2,NW_P2_Abel,P110,washing_machine,adeac0d9,normal_wash,5.0,1.648,235.504,0.043,1.296,1.775,,on,-68,,44 minute wash cycle
2026-06-03T09:11:20.257927+00:00,2026-06-03 14:41:20,Abel,plug_2,NW_P2_Abel,P110,washing_machine,adeac0d9,normal_wash,5.0,1.702,235.586,0.043,1.296,1.775,,on,-70,,44 minute wash cycle
2026-06-03T09:11:27.201109+00:00,2026-06-03 14:41:27,Abel,plug_2,NW_P2_Abel,P110,washing_machine,adeac0d9,normal_wash,5.0,1.713,235.556,0.043,1.296,1.775,,on,-71,,44 minute wash cycle
2026-06-03T09:11:33.135499+00:00,2026-06-03 14:41:33,Abel,plug_2,NW_P2_Abel,P110,washing_machine,adeac0d9,normal_wash,5.0,1.666,235.674,0.043,1.296,1.775,,on,-70,,44 minute wash cycle
2026-06-03T09:11:38.570972+00:00,2026-06-03 14:41:38,Abel,plug_2,NW_P2_Abel,P110,washing_machine,adeac0d9,normal_wash,5.0,1.709,235.824,0.043,1.296,1.775,,on,-70,,44 minute wash cycle
2026-06-03T09:11:44.200036+00:00,2026-06-03 14:41:44,Abel,plug_2,NW_P2_Abel,P110,washing_machine,adeac0d9,normal_wash,5.0,1.679,235.822,0.043,1.296,1.775,,on,-69,,44 minute wash cycle
2026-06-03T09:11:49.730096+00:00,2026-06-03 14:41:49,Abel,plug_2,NW_P2_Abel,P110,washing_machine,adeac0d9,normal_wash,5.0,1.701,235.873,0.043,1.296,1.775,,on,-68,,44 minute wash cycle
2026-06-03T09:11:55.259557+00:00,2026-06-03 14:41:55,Abel,plug_2,NW_P2_Abel,P110,washing_machine,adeac0d9,normal_wash,5.0,1.624,235.997,0.043,1.296,1.775,,on,-66,,44 minute wash cycle
2026-06-03T09:12:00.996260+00:00,2026-06-03 14:42:00,Abel,plug_2,NW_P2_Abel,P110,washing_machine,adeac0d9,normal_wash,5.0,1.674,236.113,0.043,1.296,1.775,,on,-70,,44 minute wash cycle
2026-06-03T09:12:06.630718+00:00,2026-06-03 14:42:06,Abel,plug_2,NW_P2_Abel,P110,washing_machine,adeac0d9,normal_wash,5.0,1.688,236.223,0.043,1.296,1.775,,on,-67,,44 minute wash cycle
2026-06-03T09:12:12.209104+00:00,2026-06-03 14:42:12,Abel,plug_2,NW_P2_Abel,P110,washing_machine,adeac0d9,normal_wash,5.0,1.704,236.23,0.043,1.296,1.775,,on,-66,,44 minute wash cycle
2026-06-03T09:12:17.891008+00:00,2026-06-03 14:42:17,Abel,plug_2,NW_P2_Abel,P110,washing_machine,adeac0d9,normal_wash,5.0,1.638,236.041,0.043,1.296,1.775,,on,-67,,44 minute wash cycle
2026-06-03T09:12:23.727611+00:00,2026-06-03 14:42:23,Abel,plug_2,NW_P2_Abel,P110,washing_machine,adeac0d9,normal_wash,5.0,1.716,236.066,0.043,1.296,1.775,,on,-70,,44 minute wash cycle
2026-06-03T09:12:29.496629+00:00,2026-06-03 14:42:29,Abel,plug_2,NW_P2_Abel,P110,washing_machine,adeac0d9,normal_wash,5.0,1.611,235.925,0.043,1.296,1.775,,on,-72,,44 minute wash cycle
2026-06-03T09:12:35.914806+00:00,2026-06-03 14:42:35,Abel,plug_2,NW_P2_Abel,P110,washing_machine,adeac0d9,normal_wash,5.0,1.68,236.067,0.043,1.296,1.775,,on,-73,,44 minute wash cycle
2026-06-03T09:12:41.648360+00:00,2026-06-03 14:42:41,Abel,plug_2,NW_P2_Abel,P110,washing_machine,adeac0d9,normal_wash,5.0,1.757,236.142,0.043,1.296,1.775,,on,-71,,44 minute wash cycle
2026-06-03T09:12:47.194429+00:00,2026-06-03 14:42:47,Abel,plug_2,NW_P2_Abel,P110,washing_machine,adeac0d9,normal_wash,5.0,1.684,236.29,0.043,1.296,1.775,,on,-71,,44 minute wash cycle
2026-06-03T09:12:52.804740+00:00,2026-06-03 14:42:52,Abel,plug_2,NW_P2_Abel,P110,washing_machine,adeac0d9,normal_wash,5.0,1.609,236.224,0.043,1.296,1.775,,on,-71,,44 minute wash cycle
2026-06-03T09:12:58.609072+00:00,2026-06-03 14:42:58,Abel,plug_2,NW_P2_Abel,P110,washing_machine,adeac0d9,normal_wash,5.0,1.71,236.4,0.043,1.296,1.775,,on,-71,,44 minute wash cycle
2026-06-03T09:13:04.386070+00:00,2026-06-03 14:43:04,Abel,plug_2,NW_P2_Abel,P110,washing_machine,adeac0d9,normal_wash,5.0,1.792,236.687,0.043,1.296,1.775,,on,-73,,44 minute wash cycle
2026-06-03T09:13:10.212357+00:00,2026-06-03 14:43:10,Abel,plug_2,NW_P2_Abel,P110,washing_machine,adeac0d9,normal_wash,5.0,1.76,236.763,0.043,1.296,1.775,,on,-69,,44 minute wash cycle
2026-06-03T09:13:16.156892+00:00,2026-06-03 14:43:16,Abel,plug_2,NW_P2_Abel,P110,washing_machine,adeac0d9,normal_wash,5.0,1.779,236.792,0.043,1.296,1.775,,on,-73,,44 minute wash cycle
2026-06-03T09:13:22.965623+00:00,2026-06-03 14:43:22,Abel,plug_2,NW_P2_Abel,P110,washing_machine,adeac0d9,normal_wash,5.0,1.714,236.892,0.043,1.296,1.775,,on,-74,,44 minute wash cycle
2026-06-03T09:13:28.859099+00:00,2026-06-03 14:43:28,Abel,plug_2,NW_P2_Abel,P110,washing_machine,adeac0d9,normal_wash,5.0,1.692,237.043,0.043,1.296,1.775,,on,-78,,44 minute wash cycle
2026-06-03T09:13:34.389170+00:00,2026-06-03 14:43:34,Abel,plug_2,NW_P2_Abel,P110,washing_machine,adeac0d9,normal_wash,5.0,1.709,237.09,0.043,1.296,1.775,,on,-70,,44 minute wash cycle
2026-06-03T09:13:40.119838+00:00,2026-06-03 14:43:40,Abel,plug_2,NW_P2_Abel,P110,washing_machine,adeac0d9,normal_wash,5.0,1.725,237.274,0.043,1.296,1.775,,on,-68,,44 minute wash cycle
2026-06-03T09:13:45.715172+00:00,2026-06-03 14:43:45,Abel,plug_2,NW_P2_Abel,P110,washing_machine,adeac0d9,normal_wash,5.0,1.608,237.27,0.043,1.296,1.775,,on,-70,,44 minute wash cycle
2026-06-03T09:13:51.011430+00:00,2026-06-03 14:43:51,Abel,plug_2,NW_P2_Abel,P110,washing_machine,adeac0d9,normal_wash,5.0,1.656,237.154,0.043,1.296,1.775,,on,-70,,44 minute wash cycle
2026-06-03T09:13:56.606367+00:00,2026-06-03 14:43:56,Abel,plug_2,NW_P2_Abel,P110,washing_machine,adeac0d9,normal_wash,5.0,1.666,237.266,0.043,1.296,1.775,,on,-69,,44 minute wash cycle
2026-06-03T09:14:02.278325+00:00,2026-06-03 14:44:02,Abel,plug_2,NW_P2_Abel,P110,washing_machine,adeac0d9,normal_wash,5.0,1.676,236.774,0.043,1.296,1.775,,on,-71,,44 minute wash cycle
2026-06-03T09:14:08.124103+00:00,2026-06-03 14:44:08,Abel,plug_2,NW_P2_Abel,P110,washing_machine,adeac0d9,normal_wash,5.0,1.655,236.935,0.043,1.296,1.775,,on,-69,,44 minute wash cycle
2026-06-03T09:14:13.711636+00:00,2026-06-03 14:44:13,Abel,plug_2,NW_P2_Abel,P110,washing_machine,adeac0d9,normal_wash,5.0,1.693,236.946,0.043,1.296,1.775,,on,-71,,44 minute wash cycle
2026-06-03T09:14:19.436579+00:00,2026-06-03 14:44:19,Abel,plug_2,NW_P2_Abel,P110,washing_machine,adeac0d9,normal_wash,5.0,1.632,236.978,0.043,1.296,1.775,,on,-70,,44 minute wash cycle
2026-06-03T09:14:24.969051+00:00,2026-06-03 14:44:24,Abel,plug_2,NW_P2_Abel,P110,washing_machine,adeac0d9,normal_wash,5.0,1.672,236.936,0.043,1.296,1.775,,on,-69,,44 minute wash cycle
2026-06-03T09:14:31.170042+00:00,2026-06-03 14:44:31,Abel,plug_2,NW_P2_Abel,P110,washing_machine,adeac0d9,normal_wash,5.0,1.694,237.059,0.043,1.296,1.775,,on,-67,,44 minute wash cycle
2026-06-03T09:14:38.796540+00:00,2026-06-03 14:44:38,Abel,plug_2,NW_P2_Abel,P110,washing_machine,adeac0d9,normal_wash,5.0,1.728,236.938,0.043,1.296,1.775,,on,-68,,44 minute wash cycle
2026-06-03T09:14:44.763532+00:00,2026-06-03 14:44:44,Abel,plug_2,NW_P2_Abel,P110,washing_machine,adeac0d9,normal_wash,5.0,1.695,236.965,0.043,1.296,1.775,,on,-68,,44 minute wash cycle
2026-06-03T09:14:50.572466+00:00,2026-06-03 14:44:50,Abel,plug_2,NW_P2_Abel,P110,washing_machine,adeac0d9,normal_wash,5.0,1.621,236.97,0.043,1.296,1.775,,on,-67,,44 minute wash cycle
2026-06-03T09:14:56.204973+00:00,2026-06-03 14:44:56,Abel,plug_2,NW_P2_Abel,P110,washing_machine,adeac0d9,normal_wash,5.0,1.586,237.099,0.043,1.296,1.775,,on,-76,,44 minute wash cycle
2026-06-03T09:15:02.239300+00:00,2026-06-03 14:45:02,Abel,plug_2,NW_P2_Abel,P110,washing_machine,adeac0d9,normal_wash,5.0,1.617,237.058,0.043,1.296,1.775,,on,-69,,44 minute wash cycle
2026-06-03T09:15:07.724420+00:00,2026-06-03 14:45:07,Abel,plug_2,NW_P2_Abel,P110,washing_machine,adeac0d9,normal_wash,5.0,1.782,236.992,0.043,1.296,1.775,,on,-66,,44 minute wash cycle
2026-06-03T09:15:13.345391+00:00,2026-06-03 14:45:13,Abel,plug_2,NW_P2_Abel,P110,washing_machine,adeac0d9,normal_wash,5.0,1.702,237.097,0.043,1.296,1.775,,on,-72,,44 minute wash cycle
2026-06-03T09:15:18.839470+00:00,2026-06-03 14:45:18,Abel,plug_2,NW_P2_Abel,P110,washing_machine,adeac0d9,normal_wash,5.0,1.655,237.032,0.043,1.296,1.775,,on,-68,,44 minute wash cycle
2026-06-03T09:15:24.365652+00:00,2026-06-03 14:45:24,Abel,plug_2,NW_P2_Abel,P110,washing_machine,adeac0d9,normal_wash,5.0,1.722,236.911,0.043,1.296,1.775,,on,-66,,44 minute wash cycle
2026-06-03T09:15:30.715093+00:00,2026-06-03 14:45:30,Abel,plug_2,NW_P2_Abel,P110,washing_machine,adeac0d9,normal_wash,5.0,1.7,236.989,0.043,1.296,1.775,,on,-78,,44 minute wash cycle
2026-06-03T09:15:36.536115+00:00,2026-06-03 14:45:36,Abel,plug_2,NW_P2_Abel,P110,washing_machine,adeac0d9,normal_wash,5.0,1.69,237.051,0.043,1.296,1.775,,on,-71,,44 minute wash cycle
2026-06-03T09:15:42.285929+00:00,2026-06-03 14:45:42,Abel,plug_2,NW_P2_Abel,P110,washing_machine,adeac0d9,normal_wash,5.0,1.714,236.944,0.043,1.296,1.775,,on,-69,,44 minute wash cycle
2026-06-03T09:15:49.156134+00:00,2026-06-03 14:45:49,Abel,plug_2,NW_P2_Abel,P110,washing_machine,adeac0d9,normal_wash,5.0,1.752,236.895,0.043,1.296,1.775,,on,-78,,44 minute wash cycle
2026-06-03T09:15:55.087001+00:00,2026-06-03 14:45:55,Abel,plug_2,NW_P2_Abel,P110,washing_machine,adeac0d9,normal_wash,5.0,1.734,236.932,0.043,1.296,1.775,,on,-70,,44 minute wash cycle
2026-06-03T09:16:00.816150+00:00,2026-06-03 14:46:00,Abel,plug_2,NW_P2_Abel,P110,washing_machine,adeac0d9,normal_wash,5.0,1.695,237.126,0.043,1.296,1.775,,on,-68,,44 minute wash cycle
2026-06-03T09:16:06.351087+00:00,2026-06-03 14:46:06,Abel,plug_2,NW_P2_Abel,P110,washing_machine,adeac0d9,normal_wash,5.0,1.738,237.072,0.043,1.296,1.775,,on,-70,,44 minute wash cycle
2026-06-03T09:16:12.295798+00:00,2026-06-03 14:46:12,Abel,plug_2,NW_P2_Abel,P110,washing_machine,adeac0d9,normal_wash,5.0,1.696,236.933,0.043,1.296,1.775,,on,-70,,44 minute wash cycle
2026-06-03T09:16:17.756619+00:00,2026-06-03 14:46:17,Abel,plug_2,NW_P2_Abel,P110,washing_machine,adeac0d9,normal_wash,5.0,1.71,236.92,0.043,1.296,1.775,,on,-74,,44 minute wash cycle
2026-06-03T09:16:24.468849+00:00,2026-06-03 14:46:24,Abel,plug_2,NW_P2_Abel,P110,washing_machine,adeac0d9,normal_wash,5.0,1.672,236.792,0.043,1.296,1.775,,on,-71,,44 minute wash cycle
2026-06-03T09:16:30.581432+00:00,2026-06-03 14:46:30,Abel,plug_2,NW_P2_Abel,P110,washing_machine,adeac0d9,normal_wash,5.0,1.654,236.978,0.043,1.296,1.775,,on,-71,,44 minute wash cycle
2026-06-03T09:16:36.450950+00:00,2026-06-03 14:46:36,Abel,plug_2,NW_P2_Abel,P110,washing_machine,adeac0d9,normal_wash,5.0,1.755,237.172,0.043,1.296,1.775,,on,-71,,44 minute wash cycle
2026-06-03T09:16:43.122276+00:00,2026-06-03 14:46:43,Abel,plug_2,NW_P2_Abel,P110,washing_machine,adeac0d9,normal_wash,5.0,1.678,237.171,0.043,1.296,1.775,,on,-72,,44 minute wash cycle
2026-06-03T09:16:48.886650+00:00,2026-06-03 14:46:48,Abel,plug_2,NW_P2_Abel,P110,washing_machine,adeac0d9,normal_wash,5.0,1.717,237.206,0.043,1.296,1.775,,on,-70,,44 minute wash cycle
2026-06-03T09:16:54.985049+00:00,2026-06-03 14:46:54,Abel,plug_2,NW_P2_Abel,P110,washing_machine,adeac0d9,normal_wash,5.0,1.802,237.229,0.043,1.296,1.775,,on,-68,,44 minute wash cycle
2026-06-03T09:17:01.858101+00:00,2026-06-03 14:47:01,Abel,plug_2,NW_P2_Abel,P110,washing_machine,adeac0d9,normal_wash,5.0,1.682,237.267,0.043,1.296,1.775,,on,-68,,44 minute wash cycle
2026-06-03T09:17:09.123252+00:00,2026-06-03 14:47:09,Abel,plug_2,NW_P2_Abel,P110,washing_machine,adeac0d9,normal_wash,5.0,1.771,237.229,0.043,1.296,1.775,,on,-71,,44 minute wash cycle
2026-06-03T09:17:15.056462+00:00,2026-06-03 14:47:15,Abel,plug_2,NW_P2_Abel,P110,washing_machine,adeac0d9,normal_wash,5.0,1.747,237.379,0.043,1.296,1.775,,on,-71,,44 minute wash cycle
2026-06-03T09:17:21.200960+00:00,2026-06-03 14:47:21,Abel,plug_2,NW_P2_Abel,P110,washing_machine,adeac0d9,normal_wash,5.0,1.72,237.32,0.044,1.296,1.775,,on,-72,,44 minute wash cycle
2026-06-03T09:17:27.146416+00:00,2026-06-03 14:47:27,Abel,plug_2,NW_P2_Abel,P110,washing_machine,adeac0d9,normal_wash,5.0,1.812,237.258,0.043,1.296,1.775,,on,-69,,44 minute wash cycle
2026-06-03T09:17:32.880645+00:00,2026-06-03 14:47:32,Abel,plug_2,NW_P2_Abel,P110,washing_machine,adeac0d9,normal_wash,5.0,1.668,237.398,0.043,1.296,1.775,,on,-71,,44 minute wash cycle
2026-06-03T09:17:38.852279+00:00,2026-06-03 14:47:38,Abel,plug_2,NW_P2_Abel,P110,washing_machine,adeac0d9,normal_wash,5.0,1.691,237.303,0.043,1.296,1.775,,on,-71,,44 minute wash cycle
2026-06-03T09:17:44.958285+00:00,2026-06-03 14:47:44,Abel,plug_2,NW_P2_Abel,P110,washing_machine,adeac0d9,normal_wash,5.0,1.732,237.458,0.043,1.296,1.775,,on,-68,,44 minute wash cycle
2026-06-03T09:17:50.537122+00:00,2026-06-03 14:47:50,Abel,plug_2,NW_P2_Abel,P110,washing_machine,adeac0d9,normal_wash,5.0,1.652,237.446,0.043,1.296,1.775,,on,-73,,44 minute wash cycle
2026-06-03T09:17:56.228883+00:00,2026-06-03 14:47:56,Abel,plug_2,NW_P2_Abel,P110,washing_machine,adeac0d9,normal_wash,5.0,1.719,237.575,0.043,1.296,1.775,,on,-65,,44 minute wash cycle
2026-06-03T09:18:03.832785+00:00,2026-06-03 14:48:03,Abel,plug_2,NW_P2_Abel,P110,washing_machine,adeac0d9,normal_wash,5.0,1.705,237.59,0.043,1.296,1.775,,on,-72,,44 minute wash cycle
2026-06-03T09:18:09.863545+00:00,2026-06-03 14:48:09,Abel,plug_2,NW_P2_Abel,P110,washing_machine,adeac0d9,normal_wash,5.0,1.739,237.708,0.043,1.296,1.775,,on,-69,,44 minute wash cycle
2026-06-03T09:18:16.907851+00:00,2026-06-03 14:48:16,Abel,plug_2,NW_P2_Abel,P110,washing_machine,adeac0d9,normal_wash,5.0,1.657,237.671,0.043,1.296,1.775,,on,-67,,44 minute wash cycle
2026-06-03T09:18:25.204114+00:00,2026-06-03 14:48:25,Abel,plug_2,NW_P2_Abel,P110,washing_machine,adeac0d9,normal_wash,5.0,1.688,237.647,0.043,1.296,1.775,,on,-73,,44 minute wash cycle
2026-06-03T09:18:30.754987+00:00,2026-06-03 14:48:30,Abel,plug_2,NW_P2_Abel,P110,washing_machine,adeac0d9,normal_wash,5.0,1.622,237.622,0.043,1.296,1.775,,on,-74,,44 minute wash cycle
2026-06-03T09:18:36.694882+00:00,2026-06-03 14:48:36,Abel,plug_2,NW_P2_Abel,P110,washing_machine,adeac0d9,normal_wash,5.0,1.673,237.853,0.043,1.296,1.775,,on,-71,,44 minute wash cycle
2026-06-03T09:18:42.407210+00:00,2026-06-03 14:48:42,Abel,plug_2,NW_P2_Abel,P110,washing_machine,adeac0d9,normal_wash,5.0,1.67,237.589,0.043,1.296,1.775,,on,-73,,44 minute wash cycle
2026-06-03T09:18:48.475036+00:00,2026-06-03 14:48:48,Abel,plug_2,NW_P2_Abel,P110,washing_machine,adeac0d9,normal_wash,5.0,1.706,237.597,0.043,1.296,1.775,,on,-73,,44 minute wash cycle
2026-06-03T09:18:54.700435+00:00,2026-06-03 14:48:54,Abel,plug_2,NW_P2_Abel,P110,washing_machine,adeac0d9,normal_wash,5.0,1.632,237.513,0.043,1.296,1.775,,on,-71,,44 minute wash cycle
2026-06-03T09:19:00.216416+00:00,2026-06-03 14:49:00,Abel,plug_2,NW_P2_Abel,P110,washing_machine,adeac0d9,normal_wash,5.0,1.688,237.595,0.043,1.296,1.775,,on,-77,,44 minute wash cycle
2026-06-03T09:19:05.959053+00:00,2026-06-03 14:49:05,Abel,plug_2,NW_P2_Abel,P110,washing_machine,adeac0d9,normal_wash,5.0,1.696,237.425,0.043,1.296,1.775,,on,-76,,44 minute wash cycle
2026-06-03T09:19:12.119667+00:00,2026-06-03 14:49:12,Abel,plug_2,NW_P2_Abel,P110,washing_machine,adeac0d9,normal_wash,5.0,1.733,237.478,0.043,1.296,1.775,,on,-76,,44 minute wash cycle
2026-06-03T09:19:20.214380+00:00,2026-06-03 14:49:20,Abel,plug_2,NW_P2_Abel,P110,washing_machine,adeac0d9,normal_wash,5.0,1.63,237.594,0.043,1.296,1.775,,on,-73,,44 minute wash cycle
2026-06-03T09:19:25.741751+00:00,2026-06-03 14:49:25,Abel,plug_2,NW_P2_Abel,P110,washing_machine,adeac0d9,normal_wash,5.0,1.733,236.971,0.043,1.296,1.775,,on,-73,,44 minute wash cycle
2026-06-03T09:19:31.011712+00:00,2026-06-03 14:49:31,Abel,plug_2,NW_P2_Abel,P110,washing_machine,adeac0d9,normal_wash,5.0,1.701,237.159,0.043,1.296,1.775,,on,-71,,44 minute wash cycle
2026-06-03T09:19:38.220638+00:00,2026-06-03 14:49:38,Abel,plug_2,NW_P2_Abel,P110,washing_machine,adeac0d9,normal_wash,5.0,1.661,236.973,0.043,1.296,1.775,,on,-72,,44 minute wash cycle
2026-06-03T09:19:44.151595+00:00,2026-06-03 14:49:44,Abel,plug_2,NW_P2_Abel,P110,washing_machine,adeac0d9,normal_wash,5.0,1.744,236.986,0.043,1.296,1.775,,on,-71,,44 minute wash cycle
2026-06-03T09:19:50.741099+00:00,2026-06-03 14:49:50,Abel,plug_2,NW_P2_Abel,P110,washing_machine,adeac0d9,normal_wash,5.0,1.73,236.878,0.043,1.296,1.775,,on,-74,,44 minute wash cycle
2026-06-03T09:19:56.552151+00:00,2026-06-03 14:49:56,Abel,plug_2,NW_P2_Abel,P110,washing_machine,adeac0d9,normal_wash,5.0,1.711,236.805,0.043,1.296,1.775,,on,-76,,44 minute wash cycle
2026-06-03T09:20:02.176455+00:00,2026-06-03 14:50:02,Abel,plug_2,NW_P2_Abel,P110,washing_machine,adeac0d9,normal_wash,5.0,1.636,237.541,0.043,1.296,1.775,,on,-68,,44 minute wash cycle
2026-06-03T09:20:07.866757+00:00,2026-06-03 14:50:07,Abel,plug_2,NW_P2_Abel,P110,washing_machine,adeac0d9,normal_wash,5.0,1.631,237.256,0.043,1.296,1.775,,on,-70,,44 minute wash cycle
2026-06-03T09:20:13.447990+00:00,2026-06-03 14:50:13,Abel,plug_2,NW_P2_Abel,P110,washing_machine,adeac0d9,normal_wash,5.0,1.827,237.303,0.043,1.296,1.775,,on,-69,,44 minute wash cycle
2026-06-03T09:20:19.087572+00:00,2026-06-03 14:50:19,Abel,plug_2,NW_P2_Abel,P110,washing_machine,adeac0d9,normal_wash,5.0,1.64,237.334,0.043,1.296,1.775,,on,-75,,44 minute wash cycle
2026-06-03T09:20:25.168241+00:00,2026-06-03 14:50:25,Abel,plug_2,NW_P2_Abel,P110,washing_machine,adeac0d9,normal_wash,5.0,1.7,237.287,0.043,1.296,1.775,,on,-67,,44 minute wash cycle
2026-06-03T09:20:31.014450+00:00,2026-06-03 14:50:31,Abel,plug_2,NW_P2_Abel,P110,washing_machine,adeac0d9,normal_wash,5.0,1.741,237.276,0.043,1.296,1.775,,on,-67,,44 minute wash cycle
2026-06-03T09:20:36.795163+00:00,2026-06-03 14:50:36,Abel,plug_2,NW_P2_Abel,P110,washing_machine,adeac0d9,normal_wash,5.0,1.687,237.355,0.043,1.296,1.775,,on,-71,,44 minute wash cycle
2026-06-03T09:20:42.427870+00:00,2026-06-03 14:50:42,Abel,plug_2,NW_P2_Abel,P110,washing_machine,adeac0d9,normal_wash,5.0,1.703,236.583,0.043,1.296,1.775,,on,-70,,44 minute wash cycle
2026-06-03T09:20:48.367624+00:00,2026-06-03 14:50:48,Abel,plug_2,NW_P2_Abel,P110,washing_machine,adeac0d9,normal_wash,5.0,1.676,236.633,0.043,1.296,1.775,,on,-73,,44 minute wash cycle
2026-06-03T09:20:55.125330+00:00,2026-06-03 14:50:55,Abel,plug_2,NW_P2_Abel,P110,washing_machine,adeac0d9,normal_wash,5.0,1.676,237.303,0.043,1.296,1.775,,on,-68,,44 minute wash cycle
2026-06-03T09:21:00.882801+00:00,2026-06-03 14:51:00,Abel,plug_2,NW_P2_Abel,P110,washing_machine,adeac0d9,normal_wash,5.0,1.699,237.198,0.043,1.296,1.775,,on,-73,,44 minute wash cycle
2026-06-03T09:21:06.562116+00:00,2026-06-03 14:51:06,Abel,plug_2,NW_P2_Abel,P110,washing_machine,adeac0d9,normal_wash,5.0,1.652,237.107,0.043,1.296,1.775,,on,-75,,44 minute wash cycle
2026-06-03T09:21:12.119933+00:00,2026-06-03 14:51:12,Abel,plug_2,NW_P2_Abel,P110,washing_machine,adeac0d9,normal_wash,5.0,1.798,237.321,0.043,1.296,1.775,,on,-72,,44 minute wash cycle
2026-06-03T09:21:18.623543+00:00,2026-06-03 14:51:18,Abel,plug_2,NW_P2_Abel,P110,washing_machine,adeac0d9,normal_wash,5.0,1.708,237.22,0.043,1.296,1.775,,on,-73,,44 minute wash cycle
2026-06-03T09:21:24.656179+00:00,2026-06-03 14:51:24,Abel,plug_2,NW_P2_Abel,P110,washing_machine,adeac0d9,normal_wash,5.0,1.647,236.472,0.043,1.296,1.775,,on,-71,,44 minute wash cycle
2026-06-03T09:21:30.700072+00:00,2026-06-03 14:51:30,Abel,plug_2,NW_P2_Abel,P110,washing_machine,adeac0d9,normal_wash,5.0,1.761,237.159,0.043,1.296,1.775,,on,-75,,44 minute wash cycle
2026-06-03T09:21:36.394184+00:00,2026-06-03 14:51:36,Abel,plug_2,NW_P2_Abel,P110,washing_machine,adeac0d9,normal_wash,5.0,1.67,236.968,0.043,1.296,1.775,,on,-72,,44 minute wash cycle
2026-06-03T09:21:42.636123+00:00,2026-06-03 14:51:42,Abel,plug_2,NW_P2_Abel,P110,washing_machine,adeac0d9,normal_wash,5.0,1.714,236.973,0.043,1.296,1.775,,on,-70,,44 minute wash cycle
2026-06-03T09:21:48.476725+00:00,2026-06-03 14:51:48,Abel,plug_2,NW_P2_Abel,P110,washing_machine,adeac0d9,normal_wash,5.0,1.703,236.893,0.043,1.296,1.775,,on,-72,,44 minute wash cycle
2026-06-03T09:21:54.621545+00:00,2026-06-03 14:51:54,Abel,plug_2,NW_P2_Abel,P110,washing_machine,adeac0d9,normal_wash,5.0,1.68,236.788,0.043,1.296,1.775,,on,-71,,44 minute wash cycle
2026-06-03T09:22:00.257825+00:00,2026-06-03 14:52:00,Abel,plug_2,NW_P2_Abel,P110,washing_machine,adeac0d9,normal_wash,5.0,1.655,236.001,0.043,1.296,1.775,,on,-72,,44 minute wash cycle
2026-06-03T09:22:05.997598+00:00,2026-06-03 14:52:05,Abel,plug_2,NW_P2_Abel,P110,washing_machine,adeac0d9,normal_wash,5.0,1.693,236.194,0.043,1.296,1.775,,on,-71,,44 minute wash cycle
2026-06-03T09:22:12.546512+00:00,2026-06-03 14:52:12,Abel,plug_2,NW_P2_Abel,P110,washing_machine,adeac0d9,normal_wash,5.0,1.636,236.863,0.043,1.296,1.775,,on,-71,,44 minute wash cycle
2026-06-03T09:22:17.804430+00:00,2026-06-03 14:52:17,Abel,plug_2,NW_P2_Abel,P110,washing_machine,adeac0d9,normal_wash,5.0,1.722,236.855,0.043,1.296,1.775,,on,-73,,44 minute wash cycle
2026-06-03T09:22:23.492276+00:00,2026-06-03 14:52:23,Abel,plug_2,NW_P2_Abel,P110,washing_machine,adeac0d9,normal_wash,5.0,1.768,236.927,0.043,1.296,1.775,,on,-69,,44 minute wash cycle
2026-06-03T09:22:29.842962+00:00,2026-06-03 14:52:29,Abel,plug_2,NW_P2_Abel,P110,washing_machine,adeac0d9,normal_wash,5.0,1.684,236.757,0.043,1.296,1.775,,on,-71,,44 minute wash cycle
2026-06-03T09:22:35.475455+00:00,2026-06-03 14:52:35,Abel,plug_2,NW_P2_Abel,P110,washing_machine,adeac0d9,normal_wash,5.0,1.647,236.795,0.043,1.296,1.775,,on,-71,,44 minute wash cycle
2026-06-03T09:22:41.112617+00:00,2026-06-03 14:52:41,Abel,plug_2,NW_P2_Abel,P110,washing_machine,adeac0d9,normal_wash,5.0,1.69,236.521,0.043,1.296,1.775,,on,-71,,44 minute wash cycle
2026-06-03T09:22:46.943525+00:00,2026-06-03 14:52:46,Abel,plug_2,NW_P2_Abel,P110,washing_machine,adeac0d9,normal_wash,5.0,1.73,236.547,0.043,1.296,1.775,,on,-70,,44 minute wash cycle
2026-06-03T09:22:53.170402+00:00,2026-06-03 14:52:53,Abel,plug_2,NW_P2_Abel,P110,washing_machine,adeac0d9,normal_wash,5.0,1.642,236.675,0.043,1.296,1.775,,on,-72,,44 minute wash cycle
2026-06-03T09:22:59.539882+00:00,2026-06-03 14:52:59,Abel,plug_2,NW_P2_Abel,P110,washing_machine,adeac0d9,normal_wash,5.0,1.714,236.641,0.043,1.296,1.775,,on,-71,,44 minute wash cycle
2026-06-03T09:23:05.279879+00:00,2026-06-03 14:53:05,Abel,plug_2,NW_P2_Abel,P110,washing_machine,adeac0d9,normal_wash,5.0,1.723,236.749,0.043,1.296,1.775,,on,-71,,44 minute wash cycle
2026-06-03T09:23:11.014071+00:00,2026-06-03 14:53:11,Abel,plug_2,NW_P2_Abel,P110,washing_machine,adeac0d9,normal_wash,5.0,1.767,236.754,0.043,1.296,1.775,,on,-70,,44 minute wash cycle
2026-06-03T09:23:17.050551+00:00,2026-06-03 14:53:17,Abel,plug_2,NW_P2_Abel,P110,washing_machine,adeac0d9,normal_wash,5.0,1.681,236.808,0.043,1.296,1.775,,on,-70,,44 minute wash cycle
2026-06-03T09:23:22.790371+00:00,2026-06-03 14:53:22,Abel,plug_2,NW_P2_Abel,P110,washing_machine,adeac0d9,normal_wash,5.0,1.729,236.844,0.043,1.296,1.775,,on,-71,,44 minute wash cycle
2026-06-03T09:23:28.331231+00:00,2026-06-03 14:53:28,Abel,plug_2,NW_P2_Abel,P110,washing_machine,adeac0d9,normal_wash,5.0,1.732,236.818,0.043,1.296,1.775,,on,-68,,44 minute wash cycle
2026-06-03T09:23:34.459402+00:00,2026-06-03 14:53:34,Abel,plug_2,NW_P2_Abel,P110,washing_machine,adeac0d9,normal_wash,5.0,1.826,237.044,0.043,1.296,1.775,,on,-68,,44 minute wash cycle
2026-06-03T09:23:40.309613+00:00,2026-06-03 14:53:40,Abel,plug_2,NW_P2_Abel,P110,washing_machine,adeac0d9,normal_wash,5.0,1.753,237.085,0.043,1.296,1.775,,on,-72,,44 minute wash cycle
2026-06-03T09:23:45.935399+00:00,2026-06-03 14:53:45,Abel,plug_2,NW_P2_Abel,P110,washing_machine,adeac0d9,normal_wash,5.0,1.699,236.814,0.043,1.296,1.775,,on,-70,,44 minute wash cycle
2026-06-03T09:23:51.565559+00:00,2026-06-03 14:53:51,Abel,plug_2,NW_P2_Abel,P110,washing_machine,adeac0d9,normal_wash,5.0,1.7,236.899,0.043,1.296,1.775,,on,-67,,44 minute wash cycle
2026-06-03T09:23:57.095572+00:00,2026-06-03 14:53:57,Abel,plug_2,NW_P2_Abel,P110,washing_machine,adeac0d9,normal_wash,5.0,1.655,236.877,0.043,1.296,1.775,,on,-67,,44 minute wash cycle
2026-06-03T09:24:03.231633+00:00,2026-06-03 14:54:03,Abel,plug_2,NW_P2_Abel,P110,washing_machine,adeac0d9,normal_wash,5.0,1.721,236.869,0.043,1.296,1.775,,on,-72,,44 minute wash cycle
2026-06-03T09:24:09.180011+00:00,2026-06-03 14:54:09,Abel,plug_2,NW_P2_Abel,P110,washing_machine,adeac0d9,normal_wash,5.0,1.714,236.812,0.043,1.296,1.775,,on,-71,,44 minute wash cycle
2026-06-03T09:24:14.913119+00:00,2026-06-03 14:54:14,Abel,plug_2,NW_P2_Abel,P110,washing_machine,adeac0d9,normal_wash,5.0,1.813,236.859,0.043,1.296,1.775,,on,-67,,44 minute wash cycle
2026-06-03T09:24:20.750235+00:00,2026-06-03 14:54:20,Abel,plug_2,NW_P2_Abel,P110,washing_machine,adeac0d9,normal_wash,5.0,1.742,236.858,0.043,1.296,1.775,,on,-76,,44 minute wash cycle
2026-06-03T09:24:27.611496+00:00,2026-06-03 14:54:27,Abel,plug_2,NW_P2_Abel,P110,washing_machine,adeac0d9,normal_wash,5.0,1.733,236.71,0.043,1.296,1.775,,on,-77,,44 minute wash cycle
2026-06-03T09:24:33.449385+00:00,2026-06-03 14:54:33,Abel,plug_2,NW_P2_Abel,P110,washing_machine,adeac0d9,normal_wash,5.0,1.685,236.912,0.043,1.296,1.775,,on,-75,,44 minute wash cycle
2026-06-03T09:24:39.382593+00:00,2026-06-03 14:54:39,Abel,plug_2,NW_P2_Abel,P110,washing_machine,adeac0d9,normal_wash,5.0,1.712,236.889,0.043,1.296,1.776,,on,-74,,44 minute wash cycle
2026-06-03T09:24:44.933556+00:00,2026-06-03 14:54:44,Abel,plug_2,NW_P2_Abel,P110,washing_machine,adeac0d9,normal_wash,5.0,1.682,236.833,0.043,1.296,1.776,,on,-74,,44 minute wash cycle
2026-06-03T09:24:50.822124+00:00,2026-06-03 14:54:50,Abel,plug_2,NW_P2_Abel,P110,washing_machine,adeac0d9,normal_wash,5.0,1.736,236.793,0.043,1.296,1.776,,on,-74,,44 minute wash cycle
2026-06-03T09:24:56.836278+00:00,2026-06-03 14:54:56,Abel,plug_2,NW_P2_Abel,P110,washing_machine,adeac0d9,normal_wash,5.0,1.663,236.859,0.043,1.296,1.776,,on,-71,,44 minute wash cycle
2026-06-03T09:25:02.633592+00:00,2026-06-03 14:55:02,Abel,plug_2,NW_P2_Abel,P110,washing_machine,adeac0d9,normal_wash,5.0,1.67,236.915,0.043,1.296,1.776,,on,-73,,44 minute wash cycle
2026-06-03T09:25:08.885413+00:00,2026-06-03 14:55:08,Abel,plug_2,NW_P2_Abel,P110,washing_machine,adeac0d9,normal_wash,5.0,1.63,236.803,0.043,1.296,1.776,,on,-73,,44 minute wash cycle
2026-06-03T09:25:16.560057+00:00,2026-06-03 14:55:16,Abel,plug_2,NW_P2_Abel,P110,washing_machine,adeac0d9,normal_wash,5.0,1.703,236.906,0.043,1.296,1.776,,on,-71,,44 minute wash cycle
2026-06-03T09:25:22.806022+00:00,2026-06-03 14:55:22,Abel,plug_2,NW_P2_Abel,P110,washing_machine,adeac0d9,normal_wash,5.0,1.732,236.898,0.043,1.296,1.776,,on,-74,,44 minute wash cycle
2026-06-03T09:25:29.535648+00:00,2026-06-03 14:55:29,Abel,plug_2,NW_P2_Abel,P110,washing_machine,adeac0d9,normal_wash,5.0,1.688,236.784,0.043,1.296,1.776,,on,-71,,44 minute wash cycle
2026-06-03T09:25:34.992175+00:00,2026-06-03 14:55:34,Abel,plug_2,NW_P2_Abel,P110,washing_machine,adeac0d9,normal_wash,5.0,1.722,236.724,0.043,1.296,1.776,,on,-70,,44 minute wash cycle
2026-06-03T09:25:40.522392+00:00,2026-06-03 14:55:40,Abel,plug_2,NW_P2_Abel,P110,washing_machine,adeac0d9,normal_wash,5.0,1.687,236.779,0.043,1.296,1.776,,on,-71,,44 minute wash cycle
2026-06-03T09:25:45.948966+00:00,2026-06-03 14:55:45,Abel,plug_2,NW_P2_Abel,P110,washing_machine,adeac0d9,normal_wash,5.0,1.697,236.783,0.043,1.296,1.776,,on,-69,,44 minute wash cycle
2026-06-03T09:25:51.692923+00:00,2026-06-03 14:55:51,Abel,plug_2,NW_P2_Abel,P110,washing_machine,adeac0d9,normal_wash,5.0,1.713,236.9,0.043,1.296,1.776,,on,-72,,44 minute wash cycle
2026-06-03T09:25:57.223135+00:00,2026-06-03 14:55:57,Abel,plug_2,NW_P2_Abel,P110,washing_machine,adeac0d9,normal_wash,5.0,1.708,236.985,0.043,1.296,1.776,,on,-78,,44 minute wash cycle
2026-06-03T09:26:04.996256+00:00,2026-06-03 14:56:04,Abel,plug_2,NW_P2_Abel,P110,washing_machine,adeac0d9,normal_wash,5.0,1.569,236.985,0.043,1.296,1.776,,on,-70,,44 minute wash cycle
2026-06-03T09:26:13.598024+00:00,2026-06-03 14:56:13,Abel,plug_2,NW_P2_Abel,P110,washing_machine,adeac0d9,normal_wash,5.0,1.702,236.883,0.043,1.296,1.776,,on,-70,,44 minute wash cycle
2026-06-03T09:26:20.058188+00:00,2026-06-03 14:56:20,Abel,plug_2,NW_P2_Abel,P110,washing_machine,adeac0d9,normal_wash,5.0,1.681,236.849,0.043,1.296,1.776,,on,-70,,44 minute wash cycle
2026-06-03T09:26:25.784020+00:00,2026-06-03 14:56:25,Abel,plug_2,NW_P2_Abel,P110,washing_machine,adeac0d9,normal_wash,5.0,1.69,236.787,0.043,1.296,1.776,,on,-72,,44 minute wash cycle
2026-06-03T09:26:31.923317+00:00,2026-06-03 14:56:31,Abel,plug_2,NW_P2_Abel,P110,washing_machine,adeac0d9,normal_wash,5.0,1.758,236.847,0.043,1.296,1.776,,on,-72,,44 minute wash cycle
2026-06-03T09:26:37.763940+00:00,2026-06-03 14:56:37,Abel,plug_2,NW_P2_Abel,P110,washing_machine,adeac0d9,normal_wash,5.0,1.693,236.835,0.043,1.296,1.776,,on,-71,,44 minute wash cycle
2026-06-03T09:26:43.343544+00:00,2026-06-03 14:56:43,Abel,plug_2,NW_P2_Abel,P110,washing_machine,adeac0d9,normal_wash,5.0,1.595,236.817,0.043,1.296,1.776,,on,-71,,44 minute wash cycle
2026-06-03T09:26:49.131592+00:00,2026-06-03 14:56:49,Abel,plug_2,NW_P2_Abel,P110,washing_machine,adeac0d9,normal_wash,5.0,1.725,236.984,0.043,1.296,1.776,,on,-70,,44 minute wash cycle
2026-06-03T09:26:56.083087+00:00,2026-06-03 14:56:56,Abel,plug_2,NW_P2_Abel,P110,washing_machine,adeac0d9,normal_wash,5.0,1.693,236.988,0.043,1.296,1.776,,on,-70,,44 minute wash cycle
2026-06-03T09:27:02.034050+00:00,2026-06-03 14:57:02,Abel,plug_2,NW_P2_Abel,P110,washing_machine,adeac0d9,normal_wash,5.0,1.713,236.949,0.043,1.296,1.776,,on,-71,,44 minute wash cycle
2026-06-03T09:27:09.407541+00:00,2026-06-03 14:57:09,Abel,plug_2,NW_P2_Abel,P110,washing_machine,adeac0d9,normal_wash,5.0,1.754,236.848,0.043,1.296,1.776,,on,-72,,44 minute wash cycle
2026-06-03T09:27:15.244216+00:00,2026-06-03 14:57:15,Abel,plug_2,NW_P2_Abel,P110,washing_machine,adeac0d9,normal_wash,5.0,1.684,236.871,0.043,1.296,1.776,,on,-68,,44 minute wash cycle
2026-06-03T09:27:21.297194+00:00,2026-06-03 14:57:21,Abel,plug_2,NW_P2_Abel,P110,washing_machine,adeac0d9,normal_wash,5.0,1.747,236.872,0.043,1.296,1.776,,on,-78,,44 minute wash cycle
2026-06-03T09:27:27.020720+00:00,2026-06-03 14:57:27,Abel,plug_2,NW_P2_Abel,P110,washing_machine,adeac0d9,normal_wash,5.0,1.728,236.74,0.043,1.296,1.776,,on,-70,,44 minute wash cycle
2026-06-03T09:27:33.471197+00:00,2026-06-03 14:57:33,Abel,plug_2,NW_P2_Abel,P110,washing_machine,adeac0d9,normal_wash,5.0,1.631,236.798,0.043,1.296,1.776,,on,-74,,44 minute wash cycle
2026-06-03T09:27:39.006587+00:00,2026-06-03 14:57:39,Abel,plug_2,NW_P2_Abel,P110,washing_machine,adeac0d9,normal_wash,5.0,1.705,236.573,0.043,1.296,1.776,,on,-68,,44 minute wash cycle
2026-06-03T09:27:44.692970+00:00,2026-06-03 14:57:44,Abel,plug_2,NW_P2_Abel,P110,washing_machine,adeac0d9,normal_wash,5.0,1.779,236.498,0.043,1.296,1.776,,on,-72,,44 minute wash cycle
2026-06-03T09:27:50.261253+00:00,2026-06-03 14:57:50,Abel,plug_2,NW_P2_Abel,P110,washing_machine,adeac0d9,normal_wash,5.0,1.682,236.274,0.043,1.296,1.776,,on,-74,,44 minute wash cycle
2026-06-03T09:27:56.119647+00:00,2026-06-03 14:57:56,Abel,plug_2,NW_P2_Abel,P110,washing_machine,adeac0d9,normal_wash,5.0,1.668,236.599,0.043,1.296,1.776,,on,-73,,44 minute wash cycle
2026-06-03T09:28:02.230151+00:00,2026-06-03 14:58:02,Abel,plug_2,NW_P2_Abel,P110,washing_machine,adeac0d9,normal_wash,5.0,1.721,236.579,0.043,1.296,1.776,,on,-77,,44 minute wash cycle
2026-06-03T09:28:07.975452+00:00,2026-06-03 14:58:07,Abel,plug_2,NW_P2_Abel,P110,washing_machine,adeac0d9,normal_wash,5.0,1.635,236.533,0.043,1.296,1.776,,on,-71,,44 minute wash cycle
2026-06-03T09:28:13.589220+00:00,2026-06-03 14:58:13,Abel,plug_2,NW_P2_Abel,P110,washing_machine,adeac0d9,normal_wash,5.0,1.601,236.459,0.043,1.296,1.776,,on,-67,,44 minute wash cycle
2026-06-03T09:28:19.656280+00:00,2026-06-03 14:58:19,Abel,plug_2,NW_P2_Abel,P110,washing_machine,adeac0d9,normal_wash,5.0,1.694,236.428,0.043,1.296,1.776,,on,-69,,44 minute wash cycle
2026-06-03T09:28:25.286887+00:00,2026-06-03 14:58:25,Abel,plug_2,NW_P2_Abel,P110,washing_machine,adeac0d9,normal_wash,5.0,1.597,236.358,0.043,1.296,1.776,,on,-71,,44 minute wash cycle
2026-06-03T09:28:31.124388+00:00,2026-06-03 14:58:31,Abel,plug_2,NW_P2_Abel,P110,washing_machine,adeac0d9,normal_wash,5.0,1.686,236.137,0.043,1.296,1.776,,on,-74,,44 minute wash cycle
2026-06-03T09:28:39.727096+00:00,2026-06-03 14:58:39,Abel,plug_2,NW_P2_Abel,P110,washing_machine,adeac0d9,normal_wash,5.0,1.619,236.321,0.043,1.296,1.776,,on,-67,,44 minute wash cycle
2026-06-03T09:28:45.563626+00:00,2026-06-03 14:58:45,Abel,plug_2,NW_P2_Abel,P110,washing_machine,adeac0d9,normal_wash,5.0,1.738,236.217,0.043,1.296,1.776,,on,-70,,44 minute wash cycle
2026-06-03T09:28:51.205177+00:00,2026-06-03 14:58:51,Abel,plug_2,NW_P2_Abel,P110,washing_machine,adeac0d9,normal_wash,5.0,1.653,236.09,0.043,1.296,1.776,,on,-70,,44 minute wash cycle
2026-06-03T09:28:56.730430+00:00,2026-06-03 14:58:56,Abel,plug_2,NW_P2_Abel,P110,washing_machine,adeac0d9,normal_wash,5.0,1.71,236.054,0.043,1.296,1.776,,on,-70,,44 minute wash cycle
2026-06-03T09:29:02.357426+00:00,2026-06-03 14:59:02,Abel,plug_2,NW_P2_Abel,P110,washing_machine,adeac0d9,normal_wash,5.0,1.645,235.854,0.043,1.296,1.776,,on,-69,,44 minute wash cycle
2026-06-03T09:29:09.461947+00:00,2026-06-03 14:59:09,Abel,plug_2,NW_P2_Abel,P110,washing_machine,adeac0d9,normal_wash,5.0,1.686,236.004,0.043,1.296,1.776,,on,-72,,44 minute wash cycle
2026-06-03T09:29:15.302164+00:00,2026-06-03 14:59:15,Abel,plug_2,NW_P2_Abel,P110,washing_machine,adeac0d9,normal_wash,5.0,1.687,235.984,0.043,1.296,1.776,,on,-68,,44 minute wash cycle
2026-06-03T09:29:20.577651+00:00,2026-06-03 14:59:20,Abel,plug_2,NW_P2_Abel,P110,washing_machine,adeac0d9,normal_wash,5.0,1.682,235.742,0.043,1.296,1.776,,on,-69,,44 minute wash cycle
2026-06-03T09:29:26.065884+00:00,2026-06-03 14:59:26,Abel,plug_2,NW_P2_Abel,P110,washing_machine,adeac0d9,normal_wash,5.0,1.683,235.688,0.043,1.296,1.776,,on,-69,,44 minute wash cycle
2026-06-03T09:29:31.745922+00:00,2026-06-03 14:59:31,Abel,plug_2,NW_P2_Abel,P110,washing_machine,adeac0d9,normal_wash,5.0,1.763,235.645,0.043,1.296,1.776,,on,-68,,44 minute wash cycle
2026-06-03T09:29:37.381093+00:00,2026-06-03 14:59:37,Abel,plug_2,NW_P2_Abel,P110,washing_machine,adeac0d9,normal_wash,5.0,1.607,235.498,0.042,1.296,1.776,,on,-70,,44 minute wash cycle
2026-06-03T09:29:43.210098+00:00,2026-06-03 14:59:43,Abel,plug_2,NW_P2_Abel,P110,washing_machine,adeac0d9,normal_wash,5.0,1.716,235.421,0.043,1.296,1.776,,on,-70,,44 minute wash cycle
2026-06-03T09:29:48.944895+00:00,2026-06-03 14:59:48,Abel,plug_2,NW_P2_Abel,P110,washing_machine,adeac0d9,normal_wash,5.0,1.6,235.369,0.043,1.296,1.776,,on,-67,,44 minute wash cycle
2026-06-03T09:29:54.679409+00:00,2026-06-03 14:59:54,Abel,plug_2,NW_P2_Abel,P110,washing_machine,adeac0d9,normal_wash,5.0,1.608,235.331,0.043,1.296,1.776,,on,-72,,44 minute wash cycle
2026-06-03T09:30:01.642959+00:00,2026-06-03 15:00:01,Abel,plug_2,NW_P2_Abel,P110,washing_machine,adeac0d9,normal_wash,5.0,1.649,235.405,0.042,1.296,1.776,,on,-68,,44 minute wash cycle
2026-06-03T09:30:07.383105+00:00,2026-06-03 15:00:07,Abel,plug_2,NW_P2_Abel,P110,washing_machine,adeac0d9,normal_wash,5.0,1.743,235.466,0.043,1.296,1.776,,on,-71,,44 minute wash cycle
2026-06-03T09:30:13.244618+00:00,2026-06-03 15:00:13,Abel,plug_2,NW_P2_Abel,P110,washing_machine,adeac0d9,normal_wash,5.0,1.672,235.464,0.043,1.296,1.776,,on,-67,,44 minute wash cycle
2026-06-03T09:30:19.774963+00:00,2026-06-03 15:00:19,Abel,plug_2,NW_P2_Abel,P110,washing_machine,adeac0d9,normal_wash,5.0,1.765,235.581,0.043,1.296,1.776,,on,-69,,44 minute wash cycle
2026-06-03T09:30:26.020467+00:00,2026-06-03 15:00:26,Abel,plug_2,NW_P2_Abel,P110,washing_machine,adeac0d9,normal_wash,5.0,1.617,235.504,0.043,1.296,1.776,,on,-67,,44 minute wash cycle
2026-06-03T09:30:32.171776+00:00,2026-06-03 15:00:32,Abel,plug_2,NW_P2_Abel,P110,washing_machine,adeac0d9,normal_wash,5.0,1.719,235.376,0.043,1.296,1.776,,on,-71,,44 minute wash cycle
2026-06-03T09:30:37.422837+00:00,2026-06-03 15:00:37,Abel,plug_2,NW_P2_Abel,P110,washing_machine,adeac0d9,normal_wash,5.0,1.718,235.319,0.043,1.296,1.776,,on,-69,,44 minute wash cycle
2026-06-03T09:30:42.684630+00:00,2026-06-03 15:00:42,Abel,plug_2,NW_P2_Abel,P110,washing_machine,adeac0d9,normal_wash,5.0,1.611,235.221,0.043,1.296,1.776,,on,-73,,44 minute wash cycle
2026-06-03T09:30:48.344504+00:00,2026-06-03 15:00:48,Abel,plug_2,NW_P2_Abel,P110,washing_machine,adeac0d9,normal_wash,5.0,1.662,235.332,0.043,1.296,1.776,,on,-67,,44 minute wash cycle
2026-06-03T09:30:53.915820+00:00,2026-06-03 15:00:53,Abel,plug_2,NW_P2_Abel,P110,washing_machine,adeac0d9,normal_wash,5.0,1.623,235.304,0.043,1.296,1.776,,on,-69,,44 minute wash cycle
2026-06-03T09:30:59.243704+00:00,2026-06-03 15:00:59,Abel,plug_2,NW_P2_Abel,P110,washing_machine,adeac0d9,normal_wash,5.0,1.694,235.17,0.043,1.296,1.776,,on,-71,,44 minute wash cycle
2026-06-03T09:31:04.935128+00:00,2026-06-03 15:01:04,Abel,plug_2,NW_P2_Abel,P110,washing_machine,adeac0d9,normal_wash,5.0,1.598,235.101,0.043,1.296,1.776,,on,-69,,44 minute wash cycle
2026-06-03T09:31:11.054550+00:00,2026-06-03 15:01:11,Abel,plug_2,NW_P2_Abel,P110,washing_machine,adeac0d9,normal_wash,5.0,1.583,234.996,0.043,1.296,1.776,,on,-67,,44 minute wash cycle
2026-06-03T09:31:18.247625+00:00,2026-06-03 15:01:18,Abel,plug_2,NW_P2_Abel,P110,washing_machine,adeac0d9,normal_wash,5.0,1.697,235.05,0.043,1.296,1.776,,on,-74,,44 minute wash cycle
2026-06-03T09:31:23.879308+00:00,2026-06-03 15:01:23,Abel,plug_2,NW_P2_Abel,P110,washing_machine,adeac0d9,normal_wash,5.0,1.635,235.206,0.043,1.296,1.776,,on,-71,,44 minute wash cycle
2026-06-03T09:31:29.538937+00:00,2026-06-03 15:01:29,Abel,plug_2,NW_P2_Abel,P110,washing_machine,adeac0d9,normal_wash,5.0,1.717,235.108,0.043,1.296,1.776,,on,-68,,44 minute wash cycle
2026-06-03T09:31:34.978397+00:00,2026-06-03 15:01:34,Abel,plug_2,NW_P2_Abel,P110,washing_machine,adeac0d9,normal_wash,5.0,1.629,235.079,0.043,1.296,1.776,,on,-71,,44 minute wash cycle
2026-06-03T09:31:40.775735+00:00,2026-06-03 15:01:40,Abel,plug_2,NW_P2_Abel,P110,washing_machine,adeac0d9,normal_wash,5.0,1.742,234.925,0.043,1.296,1.776,,on,-72,,44 minute wash cycle
2026-06-03T09:31:46.518899+00:00,2026-06-03 15:01:46,Abel,plug_2,NW_P2_Abel,P110,washing_machine,adeac0d9,normal_wash,5.0,1.661,235.012,0.043,1.296,1.776,,on,-71,,44 minute wash cycle
2026-06-03T09:31:53.678222+00:00,2026-06-03 15:01:53,Abel,plug_2,NW_P2_Abel,P110,washing_machine,adeac0d9,normal_wash,5.0,1.713,234.93,0.043,1.296,1.776,,on,-70,,44 minute wash cycle
2026-06-03T09:31:59.267365+00:00,2026-06-03 15:01:59,Abel,plug_2,NW_P2_Abel,P110,washing_machine,adeac0d9,normal_wash,5.0,1.729,234.813,0.043,1.296,1.776,,on,-66,,44 minute wash cycle
2026-06-03T09:32:06.188764+00:00,2026-06-03 15:02:06,Abel,plug_2,NW_P2_Abel,P110,washing_machine,adeac0d9,normal_wash,5.0,1.626,234.873,0.043,1.296,1.776,,on,-70,,44 minute wash cycle
2026-06-03T09:32:12.163296+00:00,2026-06-03 15:02:12,Abel,plug_2,NW_P2_Abel,P110,washing_machine,adeac0d9,normal_wash,5.0,1.67,234.874,0.043,1.296,1.776,,on,-68,,44 minute wash cycle
2026-06-03T09:32:18.555515+00:00,2026-06-03 15:02:18,Abel,plug_2,NW_P2_Abel,P110,washing_machine,adeac0d9,normal_wash,5.0,1.669,234.833,0.043,1.296,1.776,,on,-66,,44 minute wash cycle
2026-06-03T09:32:24.762774+00:00,2026-06-03 15:02:24,Abel,plug_2,NW_P2_Abel,P110,washing_machine,adeac0d9,normal_wash,5.0,1.725,234.852,0.043,1.296,1.776,,on,-68,,44 minute wash cycle
2026-06-03T09:32:30.341549+00:00,2026-06-03 15:02:30,Abel,plug_2,NW_P2_Abel,P110,washing_machine,adeac0d9,normal_wash,5.0,1.652,234.754,0.043,1.296,1.776,,on,-71,,44 minute wash cycle
2026-06-03T09:32:35.969547+00:00,2026-06-03 15:02:35,Abel,plug_2,NW_P2_Abel,P110,washing_machine,adeac0d9,normal_wash,5.0,1.638,234.549,0.043,1.296,1.776,,on,-73,,44 minute wash cycle
2026-06-03T09:32:43.247479+00:00,2026-06-03 15:02:43,Abel,plug_2,NW_P2_Abel,P110,washing_machine,adeac0d9,normal_wash,5.0,1.721,234.477,0.043,1.296,1.776,,on,-68,,44 minute wash cycle
2026-06-03T09:32:49.586161+00:00,2026-06-03 15:02:49,Abel,plug_2,NW_P2_Abel,P110,washing_machine,adeac0d9,normal_wash,5.0,1.601,234.629,0.042,1.296,1.776,,on,-69,,44 minute wash cycle
2026-06-03T09:32:55.638443+00:00,2026-06-03 15:02:55,Abel,plug_2,NW_P2_Abel,P110,washing_machine,adeac0d9,normal_wash,5.0,1.738,234.417,0.042,1.296,1.776,,on,-71,,44 minute wash cycle
2026-06-03T09:33:01.427674+00:00,2026-06-03 15:03:01,Abel,plug_2,NW_P2_Abel,P110,washing_machine,adeac0d9,normal_wash,5.0,1.724,234.498,0.043,1.296,1.776,,on,-66,,44 minute wash cycle
2026-06-03T09:33:07.191487+00:00,2026-06-03 15:03:07,Abel,plug_2,NW_P2_Abel,P110,washing_machine,adeac0d9,normal_wash,5.0,1.712,234.335,0.043,1.296,1.776,,on,-68,,44 minute wash cycle
2026-06-03T09:33:13.207989+00:00,2026-06-03 15:03:13,Abel,plug_2,NW_P2_Abel,P110,washing_machine,adeac0d9,normal_wash,5.0,1.66,234.355,0.043,1.296,1.776,,on,-71,,44 minute wash cycle
2026-06-03T09:33:19.114291+00:00,2026-06-03 15:03:19,Abel,plug_2,NW_P2_Abel,P110,washing_machine,adeac0d9,normal_wash,5.0,1.638,234.256,0.043,1.296,1.776,,on,-71,,44 minute wash cycle
2026-06-03T09:33:24.809008+00:00,2026-06-03 15:03:24,Abel,plug_2,NW_P2_Abel,P110,washing_machine,adeac0d9,normal_wash,5.0,1.699,233.979,0.042,1.296,1.776,,on,-72,,44 minute wash cycle
2026-06-03T09:33:30.602197+00:00,2026-06-03 15:03:30,Abel,plug_2,NW_P2_Abel,P110,washing_machine,adeac0d9,normal_wash,5.0,1.639,234.055,0.042,1.296,1.776,,on,-69,,44 minute wash cycle
2026-06-03T09:33:36.118546+00:00,2026-06-03 15:03:36,Abel,plug_2,NW_P2_Abel,P110,washing_machine,adeac0d9,normal_wash,5.0,1.75,234.213,0.043,1.296,1.776,,on,-69,,44 minute wash cycle
2026-06-03T09:33:41.852792+00:00,2026-06-03 15:03:41,Abel,plug_2,NW_P2_Abel,P110,washing_machine,adeac0d9,normal_wash,5.0,1.671,233.968,0.043,1.296,1.776,,on,-65,,44 minute wash cycle
2026-06-03T09:33:47.951915+00:00,2026-06-03 15:03:47,Abel,plug_2,NW_P2_Abel,P110,washing_machine,adeac0d9,normal_wash,5.0,1.627,234.019,0.043,1.296,1.776,,on,-68,,44 minute wash cycle
2026-06-03T09:33:53.493822+00:00,2026-06-03 15:03:53,Abel,plug_2,NW_P2_Abel,P110,washing_machine,adeac0d9,normal_wash,5.0,1.681,233.895,0.043,1.296,1.776,,on,-67,,44 minute wash cycle
2026-06-03T09:33:59.331937+00:00,2026-06-03 15:03:59,Abel,plug_2,NW_P2_Abel,P110,washing_machine,adeac0d9,normal_wash,5.0,1.708,233.82,0.043,1.296,1.776,,on,-71,,44 minute wash cycle
2026-06-03T09:34:05.264006+00:00,2026-06-03 15:04:05,Abel,plug_2,NW_P2_Abel,P110,washing_machine,adeac0d9,normal_wash,5.0,1.67,233.604,0.042,1.296,1.776,,on,-73,,44 minute wash cycle
2026-06-03T09:34:11.101040+00:00,2026-06-03 15:04:11,Abel,plug_2,NW_P2_Abel,P110,washing_machine,adeac0d9,normal_wash,5.0,1.775,233.428,0.042,1.296,1.776,,on,-76,,44 minute wash cycle
2026-06-03T09:34:16.733187+00:00,2026-06-03 15:04:16,Abel,plug_2,NW_P2_Abel,P110,washing_machine,adeac0d9,normal_wash,5.0,1.633,233.475,0.042,1.296,1.776,,on,-72,,44 minute wash cycle
2026-06-03T09:34:22.358934+00:00,2026-06-03 15:04:22,Abel,plug_2,NW_P2_Abel,P110,washing_machine,adeac0d9,normal_wash,5.0,1.647,233.397,0.042,1.296,1.776,,on,-73,,44 minute wash cycle
2026-06-03T09:34:28.304441+00:00,2026-06-03 15:04:28,Abel,plug_2,NW_P2_Abel,P110,washing_machine,adeac0d9,normal_wash,5.0,1.726,233.546,0.042,1.296,1.776,,on,-72,,44 minute wash cycle
2026-06-03T09:34:34.141248+00:00,2026-06-03 15:04:34,Abel,plug_2,NW_P2_Abel,P110,washing_machine,adeac0d9,normal_wash,5.0,1.661,233.393,0.043,1.296,1.776,,on,-77,,44 minute wash cycle
2026-06-03T09:34:39.710706+00:00,2026-06-03 15:04:39,Abel,plug_2,NW_P2_Abel,P110,washing_machine,adeac0d9,normal_wash,5.0,1.64,233.256,0.042,1.296,1.776,,on,-68,,44 minute wash cycle
2026-06-03T09:34:47.802162+00:00,2026-06-03 15:04:47,Abel,plug_2,NW_P2_Abel,P110,washing_machine,adeac0d9,normal_wash,5.0,1.661,233.52,0.042,1.296,1.776,,on,-71,,44 minute wash cycle
2026-06-03T09:34:53.592900+00:00,2026-06-03 15:04:53,Abel,plug_2,NW_P2_Abel,P110,washing_machine,adeac0d9,normal_wash,5.0,1.771,233.406,0.042,1.296,1.776,,on,-75,,44 minute wash cycle
2026-06-03T09:34:59.640568+00:00,2026-06-03 15:04:59,Abel,plug_2,NW_P2_Abel,P110,washing_machine,adeac0d9,normal_wash,5.0,1.547,233.419,0.042,1.296,1.776,,on,-73,,44 minute wash cycle
2026-06-03T09:35:05.480820+00:00,2026-06-03 15:05:05,Abel,plug_2,NW_P2_Abel,P110,washing_machine,adeac0d9,normal_wash,5.0,1.655,233.137,0.042,1.296,1.776,,on,-71,,44 minute wash cycle
2026-06-03T09:35:11.018261+00:00,2026-06-03 15:05:11,Abel,plug_2,NW_P2_Abel,P110,washing_machine,adeac0d9,normal_wash,5.0,1.642,233.227,0.043,1.296,1.776,,on,-71,,44 minute wash cycle
2026-06-03T09:35:17.154195+00:00,2026-06-03 15:05:17,Abel,plug_2,NW_P2_Abel,P110,washing_machine,adeac0d9,normal_wash,5.0,1.672,233.15,0.042,1.296,1.776,,on,-70,,44 minute wash cycle
2026-06-03T09:35:22.782544+00:00,2026-06-03 15:05:22,Abel,plug_2,NW_P2_Abel,P110,washing_machine,adeac0d9,normal_wash,5.0,1.64,233.315,0.043,1.296,1.776,,on,-70,,44 minute wash cycle
2026-06-03T09:35:28.517435+00:00,2026-06-03 15:05:28,Abel,plug_2,NW_P2_Abel,P110,washing_machine,adeac0d9,normal_wash,5.0,1.691,233.084,0.043,1.296,1.776,,on,-71,,44 minute wash cycle
2026-06-03T09:35:34.809769+00:00,2026-06-03 15:05:34,Abel,plug_2,NW_P2_Abel,P110,washing_machine,adeac0d9,normal_wash,5.0,1.614,233.221,0.043,1.296,1.776,,on,-70,,44 minute wash cycle
2026-06-03T09:35:40.908197+00:00,2026-06-03 15:05:40,Abel,plug_2,NW_P2_Abel,P110,washing_machine,adeac0d9,normal_wash,5.0,1.694,233.197,0.042,1.296,1.776,,on,-70,,44 minute wash cycle
2026-06-03T09:35:46.549353+00:00,2026-06-03 15:05:46,Abel,plug_2,NW_P2_Abel,P110,washing_machine,adeac0d9,normal_wash,5.0,1.685,233.181,0.043,1.296,1.776,,on,-75,,44 minute wash cycle
2026-06-03T09:35:52.365274+00:00,2026-06-03 15:05:52,Abel,plug_2,NW_P2_Abel,P110,washing_machine,adeac0d9,normal_wash,5.0,1.658,233.18,0.043,1.296,1.776,,on,-72,,44 minute wash cycle
2026-06-03T09:35:57.913160+00:00,2026-06-03 15:05:57,Abel,plug_2,NW_P2_Abel,P110,washing_machine,adeac0d9,normal_wash,5.0,1.735,233.209,0.042,1.296,1.776,,on,-72,,44 minute wash cycle
2026-06-03T09:36:04.050015+00:00,2026-06-03 15:06:04,Abel,plug_2,NW_P2_Abel,P110,washing_machine,adeac0d9,normal_wash,5.0,1.693,233.214,0.043,1.296,1.776,,on,-70,,44 minute wash cycle
2026-06-03T09:36:10.965314+00:00,2026-06-03 15:06:10,Abel,plug_2,NW_P2_Abel,P110,washing_machine,adeac0d9,normal_wash,5.0,1.602,233.181,0.042,1.296,1.776,,on,-69,,44 minute wash cycle
2026-06-03T09:36:16.659536+00:00,2026-06-03 15:06:16,Abel,plug_2,NW_P2_Abel,P110,washing_machine,adeac0d9,normal_wash,5.0,1.654,233.114,0.042,1.296,1.776,,on,-69,,44 minute wash cycle
2026-06-03T09:36:23.097956+00:00,2026-06-03 15:06:23,Abel,plug_2,NW_P2_Abel,P110,washing_machine,adeac0d9,normal_wash,5.0,1.688,233.063,0.043,1.296,1.776,,on,-73,,44 minute wash cycle
2026-06-03T09:36:28.934827+00:00,2026-06-03 15:06:28,Abel,plug_2,NW_P2_Abel,P110,washing_machine,adeac0d9,normal_wash,5.0,1.695,233.169,0.043,1.296,1.776,,on,-71,,44 minute wash cycle
2026-06-03T09:36:35.602574+00:00,2026-06-03 15:06:35,Abel,plug_2,NW_P2_Abel,P110,washing_machine,adeac0d9,normal_wash,5.0,1.69,233.219,0.042,1.296,1.776,,on,-75,,44 minute wash cycle
2026-06-03T09:36:41.262482+00:00,2026-06-03 15:06:41,Abel,plug_2,NW_P2_Abel,P110,washing_machine,adeac0d9,normal_wash,5.0,1.63,233.099,0.042,1.296,1.776,,on,-70,,44 minute wash cycle
2026-06-03T09:36:46.855564+00:00,2026-06-03 15:06:46,Abel,plug_2,NW_P2_Abel,P110,washing_machine,adeac0d9,normal_wash,5.0,1.693,233.115,0.042,1.296,1.776,,on,-72,,44 minute wash cycle
2026-06-03T09:36:54.267523+00:00,2026-06-03 15:06:54,Abel,plug_2,NW_P2_Abel,P110,washing_machine,adeac0d9,normal_wash,5.0,1.694,233.148,0.043,1.296,1.776,,on,-74,,44 minute wash cycle
2026-06-03T09:37:00.129554+00:00,2026-06-03 15:07:00,Abel,plug_2,NW_P2_Abel,P110,washing_machine,adeac0d9,normal_wash,5.0,1.683,232.983,0.042,1.296,1.776,,on,-72,,44 minute wash cycle
2026-06-03T09:37:05.808389+00:00,2026-06-03 15:07:05,Abel,plug_2,NW_P2_Abel,P110,washing_machine,adeac0d9,normal_wash,5.0,1.679,233.082,0.042,1.296,1.776,,on,-73,,44 minute wash cycle
2026-06-03T09:37:11.432202+00:00,2026-06-03 15:07:11,Abel,plug_2,NW_P2_Abel,P110,washing_machine,adeac0d9,normal_wash,5.0,1.647,233.079,0.043,1.296,1.776,,on,-72,,44 minute wash cycle
2026-06-03T09:37:17.217844+00:00,2026-06-03 15:07:17,Abel,plug_2,NW_P2_Abel,P110,washing_machine,adeac0d9,normal_wash,5.0,1.597,233.01,0.043,1.296,1.776,,on,-71,,44 minute wash cycle
2026-06-03T09:37:23.412999+00:00,2026-06-03 15:07:23,Abel,plug_2,NW_P2_Abel,P110,washing_machine,adeac0d9,normal_wash,5.0,1.729,233.06,0.042,1.296,1.776,,on,-68,,44 minute wash cycle
2026-06-03T09:37:29.347355+00:00,2026-06-03 15:07:29,Abel,plug_2,NW_P2_Abel,P110,washing_machine,adeac0d9,normal_wash,5.0,1.714,233.086,0.042,1.296,1.776,,on,-70,,44 minute wash cycle
2026-06-03T09:37:35.394034+00:00,2026-06-03 15:07:35,Abel,plug_2,NW_P2_Abel,P110,washing_machine,adeac0d9,normal_wash,5.0,1.641,233.018,0.042,1.296,1.776,,on,-71,,44 minute wash cycle
2026-06-03T09:37:41.122859+00:00,2026-06-03 15:07:41,Abel,plug_2,NW_P2_Abel,P110,washing_machine,adeac0d9,normal_wash,5.0,1.616,233.217,0.043,1.296,1.776,,on,-73,,44 minute wash cycle
2026-06-03T09:37:46.562358+00:00,2026-06-03 15:07:46,Abel,plug_2,NW_P2_Abel,P110,washing_machine,adeac0d9,normal_wash,5.0,1.724,233.188,0.043,1.296,1.776,,on,-75,,44 minute wash cycle
2026-06-03T09:37:52.297641+00:00,2026-06-03 15:07:52,Abel,plug_2,NW_P2_Abel,P110,washing_machine,adeac0d9,normal_wash,5.0,1.721,233.157,0.042,1.296,1.776,,on,-72,,44 minute wash cycle
2026-06-03T09:37:58.639745+00:00,2026-06-03 15:07:58,Abel,plug_2,NW_P2_Abel,P110,washing_machine,adeac0d9,normal_wash,5.0,1.614,233.032,0.042,1.296,1.776,,on,-70,,44 minute wash cycle
2026-06-03T09:38:04.374308+00:00,2026-06-03 15:08:04,Abel,plug_2,NW_P2_Abel,P110,washing_machine,adeac0d9,normal_wash,5.0,1.682,233.117,0.042,1.296,1.776,,on,-69,,44 minute wash cycle
2026-06-03T09:38:10.280252+00:00,2026-06-03 15:08:10,Abel,plug_2,NW_P2_Abel,P110,washing_machine,adeac0d9,normal_wash,5.0,1.719,233.018,0.042,1.296,1.776,,on,-71,,44 minute wash cycle
2026-06-03T09:38:15.848824+00:00,2026-06-03 15:08:15,Abel,plug_2,NW_P2_Abel,P110,washing_machine,adeac0d9,normal_wash,5.0,1.63,233.073,0.042,1.296,1.776,,on,-74,,44 minute wash cycle
2026-06-03T09:38:22.705467+00:00,2026-06-03 15:08:22,Abel,plug_2,NW_P2_Abel,P110,washing_machine,adeac0d9,normal_wash,5.0,1.651,232.961,0.042,1.296,1.776,,on,-71,,44 minute wash cycle
2026-06-03T09:38:28.241669+00:00,2026-06-03 15:08:28,Abel,plug_2,NW_P2_Abel,P110,washing_machine,adeac0d9,normal_wash,5.0,1.585,232.918,0.043,1.296,1.776,,on,-71,,44 minute wash cycle
2026-06-03T09:38:33.876739+00:00,2026-06-03 15:08:33,Abel,plug_2,NW_P2_Abel,P110,washing_machine,adeac0d9,normal_wash,5.0,1.685,232.897,0.042,1.296,1.776,,on,-72,,44 minute wash cycle
2026-06-03T09:38:39.613249+00:00,2026-06-03 15:08:39,Abel,plug_2,NW_P2_Abel,P110,washing_machine,adeac0d9,normal_wash,5.0,1.696,232.958,0.042,1.296,1.776,,on,-71,,44 minute wash cycle
2026-06-03T09:38:45.243733+00:00,2026-06-03 15:08:45,Abel,plug_2,NW_P2_Abel,P110,washing_machine,adeac0d9,normal_wash,5.0,1.69,232.196,0.042,1.296,1.776,,on,-68,,44 minute wash cycle
2026-06-03T09:38:51.269349+00:00,2026-06-03 15:08:51,Abel,plug_2,NW_P2_Abel,P110,washing_machine,adeac0d9,normal_wash,5.0,1.644,232.445,0.042,1.296,1.776,,on,-73,,44 minute wash cycle
2026-06-03T09:38:57.062661+00:00,2026-06-03 15:08:57,Abel,plug_2,NW_P2_Abel,P110,washing_machine,adeac0d9,normal_wash,5.0,1.648,232.576,0.042,1.296,1.776,,on,-71,,44 minute wash cycle
2026-06-03T09:39:04.243617+00:00,2026-06-03 15:09:04,Abel,plug_2,NW_P2_Abel,P110,washing_machine,adeac0d9,normal_wash,5.0,1.713,232.794,0.042,1.296,1.776,,on,-71,,44 minute wash cycle
2026-06-03T09:39:09.862234+00:00,2026-06-03 15:09:09,Abel,plug_2,NW_P2_Abel,P110,washing_machine,adeac0d9,normal_wash,5.0,1.659,232.655,0.042,1.296,1.776,,on,-70,,44 minute wash cycle
2026-06-03T09:39:15.378376+00:00,2026-06-03 15:09:15,Abel,plug_2,NW_P2_Abel,P110,washing_machine,adeac0d9,normal_wash,5.0,1.655,232.572,0.042,1.296,1.776,,on,-71,,44 minute wash cycle
2026-06-03T09:39:20.868498+00:00,2026-06-03 15:09:20,Abel,plug_2,NW_P2_Abel,P110,washing_machine,adeac0d9,normal_wash,5.0,1.631,232.555,0.042,1.296,1.776,,on,-73,,44 minute wash cycle
2026-06-03T09:39:26.705719+00:00,2026-06-03 15:09:26,Abel,plug_2,NW_P2_Abel,P110,washing_machine,adeac0d9,normal_wash,5.0,1.668,232.627,0.043,1.296,1.776,,on,-71,,44 minute wash cycle
2026-06-03T09:39:32.479895+00:00,2026-06-03 15:09:32,Abel,plug_2,NW_P2_Abel,P110,washing_machine,adeac0d9,normal_wash,5.0,1.663,232.752,0.042,1.296,1.776,,on,-74,,44 minute wash cycle
2026-06-03T09:39:38.382591+00:00,2026-06-03 15:09:38,Abel,plug_2,NW_P2_Abel,P110,washing_machine,adeac0d9,normal_wash,5.0,1.758,232.779,0.042,1.296,1.776,,on,-73,,44 minute wash cycle
2026-06-03T09:39:44.319140+00:00,2026-06-03 15:09:44,Abel,plug_2,NW_P2_Abel,P110,washing_machine,adeac0d9,normal_wash,5.0,1.631,232.75,0.042,1.296,1.776,,on,-68,,44 minute wash cycle
2026-06-03T09:39:51.119553+00:00,2026-06-03 15:09:51,Abel,plug_2,NW_P2_Abel,P110,washing_machine,adeac0d9,normal_wash,5.0,1.607,232.431,0.042,1.296,1.776,,on,-72,,44 minute wash cycle
2026-06-03T09:39:57.016646+00:00,2026-06-03 15:09:57,Abel,plug_2,NW_P2_Abel,P110,washing_machine,adeac0d9,normal_wash,5.0,1.6,232.535,0.042,1.296,1.776,,on,-74,,44 minute wash cycle
2026-06-03T09:40:03.052477+00:00,2026-06-03 15:10:03,Abel,plug_2,NW_P2_Abel,P110,washing_machine,adeac0d9,normal_wash,5.0,1.679,232.452,0.042,1.296,1.776,,on,-69,,44 minute wash cycle
2026-06-03T09:40:08.492647+00:00,2026-06-03 15:10:08,Abel,plug_2,NW_P2_Abel,P110,washing_machine,adeac0d9,normal_wash,5.0,1.711,232.474,0.042,1.296,1.776,,on,-68,,44 minute wash cycle
2026-06-03T09:40:14.132613+00:00,2026-06-03 15:10:14,Abel,plug_2,NW_P2_Abel,P110,washing_machine,adeac0d9,normal_wash,5.0,1.614,232.672,0.042,1.296,1.776,,on,-70,,44 minute wash cycle
2026-06-03T09:40:19.584807+00:00,2026-06-03 15:10:19,Abel,plug_2,NW_P2_Abel,P110,washing_machine,adeac0d9,normal_wash,5.0,1.671,232.502,0.042,1.296,1.776,,on,-71,,44 minute wash cycle
2026-06-03T09:40:25.261769+00:00,2026-06-03 15:10:25,Abel,plug_2,NW_P2_Abel,P110,washing_machine,adeac0d9,normal_wash,5.0,1.554,232.786,0.042,1.296,1.776,,on,-74,,44 minute wash cycle
2026-06-03T09:40:30.911911+00:00,2026-06-03 15:10:30,Abel,plug_2,NW_P2_Abel,P110,washing_machine,adeac0d9,normal_wash,5.0,1.678,232.904,0.042,1.296,1.776,,on,-69,,44 minute wash cycle
2026-06-03T09:40:36.947612+00:00,2026-06-03 15:10:36,Abel,plug_2,NW_P2_Abel,P110,washing_machine,adeac0d9,normal_wash,5.0,1.653,232.936,0.042,1.296,1.776,,on,-74,,44 minute wash cycle
2026-06-03T09:40:43.109962+00:00,2026-06-03 15:10:43,Abel,plug_2,NW_P2_Abel,P110,washing_machine,adeac0d9,normal_wash,5.0,1.627,233.008,0.042,1.296,1.776,,on,-72,,44 minute wash cycle
2026-06-03T09:40:48.935005+00:00,2026-06-03 15:10:48,Abel,plug_2,NW_P2_Abel,P110,washing_machine,adeac0d9,normal_wash,5.0,1.589,233.155,0.042,1.296,1.776,,on,-68,,44 minute wash cycle
2026-06-03T09:40:54.669776+00:00,2026-06-03 15:10:54,Abel,plug_2,NW_P2_Abel,P110,washing_machine,adeac0d9,normal_wash,5.0,1.735,233.197,0.042,1.296,1.776,,on,-73,,44 minute wash cycle
2026-06-03T09:41:00.301698+00:00,2026-06-03 15:11:00,Abel,plug_2,NW_P2_Abel,P110,washing_machine,adeac0d9,normal_wash,5.0,1.657,233.204,0.042,1.296,1.776,,on,-72,,44 minute wash cycle
2026-06-03T09:41:06.590279+00:00,2026-06-03 15:11:06,Abel,plug_2,NW_P2_Abel,P110,washing_machine,adeac0d9,normal_wash,5.0,1.723,232.959,0.043,1.296,1.776,,on,-71,,44 minute wash cycle
2026-06-03T09:41:12.700668+00:00,2026-06-03 15:11:12,Abel,plug_2,NW_P2_Abel,P110,washing_machine,adeac0d9,normal_wash,5.0,1.631,233.251,0.042,1.296,1.776,,on,-70,,44 minute wash cycle
2026-06-03T09:41:18.114998+00:00,2026-06-03 15:11:18,Abel,plug_2,NW_P2_Abel,P110,washing_machine,adeac0d9,normal_wash,5.0,1.684,233.205,0.042,1.296,1.776,,on,-69,,44 minute wash cycle
2026-06-03T09:41:23.555415+00:00,2026-06-03 15:11:23,Abel,plug_2,NW_P2_Abel,P110,washing_machine,adeac0d9,normal_wash,5.0,1.701,233.197,0.042,1.296,1.776,,on,-69,,44 minute wash cycle
2026-06-03T09:41:29.383903+00:00,2026-06-03 15:11:29,Abel,plug_2,NW_P2_Abel,P110,washing_machine,adeac0d9,normal_wash,5.0,1.648,233.148,0.043,1.296,1.776,,on,-71,,44 minute wash cycle
2026-06-03T09:41:35.158632+00:00,2026-06-03 15:11:35,Abel,plug_2,NW_P2_Abel,P110,washing_machine,adeac0d9,normal_wash,5.0,1.584,233.143,0.042,1.296,1.776,,on,-71,,44 minute wash cycle
2026-06-03T09:41:40.687935+00:00,2026-06-03 15:11:40,Abel,plug_2,NW_P2_Abel,P110,washing_machine,adeac0d9,normal_wash,5.0,1.555,233.306,0.042,1.296,1.776,,on,-70,,44 minute wash cycle
2026-06-03T09:41:47.399449+00:00,2026-06-03 15:11:47,Abel,plug_2,NW_P2_Abel,P110,washing_machine,adeac0d9,normal_wash,5.0,1.632,233.284,0.042,1.296,1.776,,on,-71,,44 minute wash cycle
2026-06-03T09:41:53.551749+00:00,2026-06-03 15:11:53,Abel,plug_2,NW_P2_Abel,P110,washing_machine,adeac0d9,normal_wash,5.0,1.78,233.324,0.042,1.296,1.776,,on,-70,,44 minute wash cycle
2026-06-03T09:41:59.284664+00:00,2026-06-03 15:11:59,Abel,plug_2,NW_P2_Abel,P110,washing_machine,adeac0d9,normal_wash,5.0,1.626,233.219,0.042,1.296,1.776,,on,-68,,44 minute wash cycle
2026-06-03T09:42:05.443704+00:00,2026-06-03 15:12:05,Abel,plug_2,NW_P2_Abel,P110,washing_machine,adeac0d9,normal_wash,5.0,1.547,233.283,0.042,1.296,1.776,,on,-70,,44 minute wash cycle
2026-06-03T09:42:11.573703+00:00,2026-06-03 15:12:11,Abel,plug_2,NW_P2_Abel,P110,washing_machine,adeac0d9,normal_wash,5.0,1.686,233.253,0.042,1.296,1.776,,on,-71,,44 minute wash cycle
2026-06-03T09:42:19.350519+00:00,2026-06-03 15:12:19,Abel,plug_2,NW_P2_Abel,P110,washing_machine,adeac0d9,normal_wash,5.0,1.677,233.337,0.042,1.296,1.776,,on,-72,,44 minute wash cycle
2026-06-03T09:42:26.798377+00:00,2026-06-03 15:12:26,Abel,plug_2,NW_P2_Abel,P110,washing_machine,adeac0d9,normal_wash,5.0,1.631,233.376,0.043,1.296,1.776,,on,-70,,44 minute wash cycle
2026-06-03T09:42:32.262960+00:00,2026-06-03 15:12:32,Abel,plug_2,NW_P2_Abel,P110,washing_machine,adeac0d9,normal_wash,5.0,1.651,233.456,0.042,1.296,1.776,,on,-68,,44 minute wash cycle
2026-06-03T09:42:37.993276+00:00,2026-06-03 15:12:37,Abel,plug_2,NW_P2_Abel,P110,washing_machine,adeac0d9,normal_wash,5.0,1.722,233.546,0.042,1.296,1.776,,on,-70,,44 minute wash cycle
2026-06-03T09:42:44.750303+00:00,2026-06-03 15:12:44,Abel,plug_2,NW_P2_Abel,P110,washing_machine,adeac0d9,normal_wash,5.0,1.778,233.669,0.043,1.296,1.776,,on,-70,,44 minute wash cycle
2026-06-03T09:42:50.383629+00:00,2026-06-03 15:12:50,Abel,plug_2,NW_P2_Abel,P110,washing_machine,adeac0d9,normal_wash,5.0,1.709,233.732,0.042,1.296,1.776,,on,-70,,44 minute wash cycle
2026-06-03T09:42:56.436596+00:00,2026-06-03 15:12:56,Abel,plug_2,NW_P2_Abel,P110,washing_machine,adeac0d9,normal_wash,5.0,1.739,233.821,0.042,1.296,1.776,,on,-70,,44 minute wash cycle
2026-06-03T09:43:02.058209+00:00,2026-06-03 15:13:02,Abel,plug_2,NW_P2_Abel,P110,washing_machine,adeac0d9,normal_wash,5.0,1.591,233.756,0.043,1.296,1.776,,on,-71,,44 minute wash cycle
2026-06-03T09:43:07.965531+00:00,2026-06-03 15:13:07,Abel,plug_2,NW_P2_Abel,P110,washing_machine,adeac0d9,normal_wash,5.0,1.682,233.582,0.043,1.296,1.776,,on,-72,,44 minute wash cycle
2026-06-03T09:43:13.840111+00:00,2026-06-03 15:13:13,Abel,plug_2,NW_P2_Abel,P110,washing_machine,adeac0d9,normal_wash,5.0,1.585,233.736,0.042,1.296,1.776,,on,-71,,44 minute wash cycle
2026-06-03T09:43:19.608851+00:00,2026-06-03 15:13:19,Abel,plug_2,NW_P2_Abel,P110,washing_machine,adeac0d9,normal_wash,5.0,1.628,233.792,0.043,1.296,1.776,,on,-81,,44 minute wash cycle
2026-06-03T09:43:26.020534+00:00,2026-06-03 15:13:26,Abel,plug_2,NW_P2_Abel,P110,washing_machine,adeac0d9,normal_wash,5.0,1.671,233.89,0.043,1.296,1.776,,on,-72,,44 minute wash cycle
2026-06-03T09:43:31.525360+00:00,2026-06-03 15:13:31,Abel,plug_2,NW_P2_Abel,P110,washing_machine,adeac0d9,normal_wash,5.0,1.669,233.934,0.042,1.296,1.776,,on,-69,,44 minute wash cycle
2026-06-03T09:43:37.231035+00:00,2026-06-03 15:13:37,Abel,plug_2,NW_P2_Abel,P110,washing_machine,adeac0d9,normal_wash,5.0,1.69,233.858,0.043,1.296,1.776,,on,-72,,44 minute wash cycle
2026-06-03T09:43:43.217913+00:00,2026-06-03 15:13:43,Abel,plug_2,NW_P2_Abel,P110,washing_machine,adeac0d9,normal_wash,5.0,1.662,233.728,0.043,1.296,1.776,,on,-69,,44 minute wash cycle
2026-06-03T09:43:48.762500+00:00,2026-06-03 15:13:48,Abel,plug_2,NW_P2_Abel,P110,washing_machine,adeac0d9,normal_wash,5.0,1.616,233.798,0.043,1.296,1.776,,on,-68,,44 minute wash cycle
2026-06-03T09:43:54.393498+00:00,2026-06-03 15:13:54,Abel,plug_2,NW_P2_Abel,P110,washing_machine,adeac0d9,normal_wash,5.0,1.616,233.768,0.042,1.296,1.776,,on,-73,,44 minute wash cycle
2026-06-03T09:44:00.230721+00:00,2026-06-03 15:14:00,Abel,plug_2,NW_P2_Abel,P110,washing_machine,adeac0d9,normal_wash,5.0,1.722,233.821,0.042,1.296,1.776,,on,-71,,44 minute wash cycle
2026-06-03T09:44:06.162573+00:00,2026-06-03 15:14:06,Abel,plug_2,NW_P2_Abel,P110,washing_machine,adeac0d9,normal_wash,5.0,1.655,233.82,0.042,1.296,1.776,,on,-73,,44 minute wash cycle
2026-06-03T09:44:11.960621+00:00,2026-06-03 15:14:11,Abel,plug_2,NW_P2_Abel,P110,washing_machine,adeac0d9,normal_wash,5.0,1.648,233.823,0.042,1.296,1.776,,on,-73,,44 minute wash cycle
2026-06-03T09:44:17.733070+00:00,2026-06-03 15:14:17,Abel,plug_2,NW_P2_Abel,P110,washing_machine,adeac0d9,normal_wash,5.0,1.683,233.843,0.043,1.296,1.776,,on,-69,,44 minute wash cycle
2026-06-03T09:44:23.306398+00:00,2026-06-03 15:14:23,Abel,plug_2,NW_P2_Abel,P110,washing_machine,adeac0d9,normal_wash,5.0,1.613,233.976,0.043,1.296,1.776,,on,-69,,44 minute wash cycle
2026-06-03T09:44:28.905572+00:00,2026-06-03 15:14:28,Abel,plug_2,NW_P2_Abel,P110,washing_machine,adeac0d9,normal_wash,5.0,1.629,233.774,0.043,1.296,1.776,,on,-70,,44 minute wash cycle
2026-06-03T09:44:34.727603+00:00,2026-06-03 15:14:34,Abel,plug_2,NW_P2_Abel,P110,washing_machine,adeac0d9,normal_wash,5.0,1.66,233.956,0.043,1.296,1.776,,on,-70,,44 minute wash cycle
2026-06-03T09:44:40.980481+00:00,2026-06-03 15:14:40,Abel,plug_2,NW_P2_Abel,P110,washing_machine,adeac0d9,normal_wash,5.0,1.642,233.943,0.042,1.296,1.776,,on,-72,,44 minute wash cycle
2026-06-03T09:44:48.352687+00:00,2026-06-03 15:14:48,Abel,plug_2,NW_P2_Abel,P110,washing_machine,adeac0d9,normal_wash,5.0,1.708,233.817,0.042,1.296,1.776,,on,-70,,44 minute wash cycle
2026-06-03T09:44:54.086689+00:00,2026-06-03 15:14:54,Abel,plug_2,NW_P2_Abel,P110,washing_machine,adeac0d9,normal_wash,5.0,1.671,233.895,0.042,1.296,1.776,,on,-70,,44 minute wash cycle
2026-06-03T09:44:59.826277+00:00,2026-06-03 15:14:59,Abel,plug_2,NW_P2_Abel,P110,washing_machine,adeac0d9,normal_wash,5.0,1.587,233.991,0.042,1.297,1.776,,on,-70,,44 minute wash cycle
2026-06-03T09:45:06.067426+00:00,2026-06-03 15:15:06,Abel,plug_2,NW_P2_Abel,P110,washing_machine,adeac0d9,normal_wash,5.0,1.558,234.02,0.042,1.297,1.776,,on,-69,,44 minute wash cycle
2026-06-03T09:45:11.329372+00:00,2026-06-03 15:15:11,Abel,plug_2,NW_P2_Abel,P110,washing_machine,adeac0d9,normal_wash,5.0,1.628,233.882,0.042,1.297,1.776,,on,-71,,44 minute wash cycle
2026-06-03T09:45:16.814427+00:00,2026-06-03 15:15:16,Abel,plug_2,NW_P2_Abel,P110,washing_machine,adeac0d9,normal_wash,5.0,1.654,233.977,0.042,1.297,1.776,,on,-72,,44 minute wash cycle
2026-06-03T09:45:22.316062+00:00,2026-06-03 15:15:22,Abel,plug_2,NW_P2_Abel,P110,washing_machine,adeac0d9,normal_wash,5.0,1.594,233.771,0.042,1.297,1.776,,on,-72,,44 minute wash cycle
2026-06-03T09:45:27.918734+00:00,2026-06-03 15:15:27,Abel,plug_2,NW_P2_Abel,P110,washing_machine,adeac0d9,normal_wash,5.0,1.677,233.93,0.043,1.297,1.776,,on,-74,,44 minute wash cycle
2026-06-03T09:45:33.515758+00:00,2026-06-03 15:15:33,Abel,plug_2,NW_P2_Abel,P110,washing_machine,adeac0d9,normal_wash,5.0,1.705,233.966,0.043,1.297,1.776,,on,-71,,44 minute wash cycle
2026-06-03T09:45:39.348406+00:00,2026-06-03 15:15:39,Abel,plug_2,NW_P2_Abel,P110,washing_machine,adeac0d9,normal_wash,5.0,1.654,234.042,0.042,1.297,1.776,,on,-72,,44 minute wash cycle
2026-06-03T09:45:47.481119+00:00,2026-06-03 15:15:47,Abel,plug_2,NW_P2_Abel,P110,washing_machine,adeac0d9,normal_wash,5.0,1.745,234.06,0.043,1.297,1.776,,on,-72,,44 minute wash cycle
2026-06-03T09:45:53.479722+00:00,2026-06-03 15:15:53,Abel,plug_2,NW_P2_Abel,P110,washing_machine,adeac0d9,normal_wash,5.0,1.628,233.905,0.042,1.297,1.776,,on,-69,,44 minute wash cycle
2026-06-03T09:45:58.804093+00:00,2026-06-03 15:15:58,Abel,plug_2,NW_P2_Abel,P110,washing_machine,adeac0d9,normal_wash,5.0,1.707,233.819,0.042,1.297,1.776,,on,-74,,44 minute wash cycle
2026-06-03T09:46:04.334674+00:00,2026-06-03 15:16:04,Abel,plug_2,NW_P2_Abel,P110,washing_machine,adeac0d9,normal_wash,5.0,1.621,233.771,0.042,1.297,1.776,,on,-71,,44 minute wash cycle
2026-06-03T09:46:09.841141+00:00,2026-06-03 15:16:09,Abel,plug_2,NW_P2_Abel,P110,washing_machine,adeac0d9,normal_wash,5.0,1.743,233.996,0.042,1.297,1.776,,on,-70,,44 minute wash cycle
2026-06-03T09:46:15.416379+00:00,2026-06-03 15:16:15,Abel,plug_2,NW_P2_Abel,P110,washing_machine,adeac0d9,normal_wash,5.0,1.721,233.911,0.042,1.297,1.776,,on,-72,,44 minute wash cycle
2026-06-03T09:46:20.940591+00:00,2026-06-03 15:16:20,Abel,plug_2,NW_P2_Abel,P110,washing_machine,adeac0d9,normal_wash,5.0,1.655,233.877,0.042,1.297,1.776,,on,-70,,44 minute wash cycle
2026-06-03T09:46:26.804210+00:00,2026-06-03 15:16:26,Abel,plug_2,NW_P2_Abel,P110,washing_machine,adeac0d9,normal_wash,5.0,1.687,233.827,0.042,1.297,1.776,,on,-74,,44 minute wash cycle
2026-06-03T09:46:32.432758+00:00,2026-06-03 15:16:32,Abel,plug_2,NW_P2_Abel,P110,washing_machine,adeac0d9,normal_wash,5.0,1.595,233.811,0.042,1.297,1.776,,on,-73,,44 minute wash cycle
2026-06-03T09:46:37.918239+00:00,2026-06-03 15:16:37,Abel,plug_2,NW_P2_Abel,P110,washing_machine,adeac0d9,normal_wash,5.0,1.666,233.941,0.043,1.297,1.776,,on,-68,,44 minute wash cycle
2026-06-03T09:46:44.477510+00:00,2026-06-03 15:16:44,Abel,plug_2,NW_P2_Abel,P110,washing_machine,adeac0d9,normal_wash,5.0,1.69,234.011,0.042,1.297,1.776,,on,-70,,44 minute wash cycle
2026-06-03T09:46:50.113097+00:00,2026-06-03 15:16:50,Abel,plug_2,NW_P2_Abel,P110,washing_machine,adeac0d9,normal_wash,5.0,1.674,234.037,0.043,1.297,1.776,,on,-69,,44 minute wash cycle
2026-06-03T09:46:55.994923+00:00,2026-06-03 15:16:55,Abel,plug_2,NW_P2_Abel,P110,washing_machine,adeac0d9,normal_wash,5.0,1.69,233.912,0.043,1.297,1.776,,on,-75,,44 minute wash cycle
2026-06-03T09:47:01.578137+00:00,2026-06-03 15:17:01,Abel,plug_2,NW_P2_Abel,P110,washing_machine,adeac0d9,normal_wash,5.0,1.724,234.01,0.042,1.297,1.776,,on,-69,,44 minute wash cycle
2026-06-03T09:47:07.023011+00:00,2026-06-03 15:17:07,Abel,plug_2,NW_P2_Abel,P110,washing_machine,adeac0d9,normal_wash,5.0,1.659,234.087,0.042,1.297,1.776,,on,-70,,44 minute wash cycle
2026-06-03T09:47:13.046771+00:00,2026-06-03 15:17:13,Abel,plug_2,NW_P2_Abel,P110,washing_machine,adeac0d9,normal_wash,5.0,1.72,234.145,0.043,1.297,1.776,,on,-68,,44 minute wash cycle
2026-06-03T09:47:20.010542+00:00,2026-06-03 15:17:20,Abel,plug_2,NW_P2_Abel,P110,washing_machine,adeac0d9,normal_wash,5.0,1.759,234.122,0.043,1.297,1.776,,on,-69,,44 minute wash cycle
2026-06-03T09:47:25.482202+00:00,2026-06-03 15:17:25,Abel,plug_2,NW_P2_Abel,P110,washing_machine,adeac0d9,normal_wash,5.0,1.56,234.146,0.042,1.297,1.776,,on,-68,,44 minute wash cycle
2026-06-03T09:47:31.274357+00:00,2026-06-03 15:17:31,Abel,plug_2,NW_P2_Abel,P110,washing_machine,adeac0d9,normal_wash,5.0,1.752,234.168,0.043,1.297,1.776,,on,-70,,44 minute wash cycle
2026-06-03T09:47:36.906729+00:00,2026-06-03 15:17:36,Abel,plug_2,NW_P2_Abel,P110,washing_machine,adeac0d9,normal_wash,5.0,1.785,234.071,0.042,1.297,1.776,,on,-69,,44 minute wash cycle
2026-06-03T09:47:42.533699+00:00,2026-06-03 15:17:42,Abel,plug_2,NW_P2_Abel,P110,washing_machine,adeac0d9,normal_wash,5.0,1.698,234.104,0.043,1.297,1.776,,on,-69,,44 minute wash cycle
2026-06-03T09:47:48.375260+00:00,2026-06-03 15:17:48,Abel,plug_2,NW_P2_Abel,P110,washing_machine,adeac0d9,normal_wash,5.0,1.599,234.07,0.043,1.297,1.776,,on,-74,,44 minute wash cycle
2026-06-03T09:47:54.933544+00:00,2026-06-03 15:17:54,Abel,plug_2,NW_P2_Abel,P110,washing_machine,adeac0d9,normal_wash,5.0,1.625,233.954,0.043,1.297,1.776,,on,-75,,44 minute wash cycle
2026-06-03T09:48:00.562289+00:00,2026-06-03 15:18:00,Abel,plug_2,NW_P2_Abel,P110,washing_machine,adeac0d9,normal_wash,5.0,1.655,233.806,0.042,1.297,1.776,,on,-72,,44 minute wash cycle
2026-06-03T09:48:06.104121+00:00,2026-06-03 15:18:06,Abel,plug_2,NW_P2_Abel,P110,washing_machine,adeac0d9,normal_wash,5.0,1.763,233.878,0.042,1.297,1.776,,on,-70,,44 minute wash cycle
2026-06-03T09:48:11.605715+00:00,2026-06-03 15:18:11,Abel,plug_2,NW_P2_Abel,P110,washing_machine,adeac0d9,normal_wash,5.0,1.656,234.066,0.043,1.297,1.776,,on,-74,,44 minute wash cycle
2026-06-03T09:48:17.765740+00:00,2026-06-03 15:18:17,Abel,plug_2,NW_P2_Abel,P110,washing_machine,adeac0d9,normal_wash,5.0,1.639,234.044,0.042,1.297,1.776,,on,-71,,44 minute wash cycle
2026-06-03T09:48:23.298933+00:00,2026-06-03 15:18:23,Abel,plug_2,NW_P2_Abel,P110,washing_machine,adeac0d9,normal_wash,5.0,1.671,234.228,0.043,1.297,1.776,,on,-72,,44 minute wash cycle
2026-06-03T09:48:28.932692+00:00,2026-06-03 15:18:28,Abel,plug_2,NW_P2_Abel,P110,washing_machine,adeac0d9,normal_wash,5.0,1.7,234.144,0.042,1.297,1.776,,on,-74,,44 minute wash cycle
2026-06-03T09:48:34.805516+00:00,2026-06-03 15:18:34,Abel,plug_2,NW_P2_Abel,P110,washing_machine,adeac0d9,normal_wash,5.0,1.71,234.051,0.043,1.297,1.776,,on,-69,,44 minute wash cycle
2026-06-03T09:48:40.562050+00:00,2026-06-03 15:18:40,Abel,plug_2,NW_P2_Abel,P110,washing_machine,adeac0d9,normal_wash,5.0,1.649,234.33,0.042,1.297,1.776,,on,-69,,44 minute wash cycle
2026-06-03T09:48:46.697446+00:00,2026-06-03 15:18:46,Abel,plug_2,NW_P2_Abel,P110,washing_machine,adeac0d9,normal_wash,5.0,1.701,234.3,0.043,1.297,1.776,,on,-68,,44 minute wash cycle
2026-06-03T09:48:52.993035+00:00,2026-06-03 15:18:52,Abel,plug_2,NW_P2_Abel,P110,washing_machine,adeac0d9,normal_wash,5.0,1.702,234.396,0.042,1.297,1.776,,on,-75,,44 minute wash cycle
2026-06-03T09:48:58.868000+00:00,2026-06-03 15:18:58,Abel,plug_2,NW_P2_Abel,P110,washing_machine,adeac0d9,normal_wash,5.0,1.736,234.488,0.043,1.297,1.776,,on,-70,,44 minute wash cycle
2026-06-03T09:49:04.665642+00:00,2026-06-03 15:19:04,Abel,plug_2,NW_P2_Abel,P110,washing_machine,adeac0d9,normal_wash,5.0,1.6,234.631,0.042,1.297,1.776,,on,-69,,44 minute wash cycle
2026-06-03T09:49:10.202343+00:00,2026-06-03 15:19:10,Abel,plug_2,NW_P2_Abel,P110,washing_machine,adeac0d9,normal_wash,5.0,1.651,234.523,0.043,1.297,1.776,,on,-71,,44 minute wash cycle
2026-06-03T09:49:15.630735+00:00,2026-06-03 15:19:15,Abel,plug_2,NW_P2_Abel,P110,washing_machine,adeac0d9,normal_wash,5.0,1.738,234.608,0.043,1.297,1.776,,on,-73,,44 minute wash cycle
2026-06-03T09:49:22.585701+00:00,2026-06-03 15:19:22,Abel,plug_2,NW_P2_Abel,P110,washing_machine,adeac0d9,normal_wash,5.0,1.636,234.623,0.043,1.297,1.776,,on,-71,,44 minute wash cycle
2026-06-03T09:49:27.901659+00:00,2026-06-03 15:19:27,Abel,plug_2,NW_P2_Abel,P110,washing_machine,adeac0d9,normal_wash,5.0,1.592,234.569,0.043,1.297,1.776,,on,-71,,44 minute wash cycle
2026-06-03T09:49:33.154860+00:00,2026-06-03 15:19:33,Abel,plug_2,NW_P2_Abel,P110,washing_machine,adeac0d9,normal_wash,5.0,1.641,234.552,0.043,1.297,1.776,,on,-71,,44 minute wash cycle
2026-06-03T09:49:39.028440+00:00,2026-06-03 15:19:39,Abel,plug_2,NW_P2_Abel,P110,washing_machine,adeac0d9,normal_wash,5.0,1.735,234.498,0.043,1.297,1.776,,on,-68,,44 minute wash cycle
2026-06-03T09:49:45.596669+00:00,2026-06-03 15:19:45,Abel,plug_2,NW_P2_Abel,P110,washing_machine,adeac0d9,normal_wash,5.0,1.681,234.34,0.043,1.297,1.776,,on,-68,,44 minute wash cycle
2026-06-03T09:49:51.534399+00:00,2026-06-03 15:19:51,Abel,plug_2,NW_P2_Abel,P110,washing_machine,adeac0d9,normal_wash,5.0,1.657,234.194,0.042,1.297,1.776,,on,-70,,44 minute wash cycle
2026-06-03T09:49:57.747637+00:00,2026-06-03 15:19:57,Abel,plug_2,NW_P2_Abel,P110,washing_machine,adeac0d9,normal_wash,5.0,1.603,234.188,0.043,1.297,1.776,,on,-70,,44 minute wash cycle
2026-06-03T09:50:03.825885+00:00,2026-06-03 15:20:03,Abel,plug_2,NW_P2_Abel,P110,washing_machine,adeac0d9,normal_wash,5.0,1.714,234.288,0.043,1.297,1.776,,on,-71,,44 minute wash cycle
2026-06-03T09:50:09.663339+00:00,2026-06-03 15:20:09,Abel,plug_2,NW_P2_Abel,P110,washing_machine,adeac0d9,normal_wash,5.0,1.671,234.201,0.043,1.297,1.776,,on,-71,,44 minute wash cycle
2026-06-03T09:50:16.600241+00:00,2026-06-03 15:20:16,Abel,plug_2,NW_P2_Abel,P110,washing_machine,adeac0d9,normal_wash,5.0,1.674,234.137,0.043,1.297,1.776,,on,-71,,44 minute wash cycle
2026-06-03T09:50:22.593932+00:00,2026-06-03 15:20:22,Abel,plug_2,NW_P2_Abel,P110,washing_machine,adeac0d9,normal_wash,5.0,1.724,234.026,0.043,1.297,1.776,,on,-67,,44 minute wash cycle
2026-06-03T09:50:28.425605+00:00,2026-06-03 15:20:28,Abel,plug_2,NW_P2_Abel,P110,washing_machine,adeac0d9,normal_wash,5.0,1.68,234.156,0.043,1.297,1.776,,on,-69,,44 minute wash cycle
2026-06-03T09:50:34.165371+00:00,2026-06-03 15:20:34,Abel,plug_2,NW_P2_Abel,P110,washing_machine,adeac0d9,normal_wash,5.0,1.703,234.156,0.043,1.297,1.776,,on,-70,,44 minute wash cycle
2026-06-03T09:50:39.571319+00:00,2026-06-03 15:20:39,Abel,plug_2,NW_P2_Abel,P110,washing_machine,adeac0d9,normal_wash,5.0,1.675,234.11,0.042,1.297,1.776,,on,-71,,44 minute wash cycle
2026-06-03T09:50:45.340114+00:00,2026-06-03 15:20:45,Abel,plug_2,NW_P2_Abel,P110,washing_machine,adeac0d9,normal_wash,5.0,1.691,233.987,0.042,1.297,1.776,,on,-69,,44 minute wash cycle
2026-06-03T09:50:51.260948+00:00,2026-06-03 15:20:51,Abel,plug_2,NW_P2_Abel,P110,washing_machine,adeac0d9,normal_wash,5.0,1.684,234.067,0.042,1.297,1.776,,on,-70,,44 minute wash cycle
2026-06-03T09:50:56.903063+00:00,2026-06-03 15:20:56,Abel,plug_2,NW_P2_Abel,P110,washing_machine,adeac0d9,normal_wash,5.0,1.761,234.063,0.043,1.297,1.776,,on,-70,,44 minute wash cycle
2026-06-03T09:51:03.145629+00:00,2026-06-03 15:21:03,Abel,plug_2,NW_P2_Abel,P110,washing_machine,adeac0d9,normal_wash,5.0,1.671,234.106,0.043,1.297,1.776,,on,-67,,44 minute wash cycle
2026-06-03T09:51:08.982813+00:00,2026-06-03 15:21:08,Abel,plug_2,NW_P2_Abel,P110,washing_machine,adeac0d9,normal_wash,5.0,1.706,234.242,0.043,1.297,1.776,,on,-69,,44 minute wash cycle
2026-06-03T09:51:14.418671+00:00,2026-06-03 15:21:14,Abel,plug_2,NW_P2_Abel,P110,washing_machine,adeac0d9,normal_wash,5.0,1.649,234.302,0.043,1.297,1.776,,on,-70,,44 minute wash cycle
2026-06-03T09:51:19.947888+00:00,2026-06-03 15:21:19,Abel,plug_2,NW_P2_Abel,P110,washing_machine,adeac0d9,normal_wash,5.0,1.649,234.331,0.042,1.297,1.776,,on,-68,,44 minute wash cycle
2026-06-03T09:51:25.884875+00:00,2026-06-03 15:21:25,Abel,plug_2,NW_P2_Abel,P110,washing_machine,adeac0d9,normal_wash,5.0,1.691,234.207,0.043,1.297,1.776,,on,-71,,44 minute wash cycle
2026-06-03T09:51:31.920620+00:00,2026-06-03 15:21:31,Abel,plug_2,NW_P2_Abel,P110,washing_machine,adeac0d9,normal_wash,5.0,1.706,234.129,0.043,1.297,1.776,,on,-68,,44 minute wash cycle
2026-06-03T09:51:37.592422+00:00,2026-06-03 15:21:37,Abel,plug_2,NW_P2_Abel,P110,washing_machine,adeac0d9,normal_wash,5.0,1.692,234.133,0.043,1.297,1.776,,on,-67,,44 minute wash cycle
2026-06-03T09:51:43.275106+00:00,2026-06-03 15:21:43,Abel,plug_2,NW_P2_Abel,P110,washing_machine,adeac0d9,normal_wash,5.0,1.638,234.306,0.043,1.297,1.776,,on,-69,,44 minute wash cycle
2026-06-03T09:51:49.021755+00:00,2026-06-03 15:21:49,Abel,plug_2,NW_P2_Abel,P110,washing_machine,adeac0d9,normal_wash,5.0,1.648,234.355,0.043,1.297,1.776,,on,-69,,44 minute wash cycle
2026-06-03T09:51:54.697982+00:00,2026-06-03 15:21:54,Abel,plug_2,NW_P2_Abel,P110,washing_machine,adeac0d9,normal_wash,5.0,1.642,234.417,0.043,1.297,1.776,,on,-66,,44 minute wash cycle
2026-06-03T09:52:00.098410+00:00,2026-06-03 15:22:00,Abel,plug_2,NW_P2_Abel,P110,washing_machine,adeac0d9,normal_wash,5.0,1.605,234.562,0.043,1.297,1.776,,on,-70,,44 minute wash cycle
2026-06-03T09:52:05.713189+00:00,2026-06-03 15:22:05,Abel,plug_2,NW_P2_Abel,P110,washing_machine,adeac0d9,normal_wash,5.0,1.618,234.63,0.043,1.297,1.776,,on,-68,,44 minute wash cycle
2026-06-03T09:52:11.341110+00:00,2026-06-03 15:22:11,Abel,plug_2,NW_P2_Abel,P110,washing_machine,adeac0d9,normal_wash,5.0,1.644,234.607,0.043,1.297,1.776,,on,-70,,44 minute wash cycle
2026-06-03T09:52:17.284711+00:00,2026-06-03 15:22:17,Abel,plug_2,NW_P2_Abel,P110,washing_machine,adeac0d9,normal_wash,5.0,1.669,234.6,0.043,1.297,1.776,,on,-69,,44 minute wash cycle
2026-06-03T09:52:22.814450+00:00,2026-06-03 15:22:22,Abel,plug_2,NW_P2_Abel,P110,washing_machine,adeac0d9,normal_wash,5.0,1.755,234.525,0.043,1.297,1.776,,on,-68,,44 minute wash cycle
2026-06-03T09:52:28.475938+00:00,2026-06-03 15:22:28,Abel,plug_2,NW_P2_Abel,P110,washing_machine,adeac0d9,normal_wash,5.0,1.594,234.545,0.043,1.297,1.776,,on,-68,,44 minute wash cycle
2026-06-03T09:52:33.982628+00:00,2026-06-03 15:22:33,Abel,plug_2,NW_P2_Abel,P110,washing_machine,adeac0d9,normal_wash,5.0,1.653,234.608,0.043,1.297,1.776,,on,-68,,44 minute wash cycle
2026-06-03T09:52:39.711034+00:00,2026-06-03 15:22:39,Abel,plug_2,NW_P2_Abel,P110,washing_machine,adeac0d9,normal_wash,5.0,1.665,234.545,0.042,1.297,1.776,,on,-71,,44 minute wash cycle
2026-06-03T09:52:45.343065+00:00,2026-06-03 15:22:45,Abel,plug_2,NW_P2_Abel,P110,washing_machine,adeac0d9,normal_wash,5.0,1.668,234.559,0.043,1.297,1.776,,on,-70,,44 minute wash cycle
2026-06-03T09:52:52.204028+00:00,2026-06-03 15:22:52,Abel,plug_2,NW_P2_Abel,P110,washing_machine,adeac0d9,normal_wash,5.0,1.595,234.535,0.043,1.297,1.776,,on,-69,,44 minute wash cycle
2026-06-03T09:52:57.938916+00:00,2026-06-03 15:22:57,Abel,plug_2,NW_P2_Abel,P110,washing_machine,adeac0d9,normal_wash,5.0,1.674,234.244,0.043,1.297,1.776,,on,-68,,44 minute wash cycle
2026-06-03T09:53:03.774387+00:00,2026-06-03 15:23:03,Abel,plug_2,NW_P2_Abel,P110,washing_machine,adeac0d9,normal_wash,5.0,1.665,234.256,0.042,1.297,1.776,,on,-67,,44 minute wash cycle
2026-06-03T09:53:09.762275+00:00,2026-06-03 15:23:09,Abel,plug_2,NW_P2_Abel,P110,washing_machine,adeac0d9,normal_wash,5.0,1.648,234.482,0.042,1.297,1.776,,on,-71,,44 minute wash cycle
2026-06-03T09:53:15.393959+00:00,2026-06-03 15:23:15,Abel,plug_2,NW_P2_Abel,P110,washing_machine,adeac0d9,normal_wash,5.0,1.644,234.349,0.042,1.297,1.776,,on,-69,,44 minute wash cycle
2026-06-03T09:53:20.973050+00:00,2026-06-03 15:23:20,Abel,plug_2,NW_P2_Abel,P110,washing_machine,adeac0d9,normal_wash,5.0,1.647,234.408,0.042,1.297,1.776,,on,-67,,44 minute wash cycle
2026-06-03T09:53:26.816629+00:00,2026-06-03 15:23:26,Abel,plug_2,NW_P2_Abel,P110,washing_machine,adeac0d9,normal_wash,5.0,1.748,234.387,0.043,1.297,1.776,,on,-70,,44 minute wash cycle
2026-06-03T09:53:33.165036+00:00,2026-06-03 15:23:33,Abel,plug_2,NW_P2_Abel,P110,washing_machine,adeac0d9,normal_wash,5.0,1.619,234.22,0.043,1.297,1.776,,on,-74,,44 minute wash cycle
2026-06-03T09:53:38.899915+00:00,2026-06-03 15:23:38,Abel,plug_2,NW_P2_Abel,P110,washing_machine,adeac0d9,normal_wash,5.0,1.765,234.357,0.042,1.297,1.776,,on,-68,,44 minute wash cycle
2026-06-03T09:53:44.588682+00:00,2026-06-03 15:23:44,Abel,plug_2,NW_P2_Abel,P110,washing_machine,adeac0d9,normal_wash,5.0,1.577,234.255,0.042,1.297,1.776,,on,-71,,44 minute wash cycle
2026-06-03T09:53:52.928880+00:00,2026-06-03 15:23:52,Abel,plug_2,NW_P2_Abel,P110,washing_machine,adeac0d9,normal_wash,5.0,1.667,234.373,0.042,1.297,1.776,,on,-69,,44 minute wash cycle
2026-06-03T09:53:58.765711+00:00,2026-06-03 15:23:58,Abel,plug_2,NW_P2_Abel,P110,washing_machine,adeac0d9,normal_wash,5.0,1.623,234.593,0.042,1.297,1.776,,on,-69,,44 minute wash cycle
2026-06-03T09:54:04.603443+00:00,2026-06-03 15:24:04,Abel,plug_2,NW_P2_Abel,P110,washing_machine,adeac0d9,normal_wash,5.0,1.71,234.409,0.043,1.297,1.776,,on,-66,,44 minute wash cycle
2026-06-03T09:54:10.525100+00:00,2026-06-03 15:24:10,Abel,plug_2,NW_P2_Abel,P110,washing_machine,adeac0d9,normal_wash,5.0,1.592,234.305,0.043,1.297,1.776,,on,-70,,44 minute wash cycle
2026-06-03T09:54:16.076635+00:00,2026-06-03 15:24:16,Abel,plug_2,NW_P2_Abel,P110,washing_machine,adeac0d9,normal_wash,5.0,1.659,234.348,0.043,1.297,1.776,,on,-68,,44 minute wash cycle
2026-06-03T09:54:22.107903+00:00,2026-06-03 15:24:22,Abel,plug_2,NW_P2_Abel,P110,washing_machine,adeac0d9,normal_wash,5.0,1.697,234.339,0.042,1.297,1.776,,on,-67,,44 minute wash cycle
2026-06-03T09:54:27.848112+00:00,2026-06-03 15:24:27,Abel,plug_2,NW_P2_Abel,P110,washing_machine,adeac0d9,normal_wash,5.0,1.702,234.237,0.043,1.297,1.776,,on,-70,,44 minute wash cycle
2026-06-03T09:54:33.684931+00:00,2026-06-03 15:24:33,Abel,plug_2,NW_P2_Abel,P110,washing_machine,adeac0d9,normal_wash,5.0,1.642,234.297,0.043,1.297,1.776,,on,-69,,44 minute wash cycle
2026-06-03T09:54:39.254654+00:00,2026-06-03 15:24:39,Abel,plug_2,NW_P2_Abel,P110,washing_machine,adeac0d9,normal_wash,5.0,1.677,234.313,0.042,1.297,1.776,,on,-71,,44 minute wash cycle
2026-06-03T09:54:44.796690+00:00,2026-06-03 15:24:44,Abel,plug_2,NW_P2_Abel,P110,washing_machine,adeac0d9,normal_wash,5.0,1.627,234.285,0.043,1.297,1.776,,on,-70,,44 minute wash cycle
2026-06-03T09:54:50.071166+00:00,2026-06-03 15:24:50,Abel,plug_2,NW_P2_Abel,P110,washing_machine,adeac0d9,normal_wash,5.0,1.697,234.621,0.042,1.297,1.776,,on,-71,,44 minute wash cycle
2026-06-03T09:54:55.646493+00:00,2026-06-03 15:24:55,Abel,plug_2,NW_P2_Abel,P110,washing_machine,adeac0d9,normal_wash,5.0,1.61,234.468,0.043,1.297,1.776,,on,-70,,44 minute wash cycle
2026-06-03T09:55:02.459497+00:00,2026-06-03 15:25:02,Abel,plug_2,NW_P2_Abel,P110,washing_machine,adeac0d9,normal_wash,5.0,1.623,234.468,0.042,1.297,1.776,,on,-67,,44 minute wash cycle
2026-06-03T09:55:07.995756+00:00,2026-06-03 15:25:07,Abel,plug_2,NW_P2_Abel,P110,washing_machine,adeac0d9,normal_wash,5.0,1.676,234.318,0.043,1.297,1.776,,on,-70,,44 minute wash cycle
2026-06-03T09:55:13.770237+00:00,2026-06-03 15:25:13,Abel,plug_2,NW_P2_Abel,P110,washing_machine,adeac0d9,normal_wash,5.0,1.637,234.196,0.042,1.297,1.776,,on,-66,,44 minute wash cycle
2026-06-03T09:55:19.167516+00:00,2026-06-03 15:25:19,Abel,plug_2,NW_P2_Abel,P110,washing_machine,adeac0d9,normal_wash,5.0,1.652,234.452,0.043,1.297,1.776,,on,-73,,44 minute wash cycle
2026-06-03T09:55:24.685848+00:00,2026-06-03 15:25:24,Abel,plug_2,NW_P2_Abel,P110,washing_machine,adeac0d9,normal_wash,5.0,1.696,234.297,0.042,1.297,1.776,,on,-73,,44 minute wash cycle
2026-06-03T09:55:30.602811+00:00,2026-06-03 15:25:30,Abel,plug_2,NW_P2_Abel,P110,washing_machine,adeac0d9,normal_wash,5.0,1.641,234.248,0.043,1.297,1.776,,on,-74,,44 minute wash cycle
2026-06-03T09:55:37.789344+00:00,2026-06-03 15:25:37,Abel,plug_2,NW_P2_Abel,P110,washing_machine,adeac0d9,normal_wash,5.0,1.645,234.403,0.043,1.297,1.776,,on,-68,,44 minute wash cycle
2026-06-03T09:55:45.161865+00:00,2026-06-03 15:25:45,Abel,plug_2,NW_P2_Abel,P110,washing_machine,adeac0d9,normal_wash,5.0,1.593,234.515,0.043,1.297,1.776,,on,-68,,44 minute wash cycle
2026-06-03T09:55:50.772057+00:00,2026-06-03 15:25:50,Abel,plug_2,NW_P2_Abel,P110,washing_machine,adeac0d9,normal_wash,5.0,1.635,234.506,0.043,1.297,1.776,,on,-70,,44 minute wash cycle
2026-06-03T09:55:56.631044+00:00,2026-06-03 15:25:56,Abel,plug_2,NW_P2_Abel,P110,washing_machine,adeac0d9,normal_wash,5.0,1.642,234.342,0.043,1.297,1.776,,on,-67,,44 minute wash cycle
2026-06-03T09:56:02.092736+00:00,2026-06-03 15:26:02,Abel,plug_2,NW_P2_Abel,P110,washing_machine,adeac0d9,normal_wash,5.0,1.667,234.457,0.043,1.297,1.776,,on,-66,,44 minute wash cycle
2026-06-03T09:56:07.888498+00:00,2026-06-03 15:26:07,Abel,plug_2,NW_P2_Abel,P110,washing_machine,adeac0d9,normal_wash,5.0,1.668,234.478,0.042,1.297,1.776,,on,-66,,44 minute wash cycle
2026-06-03T09:56:14.039723+00:00,2026-06-03 15:26:14,Abel,plug_2,NW_P2_Abel,P110,washing_machine,adeac0d9,normal_wash,5.0,1.711,234.536,0.042,1.297,1.776,,on,-67,,44 minute wash cycle
2026-06-03T09:56:20.081332+00:00,2026-06-03 15:26:20,Abel,plug_2,NW_P2_Abel,P110,washing_machine,adeac0d9,normal_wash,5.0,1.716,234.468,0.043,1.297,1.776,,on,-66,,44 minute wash cycle
2026-06-03T09:56:25.713937+00:00,2026-06-03 15:26:25,Abel,plug_2,NW_P2_Abel,P110,washing_machine,adeac0d9,normal_wash,5.0,1.657,234.555,0.043,1.297,1.776,,on,-69,,44 minute wash cycle
2026-06-03T09:56:31.258531+00:00,2026-06-03 15:26:31,Abel,plug_2,NW_P2_Abel,P110,washing_machine,adeac0d9,normal_wash,5.0,1.691,234.491,0.043,1.297,1.776,,on,-70,,44 minute wash cycle
2026-06-03T09:56:39.839425+00:00,2026-06-03 15:26:39,Abel,plug_2,NW_P2_Abel,P110,washing_machine,adeac0d9,normal_wash,5.0,1.658,234.534,0.042,1.297,1.776,,on,-68,,44 minute wash cycle
2026-06-03T09:56:45.468952+00:00,2026-06-03 15:26:45,Abel,plug_2,NW_P2_Abel,P110,washing_machine,adeac0d9,normal_wash,5.0,1.667,234.399,0.043,1.297,1.776,,on,-68,,44 minute wash cycle
2026-06-03T09:56:51.109616+00:00,2026-06-03 15:26:51,Abel,plug_2,NW_P2_Abel,P110,washing_machine,adeac0d9,normal_wash,5.0,1.714,234.549,0.043,1.297,1.776,,on,-69,,44 minute wash cycle
2026-06-03T09:56:56.843813+00:00,2026-06-03 15:26:56,Abel,plug_2,NW_P2_Abel,P110,washing_machine,adeac0d9,normal_wash,5.0,1.722,234.688,0.042,1.297,1.776,,on,-69,,44 minute wash cycle
2026-06-03T09:57:02.274962+00:00,2026-06-03 15:27:02,Abel,plug_2,NW_P2_Abel,P110,washing_machine,adeac0d9,normal_wash,5.0,1.587,234.786,0.043,1.297,1.776,,on,-69,,44 minute wash cycle
2026-06-03T09:57:08.679335+00:00,2026-06-03 15:27:08,Abel,plug_2,NW_P2_Abel,P110,washing_machine,adeac0d9,normal_wash,5.0,1.666,234.882,0.043,1.297,1.776,,on,-68,,44 minute wash cycle
2026-06-03T09:57:16.853861+00:00,2026-06-03 15:27:16,Abel,plug_2,NW_P2_Abel,P110,washing_machine,adeac0d9,normal_wash,5.0,1.66,234.695,0.043,1.297,1.776,,on,-68,,44 minute wash cycle
2026-06-03T09:57:22.246019+00:00,2026-06-03 15:27:22,Abel,plug_2,NW_P2_Abel,P110,washing_machine,adeac0d9,normal_wash,5.0,1.578,234.461,0.043,1.297,1.776,,on,-67,,44 minute wash cycle
2026-06-03T09:57:27.732643+00:00,2026-06-03 15:27:27,Abel,plug_2,NW_P2_Abel,P110,washing_machine,adeac0d9,normal_wash,5.0,1.641,234.436,0.043,1.297,1.776,,on,-67,,44 minute wash cycle
2026-06-03T09:57:33.503646+00:00,2026-06-03 15:27:33,Abel,plug_2,NW_P2_Abel,P110,washing_machine,adeac0d9,normal_wash,5.0,1.539,234.525,0.043,1.297,1.776,,on,-67,,44 minute wash cycle
2026-06-03T09:57:39.333405+00:00,2026-06-03 15:27:39,Abel,plug_2,NW_P2_Abel,P110,washing_machine,adeac0d9,normal_wash,5.0,1.701,234.502,0.043,1.297,1.776,,on,-67,,44 minute wash cycle
2026-06-03T09:57:46.325728+00:00,2026-06-03 15:27:46,Abel,plug_2,NW_P2_Abel,P110,washing_machine,adeac0d9,normal_wash,5.0,1.661,234.67,0.043,1.297,1.776,,on,-68,,44 minute wash cycle
2026-06-03T09:57:52.346384+00:00,2026-06-03 15:27:52,Abel,plug_2,NW_P2_Abel,P110,washing_machine,adeac0d9,normal_wash,5.0,1.76,234.699,0.043,1.297,1.776,,on,-70,,44 minute wash cycle
2026-06-03T09:57:57.930276+00:00,2026-06-03 15:27:57,Abel,plug_2,NW_P2_Abel,P110,washing_machine,adeac0d9,normal_wash,5.0,1.654,234.734,0.043,1.297,1.776,,on,-65,,44 minute wash cycle
2026-06-03T09:58:03.508376+00:00,2026-06-03 15:28:03,Abel,plug_2,NW_P2_Abel,P110,washing_machine,adeac0d9,normal_wash,5.0,1.707,234.962,0.043,1.297,1.776,,on,-66,,44 minute wash cycle
2026-06-03T09:58:09.038202+00:00,2026-06-03 15:28:09,Abel,plug_2,NW_P2_Abel,P110,washing_machine,adeac0d9,normal_wash,5.0,1.636,235.215,0.043,1.297,1.776,,on,-68,,44 minute wash cycle
2026-06-03T09:58:15.479771+00:00,2026-06-03 15:28:15,Abel,plug_2,NW_P2_Abel,P110,washing_machine,adeac0d9,normal_wash,5.0,1.663,235.308,0.043,1.297,1.776,,on,-67,,44 minute wash cycle
2026-06-03T09:58:20.915897+00:00,2026-06-03 15:28:20,Abel,plug_2,NW_P2_Abel,P110,washing_machine,adeac0d9,normal_wash,5.0,1.689,235.335,0.043,1.297,1.776,,on,-69,,44 minute wash cycle
2026-06-03T09:58:26.548506+00:00,2026-06-03 15:28:26,Abel,plug_2,NW_P2_Abel,P110,washing_machine,adeac0d9,normal_wash,5.0,1.69,235.325,0.043,1.297,1.776,,on,-69,,44 minute wash cycle
2026-06-03T09:58:32.117288+00:00,2026-06-03 15:28:32,Abel,plug_2,NW_P2_Abel,P110,washing_machine,adeac0d9,normal_wash,5.0,1.615,235.453,0.042,1.297,1.776,,on,-70,,44 minute wash cycle
2026-06-03T09:58:37.718302+00:00,2026-06-03 15:28:37,Abel,plug_2,NW_P2_Abel,P110,washing_machine,adeac0d9,normal_wash,5.0,1.603,235.353,0.043,1.297,1.776,,on,-65,,44 minute wash cycle
2026-06-03T09:58:43.749901+00:00,2026-06-03 15:28:43,Abel,plug_2,NW_P2_Abel,P110,washing_machine,adeac0d9,normal_wash,5.0,1.678,235.341,0.042,1.297,1.776,,on,-70,,44 minute wash cycle
2026-06-03T09:58:49.467170+00:00,2026-06-03 15:28:49,Abel,plug_2,NW_P2_Abel,P110,washing_machine,adeac0d9,normal_wash,5.0,1.729,235.394,0.043,1.297,1.776,,on,-70,,44 minute wash cycle
2026-06-03T09:58:55.016302+00:00,2026-06-03 15:28:55,Abel,plug_2,NW_P2_Abel,P110,washing_machine,adeac0d9,normal_wash,5.0,1.614,235.502,0.043,1.297,1.776,,on,-68,,44 minute wash cycle
2026-06-03T09:59:00.590832+00:00,2026-06-03 15:29:00,Abel,plug_2,NW_P2_Abel,P110,washing_machine,adeac0d9,normal_wash,5.0,1.672,235.591,0.043,1.297,1.776,,on,-70,,44 minute wash cycle
2026-06-03T09:59:06.377110+00:00,2026-06-03 15:29:06,Abel,plug_2,NW_P2_Abel,P110,washing_machine,adeac0d9,normal_wash,5.0,1.581,235.696,0.042,1.297,1.776,,on,-69,,44 minute wash cycle
2026-06-03T09:59:12.222389+00:00,2026-06-03 15:29:12,Abel,plug_2,NW_P2_Abel,P110,washing_machine,adeac0d9,normal_wash,5.0,1.806,235.617,0.043,1.297,1.776,,on,-73,,44 minute wash cycle
2026-06-03T09:59:19.081355+00:00,2026-06-03 15:29:19,Abel,plug_2,NW_P2_Abel,P110,washing_machine,adeac0d9,normal_wash,5.0,1.724,235.753,0.042,1.297,1.776,,on,-70,,44 minute wash cycle
2026-06-03T09:59:24.925691+00:00,2026-06-03 15:29:24,Abel,plug_2,NW_P2_Abel,P110,washing_machine,adeac0d9,normal_wash,5.0,1.676,235.676,0.043,1.297,1.776,,on,-69,,44 minute wash cycle
2026-06-03T09:59:30.351525+00:00,2026-06-03 15:29:30,Abel,plug_2,NW_P2_Abel,P110,washing_machine,adeac0d9,normal_wash,5.0,1.621,235.708,0.043,1.297,1.776,,on,-68,,44 minute wash cycle
2026-06-03T09:59:35.875059+00:00,2026-06-03 15:29:35,Abel,plug_2,NW_P2_Abel,P110,washing_machine,adeac0d9,normal_wash,5.0,1.746,235.802,0.043,1.297,1.776,,on,-71,,44 minute wash cycle
2026-06-03T09:59:41.712083+00:00,2026-06-03 15:29:41,Abel,plug_2,NW_P2_Abel,P110,washing_machine,adeac0d9,normal_wash,5.0,1.674,235.78,0.043,1.297,1.776,,on,-75,,44 minute wash cycle
2026-06-03T09:59:47.015462+00:00,2026-06-03 15:29:47,Abel,plug_2,NW_P2_Abel,P110,washing_machine,adeac0d9,normal_wash,5.0,1.685,235.73,0.043,1.297,1.776,,on,-72,,44 minute wash cycle
2026-06-03T09:59:53.200656+00:00,2026-06-03 15:29:53,Abel,plug_2,NW_P2_Abel,P110,washing_machine,adeac0d9,normal_wash,5.0,1.695,235.79,0.043,1.297,1.776,,on,-70,,44 minute wash cycle
2026-06-03T09:59:58.710692+00:00,2026-06-03 15:29:58,Abel,plug_2,NW_P2_Abel,P110,washing_machine,adeac0d9,normal_wash,5.0,1.711,235.823,0.043,1.297,1.776,,on,-69,,44 minute wash cycle
2026-06-03T10:00:04.445156+00:00,2026-06-03 15:30:04,Abel,plug_2,NW_P2_Abel,P110,washing_machine,adeac0d9,normal_wash,5.0,1.702,235.998,0.043,1.297,1.776,,on,-72,,44 minute wash cycle
2026-06-03T10:00:10.384916+00:00,2026-06-03 15:30:10,Abel,plug_2,NW_P2_Abel,P110,washing_machine,adeac0d9,normal_wash,5.0,1.737,236.013,0.043,1.297,1.776,,on,-69,,44 minute wash cycle
2026-06-03T10:00:16.214072+00:00,2026-06-03 15:30:16,Abel,plug_2,NW_P2_Abel,P110,washing_machine,adeac0d9,normal_wash,5.0,1.637,235.831,0.043,1.297,1.776,,on,-70,,44 minute wash cycle
2026-06-03T10:00:21.852277+00:00,2026-06-03 15:30:21,Abel,plug_2,NW_P2_Abel,P110,washing_machine,adeac0d9,normal_wash,5.0,1.604,235.925,0.043,1.297,1.776,,on,-71,,44 minute wash cycle
2026-06-03T10:00:27.690712+00:00,2026-06-03 15:30:27,Abel,plug_2,NW_P2_Abel,P110,washing_machine,adeac0d9,normal_wash,5.0,1.694,236.081,0.043,1.297,1.776,,on,-72,,44 minute wash cycle
2026-06-03T10:00:33.732646+00:00,2026-06-03 15:30:33,Abel,plug_2,NW_P2_Abel,P110,washing_machine,adeac0d9,normal_wash,5.0,1.704,236.379,0.043,1.297,1.777,,on,-72,,44 minute wash cycle
2026-06-03T10:00:41.500722+00:00,2026-06-03 15:30:41,Abel,plug_2,NW_P2_Abel,P110,washing_machine,adeac0d9,normal_wash,5.0,1.694,236.591,0.043,1.297,1.777,,on,-75,,44 minute wash cycle
2026-06-03T10:00:47.863908+00:00,2026-06-03 15:30:47,Abel,plug_2,NW_P2_Abel,P110,washing_machine,adeac0d9,normal_wash,5.0,1.765,236.522,0.043,1.297,1.777,,on,-69,,44 minute wash cycle
