timestamp_utc,timestamp_local,team_member,plug_id,plug_alias,plug_model,appliance,session_id,mode,sample_interval_sec,power_w,voltage_v,current_a,energy_today_kwh,energy_this_month_kwh,energy_total_kwh,state,rssi,signal_level,notes
2026-06-03T07:43:14.733538+00:00,2026-06-03 13:43:14,Anllia,plug_1,Tapo P110,P110,mixer,017895c5,multi_cycle,1.0,2.685,244.025,0.013,0.0,0.032,,on,-70,,20 minute NILM mixer session
2026-06-03T07:43:15.977994+00:00,2026-06-03 13:43:15,Anllia,plug_1,Tapo P110,P110,mixer,017895c5,multi_cycle,1.0,2.641,244.076,0.013,0.0,0.032,,on,-70,,20 minute NILM mixer session
2026-06-03T07:43:17.319005+00:00,2026-06-03 13:43:17,Anllia,plug_1,Tapo P110,P110,mixer,017895c5,multi_cycle,1.0,2.704,244.076,0.013,0.0,0.032,,on,-70,,20 minute NILM mixer session
2026-06-03T07:43:18.610377+00:00,2026-06-03 13:43:18,Anllia,plug_1,Tapo P110,P110,mixer,017895c5,multi_cycle,1.0,2.647,244.076,0.0,0.0,0.032,,on,-70,,20 minute NILM mixer session
2026-06-03T07:43:19.923680+00:00,2026-06-03 13:43:19,Anllia,plug_1,Tapo P110,P110,mixer,017895c5,multi_cycle,1.0,2.647,243.827,0.0,0.0,0.032,,on,-70,,20 minute NILM mixer session
2026-06-03T07:43:21.175067+00:00,2026-06-03 13:43:21,Anllia,plug_1,Tapo P110,P110,mixer,017895c5,multi_cycle,1.0,2.741,243.827,0.0,0.0,0.032,,on,-71,,20 minute NILM mixer session
2026-06-03T07:43:22.478296+00:00,2026-06-03 13:43:22,Anllia,plug_1,Tapo P110,P110,mixer,017895c5,multi_cycle,1.0,2.682,243.827,0.013,0.0,0.032,,on,-69,,20 minute NILM mixer session
2026-06-03T07:43:23.790994+00:00,2026-06-03 13:43:23,Anllia,plug_1,Tapo P110,P110,mixer,017895c5,multi_cycle,1.0,2.684,243.607,0.013,0.0,0.032,,on,-70,,20 minute NILM mixer session
2026-06-03T07:43:25.167372+00:00,2026-06-03 13:43:25,Anllia,plug_1,Tapo P110,P110,mixer,017895c5,multi_cycle,1.0,2.701,243.607,0.013,0.0,0.032,,on,-69,,20 minute NILM mixer session
2026-06-03T07:43:26.474778+00:00,2026-06-03 13:43:26,Anllia,plug_1,Tapo P110,P110,mixer,017895c5,multi_cycle,1.0,53.349,243.45,0.013,0.0,0.032,,on,-70,,20 minute NILM mixer session
2026-06-03T07:43:27.791497+00:00,2026-06-03 13:43:27,Anllia,plug_1,Tapo P110,P110,mixer,017895c5,multi_cycle,1.0,235.102,243.45,0.991,0.0,0.032,,on,-69,,20 minute NILM mixer session
2026-06-03T07:43:29.137706+00:00,2026-06-03 13:43:29,Anllia,plug_1,Tapo P110,P110,mixer,017895c5,multi_cycle,1.0,212.9,242.468,0.991,0.001,0.032,,on,-70,,20 minute NILM mixer session
2026-06-03T07:43:30.587321+00:00,2026-06-03 13:43:30,Anllia,plug_1,Tapo P110,P110,mixer,017895c5,multi_cycle,1.0,212.9,242.468,0.881,0.001,0.032,,on,-70,,20 minute NILM mixer session
2026-06-03T07:43:31.854209+00:00,2026-06-03 13:43:31,Anllia,plug_1,Tapo P110,P110,mixer,017895c5,multi_cycle,1.0,210.047,242.468,0.881,0.001,0.032,,on,-70,,20 minute NILM mixer session
2026-06-03T07:43:33.166283+00:00,2026-06-03 13:43:33,Anllia,plug_1,Tapo P110,P110,mixer,017895c5,multi_cycle,1.0,208.453,242.412,0.881,0.001,0.032,,on,-71,,20 minute NILM mixer session
2026-06-03T07:43:34.422704+00:00,2026-06-03 13:43:34,Anllia,plug_1,Tapo P110,P110,mixer,017895c5,multi_cycle,1.0,207.824,242.412,0.871,0.001,0.032,,on,-70,,20 minute NILM mixer session
2026-06-03T07:43:35.667706+00:00,2026-06-03 13:43:35,Anllia,plug_1,Tapo P110,P110,mixer,017895c5,multi_cycle,1.0,207.329,242.47,0.871,0.001,0.032,,on,-71,,20 minute NILM mixer session
2026-06-03T07:43:36.954620+00:00,2026-06-03 13:43:36,Anllia,plug_1,Tapo P110,P110,mixer,017895c5,multi_cycle,1.0,206.402,242.47,0.865,0.001,0.032,,on,-70,,20 minute NILM mixer session
2026-06-03T07:43:38.272265+00:00,2026-06-03 13:43:38,Anllia,plug_1,Tapo P110,P110,mixer,017895c5,multi_cycle,1.0,206.689,242.516,0.865,0.001,0.032,,on,-68,,20 minute NILM mixer session
2026-06-03T07:43:39.554466+00:00,2026-06-03 13:43:39,Anllia,plug_1,Tapo P110,P110,mixer,017895c5,multi_cycle,1.0,207.204,242.516,0.868,0.001,0.033,,on,-69,,20 minute NILM mixer session
2026-06-03T07:43:40.902908+00:00,2026-06-03 13:43:40,Anllia,plug_1,Tapo P110,P110,mixer,017895c5,multi_cycle,1.0,207.204,242.516,0.868,0.001,0.033,,on,-69,,20 minute NILM mixer session
2026-06-03T07:43:42.155925+00:00,2026-06-03 13:43:42,Anllia,plug_1,Tapo P110,P110,mixer,017895c5,multi_cycle,1.0,207.087,242.77,0.868,0.001,0.033,,on,-69,,20 minute NILM mixer session
2026-06-03T07:43:43.424247+00:00,2026-06-03 13:43:43,Anllia,plug_1,Tapo P110,P110,mixer,017895c5,multi_cycle,1.0,206.668,242.77,0.866,0.001,0.033,,on,-69,,20 minute NILM mixer session
2026-06-03T07:43:44.788500+00:00,2026-06-03 13:43:44,Anllia,plug_1,Tapo P110,P110,mixer,017895c5,multi_cycle,1.0,206.744,242.602,0.866,0.001,0.033,,on,-71,,20 minute NILM mixer session
2026-06-03T07:43:46.045772+00:00,2026-06-03 13:43:46,Anllia,plug_1,Tapo P110,P110,mixer,017895c5,multi_cycle,1.0,206.553,242.602,0.866,0.002,0.033,,on,-70,,20 minute NILM mixer session
2026-06-03T07:43:47.297167+00:00,2026-06-03 13:43:47,Anllia,plug_1,Tapo P110,P110,mixer,017895c5,multi_cycle,1.0,206.553,242.845,0.866,0.002,0.033,,on,-70,,20 minute NILM mixer session
2026-06-03T07:43:48.630698+00:00,2026-06-03 13:43:48,Anllia,plug_1,Tapo P110,P110,mixer,017895c5,multi_cycle,1.0,99.16,242.845,0.866,0.002,0.033,,on,-70,,20 minute NILM mixer session
2026-06-03T07:43:49.878014+00:00,2026-06-03 13:43:49,Anllia,plug_1,Tapo P110,P110,mixer,017895c5,multi_cycle,1.0,1.381,242.845,0.01,0.002,0.033,,on,-70,,20 minute NILM mixer session
2026-06-03T07:43:51.127624+00:00,2026-06-03 13:43:51,Anllia,plug_1,Tapo P110,P110,mixer,017895c5,multi_cycle,1.0,2.377,243.453,0.01,0.002,0.033,,on,-70,,20 minute NILM mixer session
2026-06-03T07:43:52.418028+00:00,2026-06-03 13:43:52,Anllia,plug_1,Tapo P110,P110,mixer,017895c5,multi_cycle,1.0,2.352,243.453,0.011,0.002,0.033,,on,-68,,20 minute NILM mixer session
2026-06-03T07:43:53.737480+00:00,2026-06-03 13:43:53,Anllia,plug_1,Tapo P110,P110,mixer,017895c5,multi_cycle,1.0,2.367,243.436,0.011,0.002,0.033,,on,-70,,20 minute NILM mixer session
2026-06-03T07:43:55.046481+00:00,2026-06-03 13:43:55,Anllia,plug_1,Tapo P110,P110,mixer,017895c5,multi_cycle,1.0,2.367,243.436,0.011,0.002,0.033,,on,-70,,20 minute NILM mixer session
2026-06-03T07:43:56.370108+00:00,2026-06-03 13:43:56,Anllia,plug_1,Tapo P110,P110,mixer,017895c5,multi_cycle,1.0,2.293,243.436,0.011,0.002,0.033,,on,-70,,20 minute NILM mixer session
2026-06-03T07:43:57.614278+00:00,2026-06-03 13:43:57,Anllia,plug_1,Tapo P110,P110,mixer,017895c5,multi_cycle,1.0,2.313,243.318,0.011,0.002,0.033,,on,-69,,20 minute NILM mixer session
2026-06-03T07:43:58.910788+00:00,2026-06-03 13:43:58,Anllia,plug_1,Tapo P110,P110,mixer,017895c5,multi_cycle,1.0,2.325,243.318,0.011,0.002,0.033,,on,-69,,20 minute NILM mixer session
2026-06-03T07:44:00.206401+00:00,2026-06-03 13:44:00,Anllia,plug_1,Tapo P110,P110,mixer,017895c5,multi_cycle,1.0,155.257,243.318,0.011,0.002,0.033,,on,-69,,20 minute NILM mixer session
2026-06-03T07:44:01.465274+00:00,2026-06-03 13:44:01,Anllia,plug_1,Tapo P110,P110,mixer,017895c5,multi_cycle,1.0,155.257,242.22,0.011,0.002,0.033,,on,-68,,20 minute NILM mixer session
2026-06-03T07:44:02.780338+00:00,2026-06-03 13:44:02,Anllia,plug_1,Tapo P110,P110,mixer,017895c5,multi_cycle,1.0,245.545,242.22,0.974,0.002,0.033,,on,-70,,20 minute NILM mixer session
2026-06-03T07:44:04.025876+00:00,2026-06-03 13:44:04,Anllia,plug_1,Tapo P110,P110,mixer,017895c5,multi_cycle,1.0,227.457,242.692,0.974,0.002,0.033,,on,-71,,20 minute NILM mixer session
2026-06-03T07:44:05.262073+00:00,2026-06-03 13:44:05,Anllia,plug_1,Tapo P110,P110,mixer,017895c5,multi_cycle,1.0,225.934,242.692,0.94,0.002,0.033,,on,-70,,20 minute NILM mixer session
2026-06-03T07:44:06.613450+00:00,2026-06-03 13:44:06,Anllia,plug_1,Tapo P110,P110,mixer,017895c5,multi_cycle,1.0,224.032,242.692,0.94,0.002,0.033,,on,-69,,20 minute NILM mixer session
2026-06-03T07:44:07.887071+00:00,2026-06-03 13:44:07,Anllia,plug_1,Tapo P110,P110,mixer,017895c5,multi_cycle,1.0,223.546,242.276,0.94,0.002,0.033,,on,-70,,20 minute NILM mixer session
2026-06-03T07:44:09.197122+00:00,2026-06-03 13:44:09,Anllia,plug_1,Tapo P110,P110,mixer,017895c5,multi_cycle,1.0,223.546,242.276,0.934,0.002,0.034,,on,-71,,20 minute NILM mixer session
2026-06-03T07:44:10.438100+00:00,2026-06-03 13:44:10,Anllia,plug_1,Tapo P110,P110,mixer,017895c5,multi_cycle,1.0,223.326,242.083,0.934,0.002,0.034,,on,-72,,20 minute NILM mixer session
2026-06-03T07:44:11.689056+00:00,2026-06-03 13:44:11,Anllia,plug_1,Tapo P110,P110,mixer,017895c5,multi_cycle,1.0,223.259,242.083,0.932,0.002,0.034,,on,-71,,20 minute NILM mixer session
2026-06-03T07:44:12.937094+00:00,2026-06-03 13:44:12,Anllia,plug_1,Tapo P110,P110,mixer,017895c5,multi_cycle,1.0,222.891,241.978,0.932,0.002,0.034,,on,-72,,20 minute NILM mixer session
2026-06-03T07:44:14.278449+00:00,2026-06-03 13:44:14,Anllia,plug_1,Tapo P110,P110,mixer,017895c5,multi_cycle,1.0,222.604,241.978,0.93,0.003,0.034,,on,-71,,20 minute NILM mixer session
2026-06-03T07:44:15.530921+00:00,2026-06-03 13:44:15,Anllia,plug_1,Tapo P110,P110,mixer,017895c5,multi_cycle,1.0,222.902,241.978,0.93,0.003,0.034,,on,-68,,20 minute NILM mixer session
2026-06-03T07:44:16.770510+00:00,2026-06-03 13:44:16,Anllia,plug_1,Tapo P110,P110,mixer,017895c5,multi_cycle,1.0,222.218,241.992,0.93,0.003,0.034,,on,-70,,20 minute NILM mixer session
2026-06-03T07:44:18.021571+00:00,2026-06-03 13:44:18,Anllia,plug_1,Tapo P110,P110,mixer,017895c5,multi_cycle,1.0,222.218,241.992,0.93,0.003,0.034,,on,-69,,20 minute NILM mixer session
2026-06-03T07:44:19.308516+00:00,2026-06-03 13:44:19,Anllia,plug_1,Tapo P110,P110,mixer,017895c5,multi_cycle,1.0,222.757,242.122,0.93,0.003,0.034,,on,-69,,20 minute NILM mixer session
2026-06-03T07:44:20.545123+00:00,2026-06-03 13:44:20,Anllia,plug_1,Tapo P110,P110,mixer,017895c5,multi_cycle,1.0,222.62,242.122,0.929,0.003,0.034,,on,-70,,20 minute NILM mixer session
2026-06-03T07:44:21.832787+00:00,2026-06-03 13:44:21,Anllia,plug_1,Tapo P110,P110,mixer,017895c5,multi_cycle,1.0,221.367,241.759,0.929,0.003,0.034,,on,-70,,20 minute NILM mixer session
2026-06-03T07:44:23.102419+00:00,2026-06-03 13:44:23,Anllia,plug_1,Tapo P110,P110,mixer,017895c5,multi_cycle,1.0,219.973,241.759,0.929,0.003,0.034,,on,-69,,20 minute NILM mixer session
2026-06-03T07:44:24.348437+00:00,2026-06-03 13:44:24,Anllia,plug_1,Tapo P110,P110,mixer,017895c5,multi_cycle,1.0,218.713,241.759,0.919,0.003,0.035,,on,-69,,20 minute NILM mixer session
2026-06-03T07:44:25.593414+00:00,2026-06-03 13:44:25,Anllia,plug_1,Tapo P110,P110,mixer,017895c5,multi_cycle,1.0,218.713,241.451,0.919,0.003,0.035,,on,-69,,20 minute NILM mixer session
2026-06-03T07:44:26.857581+00:00,2026-06-03 13:44:26,Anllia,plug_1,Tapo P110,P110,mixer,017895c5,multi_cycle,1.0,96.769,241.451,0.109,0.003,0.035,,on,-72,,20 minute NILM mixer session
2026-06-03T07:44:28.207520+00:00,2026-06-03 13:44:28,Anllia,plug_1,Tapo P110,P110,mixer,017895c5,multi_cycle,1.0,2.352,242.602,0.109,0.003,0.035,,on,-71,,20 minute NILM mixer session
2026-06-03T07:44:29.458076+00:00,2026-06-03 13:44:29,Anllia,plug_1,Tapo P110,P110,mixer,017895c5,multi_cycle,1.0,2.479,242.602,0.012,0.003,0.035,,on,-71,,20 minute NILM mixer session
2026-06-03T07:44:30.709091+00:00,2026-06-03 13:44:30,Anllia,plug_1,Tapo P110,P110,mixer,017895c5,multi_cycle,1.0,2.447,242.602,0.012,0.003,0.035,,on,-71,,20 minute NILM mixer session
2026-06-03T07:44:32.032975+00:00,2026-06-03 13:44:32,Anllia,plug_1,Tapo P110,P110,mixer,017895c5,multi_cycle,1.0,2.433,242.646,0.012,0.003,0.035,,on,-73,,20 minute NILM mixer session
2026-06-03T07:44:33.303055+00:00,2026-06-03 13:44:33,Anllia,plug_1,Tapo P110,P110,mixer,017895c5,multi_cycle,1.0,2.433,242.646,0.012,0.003,0.035,,on,-70,,20 minute NILM mixer session
2026-06-03T07:44:34.582980+00:00,2026-06-03 13:44:34,Anllia,plug_1,Tapo P110,P110,mixer,017895c5,multi_cycle,1.0,2.425,243.025,0.012,0.003,0.035,,on,-69,,20 minute NILM mixer session
2026-06-03T07:44:35.901140+00:00,2026-06-03 13:44:35,Anllia,plug_1,Tapo P110,P110,mixer,017895c5,multi_cycle,1.0,2.513,243.025,0.012,0.003,0.035,,on,-71,,20 minute NILM mixer session
2026-06-03T07:44:37.168664+00:00,2026-06-03 13:44:37,Anllia,plug_1,Tapo P110,P110,mixer,017895c5,multi_cycle,1.0,2.541,243.025,0.012,0.003,0.035,,on,-71,,20 minute NILM mixer session
2026-06-03T07:44:38.459166+00:00,2026-06-03 13:44:38,Anllia,plug_1,Tapo P110,P110,mixer,017895c5,multi_cycle,1.0,2.629,243.43,0.012,0.003,0.035,,on,-71,,20 minute NILM mixer session
2026-06-03T07:44:39.766771+00:00,2026-06-03 13:44:39,Anllia,plug_1,Tapo P110,P110,mixer,017895c5,multi_cycle,1.0,2.619,243.43,0.012,0.003,0.035,,on,-72,,20 minute NILM mixer session
2026-06-03T07:44:41.035937+00:00,2026-06-03 13:44:41,Anllia,plug_1,Tapo P110,P110,mixer,017895c5,multi_cycle,1.0,162.717,243.09,0.012,0.003,0.035,,on,-70,,20 minute NILM mixer session
2026-06-03T07:44:42.320832+00:00,2026-06-03 13:44:42,Anllia,plug_1,Tapo P110,P110,mixer,017895c5,multi_cycle,1.0,162.717,243.09,1.109,0.003,0.035,,on,-70,,20 minute NILM mixer session
2026-06-03T07:44:43.584267+00:00,2026-06-03 13:44:43,Anllia,plug_1,Tapo P110,P110,mixer,017895c5,multi_cycle,1.0,266.48,243.09,1.109,0.003,0.035,,on,-71,,20 minute NILM mixer session
2026-06-03T07:44:44.947459+00:00,2026-06-03 13:44:44,Anllia,plug_1,Tapo P110,P110,mixer,017895c5,multi_cycle,1.0,243.068,242.519,1.109,0.004,0.035,,on,-72,,20 minute NILM mixer session
2026-06-03T07:44:46.209031+00:00,2026-06-03 13:44:46,Anllia,plug_1,Tapo P110,P110,mixer,017895c5,multi_cycle,1.0,240.859,242.519,0.999,0.004,0.035,,on,-71,,20 minute NILM mixer session
2026-06-03T07:44:47.530592+00:00,2026-06-03 13:44:47,Anllia,plug_1,Tapo P110,P110,mixer,017895c5,multi_cycle,1.0,240.051,242.677,0.999,0.004,0.035,,on,-70,,20 minute NILM mixer session
2026-06-03T07:44:48.813173+00:00,2026-06-03 13:44:48,Anllia,plug_1,Tapo P110,P110,mixer,017895c5,multi_cycle,1.0,239.246,242.677,0.993,0.004,0.035,,on,-70,,20 minute NILM mixer session
2026-06-03T07:44:50.214090+00:00,2026-06-03 13:44:50,Anllia,plug_1,Tapo P110,P110,mixer,017895c5,multi_cycle,1.0,238.807,242.552,0.993,0.004,0.035,,on,-73,,20 minute NILM mixer session
2026-06-03T07:44:51.479111+00:00,2026-06-03 13:44:51,Anllia,plug_1,Tapo P110,P110,mixer,017895c5,multi_cycle,1.0,238.542,242.552,0.99,0.004,0.035,,on,-72,,20 minute NILM mixer session
2026-06-03T07:44:52.734709+00:00,2026-06-03 13:44:52,Anllia,plug_1,Tapo P110,P110,mixer,017895c5,multi_cycle,1.0,238.542,242.552,0.99,0.004,0.035,,on,-70,,20 minute NILM mixer session
2026-06-03T07:44:54.077473+00:00,2026-06-03 13:44:54,Anllia,plug_1,Tapo P110,P110,mixer,017895c5,multi_cycle,1.0,238.249,242.486,0.99,0.004,0.036,,on,-70,,20 minute NILM mixer session
2026-06-03T07:44:55.350104+00:00,2026-06-03 13:44:55,Anllia,plug_1,Tapo P110,P110,mixer,017895c5,multi_cycle,1.0,238.079,242.486,0.99,0.004,0.036,,on,-72,,20 minute NILM mixer session
2026-06-03T07:44:56.716778+00:00,2026-06-03 13:44:56,Anllia,plug_1,Tapo P110,P110,mixer,017895c5,multi_cycle,1.0,237.748,242.212,0.99,0.004,0.036,,on,-72,,20 minute NILM mixer session
2026-06-03T07:44:58.057199+00:00,2026-06-03 13:44:58,Anllia,plug_1,Tapo P110,P110,mixer,017895c5,multi_cycle,1.0,237.704,242.212,0.989,0.004,0.036,,on,-73,,20 minute NILM mixer session
2026-06-03T07:44:59.380533+00:00,2026-06-03 13:44:59,Anllia,plug_1,Tapo P110,P110,mixer,017895c5,multi_cycle,1.0,237.652,242.399,0.989,0.005,0.036,,on,-73,,20 minute NILM mixer session
2026-06-03T07:45:00.674245+00:00,2026-06-03 13:45:00,Anllia,plug_1,Tapo P110,P110,mixer,017895c5,multi_cycle,1.0,238.092,242.399,0.988,0.005,0.036,,on,-73,,20 minute NILM mixer session
2026-06-03T07:45:01.933929+00:00,2026-06-03 13:45:01,Anllia,plug_1,Tapo P110,P110,mixer,017895c5,multi_cycle,1.0,238.092,243.605,0.988,0.005,0.036,,on,-73,,20 minute NILM mixer session
2026-06-03T07:45:03.285913+00:00,2026-06-03 13:45:03,Anllia,plug_1,Tapo P110,P110,mixer,017895c5,multi_cycle,1.0,11.283,243.605,0.988,0.005,0.036,,on,-73,,20 minute NILM mixer session
2026-06-03T07:45:04.638488+00:00,2026-06-03 13:45:04,Anllia,plug_1,Tapo P110,P110,mixer,017895c5,multi_cycle,1.0,2.224,243.605,0.011,0.005,0.036,,on,-74,,20 minute NILM mixer session
2026-06-03T07:45:05.923606+00:00,2026-06-03 13:45:05,Anllia,plug_1,Tapo P110,P110,mixer,017895c5,multi_cycle,1.0,2.477,243.496,0.011,0.005,0.036,,on,-73,,20 minute NILM mixer session
2026-06-03T07:45:07.193186+00:00,2026-06-03 13:45:07,Anllia,plug_1,Tapo P110,P110,mixer,017895c5,multi_cycle,1.0,2.477,243.496,0.012,0.005,0.036,,on,-74,,20 minute NILM mixer session
2026-06-03T07:45:08.553422+00:00,2026-06-03 13:45:08,Anllia,plug_1,Tapo P110,P110,mixer,017895c5,multi_cycle,1.0,2.506,243.149,0.012,0.005,0.036,,on,-71,,20 minute NILM mixer session
2026-06-03T07:45:09.820927+00:00,2026-06-03 13:45:09,Anllia,plug_1,Tapo P110,P110,mixer,017895c5,multi_cycle,1.0,2.488,243.149,0.012,0.005,0.036,,on,-71,,20 minute NILM mixer session
2026-06-03T07:45:11.062834+00:00,2026-06-03 13:45:11,Anllia,plug_1,Tapo P110,P110,mixer,017895c5,multi_cycle,1.0,2.513,243.149,0.012,0.005,0.036,,on,-71,,20 minute NILM mixer session
2026-06-03T07:45:12.422886+00:00,2026-06-03 13:45:12,Anllia,plug_1,Tapo P110,P110,mixer,017895c5,multi_cycle,1.0,2.5,243.037,0.012,0.005,0.036,,on,-74,,20 minute NILM mixer session
2026-06-03T07:45:13.739442+00:00,2026-06-03 13:45:13,Anllia,plug_1,Tapo P110,P110,mixer,017895c5,multi_cycle,1.0,2.463,243.037,0.0,0.005,0.036,,on,-73,,20 minute NILM mixer session
2026-06-03T07:45:15.072471+00:00,2026-06-03 13:45:15,Anllia,plug_1,Tapo P110,P110,mixer,017895c5,multi_cycle,1.0,2.479,243.037,0.0,0.005,0.036,,on,-74,,20 minute NILM mixer session
2026-06-03T07:45:16.376576+00:00,2026-06-03 13:45:16,Anllia,plug_1,Tapo P110,P110,mixer,017895c5,multi_cycle,1.0,2.479,242.781,0.0,0.005,0.036,,on,-77,,20 minute NILM mixer session
2026-06-03T07:45:17.719644+00:00,2026-06-03 13:45:17,Anllia,plug_1,Tapo P110,P110,mixer,017895c5,multi_cycle,1.0,2.519,242.781,0.012,0.005,0.036,,on,-73,,20 minute NILM mixer session
2026-06-03T07:45:19.013978+00:00,2026-06-03 13:45:19,Anllia,plug_1,Tapo P110,P110,mixer,017895c5,multi_cycle,1.0,2.446,242.671,0.012,0.005,0.036,,on,-72,,20 minute NILM mixer session
2026-06-03T07:45:20.401036+00:00,2026-06-03 13:45:20,Anllia,plug_1,Tapo P110,P110,mixer,017895c5,multi_cycle,1.0,2.503,242.671,0.012,0.005,0.036,,on,-70,,20 minute NILM mixer session
2026-06-03T07:45:21.749545+00:00,2026-06-03 13:45:21,Anllia,plug_1,Tapo P110,P110,mixer,017895c5,multi_cycle,1.0,357.179,242.671,1.711,0.005,0.036,,on,-71,,20 minute NILM mixer session
2026-06-03T07:45:23.039133+00:00,2026-06-03 13:45:23,Anllia,plug_1,Tapo P110,P110,mixer,017895c5,multi_cycle,1.0,205.648,241.915,1.711,0.005,0.036,,on,-70,,20 minute NILM mixer session
2026-06-03T07:45:24.302399+00:00,2026-06-03 13:45:24,Anllia,plug_1,Tapo P110,P110,mixer,017895c5,multi_cycle,1.0,202.572,241.915,0.851,0.005,0.036,,on,-70,,20 minute NILM mixer session
2026-06-03T07:45:25.583111+00:00,2026-06-03 13:45:25,Anllia,plug_1,Tapo P110,P110,mixer,017895c5,multi_cycle,1.0,202.572,242.223,0.851,0.005,0.036,,on,-70,,20 minute NILM mixer session
2026-06-03T07:45:26.943148+00:00,2026-06-03 13:45:26,Anllia,plug_1,Tapo P110,P110,mixer,017895c5,multi_cycle,1.0,202.252,242.223,0.851,0.005,0.036,,on,-71,,20 minute NILM mixer session
2026-06-03T07:45:28.248857+00:00,2026-06-03 13:45:28,Anllia,plug_1,Tapo P110,P110,mixer,017895c5,multi_cycle,1.0,202.159,242.223,0.849,0.005,0.036,,on,-74,,20 minute NILM mixer session
2026-06-03T07:45:29.499309+00:00,2026-06-03 13:45:29,Anllia,plug_1,Tapo P110,P110,mixer,017895c5,multi_cycle,1.0,201.912,241.949,0.849,0.005,0.037,,on,-71,,20 minute NILM mixer session
2026-06-03T07:45:30.759172+00:00,2026-06-03 13:45:30,Anllia,plug_1,Tapo P110,P110,mixer,017895c5,multi_cycle,1.0,201.741,241.949,0.848,0.005,0.037,,on,-72,,20 minute NILM mixer session
2026-06-03T07:45:32.113523+00:00,2026-06-03 13:45:32,Anllia,plug_1,Tapo P110,P110,mixer,017895c5,multi_cycle,1.0,201.574,241.724,0.848,0.005,0.037,,on,-72,,20 minute NILM mixer session
2026-06-03T07:45:33.397721+00:00,2026-06-03 13:45:33,Anllia,plug_1,Tapo P110,P110,mixer,017895c5,multi_cycle,1.0,201.616,241.724,0.847,0.005,0.037,,on,-71,,20 minute NILM mixer session
2026-06-03T07:45:34.639792+00:00,2026-06-03 13:45:34,Anllia,plug_1,Tapo P110,P110,mixer,017895c5,multi_cycle,1.0,201.616,241.96,0.847,0.005,0.037,,on,-70,,20 minute NILM mixer session
2026-06-03T07:45:35.949063+00:00,2026-06-03 13:45:35,Anllia,plug_1,Tapo P110,P110,mixer,017895c5,multi_cycle,1.0,201.928,241.96,0.847,0.006,0.037,,on,-71,,20 minute NILM mixer session
2026-06-03T07:45:37.953428+00:00,2026-06-03 13:45:37,Anllia,plug_1,Tapo P110,P110,mixer,017895c5,multi_cycle,1.0,202.237,241.957,0.849,0.006,0.037,,on,-71,,20 minute NILM mixer session
2026-06-03T07:45:39.236594+00:00,2026-06-03 13:45:39,Anllia,plug_1,Tapo P110,P110,mixer,017895c5,multi_cycle,1.0,202.126,241.957,0.848,0.006,0.037,,on,-72,,20 minute NILM mixer session
2026-06-03T07:45:40.491539+00:00,2026-06-03 13:45:40,Anllia,plug_1,Tapo P110,P110,mixer,017895c5,multi_cycle,1.0,201.786,241.957,0.848,0.006,0.037,,on,-71,,20 minute NILM mixer session
2026-06-03T07:45:41.820682+00:00,2026-06-03 13:45:41,Anllia,plug_1,Tapo P110,P110,mixer,017895c5,multi_cycle,1.0,201.998,242.049,0.848,0.006,0.037,,on,-69,,20 minute NILM mixer session
2026-06-03T07:45:43.120659+00:00,2026-06-03 13:45:43,Anllia,plug_1,Tapo P110,P110,mixer,017895c5,multi_cycle,1.0,62.922,242.049,0.214,0.006,0.037,,on,-69,,20 minute NILM mixer session
2026-06-03T07:45:44.372816+00:00,2026-06-03 13:45:44,Anllia,plug_1,Tapo P110,P110,mixer,017895c5,multi_cycle,1.0,2.086,243.345,0.214,0.006,0.037,,on,-71,,20 minute NILM mixer session
2026-06-03T07:45:45.735331+00:00,2026-06-03 13:45:45,Anllia,plug_1,Tapo P110,P110,mixer,017895c5,multi_cycle,1.0,2.086,243.345,0.214,0.006,0.037,,on,-71,,20 minute NILM mixer session
2026-06-03T07:45:46.982477+00:00,2026-06-03 13:45:46,Anllia,plug_1,Tapo P110,P110,mixer,017895c5,multi_cycle,1.0,2.549,243.345,0.012,0.006,0.037,,on,-72,,20 minute NILM mixer session
2026-06-03T07:45:48.284231+00:00,2026-06-03 13:45:48,Anllia,plug_1,Tapo P110,P110,mixer,017895c5,multi_cycle,1.0,2.492,243.366,0.012,0.006,0.037,,on,-72,,20 minute NILM mixer session
2026-06-03T07:45:49.552710+00:00,2026-06-03 13:45:49,Anllia,plug_1,Tapo P110,P110,mixer,017895c5,multi_cycle,1.0,2.488,243.366,0.012,0.006,0.037,,on,-72,,20 minute NILM mixer session
2026-06-03T07:45:50.839307+00:00,2026-06-03 13:45:50,Anllia,plug_1,Tapo P110,P110,mixer,017895c5,multi_cycle,1.0,2.494,243.72,0.012,0.006,0.037,,on,-71,,20 minute NILM mixer session
2026-06-03T07:45:52.266318+00:00,2026-06-03 13:45:52,Anllia,plug_1,Tapo P110,P110,mixer,017895c5,multi_cycle,1.0,2.513,243.72,0.012,0.006,0.037,,on,-70,,20 minute NILM mixer session
2026-06-03T07:45:53.520426+00:00,2026-06-03 13:45:53,Anllia,plug_1,Tapo P110,P110,mixer,017895c5,multi_cycle,1.0,2.513,243.72,0.012,0.006,0.037,,on,-70,,20 minute NILM mixer session
2026-06-03T07:45:54.762223+00:00,2026-06-03 13:45:54,Anllia,plug_1,Tapo P110,P110,mixer,017895c5,multi_cycle,1.0,2.457,243.559,0.012,0.006,0.037,,on,-69,,20 minute NILM mixer session
2026-06-03T07:45:56.099887+00:00,2026-06-03 13:45:56,Anllia,plug_1,Tapo P110,P110,mixer,017895c5,multi_cycle,1.0,2.5,243.559,0.012,0.006,0.037,,on,-72,,20 minute NILM mixer session
2026-06-03T07:45:57.365786+00:00,2026-06-03 13:45:57,Anllia,plug_1,Tapo P110,P110,mixer,017895c5,multi_cycle,1.0,2.544,244.005,0.012,0.006,0.037,,on,-71,,20 minute NILM mixer session
2026-06-03T07:45:58.609909+00:00,2026-06-03 13:45:58,Anllia,plug_1,Tapo P110,P110,mixer,017895c5,multi_cycle,1.0,2.541,244.005,0.012,0.006,0.037,,on,-70,,20 minute NILM mixer session
2026-06-03T07:45:59.965433+00:00,2026-06-03 13:45:59,Anllia,plug_1,Tapo P110,P110,mixer,017895c5,multi_cycle,1.0,420.56,244.005,0.012,0.006,0.037,,on,-71,,20 minute NILM mixer session
2026-06-03T07:46:01.271655+00:00,2026-06-03 13:46:01,Anllia,plug_1,Tapo P110,P110,mixer,017895c5,multi_cycle,1.0,420.56,242.567,0.012,0.006,0.037,,on,-71,,20 minute NILM mixer session
2026-06-03T07:46:02.516562+00:00,2026-06-03 13:46:02,Anllia,plug_1,Tapo P110,P110,mixer,017895c5,multi_cycle,1.0,125.073,242.567,0.25,0.006,0.037,,on,-71,,20 minute NILM mixer session
2026-06-03T07:46:03.867581+00:00,2026-06-03 13:46:03,Anllia,plug_1,Tapo P110,P110,mixer,017895c5,multi_cycle,1.0,125.073,243.682,0.25,0.006,0.037,,on,-71,,20 minute NILM mixer session
2026-06-03T07:46:05.130523+00:00,2026-06-03 13:46:05,Anllia,plug_1,Tapo P110,P110,mixer,017895c5,multi_cycle,1.0,2.049,243.682,0.25,0.006,0.037,,on,-71,,20 minute NILM mixer session
2026-06-03T07:46:06.549776+00:00,2026-06-03 13:46:06,Anllia,plug_1,Tapo P110,P110,mixer,017895c5,multi_cycle,1.0,2.519,243.682,0.012,0.006,0.037,,on,-69,,20 minute NILM mixer session
2026-06-03T07:46:07.870724+00:00,2026-06-03 13:46:07,Anllia,plug_1,Tapo P110,P110,mixer,017895c5,multi_cycle,1.0,2.541,243.688,0.012,0.006,0.037,,on,-70,,20 minute NILM mixer session
2026-06-03T07:46:09.215571+00:00,2026-06-03 13:46:09,Anllia,plug_1,Tapo P110,P110,mixer,017895c5,multi_cycle,1.0,2.544,243.688,0.012,0.006,0.037,,on,-73,,20 minute NILM mixer session
2026-06-03T07:46:10.506055+00:00,2026-06-03 13:46:10,Anllia,plug_1,Tapo P110,P110,mixer,017895c5,multi_cycle,1.0,2.544,243.644,0.012,0.006,0.037,,on,-72,,20 minute NILM mixer session
2026-06-03T07:46:11.764663+00:00,2026-06-03 13:46:11,Anllia,plug_1,Tapo P110,P110,mixer,017895c5,multi_cycle,1.0,2.519,243.644,0.012,0.006,0.037,,on,-70,,20 minute NILM mixer session
2026-06-03T07:46:13.126975+00:00,2026-06-03 13:46:13,Anllia,plug_1,Tapo P110,P110,mixer,017895c5,multi_cycle,1.0,2.519,243.644,0.012,0.006,0.037,,on,-71,,20 minute NILM mixer session
2026-06-03T07:46:14.370564+00:00,2026-06-03 13:46:14,Anllia,plug_1,Tapo P110,P110,mixer,017895c5,multi_cycle,1.0,2.49,243.583,0.012,0.006,0.037,,on,-74,,20 minute NILM mixer session
2026-06-03T07:46:15.697820+00:00,2026-06-03 13:46:15,Anllia,plug_1,Tapo P110,P110,mixer,017895c5,multi_cycle,1.0,2.583,243.583,0.012,0.006,0.037,,on,-71,,20 minute NILM mixer session
2026-06-03T07:46:17.002204+00:00,2026-06-03 13:46:17,Anllia,plug_1,Tapo P110,P110,mixer,017895c5,multi_cycle,1.0,2.481,243.511,0.012,0.006,0.037,,on,-71,,20 minute NILM mixer session
2026-06-03T07:46:18.312762+00:00,2026-06-03 13:46:18,Anllia,plug_1,Tapo P110,P110,mixer,017895c5,multi_cycle,1.0,2.519,243.511,0.012,0.006,0.037,,on,-70,,20 minute NILM mixer session
2026-06-03T07:46:19.577071+00:00,2026-06-03 13:46:19,Anllia,plug_1,Tapo P110,P110,mixer,017895c5,multi_cycle,1.0,2.519,243.511,0.012,0.006,0.037,,on,-70,,20 minute NILM mixer session
2026-06-03T07:46:20.864181+00:00,2026-06-03 13:46:20,Anllia,plug_1,Tapo P110,P110,mixer,017895c5,multi_cycle,1.0,2.515,243.9,0.012,0.006,0.037,,on,-72,,20 minute NILM mixer session
2026-06-03T07:46:22.106497+00:00,2026-06-03 13:46:22,Anllia,plug_1,Tapo P110,P110,mixer,017895c5,multi_cycle,1.0,2.488,243.9,0.012,0.006,0.037,,on,-70,,20 minute NILM mixer session
2026-06-03T07:46:23.411729+00:00,2026-06-03 13:46:23,Anllia,plug_1,Tapo P110,P110,mixer,017895c5,multi_cycle,1.0,2.547,243.9,0.0,0.006,0.037,,on,-73,,20 minute NILM mixer session
2026-06-03T07:46:24.680096+00:00,2026-06-03 13:46:24,Anllia,plug_1,Tapo P110,P110,mixer,017895c5,multi_cycle,1.0,2.546,243.811,0.0,0.006,0.037,,on,-71,,20 minute NILM mixer session
2026-06-03T07:46:25.926437+00:00,2026-06-03 13:46:25,Anllia,plug_1,Tapo P110,P110,mixer,017895c5,multi_cycle,1.0,2.485,243.811,0.0,0.006,0.037,,on,-73,,20 minute NILM mixer session
2026-06-03T07:46:27.280740+00:00,2026-06-03 13:46:27,Anllia,plug_1,Tapo P110,P110,mixer,017895c5,multi_cycle,1.0,2.485,243.811,0.012,0.006,0.037,,on,-72,,20 minute NILM mixer session
2026-06-03T07:46:28.543578+00:00,2026-06-03 13:46:28,Anllia,plug_1,Tapo P110,P110,mixer,017895c5,multi_cycle,1.0,2.513,243.799,0.012,0.006,0.037,,on,-72,,20 minute NILM mixer session
2026-06-03T07:46:29.791132+00:00,2026-06-03 13:46:29,Anllia,plug_1,Tapo P110,P110,mixer,017895c5,multi_cycle,1.0,2.465,243.799,0.012,0.006,0.037,,on,-72,,20 minute NILM mixer session
2026-06-03T07:46:31.090500+00:00,2026-06-03 13:46:31,Anllia,plug_1,Tapo P110,P110,mixer,017895c5,multi_cycle,1.0,2.491,243.799,0.0,0.006,0.037,,on,-71,,20 minute NILM mixer session
2026-06-03T07:46:32.376816+00:00,2026-06-03 13:46:32,Anllia,plug_1,Tapo P110,P110,mixer,017895c5,multi_cycle,1.0,436.697,241.813,0.0,0.006,0.038,,on,-70,,20 minute NILM mixer session
2026-06-03T07:46:33.692460+00:00,2026-06-03 13:46:33,Anllia,plug_1,Tapo P110,P110,mixer,017895c5,multi_cycle,1.0,245.369,241.813,1.021,0.006,0.038,,on,-73,,20 minute NILM mixer session
2026-06-03T07:46:34.942810+00:00,2026-06-03 13:46:34,Anllia,plug_1,Tapo P110,P110,mixer,017895c5,multi_cycle,1.0,239.803,242.264,1.021,0.006,0.038,,on,-70,,20 minute NILM mixer session
2026-06-03T07:46:36.192918+00:00,2026-06-03 13:46:36,Anllia,plug_1,Tapo P110,P110,mixer,017895c5,multi_cycle,1.0,239.803,242.264,1.021,0.006,0.038,,on,-70,,20 minute NILM mixer session
2026-06-03T07:46:37.557284+00:00,2026-06-03 13:46:37,Anllia,plug_1,Tapo P110,P110,mixer,017895c5,multi_cycle,1.0,239.269,242.264,0.994,0.007,0.038,,on,-74,,20 minute NILM mixer session
2026-06-03T07:46:38.823384+00:00,2026-06-03 13:46:38,Anllia,plug_1,Tapo P110,P110,mixer,017895c5,multi_cycle,1.0,239.03,242.329,0.994,0.007,0.038,,on,-72,,20 minute NILM mixer session
2026-06-03T07:46:40.075536+00:00,2026-06-03 13:46:40,Anllia,plug_1,Tapo P110,P110,mixer,017895c5,multi_cycle,1.0,238.265,242.329,0.99,0.007,0.038,,on,-71,,20 minute NILM mixer session
2026-06-03T07:46:41.318922+00:00,2026-06-03 13:46:41,Anllia,plug_1,Tapo P110,P110,mixer,017895c5,multi_cycle,1.0,237.957,242.391,0.99,0.007,0.038,,on,-70,,20 minute NILM mixer session
2026-06-03T07:46:42.609383+00:00,2026-06-03 13:46:42,Anllia,plug_1,Tapo P110,P110,mixer,017895c5,multi_cycle,1.0,237.899,242.391,0.989,0.007,0.038,,on,-70,,20 minute NILM mixer session
2026-06-03T07:46:43.855697+00:00,2026-06-03 13:46:43,Anllia,plug_1,Tapo P110,P110,mixer,017895c5,multi_cycle,1.0,237.899,242.391,0.989,0.007,0.038,,on,-71,,20 minute NILM mixer session
2026-06-03T07:46:45.139025+00:00,2026-06-03 13:46:45,Anllia,plug_1,Tapo P110,P110,mixer,017895c5,multi_cycle,1.0,237.406,242.23,0.989,0.007,0.038,,on,-70,,20 minute NILM mixer session
2026-06-03T07:46:46.448362+00:00,2026-06-03 13:46:46,Anllia,plug_1,Tapo P110,P110,mixer,017895c5,multi_cycle,1.0,236.843,242.23,0.985,0.007,0.039,,on,-70,,20 minute NILM mixer session
2026-06-03T07:46:47.756314+00:00,2026-06-03 13:46:47,Anllia,plug_1,Tapo P110,P110,mixer,017895c5,multi_cycle,1.0,237.337,242.185,0.985,0.007,0.039,,on,-70,,20 minute NILM mixer session
2026-06-03T07:46:49.023207+00:00,2026-06-03 13:46:49,Anllia,plug_1,Tapo P110,P110,mixer,017895c5,multi_cycle,1.0,236.643,242.185,0.985,0.007,0.039,,on,-70,,20 minute NILM mixer session
2026-06-03T07:46:50.388266+00:00,2026-06-03 13:46:50,Anllia,plug_1,Tapo P110,P110,mixer,017895c5,multi_cycle,1.0,236.653,242.001,0.985,0.007,0.039,,on,-73,,20 minute NILM mixer session
2026-06-03T07:46:51.662082+00:00,2026-06-03 13:46:51,Anllia,plug_1,Tapo P110,P110,mixer,017895c5,multi_cycle,1.0,236.888,242.001,0.985,0.008,0.039,,on,-71,,20 minute NILM mixer session
2026-06-03T07:46:52.909999+00:00,2026-06-03 13:46:52,Anllia,plug_1,Tapo P110,P110,mixer,017895c5,multi_cycle,1.0,236.888,242.154,0.985,0.008,0.039,,on,-70,,20 minute NILM mixer session
2026-06-03T07:46:54.245344+00:00,2026-06-03 13:46:54,Anllia,plug_1,Tapo P110,P110,mixer,017895c5,multi_cycle,1.0,236.618,242.154,0.985,0.008,0.039,,on,-74,,20 minute NILM mixer session
2026-06-03T07:46:55.519700+00:00,2026-06-03 13:46:55,Anllia,plug_1,Tapo P110,P110,mixer,017895c5,multi_cycle,1.0,236.823,242.154,0.984,0.008,0.039,,on,-72,,20 minute NILM mixer session
2026-06-03T07:46:56.838935+00:00,2026-06-03 13:46:56,Anllia,plug_1,Tapo P110,P110,mixer,017895c5,multi_cycle,1.0,236.508,242.227,0.984,0.008,0.039,,on,-72,,20 minute NILM mixer session
2026-06-03T07:46:58.080457+00:00,2026-06-03 13:46:58,Anllia,plug_1,Tapo P110,P110,mixer,017895c5,multi_cycle,1.0,236.647,242.227,0.984,0.008,0.039,,on,-73,,20 minute NILM mixer session
2026-06-03T07:46:59.436428+00:00,2026-06-03 13:46:59,Anllia,plug_1,Tapo P110,P110,mixer,017895c5,multi_cycle,1.0,236.647,242.526,0.984,0.008,0.039,,on,-71,,20 minute NILM mixer session
2026-06-03T07:47:00.703765+00:00,2026-06-03 13:47:00,Anllia,plug_1,Tapo P110,P110,mixer,017895c5,multi_cycle,1.0,108.285,242.526,0.984,0.008,0.039,,on,-74,,20 minute NILM mixer session
2026-06-03T07:47:02.067741+00:00,2026-06-03 13:47:02,Anllia,plug_1,Tapo P110,P110,mixer,017895c5,multi_cycle,1.0,1.946,242.526,0.01,0.008,0.039,,on,-71,,20 minute NILM mixer session
2026-06-03T07:47:03.340540+00:00,2026-06-03 13:47:03,Anllia,plug_1,Tapo P110,P110,mixer,017895c5,multi_cycle,1.0,2.423,242.678,0.01,0.008,0.039,,on,-71,,20 minute NILM mixer session
2026-06-03T07:47:04.595085+00:00,2026-06-03 13:47:04,Anllia,plug_1,Tapo P110,P110,mixer,017895c5,multi_cycle,1.0,2.467,242.678,0.012,0.008,0.039,,on,-71,,20 minute NILM mixer session
2026-06-03T07:47:05.933321+00:00,2026-06-03 13:47:05,Anllia,plug_1,Tapo P110,P110,mixer,017895c5,multi_cycle,1.0,2.467,242.678,0.012,0.008,0.039,,on,-71,,20 minute NILM mixer session
2026-06-03T07:47:07.254187+00:00,2026-06-03 13:47:07,Anllia,plug_1,Tapo P110,P110,mixer,017895c5,multi_cycle,1.0,2.329,242.712,0.012,0.008,0.039,,on,-70,,20 minute NILM mixer session
2026-06-03T07:47:08.497672+00:00,2026-06-03 13:47:08,Anllia,plug_1,Tapo P110,P110,mixer,017895c5,multi_cycle,1.0,2.562,242.712,0.012,0.008,0.039,,on,-71,,20 minute NILM mixer session
2026-06-03T07:47:09.881598+00:00,2026-06-03 13:47:09,Anllia,plug_1,Tapo P110,P110,mixer,017895c5,multi_cycle,1.0,2.521,243.044,0.012,0.008,0.039,,on,-70,,20 minute NILM mixer session
2026-06-03T07:47:11.197264+00:00,2026-06-03 13:47:11,Anllia,plug_1,Tapo P110,P110,mixer,017895c5,multi_cycle,1.0,2.443,243.044,0.0,0.008,0.039,,on,-71,,20 minute NILM mixer session
2026-06-03T07:47:12.464383+00:00,2026-06-03 13:47:12,Anllia,plug_1,Tapo P110,P110,mixer,017895c5,multi_cycle,1.0,2.452,243.044,0.0,0.008,0.039,,on,-70,,20 minute NILM mixer session
2026-06-03T07:47:13.779129+00:00,2026-06-03 13:47:13,Anllia,plug_1,Tapo P110,P110,mixer,017895c5,multi_cycle,1.0,2.529,243.072,0.0,0.008,0.039,,on,-71,,20 minute NILM mixer session
2026-06-03T07:47:15.148049+00:00,2026-06-03 13:47:15,Anllia,plug_1,Tapo P110,P110,mixer,017895c5,multi_cycle,1.0,2.529,243.072,0.012,0.008,0.039,,on,-72,,20 minute NILM mixer session
2026-06-03T07:47:16.479924+00:00,2026-06-03 13:47:16,Anllia,plug_1,Tapo P110,P110,mixer,017895c5,multi_cycle,1.0,2.523,243.072,0.012,0.008,0.039,,on,-72,,20 minute NILM mixer session
2026-06-03T07:47:17.729338+00:00,2026-06-03 13:47:17,Anllia,plug_1,Tapo P110,P110,mixer,017895c5,multi_cycle,1.0,2.616,243.204,0.012,0.008,0.039,,on,-73,,20 minute NILM mixer session
2026-06-03T07:47:19.011634+00:00,2026-06-03 13:47:19,Anllia,plug_1,Tapo P110,P110,mixer,017895c5,multi_cycle,1.0,2.499,243.204,0.0,0.008,0.039,,on,-71,,20 minute NILM mixer session
2026-06-03T07:47:20.279372+00:00,2026-06-03 13:47:20,Anllia,plug_1,Tapo P110,P110,mixer,017895c5,multi_cycle,1.0,2.47,243.204,0.0,0.008,0.039,,on,-71,,20 minute NILM mixer session
2026-06-03T07:47:21.527806+00:00,2026-06-03 13:47:21,Anllia,plug_1,Tapo P110,P110,mixer,017895c5,multi_cycle,1.0,2.515,243.621,0.0,0.008,0.039,,on,-71,,20 minute NILM mixer session
2026-06-03T07:47:22.877323+00:00,2026-06-03 13:47:22,Anllia,plug_1,Tapo P110,P110,mixer,017895c5,multi_cycle,1.0,2.464,243.621,0.012,0.008,0.039,,on,-71,,20 minute NILM mixer session
2026-06-03T07:47:24.144878+00:00,2026-06-03 13:47:24,Anllia,plug_1,Tapo P110,P110,mixer,017895c5,multi_cycle,1.0,422.7,242.057,0.012,0.008,0.039,,on,-72,,20 minute NILM mixer session
2026-06-03T07:47:25.432831+00:00,2026-06-03 13:47:25,Anllia,plug_1,Tapo P110,P110,mixer,017895c5,multi_cycle,1.0,422.7,242.057,0.012,0.008,0.04,,on,-71,,20 minute NILM mixer session
2026-06-03T07:47:26.684587+00:00,2026-06-03 13:47:26,Anllia,plug_1,Tapo P110,P110,mixer,017895c5,multi_cycle,1.0,225.039,242.057,0.939,0.008,0.04,,on,-71,,20 minute NILM mixer session
2026-06-03T07:47:28.058813+00:00,2026-06-03 13:47:28,Anllia,plug_1,Tapo P110,P110,mixer,017895c5,multi_cycle,1.0,218.921,242.762,0.939,0.008,0.04,,on,-72,,20 minute NILM mixer session
2026-06-03T07:47:29.327085+00:00,2026-06-03 13:47:29,Anllia,plug_1,Tapo P110,P110,mixer,017895c5,multi_cycle,1.0,218.832,242.762,0.911,0.008,0.04,,on,-71,,20 minute NILM mixer session
2026-06-03T07:47:30.593967+00:00,2026-06-03 13:47:30,Anllia,plug_1,Tapo P110,P110,mixer,017895c5,multi_cycle,1.0,218.811,242.906,0.911,0.008,0.04,,on,-71,,20 minute NILM mixer session
2026-06-03T07:47:32.040291+00:00,2026-06-03 13:47:32,Anllia,plug_1,Tapo P110,P110,mixer,017895c5,multi_cycle,1.0,218.847,242.906,0.911,0.009,0.04,,on,-71,,20 minute NILM mixer session
2026-06-03T07:47:33.296759+00:00,2026-06-03 13:47:33,Anllia,plug_1,Tapo P110,P110,mixer,017895c5,multi_cycle,1.0,217.903,242.633,0.911,0.009,0.04,,on,-73,,20 minute NILM mixer session
2026-06-03T07:47:34.638539+00:00,2026-06-03 13:47:34,Anllia,plug_1,Tapo P110,P110,mixer,017895c5,multi_cycle,1.0,217.903,242.633,0.909,0.009,0.04,,on,-72,,20 minute NILM mixer session
2026-06-03T07:47:35.953994+00:00,2026-06-03 13:47:35,Anllia,plug_1,Tapo P110,P110,mixer,017895c5,multi_cycle,1.0,218.173,242.633,0.909,0.009,0.04,,on,-70,,20 minute NILM mixer session
2026-06-03T07:47:37.260175+00:00,2026-06-03 13:47:37,Anllia,plug_1,Tapo P110,P110,mixer,017895c5,multi_cycle,1.0,218.103,242.604,0.909,0.009,0.04,,on,-72,,20 minute NILM mixer session
2026-06-03T07:47:38.510354+00:00,2026-06-03 13:47:38,Anllia,plug_1,Tapo P110,P110,mixer,017895c5,multi_cycle,1.0,218.301,242.604,0.91,0.009,0.04,,on,-71,,20 minute NILM mixer session
2026-06-03T07:47:39.776622+00:00,2026-06-03 13:47:39,Anllia,plug_1,Tapo P110,P110,mixer,017895c5,multi_cycle,1.0,217.95,242.684,0.91,0.009,0.04,,on,-72,,20 minute NILM mixer session
2026-06-03T07:47:41.136647+00:00,2026-06-03 13:47:41,Anllia,plug_1,Tapo P110,P110,mixer,017895c5,multi_cycle,1.0,218.131,242.684,0.909,0.009,0.04,,on,-72,,20 minute NILM mixer session
2026-06-03T07:47:42.409506+00:00,2026-06-03 13:47:42,Anllia,plug_1,Tapo P110,P110,mixer,017895c5,multi_cycle,1.0,217.413,242.677,0.909,0.009,0.041,,on,-71,,20 minute NILM mixer session
2026-06-03T07:47:43.659820+00:00,2026-06-03 13:47:43,Anllia,plug_1,Tapo P110,P110,mixer,017895c5,multi_cycle,1.0,217.413,242.677,0.905,0.009,0.041,,on,-70,,20 minute NILM mixer session
2026-06-03T07:47:45.002029+00:00,2026-06-03 13:47:45,Anllia,plug_1,Tapo P110,P110,mixer,017895c5,multi_cycle,1.0,217.241,242.677,0.905,0.009,0.041,,on,-72,,20 minute NILM mixer session
2026-06-03T07:47:46.271123+00:00,2026-06-03 13:47:46,Anllia,plug_1,Tapo P110,P110,mixer,017895c5,multi_cycle,1.0,217.321,242.598,0.905,0.009,0.041,,on,-72,,20 minute NILM mixer session
2026-06-03T07:47:47.521804+00:00,2026-06-03 13:47:47,Anllia,plug_1,Tapo P110,P110,mixer,017895c5,multi_cycle,1.0,217.81,242.598,0.907,0.009,0.041,,on,-71,,20 minute NILM mixer session
2026-06-03T07:47:48.891075+00:00,2026-06-03 13:47:48,Anllia,plug_1,Tapo P110,P110,mixer,017895c5,multi_cycle,1.0,217.982,242.947,0.907,0.01,0.041,,on,-74,,20 minute NILM mixer session
2026-06-03T07:47:50.247737+00:00,2026-06-03 13:47:50,Anllia,plug_1,Tapo P110,P110,mixer,017895c5,multi_cycle,1.0,217.352,242.947,0.905,0.01,0.041,,on,-72,,20 minute NILM mixer session
2026-06-03T07:47:51.582614+00:00,2026-06-03 13:47:51,Anllia,plug_1,Tapo P110,P110,mixer,017895c5,multi_cycle,1.0,200.387,242.994,0.905,0.01,0.041,,on,-71,,20 minute NILM mixer session
2026-06-03T07:47:52.859471+00:00,2026-06-03 13:47:52,Anllia,plug_1,Tapo P110,P110,mixer,017895c5,multi_cycle,1.0,1.502,242.994,0.905,0.01,0.041,,on,-70,,20 minute NILM mixer session
2026-06-03T07:47:54.213817+00:00,2026-06-03 13:47:54,Anllia,plug_1,Tapo P110,P110,mixer,017895c5,multi_cycle,1.0,1.502,242.994,0.01,0.01,0.041,,on,-71,,20 minute NILM mixer session
2026-06-03T07:47:55.563434+00:00,2026-06-03 13:47:55,Anllia,plug_1,Tapo P110,P110,mixer,017895c5,multi_cycle,1.0,2.184,243.686,0.01,0.01,0.041,,on,-73,,20 minute NILM mixer session
2026-06-03T07:47:56.837164+00:00,2026-06-03 13:47:56,Anllia,plug_1,Tapo P110,P110,mixer,017895c5,multi_cycle,1.0,2.54,243.686,0.012,0.01,0.041,,on,-71,,20 minute NILM mixer session
2026-06-03T07:47:58.161746+00:00,2026-06-03 13:47:58,Anllia,plug_1,Tapo P110,P110,mixer,017895c5,multi_cycle,1.0,2.47,243.608,0.012,0.01,0.041,,on,-70,,20 minute NILM mixer session
2026-06-03T07:47:59.442855+00:00,2026-06-03 13:47:59,Anllia,plug_1,Tapo P110,P110,mixer,017895c5,multi_cycle,1.0,2.49,243.608,0.012,0.01,0.041,,on,-72,,20 minute NILM mixer session
2026-06-03T07:48:00.699378+00:00,2026-06-03 13:48:00,Anllia,plug_1,Tapo P110,P110,mixer,017895c5,multi_cycle,1.0,2.49,243.608,0.0,0.01,0.041,,on,-74,,20 minute NILM mixer session
2026-06-03T07:48:02.029135+00:00,2026-06-03 13:48:02,Anllia,plug_1,Tapo P110,P110,mixer,017895c5,multi_cycle,1.0,2.487,243.642,0.0,0.01,0.041,,on,-72,,20 minute NILM mixer session
2026-06-03T07:48:03.297145+00:00,2026-06-03 13:48:03,Anllia,plug_1,Tapo P110,P110,mixer,017895c5,multi_cycle,1.0,2.487,243.642,0.0,0.01,0.041,,on,-71,,20 minute NILM mixer session
2026-06-03T07:48:04.659670+00:00,2026-06-03 13:48:04,Anllia,plug_1,Tapo P110,P110,mixer,017895c5,multi_cycle,1.0,2.548,243.642,0.012,0.01,0.041,,on,-71,,20 minute NILM mixer session
2026-06-03T07:48:05.928890+00:00,2026-06-03 13:48:05,Anllia,plug_1,Tapo P110,P110,mixer,017895c5,multi_cycle,1.0,2.469,243.691,0.012,0.01,0.041,,on,-72,,20 minute NILM mixer session
2026-06-03T07:48:07.214240+00:00,2026-06-03 13:48:07,Anllia,plug_1,Tapo P110,P110,mixer,017895c5,multi_cycle,1.0,2.557,243.691,0.012,0.01,0.041,,on,-73,,20 minute NILM mixer session
2026-06-03T07:48:08.482653+00:00,2026-06-03 13:48:08,Anllia,plug_1,Tapo P110,P110,mixer,017895c5,multi_cycle,1.0,2.485,243.691,0.012,0.01,0.041,,on,-71,,20 minute NILM mixer session
2026-06-03T07:48:09.843870+00:00,2026-06-03 13:48:09,Anllia,plug_1,Tapo P110,P110,mixer,017895c5,multi_cycle,1.0,2.485,244.108,0.012,0.01,0.041,,on,-71,,20 minute NILM mixer session
2026-06-03T07:48:11.325480+00:00,2026-06-03 13:48:11,Anllia,plug_1,Tapo P110,P110,mixer,017895c5,multi_cycle,1.0,2.511,244.108,0.012,0.01,0.041,,on,-72,,20 minute NILM mixer session
2026-06-03T07:48:12.609583+00:00,2026-06-03 13:48:12,Anllia,plug_1,Tapo P110,P110,mixer,017895c5,multi_cycle,1.0,2.451,243.781,0.012,0.01,0.041,,on,-69,,20 minute NILM mixer session
2026-06-03T07:48:13.875059+00:00,2026-06-03 13:48:13,Anllia,plug_1,Tapo P110,P110,mixer,017895c5,multi_cycle,1.0,2.544,243.781,0.012,0.01,0.041,,on,-72,,20 minute NILM mixer session
2026-06-03T07:48:15.191609+00:00,2026-06-03 13:48:15,Anllia,plug_1,Tapo P110,P110,mixer,017895c5,multi_cycle,1.0,2.523,243.781,0.012,0.01,0.041,,on,-71,,20 minute NILM mixer session
2026-06-03T07:48:16.799082+00:00,2026-06-03 13:48:16,Anllia,plug_1,Tapo P110,P110,mixer,017895c5,multi_cycle,1.0,186.248,243.593,0.012,0.01,0.041,,on,-72,,20 minute NILM mixer session
2026-06-03T07:48:18.247560+00:00,2026-06-03 13:48:18,Anllia,plug_1,Tapo P110,P110,mixer,017895c5,multi_cycle,1.0,253.483,243.593,1.238,0.01,0.041,,on,-70,,20 minute NILM mixer session
2026-06-03T07:48:19.667061+00:00,2026-06-03 13:48:19,Anllia,plug_1,Tapo P110,P110,mixer,017895c5,multi_cycle,1.0,238.262,242.49,1.238,0.01,0.041,,on,-71,,20 minute NILM mixer session
2026-06-03T07:48:21.024394+00:00,2026-06-03 13:48:21,Anllia,plug_1,Tapo P110,P110,mixer,017895c5,multi_cycle,1.0,237.431,242.49,0.986,0.01,0.041,,on,-71,,20 minute NILM mixer session
2026-06-03T07:48:22.346362+00:00,2026-06-03 13:48:22,Anllia,plug_1,Tapo P110,P110,mixer,017895c5,multi_cycle,1.0,237.431,242.456,0.986,0.01,0.042,,on,-70,,20 minute NILM mixer session
2026-06-03T07:48:23.695361+00:00,2026-06-03 13:48:23,Anllia,plug_1,Tapo P110,P110,mixer,017895c5,multi_cycle,1.0,236.206,242.456,0.986,0.01,0.042,,on,-71,,20 minute NILM mixer session
2026-06-03T07:48:25.061830+00:00,2026-06-03 13:48:25,Anllia,plug_1,Tapo P110,P110,mixer,017895c5,multi_cycle,1.0,1.498,242.456,0.036,0.01,0.042,,on,-71,,20 minute NILM mixer session
2026-06-03T07:48:26.326733+00:00,2026-06-03 13:48:26,Anllia,plug_1,Tapo P110,P110,mixer,017895c5,multi_cycle,1.0,2.307,243.655,0.036,0.01,0.042,,on,-71,,20 minute NILM mixer session
2026-06-03T07:48:27.582804+00:00,2026-06-03 13:48:27,Anllia,plug_1,Tapo P110,P110,mixer,017895c5,multi_cycle,1.0,2.484,243.655,0.012,0.01,0.042,,on,-74,,20 minute NILM mixer session
2026-06-03T07:48:28.926141+00:00,2026-06-03 13:48:28,Anllia,plug_1,Tapo P110,P110,mixer,017895c5,multi_cycle,1.0,2.52,243.696,0.012,0.01,0.042,,on,-71,,20 minute NILM mixer session
2026-06-03T07:48:30.196311+00:00,2026-06-03 13:48:30,Anllia,plug_1,Tapo P110,P110,mixer,017895c5,multi_cycle,1.0,2.538,243.696,0.012,0.01,0.042,,on,-73,,20 minute NILM mixer session
2026-06-03T07:48:31.441494+00:00,2026-06-03 13:48:31,Anllia,plug_1,Tapo P110,P110,mixer,017895c5,multi_cycle,1.0,2.434,243.696,0.012,0.01,0.042,,on,-71,,20 minute NILM mixer session
2026-06-03T07:48:32.690611+00:00,2026-06-03 13:48:32,Anllia,plug_1,Tapo P110,P110,mixer,017895c5,multi_cycle,1.0,2.434,243.689,0.012,0.01,0.042,,on,-73,,20 minute NILM mixer session
2026-06-03T07:48:33.935039+00:00,2026-06-03 13:48:33,Anllia,plug_1,Tapo P110,P110,mixer,017895c5,multi_cycle,1.0,2.548,243.689,0.012,0.01,0.042,,on,-71,,20 minute NILM mixer session
2026-06-03T07:48:35.216906+00:00,2026-06-03 13:48:35,Anllia,plug_1,Tapo P110,P110,mixer,017895c5,multi_cycle,1.0,2.575,243.689,0.0,0.01,0.042,,on,-73,,20 minute NILM mixer session
2026-06-03T07:48:36.589505+00:00,2026-06-03 13:48:36,Anllia,plug_1,Tapo P110,P110,mixer,017895c5,multi_cycle,1.0,2.495,243.569,0.0,0.01,0.042,,on,-70,,20 minute NILM mixer session
2026-06-03T07:48:37.930580+00:00,2026-06-03 13:48:37,Anllia,plug_1,Tapo P110,P110,mixer,017895c5,multi_cycle,1.0,2.562,243.569,0.0,0.01,0.042,,on,-72,,20 minute NILM mixer session
2026-06-03T07:48:39.216319+00:00,2026-06-03 13:48:39,Anllia,plug_1,Tapo P110,P110,mixer,017895c5,multi_cycle,1.0,2.533,243.569,0.012,0.01,0.042,,on,-71,,20 minute NILM mixer session
2026-06-03T07:48:40.468806+00:00,2026-06-03 13:48:40,Anllia,plug_1,Tapo P110,P110,mixer,017895c5,multi_cycle,1.0,312.777,242.099,0.012,0.01,0.042,,on,-70,,20 minute NILM mixer session
2026-06-03T07:48:41.847104+00:00,2026-06-03 13:48:41,Anllia,plug_1,Tapo P110,P110,mixer,017895c5,multi_cycle,1.0,312.777,242.099,1.02,0.01,0.042,,on,-70,,20 minute NILM mixer session
2026-06-03T07:48:43.109500+00:00,2026-06-03 13:48:43,Anllia,plug_1,Tapo P110,P110,mixer,017895c5,multi_cycle,1.0,242.111,242.738,1.02,0.011,0.042,,on,-71,,20 minute NILM mixer session
2026-06-03T07:48:44.357591+00:00,2026-06-03 13:48:44,Anllia,plug_1,Tapo P110,P110,mixer,017895c5,multi_cycle,1.0,240.9,242.738,1.02,0.011,0.042,,on,-72,,20 minute NILM mixer session
2026-06-03T07:48:45.659183+00:00,2026-06-03 13:48:45,Anllia,plug_1,Tapo P110,P110,mixer,017895c5,multi_cycle,1.0,240.562,242.738,0.999,0.011,0.042,,on,-72,,20 minute NILM mixer session
2026-06-03T07:48:46.902624+00:00,2026-06-03 13:48:46,Anllia,plug_1,Tapo P110,P110,mixer,017895c5,multi_cycle,1.0,240.282,242.903,0.999,0.011,0.042,,on,-70,,20 minute NILM mixer session
2026-06-03T07:48:48.146343+00:00,2026-06-03 13:48:48,Anllia,plug_1,Tapo P110,P110,mixer,017895c5,multi_cycle,1.0,239.916,242.903,0.994,0.011,0.042,,on,-72,,20 minute NILM mixer session
2026-06-03T07:48:49.443870+00:00,2026-06-03 13:48:49,Anllia,plug_1,Tapo P110,P110,mixer,017895c5,multi_cycle,1.0,239.916,243.291,0.994,0.011,0.042,,on,-72,,20 minute NILM mixer session
2026-06-03T07:48:50.733124+00:00,2026-06-03 13:48:50,Anllia,plug_1,Tapo P110,P110,mixer,017895c5,multi_cycle,1.0,239.824,243.291,0.991,0.011,0.042,,on,-72,,20 minute NILM mixer session
2026-06-03T07:48:51.989545+00:00,2026-06-03 13:48:51,Anllia,plug_1,Tapo P110,P110,mixer,017895c5,multi_cycle,1.0,239.284,243.246,0.991,0.011,0.042,,on,-71,,20 minute NILM mixer session
2026-06-03T07:48:53.279172+00:00,2026-06-03 13:48:53,Anllia,plug_1,Tapo P110,P110,mixer,017895c5,multi_cycle,1.0,239.383,243.246,0.991,0.011,0.043,,on,-72,,20 minute NILM mixer session
2026-06-03T07:48:54.684489+00:00,2026-06-03 13:48:54,Anllia,plug_1,Tapo P110,P110,mixer,017895c5,multi_cycle,1.0,238.993,243.246,0.99,0.011,0.043,,on,-73,,20 minute NILM mixer session
2026-06-03T07:48:55.949677+00:00,2026-06-03 13:48:55,Anllia,plug_1,Tapo P110,P110,mixer,017895c5,multi_cycle,1.0,239.104,243.409,0.99,0.011,0.043,,on,-73,,20 minute NILM mixer session
2026-06-03T07:48:57.189042+00:00,2026-06-03 13:48:57,Anllia,plug_1,Tapo P110,P110,mixer,017895c5,multi_cycle,1.0,239.45,243.409,0.99,0.011,0.043,,on,-69,,20 minute NILM mixer session
2026-06-03T07:48:58.542886+00:00,2026-06-03 13:48:58,Anllia,plug_1,Tapo P110,P110,mixer,017895c5,multi_cycle,1.0,239.45,243.451,0.99,0.012,0.043,,on,-69,,20 minute NILM mixer session
2026-06-03T07:48:59.809292+00:00,2026-06-03 13:48:59,Anllia,plug_1,Tapo P110,P110,mixer,017895c5,multi_cycle,1.0,238.722,243.451,0.989,0.012,0.043,,on,-69,,20 minute NILM mixer session
2026-06-03T07:49:01.053860+00:00,2026-06-03 13:49:01,Anllia,plug_1,Tapo P110,P110,mixer,017895c5,multi_cycle,1.0,218.285,244.183,0.989,0.012,0.043,,on,-69,,20 minute NILM mixer session
2026-06-03T07:49:02.324642+00:00,2026-06-03 13:49:02,Anllia,plug_1,Tapo P110,P110,mixer,017895c5,multi_cycle,1.0,1.783,244.183,0.989,0.012,0.043,,on,-69,,20 minute NILM mixer session
2026-06-03T07:49:03.640624+00:00,2026-06-03 13:49:03,Anllia,plug_1,Tapo P110,P110,mixer,017895c5,multi_cycle,1.0,2.429,244.183,0.011,0.012,0.043,,on,-71,,20 minute NILM mixer session
2026-06-03T07:49:05.211603+00:00,2026-06-03 13:49:05,Anllia,plug_1,Tapo P110,P110,mixer,017895c5,multi_cycle,1.0,2.429,244.388,0.011,0.012,0.043,,on,-74,,20 minute NILM mixer session
2026-06-03T07:49:06.476486+00:00,2026-06-03 13:49:06,Anllia,plug_1,Tapo P110,P110,mixer,017895c5,multi_cycle,1.0,2.571,244.388,0.0,0.012,0.043,,on,-72,,20 minute NILM mixer session
2026-06-03T07:49:07.871564+00:00,2026-06-03 13:49:07,Anllia,plug_1,Tapo P110,P110,mixer,017895c5,multi_cycle,1.0,2.467,244.388,0.0,0.012,0.043,,on,-72,,20 minute NILM mixer session
2026-06-03T07:49:09.151839+00:00,2026-06-03 13:49:09,Anllia,plug_1,Tapo P110,P110,mixer,017895c5,multi_cycle,1.0,2.488,244.049,0.0,0.012,0.043,,on,-73,,20 minute NILM mixer session
2026-06-03T07:49:10.499332+00:00,2026-06-03 13:49:10,Anllia,plug_1,Tapo P110,P110,mixer,017895c5,multi_cycle,1.0,2.486,244.049,0.012,0.012,0.043,,on,-72,,20 minute NILM mixer session
2026-06-03T07:49:11.783820+00:00,2026-06-03 13:49:11,Anllia,plug_1,Tapo P110,P110,mixer,017895c5,multi_cycle,1.0,2.551,243.602,0.012,0.012,0.043,,on,-73,,20 minute NILM mixer session
2026-06-03T07:49:13.029060+00:00,2026-06-03 13:49:13,Anllia,plug_1,Tapo P110,P110,mixer,017895c5,multi_cycle,1.0,2.463,243.602,0.012,0.012,0.043,,on,-71,,20 minute NILM mixer session
2026-06-03T07:49:14.333612+00:00,2026-06-03 13:49:14,Anllia,plug_1,Tapo P110,P110,mixer,017895c5,multi_cycle,1.0,2.513,243.602,0.012,0.012,0.043,,on,-73,,20 minute NILM mixer session
2026-06-03T07:49:15.600134+00:00,2026-06-03 13:49:15,Anllia,plug_1,Tapo P110,P110,mixer,017895c5,multi_cycle,1.0,2.513,243.349,0.012,0.012,0.043,,on,-72,,20 minute NILM mixer session
2026-06-03T07:49:16.856902+00:00,2026-06-03 13:49:16,Anllia,plug_1,Tapo P110,P110,mixer,017895c5,multi_cycle,1.0,2.455,243.349,0.012,0.012,0.043,,on,-74,,20 minute NILM mixer session
2026-06-03T07:49:18.123545+00:00,2026-06-03 13:49:18,Anllia,plug_1,Tapo P110,P110,mixer,017895c5,multi_cycle,1.0,2.506,243.349,0.012,0.012,0.043,,on,-71,,20 minute NILM mixer session
2026-06-03T07:49:19.465531+00:00,2026-06-03 13:49:19,Anllia,plug_1,Tapo P110,P110,mixer,017895c5,multi_cycle,1.0,2.499,244.296,0.012,0.012,0.043,,on,-71,,20 minute NILM mixer session
2026-06-03T07:49:20.723025+00:00,2026-06-03 13:49:20,Anllia,plug_1,Tapo P110,P110,mixer,017895c5,multi_cycle,1.0,2.49,244.296,0.0,0.012,0.043,,on,-70,,20 minute NILM mixer session
2026-06-03T07:49:22.146941+00:00,2026-06-03 13:49:22,Anllia,plug_1,Tapo P110,P110,mixer,017895c5,multi_cycle,1.0,2.479,244.296,0.0,0.012,0.043,,on,-69,,20 minute NILM mixer session
2026-06-03T07:49:23.391362+00:00,2026-06-03 13:49:23,Anllia,plug_1,Tapo P110,P110,mixer,017895c5,multi_cycle,1.0,377.444,242.696,0.0,0.012,0.043,,on,-70,,20 minute NILM mixer session
2026-06-03T07:49:24.811979+00:00,2026-06-03 13:49:24,Anllia,plug_1,Tapo P110,P110,mixer,017895c5,multi_cycle,1.0,222.165,242.696,0.961,0.012,0.043,,on,-73,,20 minute NILM mixer session
2026-06-03T07:49:26.292403+00:00,2026-06-03 13:49:26,Anllia,plug_1,Tapo P110,P110,mixer,017895c5,multi_cycle,1.0,218.318,242.858,0.961,0.012,0.043,,on,-72,,20 minute NILM mixer session
2026-06-03T07:49:27.569826+00:00,2026-06-03 13:49:27,Anllia,plug_1,Tapo P110,P110,mixer,017895c5,multi_cycle,1.0,218.318,242.858,0.909,0.012,0.043,,on,-72,,20 minute NILM mixer session
2026-06-03T07:49:28.918889+00:00,2026-06-03 13:49:28,Anllia,plug_1,Tapo P110,P110,mixer,017895c5,multi_cycle,1.0,218.808,242.909,0.909,0.012,0.043,,on,-72,,20 minute NILM mixer session
2026-06-03T07:49:30.157255+00:00,2026-06-03 13:49:30,Anllia,plug_1,Tapo P110,P110,mixer,017895c5,multi_cycle,1.0,218.311,242.909,0.91,0.012,0.044,,on,-73,,20 minute NILM mixer session
2026-06-03T07:49:31.634295+00:00,2026-06-03 13:49:31,Anllia,plug_1,Tapo P110,P110,mixer,017895c5,multi_cycle,1.0,219.26,243.336,0.91,0.012,0.044,,on,-73,,20 minute NILM mixer session
2026-06-03T07:49:32.951307+00:00,2026-06-03 13:49:32,Anllia,plug_1,Tapo P110,P110,mixer,017895c5,multi_cycle,1.0,218.445,243.336,0.91,0.012,0.044,,on,-71,,20 minute NILM mixer session
2026-06-03T07:49:34.238012+00:00,2026-06-03 13:49:34,Anllia,plug_1,Tapo P110,P110,mixer,017895c5,multi_cycle,1.0,218.593,243.336,0.908,0.012,0.044,,on,-72,,20 minute NILM mixer session
2026-06-03T07:49:35.512725+00:00,2026-06-03 13:49:35,Anllia,plug_1,Tapo P110,P110,mixer,017895c5,multi_cycle,1.0,218.589,243.451,0.908,0.013,0.044,,on,-72,,20 minute NILM mixer session
2026-06-03T07:49:36.799242+00:00,2026-06-03 13:49:36,Anllia,plug_1,Tapo P110,P110,mixer,017895c5,multi_cycle,1.0,218.51,243.451,0.907,0.013,0.044,,on,-71,,20 minute NILM mixer session
2026-06-03T07:49:38.185901+00:00,2026-06-03 13:49:38,Anllia,plug_1,Tapo P110,P110,mixer,017895c5,multi_cycle,1.0,218.51,243.277,0.907,0.013,0.044,,on,-71,,20 minute NILM mixer session
2026-06-03T07:49:39.435594+00:00,2026-06-03 13:49:39,Anllia,plug_1,Tapo P110,P110,mixer,017895c5,multi_cycle,1.0,218.362,243.277,0.908,0.013,0.044,,on,-71,,20 minute NILM mixer session
2026-06-03T07:49:40.771427+00:00,2026-06-03 13:49:40,Anllia,plug_1,Tapo P110,P110,mixer,017895c5,multi_cycle,1.0,218.215,243.145,0.908,0.013,0.044,,on,-74,,20 minute NILM mixer session
2026-06-03T07:49:42.058475+00:00,2026-06-03 13:49:42,Anllia,plug_1,Tapo P110,P110,mixer,017895c5,multi_cycle,1.0,217.653,243.145,0.908,0.013,0.044,,on,-72,,20 minute NILM mixer session
2026-06-03T07:49:44.799529+00:00,2026-06-03 13:49:44,Anllia,plug_1,Tapo P110,P110,mixer,017895c5,multi_cycle,1.0,217.484,242.994,0.904,0.013,0.044,,on,-72,,20 minute NILM mixer session
2026-06-03T07:49:46.080748+00:00,2026-06-03 13:49:46,Anllia,plug_1,Tapo P110,P110,mixer,017895c5,multi_cycle,1.0,217.178,242.994,0.904,0.013,0.045,,on,-72,,20 minute NILM mixer session
2026-06-03T07:49:47.358567+00:00,2026-06-03 13:49:47,Anllia,plug_1,Tapo P110,P110,mixer,017895c5,multi_cycle,1.0,217.435,242.953,0.904,0.013,0.045,,on,-74,,20 minute NILM mixer session
2026-06-03T07:49:48.713956+00:00,2026-06-03 13:49:48,Anllia,plug_1,Tapo P110,P110,mixer,017895c5,multi_cycle,1.0,217.435,242.953,0.903,0.013,0.045,,on,-70,,20 minute NILM mixer session
2026-06-03T07:49:49.980196+00:00,2026-06-03 13:49:49,Anllia,plug_1,Tapo P110,P110,mixer,017895c5,multi_cycle,1.0,216.924,242.928,0.903,0.013,0.045,,on,-71,,20 minute NILM mixer session
2026-06-03T07:49:51.266293+00:00,2026-06-03 13:49:51,Anllia,plug_1,Tapo P110,P110,mixer,017895c5,multi_cycle,1.0,216.829,242.928,0.906,0.013,0.045,,on,-68,,20 minute NILM mixer session
2026-06-03T07:49:52.610732+00:00,2026-06-03 13:49:52,Anllia,plug_1,Tapo P110,P110,mixer,017895c5,multi_cycle,1.0,217.809,242.928,0.906,0.014,0.045,,on,-69,,20 minute NILM mixer session
2026-06-03T07:49:53.926314+00:00,2026-06-03 13:49:53,Anllia,plug_1,Tapo P110,P110,mixer,017895c5,multi_cycle,1.0,217.276,242.773,0.906,0.014,0.045,,on,-69,,20 minute NILM mixer session
2026-06-03T07:49:55.182327+00:00,2026-06-03 13:49:55,Anllia,plug_1,Tapo P110,P110,mixer,017895c5,multi_cycle,1.0,217.603,242.773,0.906,0.014,0.045,,on,-69,,20 minute NILM mixer session
2026-06-03T07:49:56.453900+00:00,2026-06-03 13:49:56,Anllia,plug_1,Tapo P110,P110,mixer,017895c5,multi_cycle,1.0,217.182,242.959,0.906,0.014,0.045,,on,-68,,20 minute NILM mixer session
2026-06-03T07:49:57.793615+00:00,2026-06-03 13:49:57,Anllia,plug_1,Tapo P110,P110,mixer,017895c5,multi_cycle,1.0,217.182,242.959,0.875,0.014,0.045,,on,-69,,20 minute NILM mixer session
2026-06-03T07:49:59.056613+00:00,2026-06-03 13:49:59,Anllia,plug_1,Tapo P110,P110,mixer,017895c5,multi_cycle,1.0,99.734,244.111,0.875,0.014,0.045,,on,-69,,20 minute NILM mixer session
2026-06-03T07:50:00.348273+00:00,2026-06-03 13:50:00,Anllia,plug_1,Tapo P110,P110,mixer,017895c5,multi_cycle,1.0,99.734,244.111,0.875,0.014,0.045,,on,-70,,20 minute NILM mixer session
2026-06-03T07:50:01.598630+00:00,2026-06-03 13:50:01,Anllia,plug_1,Tapo P110,P110,mixer,017895c5,multi_cycle,1.0,1.892,244.111,0.011,0.014,0.045,,on,-72,,20 minute NILM mixer session
2026-06-03T07:50:02.942368+00:00,2026-06-03 13:50:02,Anllia,plug_1,Tapo P110,P110,mixer,017895c5,multi_cycle,1.0,2.412,244.036,0.011,0.014,0.045,,on,-73,,20 minute NILM mixer session
2026-06-03T07:50:04.215223+00:00,2026-06-03 13:50:04,Anllia,plug_1,Tapo P110,P110,mixer,017895c5,multi_cycle,1.0,2.326,244.036,0.011,0.014,0.045,,on,-71,,20 minute NILM mixer session
2026-06-03T07:50:05.473335+00:00,2026-06-03 13:50:05,Anllia,plug_1,Tapo P110,P110,mixer,017895c5,multi_cycle,1.0,2.272,244.036,0.011,0.014,0.045,,on,-73,,20 minute NILM mixer session
2026-06-03T07:50:06.894129+00:00,2026-06-03 13:50:06,Anllia,plug_1,Tapo P110,P110,mixer,017895c5,multi_cycle,1.0,2.316,243.93,0.011,0.014,0.045,,on,-72,,20 minute NILM mixer session
2026-06-03T07:50:08.205979+00:00,2026-06-03 13:50:08,Anllia,plug_1,Tapo P110,P110,mixer,017895c5,multi_cycle,1.0,2.316,243.93,0.011,0.014,0.045,,on,-72,,20 minute NILM mixer session
2026-06-03T07:50:09.471519+00:00,2026-06-03 13:50:09,Anllia,plug_1,Tapo P110,P110,mixer,017895c5,multi_cycle,1.0,2.308,243.813,0.011,0.014,0.045,,on,-71,,20 minute NILM mixer session
2026-06-03T07:50:10.767185+00:00,2026-06-03 13:50:10,Anllia,plug_1,Tapo P110,P110,mixer,017895c5,multi_cycle,1.0,2.431,243.813,0.011,0.014,0.045,,on,-71,,20 minute NILM mixer session
2026-06-03T07:50:12.153904+00:00,2026-06-03 13:50:12,Anllia,plug_1,Tapo P110,P110,mixer,017895c5,multi_cycle,1.0,2.427,243.813,0.012,0.014,0.045,,on,-72,,20 minute NILM mixer session
2026-06-03T07:50:13.604906+00:00,2026-06-03 13:50:13,Anllia,plug_1,Tapo P110,P110,mixer,017895c5,multi_cycle,1.0,2.28,243.821,0.012,0.014,0.045,,on,-71,,20 minute NILM mixer session
2026-06-03T07:50:14.900193+00:00,2026-06-03 13:50:14,Anllia,plug_1,Tapo P110,P110,mixer,017895c5,multi_cycle,1.0,2.342,243.821,0.011,0.014,0.045,,on,-69,,20 minute NILM mixer session
2026-06-03T07:50:16.216439+00:00,2026-06-03 13:50:16,Anllia,plug_1,Tapo P110,P110,mixer,017895c5,multi_cycle,1.0,202.382,243.537,0.011,0.014,0.045,,on,-69,,20 minute NILM mixer session
2026-06-03T07:50:17.582457+00:00,2026-06-03 13:50:17,Anllia,plug_1,Tapo P110,P110,mixer,017895c5,multi_cycle,1.0,214.223,243.537,1.047,0.014,0.045,,on,-73,,20 minute NILM mixer session
2026-06-03T07:50:18.848487+00:00,2026-06-03 13:50:18,Anllia,plug_1,Tapo P110,P110,mixer,017895c5,multi_cycle,1.0,214.223,242.373,1.047,0.014,0.045,,on,-73,,20 minute NILM mixer session
2026-06-03T07:50:20.215104+00:00,2026-06-03 13:50:20,Anllia,plug_1,Tapo P110,P110,mixer,017895c5,multi_cycle,1.0,201.19,242.373,0.843,0.014,0.046,,on,-71,,20 minute NILM mixer session
2026-06-03T07:50:21.487859+00:00,2026-06-03 13:50:21,Anllia,plug_1,Tapo P110,P110,mixer,017895c5,multi_cycle,1.0,201.327,242.477,0.843,0.014,0.046,,on,-72,,20 minute NILM mixer session
2026-06-03T07:50:22.845411+00:00,2026-06-03 13:50:22,Anllia,plug_1,Tapo P110,P110,mixer,017895c5,multi_cycle,1.0,201.353,242.477,0.843,0.014,0.046,,on,-71,,20 minute NILM mixer session
2026-06-03T07:50:24.208254+00:00,2026-06-03 13:50:24,Anllia,plug_1,Tapo P110,P110,mixer,017895c5,multi_cycle,1.0,200.735,242.477,0.84,0.014,0.046,,on,-73,,20 minute NILM mixer session
2026-06-03T07:50:25.566028+00:00,2026-06-03 13:50:25,Anllia,plug_1,Tapo P110,P110,mixer,017895c5,multi_cycle,1.0,200.925,242.381,0.84,0.014,0.046,,on,-72,,20 minute NILM mixer session
2026-06-03T07:50:26.962973+00:00,2026-06-03 13:50:26,Anllia,plug_1,Tapo P110,P110,mixer,017895c5,multi_cycle,1.0,200.269,242.381,0.84,0.015,0.046,,on,-71,,20 minute NILM mixer session
2026-06-03T07:50:28.219350+00:00,2026-06-03 13:50:28,Anllia,plug_1,Tapo P110,P110,mixer,017895c5,multi_cycle,1.0,200.707,242.402,0.84,0.015,0.046,,on,-73,,20 minute NILM mixer session
2026-06-03T07:50:29.508037+00:00,2026-06-03 13:50:29,Anllia,plug_1,Tapo P110,P110,mixer,017895c5,multi_cycle,1.0,200.257,242.402,0.839,0.015,0.046,,on,-73,,20 minute NILM mixer session
2026-06-03T07:50:30.773047+00:00,2026-06-03 13:50:30,Anllia,plug_1,Tapo P110,P110,mixer,017895c5,multi_cycle,1.0,200.257,242.522,0.839,0.015,0.046,,on,-71,,20 minute NILM mixer session
2026-06-03T07:50:32.140093+00:00,2026-06-03 13:50:32,Anllia,plug_1,Tapo P110,P110,mixer,017895c5,multi_cycle,1.0,200.63,242.522,0.839,0.015,0.046,,on,-72,,20 minute NILM mixer session
2026-06-03T07:50:33.488485+00:00,2026-06-03 13:50:33,Anllia,plug_1,Tapo P110,P110,mixer,017895c5,multi_cycle,1.0,200.179,242.683,0.839,0.015,0.046,,on,-74,,20 minute NILM mixer session
2026-06-03T07:50:34.853838+00:00,2026-06-03 13:50:34,Anllia,plug_1,Tapo P110,P110,mixer,017895c5,multi_cycle,1.0,200.424,242.683,0.839,0.015,0.046,,on,-72,,20 minute NILM mixer session
2026-06-03T07:50:36.171150+00:00,2026-06-03 13:50:36,Anllia,plug_1,Tapo P110,P110,mixer,017895c5,multi_cycle,1.0,200.933,242.683,0.839,0.015,0.046,,on,-73,,20 minute NILM mixer session
2026-06-03T07:50:37.437884+00:00,2026-06-03 13:50:37,Anllia,plug_1,Tapo P110,P110,mixer,017895c5,multi_cycle,1.0,201.292,243.123,0.839,0.015,0.046,,on,-70,,20 minute NILM mixer session
2026-06-03T07:50:39.297152+00:00,2026-06-03 13:50:39,Anllia,plug_1,Tapo P110,P110,mixer,017895c5,multi_cycle,1.0,200.744,243.123,0.838,0.015,0.047,,on,-70,,20 minute NILM mixer session
2026-06-03T07:50:40.563346+00:00,2026-06-03 13:50:40,Anllia,plug_1,Tapo P110,P110,mixer,017895c5,multi_cycle,1.0,200.461,243.414,0.838,0.015,0.047,,on,-71,,20 minute NILM mixer session
2026-06-03T07:50:41.885815+00:00,2026-06-03 13:50:41,Anllia,plug_1,Tapo P110,P110,mixer,017895c5,multi_cycle,1.0,199.855,243.414,0.835,0.015,0.047,,on,-71,,20 minute NILM mixer session
2026-06-03T07:50:43.164537+00:00,2026-06-03 13:50:43,Anllia,plug_1,Tapo P110,P110,mixer,017895c5,multi_cycle,1.0,10.81,243.371,0.835,0.015,0.047,,on,-69,,20 minute NILM mixer session
2026-06-03T07:50:44.509862+00:00,2026-06-03 13:50:44,Anllia,plug_1,Tapo P110,P110,mixer,017895c5,multi_cycle,1.0,10.81,243.371,0.01,0.015,0.047,,on,-71,,20 minute NILM mixer session
2026-06-03T07:50:45.751423+00:00,2026-06-03 13:50:45,Anllia,plug_1,Tapo P110,P110,mixer,017895c5,multi_cycle,1.0,2.174,243.643,0.01,0.015,0.047,,on,-73,,20 minute NILM mixer session
2026-06-03T07:50:47.000664+00:00,2026-06-03 13:50:47,Anllia,plug_1,Tapo P110,P110,mixer,017895c5,multi_cycle,1.0,2.587,243.643,0.01,0.015,0.047,,on,-72,,20 minute NILM mixer session
2026-06-03T07:50:48.296581+00:00,2026-06-03 13:50:48,Anllia,plug_1,Tapo P110,P110,mixer,017895c5,multi_cycle,1.0,2.553,243.643,0.0,0.015,0.047,,on,-73,,20 minute NILM mixer session
2026-06-03T07:50:49.540657+00:00,2026-06-03 13:50:49,Anllia,plug_1,Tapo P110,P110,mixer,017895c5,multi_cycle,1.0,2.513,243.546,0.0,0.015,0.047,,on,-72,,20 minute NILM mixer session
2026-06-03T07:50:50.842670+00:00,2026-06-03 13:50:50,Anllia,plug_1,Tapo P110,P110,mixer,017895c5,multi_cycle,1.0,2.513,243.546,0.0,0.015,0.047,,on,-71,,20 minute NILM mixer session
2026-06-03T07:50:52.127077+00:00,2026-06-03 13:50:52,Anllia,plug_1,Tapo P110,P110,mixer,017895c5,multi_cycle,1.0,2.504,243.546,0.012,0.015,0.047,,on,-72,,20 minute NILM mixer session
2026-06-03T07:50:53.377306+00:00,2026-06-03 13:50:53,Anllia,plug_1,Tapo P110,P110,mixer,017895c5,multi_cycle,1.0,2.578,243.602,0.012,0.015,0.047,,on,-72,,20 minute NILM mixer session
2026-06-03T07:50:54.676988+00:00,2026-06-03 13:50:54,Anllia,plug_1,Tapo P110,P110,mixer,017895c5,multi_cycle,1.0,2.532,243.602,0.012,0.015,0.047,,on,-72,,20 minute NILM mixer session
2026-06-03T07:50:55.945624+00:00,2026-06-03 13:50:55,Anllia,plug_1,Tapo P110,P110,mixer,017895c5,multi_cycle,1.0,2.513,243.602,0.012,0.015,0.047,,on,-73,,20 minute NILM mixer session
2026-06-03T07:50:57.240657+00:00,2026-06-03 13:50:57,Anllia,plug_1,Tapo P110,P110,mixer,017895c5,multi_cycle,1.0,2.613,243.514,0.012,0.015,0.047,,on,-72,,20 minute NILM mixer session
2026-06-03T07:50:58.585988+00:00,2026-06-03 13:50:58,Anllia,plug_1,Tapo P110,P110,mixer,017895c5,multi_cycle,1.0,2.613,243.514,0.012,0.015,0.047,,on,-72,,20 minute NILM mixer session
2026-06-03T07:50:59.863774+00:00,2026-06-03 13:50:59,Anllia,plug_1,Tapo P110,P110,mixer,017895c5,multi_cycle,1.0,2.583,243.579,0.012,0.015,0.047,,on,-70,,20 minute NILM mixer session
2026-06-03T07:51:01.177324+00:00,2026-06-03 13:51:01,Anllia,plug_1,Tapo P110,P110,mixer,017895c5,multi_cycle,1.0,72.223,243.579,1.56,0.015,0.047,,on,-69,,20 minute NILM mixer session
2026-06-03T07:51:02.525025+00:00,2026-06-03 13:51:02,Anllia,plug_1,Tapo P110,P110,mixer,017895c5,multi_cycle,1.0,241.842,242.758,1.56,0.016,0.047,,on,-70,,20 minute NILM mixer session
2026-06-03T07:51:03.772603+00:00,2026-06-03 13:51:03,Anllia,plug_1,Tapo P110,P110,mixer,017895c5,multi_cycle,1.0,218.372,242.758,1.56,0.016,0.047,,on,-70,,20 minute NILM mixer session
2026-06-03T07:51:05.123601+00:00,2026-06-03 13:51:05,Anllia,plug_1,Tapo P110,P110,mixer,017895c5,multi_cycle,1.0,217.307,242.758,0.905,0.016,0.047,,on,-74,,20 minute NILM mixer session
2026-06-03T07:51:06.606684+00:00,2026-06-03 13:51:06,Anllia,plug_1,Tapo P110,P110,mixer,017895c5,multi_cycle,1.0,217.06,242.372,0.905,0.016,0.047,,on,-74,,20 minute NILM mixer session
2026-06-03T07:51:07.873242+00:00,2026-06-03 13:51:07,Anllia,plug_1,Tapo P110,P110,mixer,017895c5,multi_cycle,1.0,216.447,242.372,0.904,0.016,0.047,,on,-71,,20 minute NILM mixer session
2026-06-03T07:51:09.171328+00:00,2026-06-03 13:51:09,Anllia,plug_1,Tapo P110,P110,mixer,017895c5,multi_cycle,1.0,216.292,242.372,0.904,0.016,0.047,,on,-74,,20 minute NILM mixer session
2026-06-03T07:51:10.441774+00:00,2026-06-03 13:51:10,Anllia,plug_1,Tapo P110,P110,mixer,017895c5,multi_cycle,1.0,216.292,242.372,0.903,0.016,0.047,,on,-72,,20 minute NILM mixer session
2026-06-03T07:51:11.742666+00:00,2026-06-03 13:51:11,Anllia,plug_1,Tapo P110,P110,mixer,017895c5,multi_cycle,1.0,216.26,242.333,0.903,0.016,0.047,,on,-75,,20 minute NILM mixer session
2026-06-03T07:51:13.030476+00:00,2026-06-03 13:51:13,Anllia,plug_1,Tapo P110,P110,mixer,017895c5,multi_cycle,1.0,216.266,242.333,0.903,0.016,0.048,,on,-72,,20 minute NILM mixer session
2026-06-03T07:51:14.420257+00:00,2026-06-03 13:51:14,Anllia,plug_1,Tapo P110,P110,mixer,017895c5,multi_cycle,1.0,216.27,242.333,0.903,0.016,0.048,,on,-72,,20 minute NILM mixer session
2026-06-03T07:51:15.688495+00:00,2026-06-03 13:51:15,Anllia,plug_1,Tapo P110,P110,mixer,017895c5,multi_cycle,1.0,216.256,242.176,0.903,0.016,0.048,,on,-71,,20 minute NILM mixer session
2026-06-03T07:51:17.003147+00:00,2026-06-03 13:51:17,Anllia,plug_1,Tapo P110,P110,mixer,017895c5,multi_cycle,1.0,216.245,242.176,0.903,0.016,0.048,,on,-71,,20 minute NILM mixer session
2026-06-03T07:51:18.304033+00:00,2026-06-03 13:51:18,Anllia,plug_1,Tapo P110,P110,mixer,017895c5,multi_cycle,1.0,216.135,242.187,0.903,0.017,0.048,,on,-71,,20 minute NILM mixer session
2026-06-03T07:51:19.633869+00:00,2026-06-03 13:51:19,Anllia,plug_1,Tapo P110,P110,mixer,017895c5,multi_cycle,1.0,216.135,242.187,0.903,0.017,0.048,,on,-70,,20 minute NILM mixer session
2026-06-03T07:51:20.876757+00:00,2026-06-03 13:51:20,Anllia,plug_1,Tapo P110,P110,mixer,017895c5,multi_cycle,1.0,216.391,242.241,0.903,0.017,0.048,,on,-71,,20 minute NILM mixer session
2026-06-03T07:51:22.233833+00:00,2026-06-03 13:51:22,Anllia,plug_1,Tapo P110,P110,mixer,017895c5,multi_cycle,1.0,216.406,242.241,0.9,0.017,0.048,,on,-70,,20 minute NILM mixer session
2026-06-03T07:51:23.498948+00:00,2026-06-03 13:51:23,Anllia,plug_1,Tapo P110,P110,mixer,017895c5,multi_cycle,1.0,215.388,242.241,0.9,0.017,0.048,,on,-71,,20 minute NILM mixer session
2026-06-03T07:51:24.904435+00:00,2026-06-03 13:51:24,Anllia,plug_1,Tapo P110,P110,mixer,017895c5,multi_cycle,1.0,215.249,242.016,0.9,0.017,0.048,,on,-72,,20 minute NILM mixer session
2026-06-03T07:51:26.320155+00:00,2026-06-03 13:51:26,Anllia,plug_1,Tapo P110,P110,mixer,017895c5,multi_cycle,1.0,215.858,242.016,0.9,0.017,0.048,,on,-70,,20 minute NILM mixer session
2026-06-03T07:51:27.662320+00:00,2026-06-03 13:51:27,Anllia,plug_1,Tapo P110,P110,mixer,017895c5,multi_cycle,1.0,26.034,242.688,0.9,0.017,0.048,,on,-73,,20 minute NILM mixer session
2026-06-03T07:51:28.928100+00:00,2026-06-03 13:51:28,Anllia,plug_1,Tapo P110,P110,mixer,017895c5,multi_cycle,1.0,26.034,242.688,0.011,0.017,0.048,,on,-72,,20 minute NILM mixer session
2026-06-03T07:51:30.216592+00:00,2026-06-03 13:51:30,Anllia,plug_1,Tapo P110,P110,mixer,017895c5,multi_cycle,1.0,2.101,243.334,0.011,0.017,0.048,,on,-72,,20 minute NILM mixer session
2026-06-03T07:51:31.467351+00:00,2026-06-03 13:51:31,Anllia,plug_1,Tapo P110,P110,mixer,017895c5,multi_cycle,1.0,2.47,243.334,0.011,0.017,0.048,,on,-71,,20 minute NILM mixer session
2026-06-03T07:51:32.762356+00:00,2026-06-03 13:51:32,Anllia,plug_1,Tapo P110,P110,mixer,017895c5,multi_cycle,1.0,2.448,243.334,0.012,0.017,0.048,,on,-71,,20 minute NILM mixer session
2026-06-03T07:51:34.028153+00:00,2026-06-03 13:51:34,Anllia,plug_1,Tapo P110,P110,mixer,017895c5,multi_cycle,1.0,2.523,243.546,0.012,0.017,0.048,,on,-73,,20 minute NILM mixer session
2026-06-03T07:51:35.276916+00:00,2026-06-03 13:51:35,Anllia,plug_1,Tapo P110,P110,mixer,017895c5,multi_cycle,1.0,2.501,243.546,0.012,0.017,0.048,,on,-73,,20 minute NILM mixer session
2026-06-03T07:51:36.628061+00:00,2026-06-03 13:51:36,Anllia,plug_1,Tapo P110,P110,mixer,017895c5,multi_cycle,1.0,2.501,243.546,0.012,0.017,0.048,,on,-71,,20 minute NILM mixer session
2026-06-03T07:51:37.894452+00:00,2026-06-03 13:51:37,Anllia,plug_1,Tapo P110,P110,mixer,017895c5,multi_cycle,1.0,2.489,243.496,0.012,0.017,0.048,,on,-72,,20 minute NILM mixer session
2026-06-03T07:51:39.154219+00:00,2026-06-03 13:51:39,Anllia,plug_1,Tapo P110,P110,mixer,017895c5,multi_cycle,1.0,2.427,243.496,0.012,0.017,0.048,,on,-72,,20 minute NILM mixer session
2026-06-03T07:51:40.444569+00:00,2026-06-03 13:51:40,Anllia,plug_1,Tapo P110,P110,mixer,017895c5,multi_cycle,1.0,2.46,243.542,0.012,0.017,0.048,,on,-74,,20 minute NILM mixer session
2026-06-03T07:51:41.768108+00:00,2026-06-03 13:51:41,Anllia,plug_1,Tapo P110,P110,mixer,017895c5,multi_cycle,1.0,2.522,243.542,0.012,0.017,0.048,,on,-71,,20 minute NILM mixer session
2026-06-03T07:51:43.014483+00:00,2026-06-03 13:51:43,Anllia,plug_1,Tapo P110,P110,mixer,017895c5,multi_cycle,1.0,2.431,243.542,0.0,0.017,0.048,,on,-72,,20 minute NILM mixer session
2026-06-03T07:51:44.260536+00:00,2026-06-03 13:51:44,Anllia,plug_1,Tapo P110,P110,mixer,017895c5,multi_cycle,1.0,2.431,244.195,0.0,0.017,0.048,,on,-71,,20 minute NILM mixer session
2026-06-03T07:51:45.545829+00:00,2026-06-03 13:51:45,Anllia,plug_1,Tapo P110,P110,mixer,017895c5,multi_cycle,1.0,2.425,244.195,0.0,0.017,0.048,,on,-73,,20 minute NILM mixer session
2026-06-03T07:51:46.827295+00:00,2026-06-03 13:51:46,Anllia,plug_1,Tapo P110,P110,mixer,017895c5,multi_cycle,1.0,2.51,244.195,0.012,0.017,0.048,,on,-70,,20 minute NILM mixer session
2026-06-03T07:51:48.143651+00:00,2026-06-03 13:51:48,Anllia,plug_1,Tapo P110,P110,mixer,017895c5,multi_cycle,1.0,2.505,243.967,0.012,0.017,0.048,,on,-70,,20 minute NILM mixer session
2026-06-03T07:51:49.409419+00:00,2026-06-03 13:51:49,Anllia,plug_1,Tapo P110,P110,mixer,017895c5,multi_cycle,1.0,354.637,243.967,1.898,0.017,0.048,,on,-68,,20 minute NILM mixer session
2026-06-03T07:51:50.656046+00:00,2026-06-03 13:51:50,Anllia,plug_1,Tapo P110,P110,mixer,017895c5,multi_cycle,1.0,206.705,242.916,1.898,0.017,0.049,,on,-71,,20 minute NILM mixer session
2026-06-03T07:51:51.899522+00:00,2026-06-03 13:51:51,Anllia,plug_1,Tapo P110,P110,mixer,017895c5,multi_cycle,1.0,201.226,242.916,0.842,0.017,0.049,,on,-71,,20 minute NILM mixer session
2026-06-03T07:51:53.193181+00:00,2026-06-03 13:51:53,Anllia,plug_1,Tapo P110,P110,mixer,017895c5,multi_cycle,1.0,201.226,242.916,0.842,0.017,0.049,,on,-71,,20 minute NILM mixer session
2026-06-03T07:51:54.441431+00:00,2026-06-03 13:51:54,Anllia,plug_1,Tapo P110,P110,mixer,017895c5,multi_cycle,1.0,201.796,242.738,0.842,0.017,0.049,,on,-73,,20 minute NILM mixer session
2026-06-03T07:51:55.792942+00:00,2026-06-03 13:51:55,Anllia,plug_1,Tapo P110,P110,mixer,017895c5,multi_cycle,1.0,201.441,242.738,0.843,0.017,0.049,,on,-72,,20 minute NILM mixer session
2026-06-03T07:51:57.060157+00:00,2026-06-03 13:51:57,Anllia,plug_1,Tapo P110,P110,mixer,017895c5,multi_cycle,1.0,200.838,242.792,0.843,0.018,0.049,,on,-74,,20 minute NILM mixer session
2026-06-03T07:51:58.305986+00:00,2026-06-03 13:51:58,Anllia,plug_1,Tapo P110,P110,mixer,017895c5,multi_cycle,1.0,201.189,242.792,0.842,0.018,0.049,,on,-72,,20 minute NILM mixer session
2026-06-03T07:51:59.614086+00:00,2026-06-03 13:51:59,Anllia,plug_1,Tapo P110,P110,mixer,017895c5,multi_cycle,1.0,200.744,242.674,0.842,0.018,0.049,,on,-73,,20 minute NILM mixer session
2026-06-03T07:52:00.973913+00:00,2026-06-03 13:52:00,Anllia,plug_1,Tapo P110,P110,mixer,017895c5,multi_cycle,1.0,200.744,242.674,0.841,0.018,0.049,,on,-72,,20 minute NILM mixer session
2026-06-03T07:52:02.239714+00:00,2026-06-03 13:52:02,Anllia,plug_1,Tapo P110,P110,mixer,017895c5,multi_cycle,1.0,200.913,242.674,0.841,0.018,0.049,,on,-71,,20 minute NILM mixer session
2026-06-03T07:52:03.494328+00:00,2026-06-03 13:52:03,Anllia,plug_1,Tapo P110,P110,mixer,017895c5,multi_cycle,1.0,200.884,242.839,0.841,0.018,0.049,,on,-71,,20 minute NILM mixer session
2026-06-03T07:52:04.750293+00:00,2026-06-03 13:52:04,Anllia,plug_1,Tapo P110,P110,mixer,017895c5,multi_cycle,1.0,200.922,242.839,0.841,0.018,0.049,,on,-71,,20 minute NILM mixer session
2026-06-03T07:52:06.022546+00:00,2026-06-03 13:52:06,Anllia,plug_1,Tapo P110,P110,mixer,017895c5,multi_cycle,1.0,200.665,242.721,0.841,0.018,0.049,,on,-72,,20 minute NILM mixer session
2026-06-03T07:52:07.315722+00:00,2026-06-03 13:52:07,Anllia,plug_1,Tapo P110,P110,mixer,017895c5,multi_cycle,1.0,200.709,242.721,0.841,0.018,0.049,,on,-72,,20 minute NILM mixer session
2026-06-03T07:52:08.563264+00:00,2026-06-03 13:52:08,Anllia,plug_1,Tapo P110,P110,mixer,017895c5,multi_cycle,1.0,200.458,242.569,0.841,0.018,0.05,,on,-71,,20 minute NILM mixer session
2026-06-03T07:52:09.817311+00:00,2026-06-03 13:52:09,Anllia,plug_1,Tapo P110,P110,mixer,017895c5,multi_cycle,1.0,200.458,242.569,0.841,0.018,0.05,,on,-72,,20 minute NILM mixer session
2026-06-03T07:52:11.171745+00:00,2026-06-03 13:52:11,Anllia,plug_1,Tapo P110,P110,mixer,017895c5,multi_cycle,1.0,199.546,242.569,0.837,0.018,0.05,,on,-71,,20 minute NILM mixer session
2026-06-03T07:52:12.444654+00:00,2026-06-03 13:52:12,Anllia,plug_1,Tapo P110,P110,mixer,017895c5,multi_cycle,1.0,200.18,242.418,0.837,0.018,0.05,,on,-72,,20 minute NILM mixer session
2026-06-03T07:52:13.684364+00:00,2026-06-03 13:52:13,Anllia,plug_1,Tapo P110,P110,mixer,017895c5,multi_cycle,1.0,200.022,242.418,0.838,0.018,0.05,,on,-69,,20 minute NILM mixer session
2026-06-03T07:52:15.037206+00:00,2026-06-03 13:52:15,Anllia,plug_1,Tapo P110,P110,mixer,017895c5,multi_cycle,1.0,200.213,242.708,0.838,0.019,0.05,,on,-69,,20 minute NILM mixer session
2026-06-03T07:52:16.304011+00:00,2026-06-03 13:52:16,Anllia,plug_1,Tapo P110,P110,mixer,017895c5,multi_cycle,1.0,200.427,242.708,0.839,0.019,0.05,,on,-68,,20 minute NILM mixer session
2026-06-03T07:52:17.559003+00:00,2026-06-03 13:52:17,Anllia,plug_1,Tapo P110,P110,mixer,017895c5,multi_cycle,1.0,200.232,242.629,0.839,0.019,0.05,,on,-69,,20 minute NILM mixer session
2026-06-03T07:52:18.838515+00:00,2026-06-03 13:52:18,Anllia,plug_1,Tapo P110,P110,mixer,017895c5,multi_cycle,1.0,200.232,242.629,0.839,0.019,0.05,,on,-69,,20 minute NILM mixer session
2026-06-03T07:52:20.137077+00:00,2026-06-03 13:52:20,Anllia,plug_1,Tapo P110,P110,mixer,017895c5,multi_cycle,1.0,200.492,242.629,0.839,0.019,0.05,,on,-69,,20 minute NILM mixer session
2026-06-03T07:52:21.462377+00:00,2026-06-03 13:52:21,Anllia,plug_1,Tapo P110,P110,mixer,017895c5,multi_cycle,1.0,198.487,241.956,0.839,0.019,0.05,,on,-68,,20 minute NILM mixer session
2026-06-03T07:52:22.710442+00:00,2026-06-03 13:52:22,Anllia,plug_1,Tapo P110,P110,mixer,017895c5,multi_cycle,1.0,199.331,241.956,0.837,0.019,0.05,,on,-69,,20 minute NILM mixer session
2026-06-03T07:52:24.419691+00:00,2026-06-03 13:52:24,Anllia,plug_1,Tapo P110,P110,mixer,017895c5,multi_cycle,1.0,4.09,242.83,0.837,0.019,0.05,,on,-70,,20 minute NILM mixer session
2026-06-03T07:52:25.669920+00:00,2026-06-03 13:52:25,Anllia,plug_1,Tapo P110,P110,mixer,017895c5,multi_cycle,1.0,2.082,242.83,0.011,0.019,0.05,,on,-72,,20 minute NILM mixer session
2026-06-03T07:52:27.061038+00:00,2026-06-03 13:52:27,Anllia,plug_1,Tapo P110,P110,mixer,017895c5,multi_cycle,1.0,2.082,242.83,0.011,0.019,0.05,,on,-72,,20 minute NILM mixer session
2026-06-03T07:52:28.327097+00:00,2026-06-03 13:52:28,Anllia,plug_1,Tapo P110,P110,mixer,017895c5,multi_cycle,1.0,2.475,242.264,0.011,0.019,0.05,,on,-71,,20 minute NILM mixer session
2026-06-03T07:52:29.596790+00:00,2026-06-03 13:52:29,Anllia,plug_1,Tapo P110,P110,mixer,017895c5,multi_cycle,1.0,2.454,242.264,0.012,0.019,0.05,,on,-73,,20 minute NILM mixer session
2026-06-03T07:52:30.876013+00:00,2026-06-03 13:52:30,Anllia,plug_1,Tapo P110,P110,mixer,017895c5,multi_cycle,1.0,2.503,242.207,0.012,0.019,0.05,,on,-73,,20 minute NILM mixer session
2026-06-03T07:52:32.196640+00:00,2026-06-03 13:52:32,Anllia,plug_1,Tapo P110,P110,mixer,017895c5,multi_cycle,1.0,2.489,242.207,0.012,0.019,0.05,,on,-70,,20 minute NILM mixer session
2026-06-03T07:52:33.440663+00:00,2026-06-03 13:52:33,Anllia,plug_1,Tapo P110,P110,mixer,017895c5,multi_cycle,1.0,2.592,242.207,0.012,0.019,0.05,,on,-72,,20 minute NILM mixer session
2026-06-03T07:52:34.681923+00:00,2026-06-03 13:52:34,Anllia,plug_1,Tapo P110,P110,mixer,017895c5,multi_cycle,1.0,2.528,242.025,0.012,0.019,0.05,,on,-70,,20 minute NILM mixer session
2026-06-03T07:52:35.977927+00:00,2026-06-03 13:52:35,Anllia,plug_1,Tapo P110,P110,mixer,017895c5,multi_cycle,1.0,2.528,242.025,0.012,0.019,0.05,,on,-72,,20 minute NILM mixer session
2026-06-03T07:52:37.293518+00:00,2026-06-03 13:52:37,Anllia,plug_1,Tapo P110,P110,mixer,017895c5,multi_cycle,1.0,2.455,241.985,0.012,0.019,0.05,,on,-72,,20 minute NILM mixer session
2026-06-03T07:52:38.546157+00:00,2026-06-03 13:52:38,Anllia,plug_1,Tapo P110,P110,mixer,017895c5,multi_cycle,1.0,2.409,241.985,0.012,0.019,0.05,,on,-72,,20 minute NILM mixer session
2026-06-03T07:52:39.842372+00:00,2026-06-03 13:52:39,Anllia,plug_1,Tapo P110,P110,mixer,017895c5,multi_cycle,1.0,2.52,241.985,0.012,0.019,0.05,,on,-71,,20 minute NILM mixer session
2026-06-03T07:52:41.091934+00:00,2026-06-03 13:52:41,Anllia,plug_1,Tapo P110,P110,mixer,017895c5,multi_cycle,1.0,2.477,242.054,0.012,0.019,0.05,,on,-69,,20 minute NILM mixer session
2026-06-03T07:52:42.354144+00:00,2026-06-03 13:52:42,Anllia,plug_1,Tapo P110,P110,mixer,017895c5,multi_cycle,1.0,394.08,242.054,1.655,0.019,0.05,,on,-70,,20 minute NILM mixer session
2026-06-03T07:52:43.635897+00:00,2026-06-03 13:52:43,Anllia,plug_1,Tapo P110,P110,mixer,017895c5,multi_cycle,1.0,394.08,240.395,1.655,0.019,0.051,,on,-71,,20 minute NILM mixer session
2026-06-03T07:52:44.884763+00:00,2026-06-03 13:52:44,Anllia,plug_1,Tapo P110,P110,mixer,017895c5,multi_cycle,1.0,246.412,240.395,1.655,0.019,0.051,,on,-70,,20 minute NILM mixer session
2026-06-03T07:52:46.149569+00:00,2026-06-03 13:52:46,Anllia,plug_1,Tapo P110,P110,mixer,017895c5,multi_cycle,1.0,234.615,240.395,0.982,0.019,0.051,,on,-73,,20 minute NILM mixer session
2026-06-03T07:52:47.414575+00:00,2026-06-03 13:52:47,Anllia,plug_1,Tapo P110,P110,mixer,017895c5,multi_cycle,1.0,233.982,240.514,0.982,0.019,0.051,,on,-72,,20 minute NILM mixer session
2026-06-03T07:52:48.656414+00:00,2026-06-03 13:52:48,Anllia,plug_1,Tapo P110,P110,mixer,017895c5,multi_cycle,1.0,233.674,240.514,0.979,0.019,0.051,,on,-73,,20 minute NILM mixer session
2026-06-03T07:52:50.009750+00:00,2026-06-03 13:52:50,Anllia,plug_1,Tapo P110,P110,mixer,017895c5,multi_cycle,1.0,233.217,240.383,0.979,0.02,0.051,,on,-70,,20 minute NILM mixer session
2026-06-03T07:52:51.282124+00:00,2026-06-03 13:52:51,Anllia,plug_1,Tapo P110,P110,mixer,017895c5,multi_cycle,1.0,233.029,240.383,0.977,0.02,0.051,,on,-73,,20 minute NILM mixer session
2026-06-03T07:52:52.685229+00:00,2026-06-03 13:52:52,Anllia,plug_1,Tapo P110,P110,mixer,017895c5,multi_cycle,1.0,233.029,240.494,0.977,0.02,0.051,,on,-73,,20 minute NILM mixer session
2026-06-03T07:52:53.995296+00:00,2026-06-03 13:52:53,Anllia,plug_1,Tapo P110,P110,mixer,017895c5,multi_cycle,1.0,232.874,240.494,0.977,0.02,0.051,,on,-71,,20 minute NILM mixer session
2026-06-03T07:52:55.245845+00:00,2026-06-03 13:52:55,Anllia,plug_1,Tapo P110,P110,mixer,017895c5,multi_cycle,1.0,233.137,240.494,0.976,0.02,0.051,,on,-72,,20 minute NILM mixer session
2026-06-03T07:52:56.592273+00:00,2026-06-03 13:52:56,Anllia,plug_1,Tapo P110,P110,mixer,017895c5,multi_cycle,1.0,232.6,240.531,0.976,0.02,0.051,,on,-69,,20 minute NILM mixer session
2026-06-03T07:52:57.907333+00:00,2026-06-03 13:52:57,Anllia,plug_1,Tapo P110,P110,mixer,017895c5,multi_cycle,1.0,232.154,240.531,0.972,0.02,0.051,,on,-73,,20 minute NILM mixer session
2026-06-03T07:52:59.157472+00:00,2026-06-03 13:52:59,Anllia,plug_1,Tapo P110,P110,mixer,017895c5,multi_cycle,1.0,232.291,240.434,0.972,0.02,0.052,,on,-72,,20 minute NILM mixer session
2026-06-03T07:53:00.492122+00:00,2026-06-03 13:53:00,Anllia,plug_1,Tapo P110,P110,mixer,017895c5,multi_cycle,1.0,232.286,240.434,0.972,0.02,0.052,,on,-71,,20 minute NILM mixer session
2026-06-03T07:53:01.783125+00:00,2026-06-03 13:53:01,Anllia,plug_1,Tapo P110,P110,mixer,017895c5,multi_cycle,1.0,232.286,240.636,0.972,0.02,0.052,,on,-71,,20 minute NILM mixer session
2026-06-03T07:53:03.042513+00:00,2026-06-03 13:53:03,Anllia,plug_1,Tapo P110,P110,mixer,017895c5,multi_cycle,1.0,232.743,240.636,0.972,0.02,0.052,,on,-69,,20 minute NILM mixer session
2026-06-03T07:53:04.292991+00:00,2026-06-03 13:53:04,Anllia,plug_1,Tapo P110,P110,mixer,017895c5,multi_cycle,1.0,231.478,240.636,0.97,0.02,0.052,,on,-70,,20 minute NILM mixer session
2026-06-03T07:53:05.592405+00:00,2026-06-03 13:53:05,Anllia,plug_1,Tapo P110,P110,mixer,017895c5,multi_cycle,1.0,231.704,240.241,0.97,0.021,0.052,,on,-70,,20 minute NILM mixer session
2026-06-03T07:53:06.963285+00:00,2026-06-03 13:53:06,Anllia,plug_1,Tapo P110,P110,mixer,017895c5,multi_cycle,1.0,198.909,240.241,0.859,0.021,0.052,,on,-71,,20 minute NILM mixer session
2026-06-03T07:53:08.357308+00:00,2026-06-03 13:53:08,Anllia,plug_1,Tapo P110,P110,mixer,017895c5,multi_cycle,1.0,198.909,241.264,0.859,0.021,0.052,,on,-73,,20 minute NILM mixer session
2026-06-03T07:53:09.629926+00:00,2026-06-03 13:53:09,Anllia,plug_1,Tapo P110,P110,mixer,017895c5,multi_cycle,1.0,1.886,241.264,0.011,0.021,0.052,,on,-71,,20 minute NILM mixer session
2026-06-03T07:53:10.937906+00:00,2026-06-03 13:53:10,Anllia,plug_1,Tapo P110,P110,mixer,017895c5,multi_cycle,1.0,2.406,241.398,0.011,0.021,0.052,,on,-70,,20 minute NILM mixer session
2026-06-03T07:53:12.308905+00:00,2026-06-03 13:53:12,Anllia,plug_1,Tapo P110,P110,mixer,017895c5,multi_cycle,1.0,2.44,241.398,0.011,0.021,0.052,,on,-73,,20 minute NILM mixer session
2026-06-03T07:53:13.580592+00:00,2026-06-03 13:53:13,Anllia,plug_1,Tapo P110,P110,mixer,017895c5,multi_cycle,1.0,2.384,241.398,0.012,0.021,0.052,,on,-73,,20 minute NILM mixer session
2026-06-03T07:53:14.827913+00:00,2026-06-03 13:53:14,Anllia,plug_1,Tapo P110,P110,mixer,017895c5,multi_cycle,1.0,2.381,241.57,0.012,0.021,0.052,,on,-71,,20 minute NILM mixer session
2026-06-03T07:53:16.176422+00:00,2026-06-03 13:53:16,Anllia,plug_1,Tapo P110,P110,mixer,017895c5,multi_cycle,1.0,2.413,241.57,0.012,0.021,0.052,,on,-70,,20 minute NILM mixer session
2026-06-03T07:53:17.441756+00:00,2026-06-03 13:53:17,Anllia,plug_1,Tapo P110,P110,mixer,017895c5,multi_cycle,1.0,2.287,241.788,0.012,0.021,0.052,,on,-71,,20 minute NILM mixer session
2026-06-03T07:53:18.726647+00:00,2026-06-03 13:53:18,Anllia,plug_1,Tapo P110,P110,mixer,017895c5,multi_cycle,1.0,2.287,241.788,0.012,0.021,0.052,,on,-75,,20 minute NILM mixer session
2026-06-03T07:53:20.025705+00:00,2026-06-03 13:53:20,Anllia,plug_1,Tapo P110,P110,mixer,017895c5,multi_cycle,1.0,2.454,241.788,0.012,0.021,0.052,,on,-72,,20 minute NILM mixer session
2026-06-03T07:53:21.319713+00:00,2026-06-03 13:53:21,Anllia,plug_1,Tapo P110,P110,mixer,017895c5,multi_cycle,1.0,2.424,241.654,0.012,0.021,0.052,,on,-72,,20 minute NILM mixer session
2026-06-03T07:53:22.598940+00:00,2026-06-03 13:53:22,Anllia,plug_1,Tapo P110,P110,mixer,017895c5,multi_cycle,1.0,2.43,241.654,0.012,0.021,0.052,,on,-71,,20 minute NILM mixer session
2026-06-03T07:53:23.907640+00:00,2026-06-03 13:53:23,Anllia,plug_1,Tapo P110,P110,mixer,017895c5,multi_cycle,1.0,2.43,241.654,0.012,0.021,0.052,,on,-69,,20 minute NILM mixer session
2026-06-03T07:53:25.174466+00:00,2026-06-03 13:53:25,Anllia,plug_1,Tapo P110,P110,mixer,017895c5,multi_cycle,1.0,2.48,241.597,0.012,0.021,0.052,,on,-71,,20 minute NILM mixer session
2026-06-03T07:53:26.622458+00:00,2026-06-03 13:53:26,Anllia,plug_1,Tapo P110,P110,mixer,017895c5,multi_cycle,1.0,2.504,241.597,0.012,0.021,0.052,,on,-71,,20 minute NILM mixer session
2026-06-03T07:53:27.888908+00:00,2026-06-03 13:53:27,Anllia,plug_1,Tapo P110,P110,mixer,017895c5,multi_cycle,1.0,2.477,241.431,0.012,0.021,0.052,,on,-70,,20 minute NILM mixer session
2026-06-03T07:53:29.132172+00:00,2026-06-03 13:53:29,Anllia,plug_1,Tapo P110,P110,mixer,017895c5,multi_cycle,1.0,468.217,241.431,1.308,0.021,0.052,,on,-70,,20 minute NILM mixer session
2026-06-03T07:53:30.487996+00:00,2026-06-03 13:53:30,Anllia,plug_1,Tapo P110,P110,mixer,017895c5,multi_cycle,1.0,236.901,240.081,1.308,0.021,0.052,,on,-69,,20 minute NILM mixer session
2026-06-03T07:53:31.756331+00:00,2026-06-03 13:53:31,Anllia,plug_1,Tapo P110,P110,mixer,017895c5,multi_cycle,1.0,231.724,240.081,1.308,0.021,0.052,,on,-71,,20 minute NILM mixer session
2026-06-03T07:53:33.120698+00:00,2026-06-03 13:53:33,Anllia,plug_1,Tapo P110,P110,mixer,017895c5,multi_cycle,1.0,232.172,240.081,0.97,0.021,0.052,,on,-70,,20 minute NILM mixer session
2026-06-03T07:53:34.391664+00:00,2026-06-03 13:53:34,Anllia,plug_1,Tapo P110,P110,mixer,017895c5,multi_cycle,1.0,232.172,240.142,0.97,0.021,0.052,,on,-70,,20 minute NILM mixer session
2026-06-03T07:53:35.676406+00:00,2026-06-03 13:53:35,Anllia,plug_1,Tapo P110,P110,mixer,017895c5,multi_cycle,1.0,232.339,240.142,0.972,0.021,0.053,,on,-70,,20 minute NILM mixer session
2026-06-03T07:53:36.985256+00:00,2026-06-03 13:53:36,Anllia,plug_1,Tapo P110,P110,mixer,017895c5,multi_cycle,1.0,231.812,239.726,0.972,0.021,0.053,,on,-70,,20 minute NILM mixer session
2026-06-03T07:53:38.255929+00:00,2026-06-03 13:53:38,Anllia,plug_1,Tapo P110,P110,mixer,017895c5,multi_cycle,1.0,20.43,239.726,0.972,0.021,0.053,,on,-69,,20 minute NILM mixer session
2026-06-03T07:53:39.546123+00:00,2026-06-03 13:53:39,Anllia,plug_1,Tapo P110,P110,mixer,017895c5,multi_cycle,1.0,20.43,239.726,0.01,0.021,0.053,,on,-70,,20 minute NILM mixer session
2026-06-03T07:53:40.801256+00:00,2026-06-03 13:53:40,Anllia,plug_1,Tapo P110,P110,mixer,017895c5,multi_cycle,1.0,1.891,241.129,0.01,0.021,0.053,,on,-73,,20 minute NILM mixer session
2026-06-03T07:53:42.085584+00:00,2026-06-03 13:53:42,Anllia,plug_1,Tapo P110,P110,mixer,017895c5,multi_cycle,1.0,2.475,241.129,0.011,0.021,0.053,,on,-73,,20 minute NILM mixer session
2026-06-03T07:53:43.352084+00:00,2026-06-03 13:53:43,Anllia,plug_1,Tapo P110,P110,mixer,017895c5,multi_cycle,1.0,2.431,241.129,0.011,0.021,0.053,,on,-73,,20 minute NILM mixer session
2026-06-03T07:53:44.641113+00:00,2026-06-03 13:53:44,Anllia,plug_1,Tapo P110,P110,mixer,017895c5,multi_cycle,1.0,2.419,241.225,0.011,0.021,0.053,,on,-73,,20 minute NILM mixer session
2026-06-03T07:53:45.950271+00:00,2026-06-03 13:53:45,Anllia,plug_1,Tapo P110,P110,mixer,017895c5,multi_cycle,1.0,2.448,241.225,0.0,0.021,0.053,,on,-73,,20 minute NILM mixer session
2026-06-03T07:53:47.219396+00:00,2026-06-03 13:53:47,Anllia,plug_1,Tapo P110,P110,mixer,017895c5,multi_cycle,1.0,2.407,241.225,0.0,0.021,0.053,,on,-72,,20 minute NILM mixer session
2026-06-03T07:53:48.469102+00:00,2026-06-03 13:53:48,Anllia,plug_1,Tapo P110,P110,mixer,017895c5,multi_cycle,1.0,2.407,241.025,0.0,0.021,0.053,,on,-72,,20 minute NILM mixer session
2026-06-03T07:53:49.817809+00:00,2026-06-03 13:53:49,Anllia,plug_1,Tapo P110,P110,mixer,017895c5,multi_cycle,1.0,2.42,241.025,0.012,0.021,0.053,,on,-72,,20 minute NILM mixer session
2026-06-03T07:53:51.071576+00:00,2026-06-03 13:53:51,Anllia,plug_1,Tapo P110,P110,mixer,017895c5,multi_cycle,1.0,2.436,240.647,0.012,0.021,0.053,,on,-72,,20 minute NILM mixer session
2026-06-03T07:53:52.318336+00:00,2026-06-03 13:53:52,Anllia,plug_1,Tapo P110,P110,mixer,017895c5,multi_cycle,1.0,2.403,240.647,0.012,0.021,0.053,,on,-71,,20 minute NILM mixer session
2026-06-03T07:53:53.574732+00:00,2026-06-03 13:53:53,Anllia,plug_1,Tapo P110,P110,mixer,017895c5,multi_cycle,1.0,2.346,240.647,0.012,0.021,0.053,,on,-69,,20 minute NILM mixer session
2026-06-03T07:53:54.824557+00:00,2026-06-03 13:53:54,Anllia,plug_1,Tapo P110,P110,mixer,017895c5,multi_cycle,1.0,2.39,240.594,0.012,0.021,0.053,,on,-68,,20 minute NILM mixer session
2026-06-03T07:53:56.106484+00:00,2026-06-03 13:53:56,Anllia,plug_1,Tapo P110,P110,mixer,017895c5,multi_cycle,1.0,2.39,240.594,1.208,0.021,0.053,,on,-70,,20 minute NILM mixer session
2026-06-03T07:53:57.416954+00:00,2026-06-03 13:53:57,Anllia,plug_1,Tapo P110,P110,mixer,017895c5,multi_cycle,1.0,429.292,239.293,1.208,0.021,0.053,,on,-70,,20 minute NILM mixer session
2026-06-03T07:53:58.675748+00:00,2026-06-03 13:53:58,Anllia,plug_1,Tapo P110,P110,mixer,017895c5,multi_cycle,1.0,239.406,239.293,0.986,0.022,0.053,,on,-71,,20 minute NILM mixer session
2026-06-03T07:54:00.133510+00:00,2026-06-03 13:54:00,Anllia,plug_1,Tapo P110,P110,mixer,017895c5,multi_cycle,1.0,234.167,239.623,0.986,0.022,0.053,,on,-70,,20 minute NILM mixer session
2026-06-03T07:54:01.584239+00:00,2026-06-03 13:54:01,Anllia,plug_1,Tapo P110,P110,mixer,017895c5,multi_cycle,1.0,233.888,239.623,0.986,0.022,0.053,,on,-73,,20 minute NILM mixer session
2026-06-03T07:54:02.829009+00:00,2026-06-03 13:54:02,Anllia,plug_1,Tapo P110,P110,mixer,017895c5,multi_cycle,1.0,233.164,239.623,0.983,0.022,0.053,,on,-72,,20 minute NILM mixer session
2026-06-03T07:54:04.140920+00:00,2026-06-03 13:54:04,Anllia,plug_1,Tapo P110,P110,mixer,017895c5,multi_cycle,1.0,233.233,239.587,0.983,0.022,0.053,,on,-71,,20 minute NILM mixer session
2026-06-03T07:54:05.451051+00:00,2026-06-03 13:54:05,Anllia,plug_1,Tapo P110,P110,mixer,017895c5,multi_cycle,1.0,232.535,239.587,0.979,0.022,0.053,,on,-73,,20 minute NILM mixer session
2026-06-03T07:54:06.713123+00:00,2026-06-03 13:54:06,Anllia,plug_1,Tapo P110,P110,mixer,017895c5,multi_cycle,1.0,232.828,239.266,0.979,0.022,0.053,,on,-71,,20 minute NILM mixer session
2026-06-03T07:54:08.246902+00:00,2026-06-03 13:54:08,Anllia,plug_1,Tapo P110,P110,mixer,017895c5,multi_cycle,1.0,232.828,239.266,0.977,0.022,0.054,,on,-72,,20 minute NILM mixer session
2026-06-03T07:54:09.580729+00:00,2026-06-03 13:54:09,Anllia,plug_1,Tapo P110,P110,mixer,017895c5,multi_cycle,1.0,232.007,239.497,0.977,0.022,0.054,,on,-73,,20 minute NILM mixer session
2026-06-03T07:54:10.878724+00:00,2026-06-03 13:54:10,Anllia,plug_1,Tapo P110,P110,mixer,017895c5,multi_cycle,1.0,232.09,239.497,0.976,0.022,0.054,,on,-71,,20 minute NILM mixer session
2026-06-03T07:54:12.197546+00:00,2026-06-03 13:54:12,Anllia,plug_1,Tapo P110,P110,mixer,017895c5,multi_cycle,1.0,231.939,239.607,0.976,0.022,0.054,,on,-74,,20 minute NILM mixer session
2026-06-03T07:54:13.461878+00:00,2026-06-03 13:54:13,Anllia,plug_1,Tapo P110,P110,mixer,017895c5,multi_cycle,1.0,232.634,239.607,0.976,0.022,0.054,,on,-74,,20 minute NILM mixer session
2026-06-03T07:54:14.778716+00:00,2026-06-03 13:54:14,Anllia,plug_1,Tapo P110,P110,mixer,017895c5,multi_cycle,1.0,231.418,239.607,0.974,0.023,0.054,,on,-71,,20 minute NILM mixer session
2026-06-03T07:54:16.099244+00:00,2026-06-03 13:54:16,Anllia,plug_1,Tapo P110,P110,mixer,017895c5,multi_cycle,1.0,231.525,239.279,0.974,0.023,0.054,,on,-72,,20 minute NILM mixer session
2026-06-03T07:54:17.460852+00:00,2026-06-03 13:54:17,Anllia,plug_1,Tapo P110,P110,mixer,017895c5,multi_cycle,1.0,231.532,239.279,0.974,0.023,0.054,,on,-73,,20 minute NILM mixer session
2026-06-03T07:54:18.703241+00:00,2026-06-03 13:54:18,Anllia,plug_1,Tapo P110,P110,mixer,017895c5,multi_cycle,1.0,231.532,239.287,0.974,0.023,0.054,,on,-70,,20 minute NILM mixer session
2026-06-03T07:54:19.964428+00:00,2026-06-03 13:54:19,Anllia,plug_1,Tapo P110,P110,mixer,017895c5,multi_cycle,1.0,231.699,239.287,0.978,0.023,0.054,,on,-70,,20 minute NILM mixer session
2026-06-03T07:54:21.252327+00:00,2026-06-03 13:54:21,Anllia,plug_1,Tapo P110,P110,mixer,017895c5,multi_cycle,1.0,233.337,240.506,0.978,0.023,0.054,,on,-73,,20 minute NILM mixer session
2026-06-03T07:54:22.512541+00:00,2026-06-03 13:54:22,Anllia,plug_1,Tapo P110,P110,mixer,017895c5,multi_cycle,1.0,232.856,240.506,0.978,0.023,0.054,,on,-71,,20 minute NILM mixer session
2026-06-03T07:54:23.877822+00:00,2026-06-03 13:54:23,Anllia,plug_1,Tapo P110,P110,mixer,017895c5,multi_cycle,1.0,232.923,240.506,0.975,0.023,0.055,,on,-72,,20 minute NILM mixer session
2026-06-03T07:54:25.224370+00:00,2026-06-03 13:54:25,Anllia,plug_1,Tapo P110,P110,mixer,017895c5,multi_cycle,1.0,232.676,240.346,0.975,0.023,0.055,,on,-72,,20 minute NILM mixer session
2026-06-03T07:54:26.512173+00:00,2026-06-03 13:54:26,Anllia,plug_1,Tapo P110,P110,mixer,017895c5,multi_cycle,1.0,232.263,240.346,0.975,0.023,0.055,,on,-72,,20 minute NILM mixer session
2026-06-03T07:54:27.857217+00:00,2026-06-03 13:54:27,Anllia,plug_1,Tapo P110,P110,mixer,017895c5,multi_cycle,1.0,232.41,239.956,0.975,0.023,0.055,,on,-75,,20 minute NILM mixer session
2026-06-03T07:54:29.140173+00:00,2026-06-03 13:54:29,Anllia,plug_1,Tapo P110,P110,mixer,017895c5,multi_cycle,1.0,232.41,239.956,0.973,0.023,0.055,,on,-71,,20 minute NILM mixer session
2026-06-03T07:54:30.456225+00:00,2026-06-03 13:54:30,Anllia,plug_1,Tapo P110,P110,mixer,017895c5,multi_cycle,1.0,231.947,239.544,0.973,0.024,0.055,,on,-71,,20 minute NILM mixer session
2026-06-03T07:54:31.804911+00:00,2026-06-03 13:54:31,Anllia,plug_1,Tapo P110,P110,mixer,017895c5,multi_cycle,1.0,230.828,239.544,0.973,0.024,0.055,,on,-71,,20 minute NILM mixer session
2026-06-03T07:54:33.135305+00:00,2026-06-03 13:54:33,Anllia,plug_1,Tapo P110,P110,mixer,017895c5,multi_cycle,1.0,231.377,239.544,0.973,0.024,0.055,,on,-71,,20 minute NILM mixer session
2026-06-03T07:54:34.436721+00:00,2026-06-03 13:54:34,Anllia,plug_1,Tapo P110,P110,mixer,017895c5,multi_cycle,1.0,231.268,239.237,0.973,0.024,0.055,,on,-71,,20 minute NILM mixer session
2026-06-03T07:54:35.719898+00:00,2026-06-03 13:54:35,Anllia,plug_1,Tapo P110,P110,mixer,017895c5,multi_cycle,1.0,231.893,239.237,0.974,0.024,0.055,,on,-72,,20 minute NILM mixer session
2026-06-03T07:54:37.036040+00:00,2026-06-03 13:54:37,Anllia,plug_1,Tapo P110,P110,mixer,017895c5,multi_cycle,1.0,231.294,239.588,0.974,0.024,0.055,,on,-71,,20 minute NILM mixer session
2026-06-03T07:54:38.302158+00:00,2026-06-03 13:54:38,Anllia,plug_1,Tapo P110,P110,mixer,017895c5,multi_cycle,1.0,230.809,239.588,0.972,0.024,0.055,,on,-70,,20 minute NILM mixer session
2026-06-03T07:54:39.585669+00:00,2026-06-03 13:54:39,Anllia,plug_1,Tapo P110,P110,mixer,017895c5,multi_cycle,1.0,230.809,239.73,0.972,0.024,0.055,,on,-69,,20 minute NILM mixer session
2026-06-03T07:54:40.830235+00:00,2026-06-03 13:54:40,Anllia,plug_1,Tapo P110,P110,mixer,017895c5,multi_cycle,1.0,109.359,239.73,0.972,0.024,0.055,,on,-71,,20 minute NILM mixer session
2026-06-03T07:54:42.135747+00:00,2026-06-03 13:54:42,Anllia,plug_1,Tapo P110,P110,mixer,017895c5,multi_cycle,1.0,1.505,239.73,0.01,0.024,0.055,,on,-72,,20 minute NILM mixer session
2026-06-03T07:54:43.578413+00:00,2026-06-03 13:54:43,Anllia,plug_1,Tapo P110,P110,mixer,017895c5,multi_cycle,1.0,2.369,240.718,0.01,0.024,0.055,,on,-71,,20 minute NILM mixer session
2026-06-03T07:54:44.931718+00:00,2026-06-03 13:54:44,Anllia,plug_1,Tapo P110,P110,mixer,017895c5,multi_cycle,1.0,2.434,240.718,0.012,0.024,0.055,,on,-71,,20 minute NILM mixer session
2026-06-03T07:54:46.210358+00:00,2026-06-03 13:54:46,Anllia,plug_1,Tapo P110,P110,mixer,017895c5,multi_cycle,1.0,2.434,240.718,0.012,0.024,0.055,,on,-72,,20 minute NILM mixer session
2026-06-03T07:54:47.567822+00:00,2026-06-03 13:54:47,Anllia,plug_1,Tapo P110,P110,mixer,017895c5,multi_cycle,1.0,2.38,240.849,0.012,0.024,0.055,,on,-73,,20 minute NILM mixer session
2026-06-03T07:54:48.916321+00:00,2026-06-03 13:54:48,Anllia,plug_1,Tapo P110,P110,mixer,017895c5,multi_cycle,1.0,2.372,240.849,0.011,0.024,0.055,,on,-72,,20 minute NILM mixer session
2026-06-03T07:54:50.235691+00:00,2026-06-03 13:54:50,Anllia,plug_1,Tapo P110,P110,mixer,017895c5,multi_cycle,1.0,2.417,240.825,0.011,0.024,0.055,,on,-72,,20 minute NILM mixer session
2026-06-03T07:54:51.515265+00:00,2026-06-03 13:54:51,Anllia,plug_1,Tapo P110,P110,mixer,017895c5,multi_cycle,1.0,2.406,240.825,0.011,0.024,0.055,,on,-72,,20 minute NILM mixer session
2026-06-03T07:54:52.837834+00:00,2026-06-03 13:54:52,Anllia,plug_1,Tapo P110,P110,mixer,017895c5,multi_cycle,1.0,2.406,240.825,0.0,0.024,0.055,,on,-71,,20 minute NILM mixer session
2026-06-03T07:54:54.271886+00:00,2026-06-03 13:54:54,Anllia,plug_1,Tapo P110,P110,mixer,017895c5,multi_cycle,1.0,2.382,240.931,0.0,0.024,0.055,,on,-71,,20 minute NILM mixer session
2026-06-03T07:54:55.627676+00:00,2026-06-03 13:54:55,Anllia,plug_1,Tapo P110,P110,mixer,017895c5,multi_cycle,1.0,2.395,240.931,0.0,0.024,0.055,,on,-71,,20 minute NILM mixer session
2026-06-03T07:54:56.900026+00:00,2026-06-03 13:54:56,Anllia,plug_1,Tapo P110,P110,mixer,017895c5,multi_cycle,1.0,2.43,240.931,0.012,0.024,0.055,,on,-71,,20 minute NILM mixer session
2026-06-03T07:54:58.177192+00:00,2026-06-03 13:54:58,Anllia,plug_1,Tapo P110,P110,mixer,017895c5,multi_cycle,1.0,2.417,240.777,0.012,0.024,0.055,,on,-70,,20 minute NILM mixer session
2026-06-03T07:54:59.493718+00:00,2026-06-03 13:54:59,Anllia,plug_1,Tapo P110,P110,mixer,017895c5,multi_cycle,1.0,2.444,240.777,0.012,0.024,0.055,,on,-72,,20 minute NILM mixer session
2026-06-03T07:55:00.763008+00:00,2026-06-03 13:55:00,Anllia,plug_1,Tapo P110,P110,mixer,017895c5,multi_cycle,1.0,2.387,240.528,0.012,0.024,0.055,,on,-72,,20 minute NILM mixer session
2026-06-03T07:55:02.015761+00:00,2026-06-03 13:55:02,Anllia,plug_1,Tapo P110,P110,mixer,017895c5,multi_cycle,1.0,2.381,240.528,0.012,0.024,0.055,,on,-71,,20 minute NILM mixer session
2026-06-03T07:55:03.392999+00:00,2026-06-03 13:55:03,Anllia,plug_1,Tapo P110,P110,mixer,017895c5,multi_cycle,1.0,2.381,240.528,0.012,0.024,0.055,,on,-71,,20 minute NILM mixer session
2026-06-03T07:55:04.645667+00:00,2026-06-03 13:55:04,Anllia,plug_1,Tapo P110,P110,mixer,017895c5,multi_cycle,1.0,2.455,240.724,0.012,0.024,0.055,,on,-72,,20 minute NILM mixer session
2026-06-03T07:55:06.157847+00:00,2026-06-03 13:55:06,Anllia,plug_1,Tapo P110,P110,mixer,017895c5,multi_cycle,1.0,2.436,240.724,0.012,0.024,0.056,,on,-72,,20 minute NILM mixer session
2026-06-03T07:55:07.598016+00:00,2026-06-03 13:55:07,Anllia,plug_1,Tapo P110,P110,mixer,017895c5,multi_cycle,1.0,2.377,240.04,0.012,0.024,0.056,,on,-70,,20 minute NILM mixer session
2026-06-03T07:55:09.072516+00:00,2026-06-03 13:55:09,Anllia,plug_1,Tapo P110,P110,mixer,017895c5,multi_cycle,1.0,291.412,240.04,0.968,0.024,0.056,,on,-70,,20 minute NILM mixer session
2026-06-03T07:55:10.351768+00:00,2026-06-03 13:55:10,Anllia,plug_1,Tapo P110,P110,mixer,017895c5,multi_cycle,1.0,212.453,239.449,0.968,0.024,0.056,,on,-72,,20 minute NILM mixer session
2026-06-03T07:55:11.669246+00:00,2026-06-03 13:55:11,Anllia,plug_1,Tapo P110,P110,mixer,017895c5,multi_cycle,1.0,210.803,239.449,0.968,0.024,0.056,,on,-72,,20 minute NILM mixer session
2026-06-03T07:55:12.934652+00:00,2026-06-03 13:55:12,Anllia,plug_1,Tapo P110,P110,mixer,017895c5,multi_cycle,1.0,210.803,239.449,0.889,0.025,0.056,,on,-72,,20 minute NILM mixer session
2026-06-03T07:55:14.192172+00:00,2026-06-03 13:55:14,Anllia,plug_1,Tapo P110,P110,mixer,017895c5,multi_cycle,1.0,211.005,239.703,0.889,0.025,0.056,,on,-70,,20 minute NILM mixer session
2026-06-03T07:55:15.433450+00:00,2026-06-03 13:55:15,Anllia,plug_1,Tapo P110,P110,mixer,017895c5,multi_cycle,1.0,210.859,239.703,0.889,0.025,0.056,,on,-71,,20 minute NILM mixer session
2026-06-03T07:55:16.720249+00:00,2026-06-03 13:55:16,Anllia,plug_1,Tapo P110,P110,mixer,017895c5,multi_cycle,1.0,210.52,239.691,0.889,0.025,0.056,,on,-72,,20 minute NILM mixer session
2026-06-03T07:55:17.972282+00:00,2026-06-03 13:55:17,Anllia,plug_1,Tapo P110,P110,mixer,017895c5,multi_cycle,1.0,211.004,239.691,0.888,0.025,0.056,,on,-72,,20 minute NILM mixer session
2026-06-03T07:55:19.217171+00:00,2026-06-03 13:55:19,Anllia,plug_1,Tapo P110,P110,mixer,017895c5,multi_cycle,1.0,210.534,239.691,0.888,0.025,0.056,,on,-72,,20 minute NILM mixer session
2026-06-03T07:55:20.501493+00:00,2026-06-03 13:55:20,Anllia,plug_1,Tapo P110,P110,mixer,017895c5,multi_cycle,1.0,210.758,239.863,0.888,0.025,0.056,,on,-73,,20 minute NILM mixer session
2026-06-03T07:55:21.949071+00:00,2026-06-03 13:55:21,Anllia,plug_1,Tapo P110,P110,mixer,017895c5,multi_cycle,1.0,210.758,239.863,0.885,0.025,0.056,,on,-72,,20 minute NILM mixer session
2026-06-03T07:55:23.218584+00:00,2026-06-03 13:55:23,Anllia,plug_1,Tapo P110,P110,mixer,017895c5,multi_cycle,1.0,210.264,239.978,0.885,0.025,0.057,,on,-71,,20 minute NILM mixer session
2026-06-03T07:55:24.468285+00:00,2026-06-03 13:55:24,Anllia,plug_1,Tapo P110,P110,mixer,017895c5,multi_cycle,1.0,210.045,239.978,0.884,0.025,0.057,,on,-70,,20 minute NILM mixer session
2026-06-03T07:55:25.738196+00:00,2026-06-03 13:55:25,Anllia,plug_1,Tapo P110,P110,mixer,017895c5,multi_cycle,1.0,210.101,239.999,0.884,0.025,0.057,,on,-73,,20 minute NILM mixer session
2026-06-03T07:55:26.983607+00:00,2026-06-03 13:55:26,Anllia,plug_1,Tapo P110,P110,mixer,017895c5,multi_cycle,1.0,210.543,239.999,0.884,0.025,0.057,,on,-71,,20 minute NILM mixer session
2026-06-03T07:55:28.321221+00:00,2026-06-03 13:55:28,Anllia,plug_1,Tapo P110,P110,mixer,017895c5,multi_cycle,1.0,210.934,239.999,0.884,0.025,0.057,,on,-71,,20 minute NILM mixer session
2026-06-03T07:55:29.567733+00:00,2026-06-03 13:55:29,Anllia,plug_1,Tapo P110,P110,mixer,017895c5,multi_cycle,1.0,210.293,240.388,0.884,0.026,0.057,,on,-71,,20 minute NILM mixer session
2026-06-03T07:55:30.999247+00:00,2026-06-03 13:55:30,Anllia,plug_1,Tapo P110,P110,mixer,017895c5,multi_cycle,1.0,210.293,240.388,0.885,0.026,0.057,,on,-70,,20 minute NILM mixer session
2026-06-03T07:55:32.386019+00:00,2026-06-03 13:55:32,Anllia,plug_1,Tapo P110,P110,mixer,017895c5,multi_cycle,1.0,210.778,240.256,0.885,0.026,0.057,,on,-71,,20 minute NILM mixer session
2026-06-03T07:55:33.717252+00:00,2026-06-03 13:55:33,Anllia,plug_1,Tapo P110,P110,mixer,017895c5,multi_cycle,1.0,210.779,240.256,0.887,0.026,0.057,,on,-72,,20 minute NILM mixer session
2026-06-03T07:55:35.060272+00:00,2026-06-03 13:55:35,Anllia,plug_1,Tapo P110,P110,mixer,017895c5,multi_cycle,1.0,211.172,240.413,0.887,0.026,0.057,,on,-70,,20 minute NILM mixer session
2026-06-03T07:55:36.627219+00:00,2026-06-03 13:55:36,Anllia,plug_1,Tapo P110,P110,mixer,017895c5,multi_cycle,1.0,210.903,240.413,0.887,0.026,0.057,,on,-71,,20 minute NILM mixer session
2026-06-03T07:55:37.878701+00:00,2026-06-03 13:55:37,Anllia,plug_1,Tapo P110,P110,mixer,017895c5,multi_cycle,1.0,210.991,240.401,0.887,0.026,0.057,,on,-69,,20 minute NILM mixer session
2026-06-03T07:55:39.222714+00:00,2026-06-03 13:55:39,Anllia,plug_1,Tapo P110,P110,mixer,017895c5,multi_cycle,1.0,211.317,240.401,0.888,0.026,0.057,,on,-69,,20 minute NILM mixer session
2026-06-03T07:55:40.492078+00:00,2026-06-03 13:55:40,Anllia,plug_1,Tapo P110,P110,mixer,017895c5,multi_cycle,1.0,48.498,240.401,0.888,0.026,0.057,,on,-68,,20 minute NILM mixer session
2026-06-03T07:55:41.742175+00:00,2026-06-03 13:55:41,Anllia,plug_1,Tapo P110,P110,mixer,017895c5,multi_cycle,1.0,48.498,241.36,0.888,0.026,0.057,,on,-73,,20 minute NILM mixer session
2026-06-03T07:55:43.088115+00:00,2026-06-03 13:55:43,Anllia,plug_1,Tapo P110,P110,mixer,017895c5,multi_cycle,1.0,1.845,241.36,0.011,0.026,0.057,,on,-72,,20 minute NILM mixer session
2026-06-03T07:55:44.355005+00:00,2026-06-03 13:55:44,Anllia,plug_1,Tapo P110,P110,mixer,017895c5,multi_cycle,1.0,2.533,241.678,0.011,0.026,0.057,,on,-71,,20 minute NILM mixer session
2026-06-03T07:55:45.598636+00:00,2026-06-03 13:55:45,Anllia,plug_1,Tapo P110,P110,mixer,017895c5,multi_cycle,1.0,2.55,241.678,0.012,0.026,0.057,,on,-74,,20 minute NILM mixer session
2026-06-03T07:55:46.954095+00:00,2026-06-03 13:55:46,Anllia,plug_1,Tapo P110,P110,mixer,017895c5,multi_cycle,1.0,2.695,241.678,0.012,0.026,0.057,,on,-71,,20 minute NILM mixer session
2026-06-03T07:55:48.303234+00:00,2026-06-03 13:55:48,Anllia,plug_1,Tapo P110,P110,mixer,017895c5,multi_cycle,1.0,2.607,241.859,0.012,0.026,0.057,,on,-72,,20 minute NILM mixer session
2026-06-03T07:55:49.782748+00:00,2026-06-03 13:55:49,Anllia,plug_1,Tapo P110,P110,mixer,017895c5,multi_cycle,1.0,2.559,241.859,0.012,0.026,0.057,,on,-72,,20 minute NILM mixer session
2026-06-03T07:55:51.077252+00:00,2026-06-03 13:55:51,Anllia,plug_1,Tapo P110,P110,mixer,017895c5,multi_cycle,1.0,2.559,242.281,0.012,0.026,0.057,,on,-72,,20 minute NILM mixer session
2026-06-03T07:55:52.415585+00:00,2026-06-03 13:55:52,Anllia,plug_1,Tapo P110,P110,mixer,017895c5,multi_cycle,1.0,2.601,242.281,0.012,0.026,0.057,,on,-73,,20 minute NILM mixer session
2026-06-03T07:55:53.683111+00:00,2026-06-03 13:55:53,Anllia,plug_1,Tapo P110,P110,mixer,017895c5,multi_cycle,1.0,2.669,242.271,0.012,0.026,0.057,,on,-71,,20 minute NILM mixer session
2026-06-03T07:55:54.939478+00:00,2026-06-03 13:55:54,Anllia,plug_1,Tapo P110,P110,mixer,017895c5,multi_cycle,1.0,2.706,242.271,0.012,0.026,0.057,,on,-72,,20 minute NILM mixer session
2026-06-03T07:55:56.198799+00:00,2026-06-03 13:55:56,Anllia,plug_1,Tapo P110,P110,mixer,017895c5,multi_cycle,1.0,2.646,242.271,0.012,0.026,0.057,,on,-70,,20 minute NILM mixer session
2026-06-03T07:55:57.441840+00:00,2026-06-03 13:55:57,Anllia,plug_1,Tapo P110,P110,mixer,017895c5,multi_cycle,1.0,2.579,242.131,0.012,0.026,0.057,,on,-73,,20 minute NILM mixer session
2026-06-03T07:55:58.798550+00:00,2026-06-03 13:55:58,Anllia,plug_1,Tapo P110,P110,mixer,017895c5,multi_cycle,1.0,2.589,242.131,0.012,0.026,0.057,,on,-70,,20 minute NILM mixer session
2026-06-03T07:56:00.064683+00:00,2026-06-03 13:56:00,Anllia,plug_1,Tapo P110,P110,mixer,017895c5,multi_cycle,1.0,2.589,242.131,0.012,0.026,0.057,,on,-72,,20 minute NILM mixer session
2026-06-03T07:56:01.314655+00:00,2026-06-03 13:56:01,Anllia,plug_1,Tapo P110,P110,mixer,017895c5,multi_cycle,1.0,2.612,242.347,0.012,0.026,0.057,,on,-71,,20 minute NILM mixer session
2026-06-03T07:56:02.664855+00:00,2026-06-03 13:56:02,Anllia,plug_1,Tapo P110,P110,mixer,017895c5,multi_cycle,1.0,2.63,242.347,0.012,0.026,0.057,,on,-70,,20 minute NILM mixer session
2026-06-03T07:56:03.933510+00:00,2026-06-03 13:56:03,Anllia,plug_1,Tapo P110,P110,mixer,017895c5,multi_cycle,1.0,2.644,242.347,0.012,0.026,0.057,,on,-71,,20 minute NILM mixer session
2026-06-03T07:56:05.219501+00:00,2026-06-03 13:56:05,Anllia,plug_1,Tapo P110,P110,mixer,017895c5,multi_cycle,1.0,2.664,242.259,0.012,0.026,0.057,,on,-69,,20 minute NILM mixer session
2026-06-03T07:56:06.531691+00:00,2026-06-03 13:56:06,Anllia,plug_1,Tapo P110,P110,mixer,017895c5,multi_cycle,1.0,2.628,242.259,0.012,0.026,0.057,,on,-69,,20 minute NILM mixer session
2026-06-03T07:56:07.848090+00:00,2026-06-03 13:56:07,Anllia,plug_1,Tapo P110,P110,mixer,017895c5,multi_cycle,1.0,2.684,242.235,0.012,0.026,0.057,,on,-71,,20 minute NILM mixer session
2026-06-03T07:56:09.095733+00:00,2026-06-03 13:56:09,Anllia,plug_1,Tapo P110,P110,mixer,017895c5,multi_cycle,1.0,2.684,242.235,0.012,0.026,0.058,,on,-71,,20 minute NILM mixer session
2026-06-03T07:56:10.396870+00:00,2026-06-03 13:56:10,Anllia,plug_1,Tapo P110,P110,mixer,017895c5,multi_cycle,1.0,32.109,242.235,0.306,0.026,0.058,,on,-70,,20 minute NILM mixer session
2026-06-03T07:56:11.747544+00:00,2026-06-03 13:56:11,Anllia,plug_1,Tapo P110,P110,mixer,017895c5,multi_cycle,1.0,220.951,241.22,0.306,0.026,0.058,,on,-71,,20 minute NILM mixer session
2026-06-03T07:56:12.999119+00:00,2026-06-03 13:56:12,Anllia,plug_1,Tapo P110,P110,mixer,017895c5,multi_cycle,1.0,198.835,241.22,0.836,0.026,0.058,,on,-70,,20 minute NILM mixer session
2026-06-03T07:56:14.245243+00:00,2026-06-03 13:56:14,Anllia,plug_1,Tapo P110,P110,mixer,017895c5,multi_cycle,1.0,198.308,241.54,0.836,0.026,0.058,,on,-71,,20 minute NILM mixer session
2026-06-03T07:56:15.531239+00:00,2026-06-03 13:56:15,Anllia,plug_1,Tapo P110,P110,mixer,017895c5,multi_cycle,1.0,198.32,241.54,0.834,0.027,0.058,,on,-72,,20 minute NILM mixer session
2026-06-03T07:56:16.898456+00:00,2026-06-03 13:56:16,Anllia,plug_1,Tapo P110,P110,mixer,017895c5,multi_cycle,1.0,198.587,241.477,0.834,0.027,0.058,,on,-72,,20 minute NILM mixer session
2026-06-03T07:56:18.246090+00:00,2026-06-03 13:56:18,Anllia,plug_1,Tapo P110,P110,mixer,017895c5,multi_cycle,1.0,198.587,241.477,0.834,0.027,0.058,,on,-74,,20 minute NILM mixer session
2026-06-03T07:56:19.510519+00:00,2026-06-03 13:56:19,Anllia,plug_1,Tapo P110,P110,mixer,017895c5,multi_cycle,1.0,198.356,241.477,0.834,0.027,0.058,,on,-72,,20 minute NILM mixer session
2026-06-03T07:56:20.845124+00:00,2026-06-03 13:56:20,Anllia,plug_1,Tapo P110,P110,mixer,017895c5,multi_cycle,1.0,198.665,241.616,0.834,0.027,0.058,,on,-72,,20 minute NILM mixer session
2026-06-03T07:56:22.129622+00:00,2026-06-03 13:56:22,Anllia,plug_1,Tapo P110,P110,mixer,017895c5,multi_cycle,1.0,198.666,241.616,0.835,0.027,0.058,,on,-72,,20 minute NILM mixer session
2026-06-03T07:56:23.378298+00:00,2026-06-03 13:56:23,Anllia,plug_1,Tapo P110,P110,mixer,017895c5,multi_cycle,1.0,198.141,241.686,0.835,0.027,0.058,,on,-71,,20 minute NILM mixer session
2026-06-03T07:56:24.663823+00:00,2026-06-03 13:56:24,Anllia,plug_1,Tapo P110,P110,mixer,017895c5,multi_cycle,1.0,197.796,241.686,0.832,0.027,0.058,,on,-72,,20 minute NILM mixer session
2026-06-03T07:56:26.191263+00:00,2026-06-03 13:56:26,Anllia,plug_1,Tapo P110,P110,mixer,017895c5,multi_cycle,1.0,198.075,241.368,0.832,0.027,0.058,,on,-72,,20 minute NILM mixer session
2026-06-03T07:56:27.459310+00:00,2026-06-03 13:56:27,Anllia,plug_1,Tapo P110,P110,mixer,017895c5,multi_cycle,1.0,198.658,241.368,0.835,0.027,0.059,,on,-73,,20 minute NILM mixer session
2026-06-03T07:56:28.716479+00:00,2026-06-03 13:56:28,Anllia,plug_1,Tapo P110,P110,mixer,017895c5,multi_cycle,1.0,198.658,241.552,0.835,0.027,0.059,,on,-69,,20 minute NILM mixer session
2026-06-03T07:56:30.005555+00:00,2026-06-03 13:56:30,Anllia,plug_1,Tapo P110,P110,mixer,017895c5,multi_cycle,1.0,198.543,241.552,0.835,0.027,0.059,,on,-74,,20 minute NILM mixer session
2026-06-03T07:56:31.323035+00:00,2026-06-03 13:56:31,Anllia,plug_1,Tapo P110,P110,mixer,017895c5,multi_cycle,1.0,198.609,241.552,0.835,0.027,0.059,,on,-72,,20 minute NILM mixer session
2026-06-03T07:56:34.195353+00:00,2026-06-03 13:56:34,Anllia,plug_1,Tapo P110,P110,mixer,017895c5,multi_cycle,1.0,198.294,241.555,0.835,0.027,0.059,,on,-72,,20 minute NILM mixer session
2026-06-03T07:56:35.731690+00:00,2026-06-03 13:56:35,Anllia,plug_1,Tapo P110,P110,mixer,017895c5,multi_cycle,1.0,199.072,241.713,0.835,0.028,0.059,,on,-70,,20 minute NILM mixer session
2026-06-03T07:56:37.048185+00:00,2026-06-03 13:56:37,Anllia,plug_1,Tapo P110,P110,mixer,017895c5,multi_cycle,1.0,198.252,241.713,0.833,0.028,0.059,,on,-69,,20 minute NILM mixer session
2026-06-03T07:56:38.446069+00:00,2026-06-03 13:56:38,Anllia,plug_1,Tapo P110,P110,mixer,017895c5,multi_cycle,1.0,198.389,241.412,0.833,0.028,0.059,,on,-70,,20 minute NILM mixer session
2026-06-03T07:56:39.714099+00:00,2026-06-03 13:56:39,Anllia,plug_1,Tapo P110,P110,mixer,017895c5,multi_cycle,1.0,198.645,241.412,0.836,0.028,0.059,,on,-69,,20 minute NILM mixer session
2026-06-03T07:56:40.996061+00:00,2026-06-03 13:56:40,Anllia,plug_1,Tapo P110,P110,mixer,017895c5,multi_cycle,1.0,198.799,241.415,0.836,0.028,0.059,,on,-69,,20 minute NILM mixer session
2026-06-03T07:56:42.263208+00:00,2026-06-03 13:56:42,Anllia,plug_1,Tapo P110,P110,mixer,017895c5,multi_cycle,1.0,198.799,241.415,0.836,0.028,0.059,,on,-68,,20 minute NILM mixer session
2026-06-03T07:56:43.519131+00:00,2026-06-03 13:56:43,Anllia,plug_1,Tapo P110,P110,mixer,017895c5,multi_cycle,1.0,198.485,241.415,0.836,0.028,0.059,,on,-69,,20 minute NILM mixer session
2026-06-03T07:56:44.780167+00:00,2026-06-03 13:56:44,Anllia,plug_1,Tapo P110,P110,mixer,017895c5,multi_cycle,1.0,197.992,241.292,0.836,0.028,0.059,,on,-69,,20 minute NILM mixer session
2026-06-03T07:56:46.138805+00:00,2026-06-03 13:56:46,Anllia,plug_1,Tapo P110,P110,mixer,017895c5,multi_cycle,1.0,108.584,241.292,0.338,0.028,0.059,,on,-68,,20 minute NILM mixer session
2026-06-03T07:56:47.391419+00:00,2026-06-03 13:56:47,Anllia,plug_1,Tapo P110,P110,mixer,017895c5,multi_cycle,1.0,108.584,242.163,0.338,0.028,0.059,,on,-72,,20 minute NILM mixer session
2026-06-03T07:56:48.683149+00:00,2026-06-03 13:56:48,Anllia,plug_1,Tapo P110,P110,mixer,017895c5,multi_cycle,1.0,1.695,242.163,0.338,0.028,0.059,,on,-72,,20 minute NILM mixer session
2026-06-03T07:56:50.003391+00:00,2026-06-03 13:56:50,Anllia,plug_1,Tapo P110,P110,mixer,017895c5,multi_cycle,1.0,2.389,242.163,0.012,0.028,0.059,,on,-71,,20 minute NILM mixer session
2026-06-03T07:56:51.251585+00:00,2026-06-03 13:56:51,Anllia,plug_1,Tapo P110,P110,mixer,017895c5,multi_cycle,1.0,2.36,241.877,0.012,0.028,0.059,,on,-73,,20 minute NILM mixer session
2026-06-03T07:56:52.599016+00:00,2026-06-03 13:56:52,Anllia,plug_1,Tapo P110,P110,mixer,017895c5,multi_cycle,1.0,2.412,241.877,0.012,0.028,0.059,,on,-73,,20 minute NILM mixer session
2026-06-03T07:56:53.870069+00:00,2026-06-03 13:56:53,Anllia,plug_1,Tapo P110,P110,mixer,017895c5,multi_cycle,1.0,2.412,241.877,0.012,0.028,0.059,,on,-71,,20 minute NILM mixer session
2026-06-03T07:56:55.151113+00:00,2026-06-03 13:56:55,Anllia,plug_1,Tapo P110,P110,mixer,017895c5,multi_cycle,1.0,2.38,241.33,0.012,0.028,0.059,,on,-73,,20 minute NILM mixer session
2026-06-03T07:56:56.466977+00:00,2026-06-03 13:56:56,Anllia,plug_1,Tapo P110,P110,mixer,017895c5,multi_cycle,1.0,2.331,241.33,0.011,0.028,0.059,,on,-72,,20 minute NILM mixer session
2026-06-03T07:56:57.736388+00:00,2026-06-03 13:56:57,Anllia,plug_1,Tapo P110,P110,mixer,017895c5,multi_cycle,1.0,2.291,241.306,0.011,0.028,0.059,,on,-72,,20 minute NILM mixer session
2026-06-03T07:56:59.108855+00:00,2026-06-03 13:56:59,Anllia,plug_1,Tapo P110,P110,mixer,017895c5,multi_cycle,1.0,2.348,241.306,0.011,0.028,0.059,,on,-72,,20 minute NILM mixer session
2026-06-03T07:57:00.447968+00:00,2026-06-03 13:57:00,Anllia,plug_1,Tapo P110,P110,mixer,017895c5,multi_cycle,1.0,2.348,241.771,0.011,0.028,0.059,,on,-74,,20 minute NILM mixer session
2026-06-03T07:57:01.704419+00:00,2026-06-03 13:57:01,Anllia,plug_1,Tapo P110,P110,mixer,017895c5,multi_cycle,1.0,2.281,241.771,0.011,0.028,0.059,,on,-72,,20 minute NILM mixer session
2026-06-03T07:57:03.053531+00:00,2026-06-03 13:57:03,Anllia,plug_1,Tapo P110,P110,mixer,017895c5,multi_cycle,1.0,2.272,241.771,0.011,0.028,0.059,,on,-71,,20 minute NILM mixer session
2026-06-03T07:57:04.324341+00:00,2026-06-03 13:57:04,Anllia,plug_1,Tapo P110,P110,mixer,017895c5,multi_cycle,1.0,2.369,241.925,0.011,0.028,0.059,,on,-72,,20 minute NILM mixer session
2026-06-03T07:57:05.760845+00:00,2026-06-03 13:57:05,Anllia,plug_1,Tapo P110,P110,mixer,017895c5,multi_cycle,1.0,2.369,241.925,0.011,0.028,0.059,,on,-71,,20 minute NILM mixer session
2026-06-03T07:57:07.198599+00:00,2026-06-03 13:57:07,Anllia,plug_1,Tapo P110,P110,mixer,017895c5,multi_cycle,1.0,2.286,241.925,0.011,0.028,0.059,,on,-74,,20 minute NILM mixer session
2026-06-03T07:57:08.595467+00:00,2026-06-03 13:57:08,Anllia,plug_1,Tapo P110,P110,mixer,017895c5,multi_cycle,1.0,2.322,241.728,0.011,0.028,0.059,,on,-72,,20 minute NILM mixer session
2026-06-03T07:57:09.850150+00:00,2026-06-03 13:57:09,Anllia,plug_1,Tapo P110,P110,mixer,017895c5,multi_cycle,1.0,2.37,241.728,0.012,0.028,0.059,,on,-72,,20 minute NILM mixer session
2026-06-03T07:57:11.092279+00:00,2026-06-03 13:57:11,Anllia,plug_1,Tapo P110,P110,mixer,017895c5,multi_cycle,1.0,2.644,241.646,0.012,0.028,0.06,,on,-71,,20 minute NILM mixer session
2026-06-03T07:57:12.379857+00:00,2026-06-03 13:57:12,Anllia,plug_1,Tapo P110,P110,mixer,017895c5,multi_cycle,1.0,366.86,241.646,0.012,0.028,0.06,,on,-70,,20 minute NILM mixer session
2026-06-03T07:57:13.663456+00:00,2026-06-03 13:57:13,Anllia,plug_1,Tapo P110,P110,mixer,017895c5,multi_cycle,1.0,235.5,241.646,1.074,0.028,0.06,,on,-71,,20 minute NILM mixer session
2026-06-03T07:57:14.912045+00:00,2026-06-03 13:57:14,Anllia,plug_1,Tapo P110,P110,mixer,017895c5,multi_cycle,1.0,235.5,240.808,1.074,0.028,0.06,,on,-70,,20 minute NILM mixer session
2026-06-03T07:57:16.247487+00:00,2026-06-03 13:57:16,Anllia,plug_1,Tapo P110,P110,mixer,017895c5,multi_cycle,1.0,233.187,240.808,0.975,0.029,0.06,,on,-68,,20 minute NILM mixer session
2026-06-03T07:57:17.620422+00:00,2026-06-03 13:57:17,Anllia,plug_1,Tapo P110,P110,mixer,017895c5,multi_cycle,1.0,233.664,241.377,0.975,0.029,0.06,,on,-69,,20 minute NILM mixer session
2026-06-03T07:57:18.965119+00:00,2026-06-03 13:57:18,Anllia,plug_1,Tapo P110,P110,mixer,017895c5,multi_cycle,1.0,233.218,241.377,0.973,0.029,0.06,,on,-69,,20 minute NILM mixer session
2026-06-03T07:57:20.257259+00:00,2026-06-03 13:57:20,Anllia,plug_1,Tapo P110,P110,mixer,017895c5,multi_cycle,1.0,233.484,241.439,0.973,0.029,0.06,,on,-68,,20 minute NILM mixer session
2026-06-03T07:57:21.563677+00:00,2026-06-03 13:57:21,Anllia,plug_1,Tapo P110,P110,mixer,017895c5,multi_cycle,1.0,232.53,241.439,0.973,0.029,0.06,,on,-70,,20 minute NILM mixer session
2026-06-03T07:57:22.816389+00:00,2026-06-03 13:57:22,Anllia,plug_1,Tapo P110,P110,mixer,017895c5,multi_cycle,1.0,233.348,241.439,0.969,0.029,0.06,,on,-70,,20 minute NILM mixer session
2026-06-03T07:57:24.062686+00:00,2026-06-03 13:57:24,Anllia,plug_1,Tapo P110,P110,mixer,017895c5,multi_cycle,1.0,233.348,241.573,0.969,0.029,0.06,,on,-69,,20 minute NILM mixer session
2026-06-03T07:57:25.307666+00:00,2026-06-03 13:57:25,Anllia,plug_1,Tapo P110,P110,mixer,017895c5,multi_cycle,1.0,81.856,241.573,0.112,0.029,0.06,,on,-72,,20 minute NILM mixer session
2026-06-03T07:57:26.662886+00:00,2026-06-03 13:57:26,Anllia,plug_1,Tapo P110,P110,mixer,017895c5,multi_cycle,1.0,81.856,242.603,0.112,0.029,0.06,,on,-69,,20 minute NILM mixer session
2026-06-03T07:57:27.931194+00:00,2026-06-03 13:57:27,Anllia,plug_1,Tapo P110,P110,mixer,017895c5,multi_cycle,1.0,1.948,242.603,0.012,0.029,0.06,,on,-71,,20 minute NILM mixer session
2026-06-03T07:57:29.181889+00:00,2026-06-03 13:57:29,Anllia,plug_1,Tapo P110,P110,mixer,017895c5,multi_cycle,1.0,2.662,242.815,0.012,0.029,0.06,,on,-71,,20 minute NILM mixer session
2026-06-03T07:57:30.480114+00:00,2026-06-03 13:57:30,Anllia,plug_1,Tapo P110,P110,mixer,017895c5,multi_cycle,1.0,2.573,242.815,0.012,0.029,0.06,,on,-71,,20 minute NILM mixer session
2026-06-03T07:57:31.765597+00:00,2026-06-03 13:57:31,Anllia,plug_1,Tapo P110,P110,mixer,017895c5,multi_cycle,1.0,2.606,242.815,0.0,0.029,0.06,,on,-72,,20 minute NILM mixer session
2026-06-03T07:57:33.010727+00:00,2026-06-03 13:57:33,Anllia,plug_1,Tapo P110,P110,mixer,017895c5,multi_cycle,1.0,2.708,242.815,0.0,0.029,0.06,,on,-71,,20 minute NILM mixer session
2026-06-03T07:57:34.346607+00:00,2026-06-03 13:57:34,Anllia,plug_1,Tapo P110,P110,mixer,017895c5,multi_cycle,1.0,2.691,243.088,0.0,0.029,0.06,,on,-70,,20 minute NILM mixer session
2026-06-03T07:57:35.599599+00:00,2026-06-03 13:57:35,Anllia,plug_1,Tapo P110,P110,mixer,017895c5,multi_cycle,1.0,2.691,243.088,0.012,0.029,0.06,,on,-71,,20 minute NILM mixer session
2026-06-03T07:57:36.944575+00:00,2026-06-03 13:57:36,Anllia,plug_1,Tapo P110,P110,mixer,017895c5,multi_cycle,1.0,2.688,243.152,0.012,0.029,0.06,,on,-69,,20 minute NILM mixer session
2026-06-03T07:57:39.827269+00:00,2026-06-03 13:57:39,Anllia,plug_1,Tapo P110,P110,mixer,017895c5,multi_cycle,1.0,2.689,242.794,0.013,0.029,0.06,,on,-69,,20 minute NILM mixer session
2026-06-03T07:57:41.146241+00:00,2026-06-03 13:57:41,Anllia,plug_1,Tapo P110,P110,mixer,017895c5,multi_cycle,1.0,69.355,242.794,1.496,0.029,0.061,,on,-68,,20 minute NILM mixer session
2026-06-03T07:57:42.388756+00:00,2026-06-03 13:57:42,Anllia,plug_1,Tapo P110,P110,mixer,017895c5,multi_cycle,1.0,264.903,242.794,1.496,0.029,0.061,,on,-70,,20 minute NILM mixer session
2026-06-03T07:57:43.726761+00:00,2026-06-03 13:57:43,Anllia,plug_1,Tapo P110,P110,mixer,017895c5,multi_cycle,1.0,236.027,241.59,1.496,0.029,0.061,,on,-70,,20 minute NILM mixer session
2026-06-03T07:57:45.012387+00:00,2026-06-03 13:57:45,Anllia,plug_1,Tapo P110,P110,mixer,017895c5,multi_cycle,1.0,235.553,241.59,0.981,0.029,0.061,,on,-72,,20 minute NILM mixer session
2026-06-03T07:57:46.356930+00:00,2026-06-03 13:57:46,Anllia,plug_1,Tapo P110,P110,mixer,017895c5,multi_cycle,1.0,236.174,241.574,0.981,0.029,0.061,,on,-71,,20 minute NILM mixer session
2026-06-03T07:57:47.727321+00:00,2026-06-03 13:57:47,Anllia,plug_1,Tapo P110,P110,mixer,017895c5,multi_cycle,1.0,236.174,241.574,0.983,0.03,0.061,,on,-72,,20 minute NILM mixer session
2026-06-03T07:57:48.989197+00:00,2026-06-03 13:57:48,Anllia,plug_1,Tapo P110,P110,mixer,017895c5,multi_cycle,1.0,235.623,241.467,0.983,0.03,0.061,,on,-73,,20 minute NILM mixer session
2026-06-03T07:57:50.231455+00:00,2026-06-03 13:57:50,Anllia,plug_1,Tapo P110,P110,mixer,017895c5,multi_cycle,1.0,235.424,241.467,0.98,0.03,0.061,,on,-71,,20 minute NILM mixer session
2026-06-03T07:57:51.502683+00:00,2026-06-03 13:57:51,Anllia,plug_1,Tapo P110,P110,mixer,017895c5,multi_cycle,1.0,234.983,241.467,0.98,0.03,0.061,,on,-72,,20 minute NILM mixer session
2026-06-03T07:57:52.857495+00:00,2026-06-03 13:57:52,Anllia,plug_1,Tapo P110,P110,mixer,017895c5,multi_cycle,1.0,235.231,241.618,0.98,0.03,0.061,,on,-72,,20 minute NILM mixer session
2026-06-03T07:57:54.177852+00:00,2026-06-03 13:57:54,Anllia,plug_1,Tapo P110,P110,mixer,017895c5,multi_cycle,1.0,234.909,241.618,0.981,0.03,0.061,,on,-71,,20 minute NILM mixer session
2026-06-03T07:57:55.538161+00:00,2026-06-03 13:57:55,Anllia,plug_1,Tapo P110,P110,mixer,017895c5,multi_cycle,1.0,235.048,241.752,0.981,0.03,0.061,,on,-70,,20 minute NILM mixer session
2026-06-03T07:57:56.886130+00:00,2026-06-03 13:57:56,Anllia,plug_1,Tapo P110,P110,mixer,017895c5,multi_cycle,1.0,235.38,241.752,0.979,0.03,0.062,,on,-72,,20 minute NILM mixer session
2026-06-03T07:57:58.137089+00:00,2026-06-03 13:57:58,Anllia,plug_1,Tapo P110,P110,mixer,017895c5,multi_cycle,1.0,235.38,242.053,0.979,0.03,0.062,,on,-70,,20 minute NILM mixer session
2026-06-03T07:57:59.436062+00:00,2026-06-03 13:57:59,Anllia,plug_1,Tapo P110,P110,mixer,017895c5,multi_cycle,1.0,235.513,242.053,0.979,0.03,0.062,,on,-69,,20 minute NILM mixer session
2026-06-03T07:58:00.757531+00:00,2026-06-03 13:58:00,Anllia,plug_1,Tapo P110,P110,mixer,017895c5,multi_cycle,1.0,235.254,241.848,0.979,0.03,0.062,,on,-73,,20 minute NILM mixer session
2026-06-03T07:58:02.199658+00:00,2026-06-03 13:58:02,Anllia,plug_1,Tapo P110,P110,mixer,017895c5,multi_cycle,1.0,235.149,241.848,0.979,0.031,0.062,,on,-74,,20 minute NILM mixer session
2026-06-03T07:58:03.597329+00:00,2026-06-03 13:58:03,Anllia,plug_1,Tapo P110,P110,mixer,017895c5,multi_cycle,1.0,234.421,241.848,0.977,0.031,0.062,,on,-73,,20 minute NILM mixer session
2026-06-03T07:58:04.885809+00:00,2026-06-03 13:58:04,Anllia,plug_1,Tapo P110,P110,mixer,017895c5,multi_cycle,1.0,234.536,241.657,0.977,0.031,0.062,,on,-71,,20 minute NILM mixer session
2026-06-03T07:58:06.132761+00:00,2026-06-03 13:58:06,Anllia,plug_1,Tapo P110,P110,mixer,017895c5,multi_cycle,1.0,234.419,241.657,0.977,0.031,0.062,,on,-72,,20 minute NILM mixer session
2026-06-03T07:58:07.412988+00:00,2026-06-03 13:58:07,Anllia,plug_1,Tapo P110,P110,mixer,017895c5,multi_cycle,1.0,233.982,241.606,0.977,0.031,0.062,,on,-74,,20 minute NILM mixer session
2026-06-03T07:58:08.729420+00:00,2026-06-03 13:58:08,Anllia,plug_1,Tapo P110,P110,mixer,017895c5,multi_cycle,1.0,233.982,241.606,0.976,0.031,0.062,,on,-71,,20 minute NILM mixer session
2026-06-03T07:58:10.094955+00:00,2026-06-03 13:58:10,Anllia,plug_1,Tapo P110,P110,mixer,017895c5,multi_cycle,1.0,234.147,241.723,0.976,0.031,0.062,,on,-71,,20 minute NILM mixer session
2026-06-03T07:58:11.360795+00:00,2026-06-03 13:58:11,Anllia,plug_1,Tapo P110,P110,mixer,017895c5,multi_cycle,1.0,234.604,241.723,0.976,0.031,0.062,,on,-71,,20 minute NILM mixer session
2026-06-03T07:58:12.635957+00:00,2026-06-03 13:58:12,Anllia,plug_1,Tapo P110,P110,mixer,017895c5,multi_cycle,1.0,234.595,241.723,0.976,0.031,0.063,,on,-70,,20 minute NILM mixer session
2026-06-03T07:58:13.992696+00:00,2026-06-03 13:58:13,Anllia,plug_1,Tapo P110,P110,mixer,017895c5,multi_cycle,1.0,207.511,241.867,0.976,0.031,0.063,,on,-69,,20 minute NILM mixer session
2026-06-03T07:58:15.309160+00:00,2026-06-03 13:58:15,Anllia,plug_1,Tapo P110,P110,mixer,017895c5,multi_cycle,1.0,1.696,241.867,0.02,0.031,0.063,,on,-72,,20 minute NILM mixer session
2026-06-03T07:58:16.550951+00:00,2026-06-03 13:58:16,Anllia,plug_1,Tapo P110,P110,mixer,017895c5,multi_cycle,1.0,1.995,243.148,0.02,0.031,0.063,,on,-73,,20 minute NILM mixer session
2026-06-03T07:58:17.908869+00:00,2026-06-03 13:58:17,Anllia,plug_1,Tapo P110,P110,mixer,017895c5,multi_cycle,1.0,1.995,243.148,0.02,0.031,0.063,,on,-71,,20 minute NILM mixer session
2026-06-03T07:58:19.229937+00:00,2026-06-03 13:58:19,Anllia,plug_1,Tapo P110,P110,mixer,017895c5,multi_cycle,1.0,2.662,243.148,0.012,0.031,0.063,,on,-73,,20 minute NILM mixer session
2026-06-03T07:58:20.574274+00:00,2026-06-03 13:58:20,Anllia,plug_1,Tapo P110,P110,mixer,017895c5,multi_cycle,1.0,2.666,243.542,0.012,0.031,0.063,,on,-72,,20 minute NILM mixer session
2026-06-03T07:58:22.142141+00:00,2026-06-03 13:58:22,Anllia,plug_1,Tapo P110,P110,mixer,017895c5,multi_cycle,1.0,2.662,243.542,0.013,0.031,0.063,,on,-71,,20 minute NILM mixer session
2026-06-03T07:58:23.472362+00:00,2026-06-03 13:58:23,Anllia,plug_1,Tapo P110,P110,mixer,017895c5,multi_cycle,1.0,2.616,243.301,0.013,0.031,0.063,,on,-71,,20 minute NILM mixer session
2026-06-03T07:58:24.913183+00:00,2026-06-03 13:58:24,Anllia,plug_1,Tapo P110,P110,mixer,017895c5,multi_cycle,1.0,2.675,243.301,0.013,0.031,0.063,,on,-73,,20 minute NILM mixer session
2026-06-03T07:58:26.298149+00:00,2026-06-03 13:58:26,Anllia,plug_1,Tapo P110,P110,mixer,017895c5,multi_cycle,1.0,2.633,243.301,0.0,0.031,0.063,,on,-71,,20 minute NILM mixer session
2026-06-03T07:58:27.563172+00:00,2026-06-03 13:58:27,Anllia,plug_1,Tapo P110,P110,mixer,017895c5,multi_cycle,1.0,2.568,243.349,0.0,0.031,0.063,,on,-73,,20 minute NILM mixer session
2026-06-03T07:58:28.966049+00:00,2026-06-03 13:58:28,Anllia,plug_1,Tapo P110,P110,mixer,017895c5,multi_cycle,1.0,2.715,243.349,0.0,0.031,0.063,,on,-72,,20 minute NILM mixer session
2026-06-03T07:58:30.442184+00:00,2026-06-03 13:58:30,Anllia,plug_1,Tapo P110,P110,mixer,017895c5,multi_cycle,1.0,2.636,243.349,0.012,0.031,0.063,,on,-71,,20 minute NILM mixer session
2026-06-03T07:58:31.736009+00:00,2026-06-03 13:58:31,Anllia,plug_1,Tapo P110,P110,mixer,017895c5,multi_cycle,1.0,2.707,243.241,0.012,0.031,0.063,,on,-73,,20 minute NILM mixer session
2026-06-03T07:58:33.042240+00:00,2026-06-03 13:58:33,Anllia,plug_1,Tapo P110,P110,mixer,017895c5,multi_cycle,1.0,2.694,243.241,0.012,0.031,0.063,,on,-70,,20 minute NILM mixer session
2026-06-03T07:58:34.310985+00:00,2026-06-03 13:58:34,Anllia,plug_1,Tapo P110,P110,mixer,017895c5,multi_cycle,1.0,2.694,243.389,0.012,0.031,0.063,,on,-71,,20 minute NILM mixer session
2026-06-03T07:58:35.591508+00:00,2026-06-03 13:58:35,Anllia,plug_1,Tapo P110,P110,mixer,017895c5,multi_cycle,1.0,2.677,243.389,0.012,0.031,0.063,,on,-72,,20 minute NILM mixer session
2026-06-03T07:58:36.941067+00:00,2026-06-03 13:58:36,Anllia,plug_1,Tapo P110,P110,mixer,017895c5,multi_cycle,1.0,2.739,243.07,0.012,0.031,0.063,,on,-72,,20 minute NILM mixer session
2026-06-03T07:58:38.230543+00:00,2026-06-03 13:58:38,Anllia,plug_1,Tapo P110,P110,mixer,017895c5,multi_cycle,1.0,2.687,243.07,0.012,0.031,0.063,,on,-72,,20 minute NILM mixer session
2026-06-03T07:58:39.576522+00:00,2026-06-03 13:58:39,Anllia,plug_1,Tapo P110,P110,mixer,017895c5,multi_cycle,1.0,2.643,243.07,0.012,0.031,0.063,,on,-71,,20 minute NILM mixer session
2026-06-03T07:58:40.906754+00:00,2026-06-03 13:58:40,Anllia,plug_1,Tapo P110,P110,mixer,017895c5,multi_cycle,1.0,2.728,243.128,0.012,0.031,0.063,,on,-71,,20 minute NILM mixer session
2026-06-03T07:58:42.253701+00:00,2026-06-03 13:58:42,Anllia,plug_1,Tapo P110,P110,mixer,017895c5,multi_cycle,1.0,2.71,243.128,0.013,0.031,0.063,,on,-72,,20 minute NILM mixer session
2026-06-03T07:58:43.521129+00:00,2026-06-03 13:58:43,Anllia,plug_1,Tapo P110,P110,mixer,017895c5,multi_cycle,1.0,2.682,243.215,0.013,0.031,0.063,,on,-70,,20 minute NILM mixer session
2026-06-03T07:58:44.967977+00:00,2026-06-03 13:58:44,Anllia,plug_1,Tapo P110,P110,mixer,017895c5,multi_cycle,1.0,2.682,243.215,0.013,0.031,0.063,,on,-71,,20 minute NILM mixer session
2026-06-03T07:58:46.286058+00:00,2026-06-03 13:58:46,Anllia,plug_1,Tapo P110,P110,mixer,017895c5,multi_cycle,1.0,2.633,243.215,0.013,0.031,0.063,,on,-70,,20 minute NILM mixer session
2026-06-03T07:58:47.550659+00:00,2026-06-03 13:58:47,Anllia,plug_1,Tapo P110,P110,mixer,017895c5,multi_cycle,1.0,28.08,241.868,0.013,0.031,0.063,,on,-70,,20 minute NILM mixer session
2026-06-03T07:58:48.915972+00:00,2026-06-03 13:58:48,Anllia,plug_1,Tapo P110,P110,mixer,017895c5,multi_cycle,1.0,220.486,241.868,0.862,0.031,0.063,,on,-73,,20 minute NILM mixer session
2026-06-03T07:58:50.184137+00:00,2026-06-03 13:58:50,Anllia,plug_1,Tapo P110,P110,mixer,017895c5,multi_cycle,1.0,199.145,242.028,0.862,0.032,0.063,,on,-73,,20 minute NILM mixer session
2026-06-03T07:58:51.506908+00:00,2026-06-03 13:58:51,Anllia,plug_1,Tapo P110,P110,mixer,017895c5,multi_cycle,1.0,198.89,242.028,0.836,0.032,0.063,,on,-71,,20 minute NILM mixer session
2026-06-03T07:58:52.948930+00:00,2026-06-03 13:58:52,Anllia,plug_1,Tapo P110,P110,mixer,017895c5,multi_cycle,1.0,199.298,241.899,0.836,0.032,0.063,,on,-72,,20 minute NILM mixer session
2026-06-03T07:58:54.220620+00:00,2026-06-03 13:58:54,Anllia,plug_1,Tapo P110,P110,mixer,017895c5,multi_cycle,1.0,199.132,241.899,0.836,0.032,0.063,,on,-72,,20 minute NILM mixer session
2026-06-03T07:58:55.479719+00:00,2026-06-03 13:58:55,Anllia,plug_1,Tapo P110,P110,mixer,017895c5,multi_cycle,1.0,199.308,241.899,0.836,0.032,0.063,,on,-73,,20 minute NILM mixer session
2026-06-03T07:58:56.847485+00:00,2026-06-03 13:58:56,Anllia,plug_1,Tapo P110,P110,mixer,017895c5,multi_cycle,1.0,199.308,242.164,0.836,0.032,0.063,,on,-71,,20 minute NILM mixer session
2026-06-03T07:58:58.091994+00:00,2026-06-03 13:58:58,Anllia,plug_1,Tapo P110,P110,mixer,017895c5,multi_cycle,1.0,199.248,242.164,0.834,0.032,0.063,,on,-71,,20 minute NILM mixer session
2026-06-03T07:58:59.446818+00:00,2026-06-03 13:58:59,Anllia,plug_1,Tapo P110,P110,mixer,017895c5,multi_cycle,1.0,199.051,242.394,0.834,0.032,0.063,,on,-70,,20 minute NILM mixer session
2026-06-03T07:59:00.816581+00:00,2026-06-03 13:59:00,Anllia,plug_1,Tapo P110,P110,mixer,017895c5,multi_cycle,1.0,198.867,242.394,0.833,0.032,0.063,,on,-70,,20 minute NILM mixer session
2026-06-03T07:59:02.079363+00:00,2026-06-03 13:59:02,Anllia,plug_1,Tapo P110,P110,mixer,017895c5,multi_cycle,1.0,75.823,243.226,0.833,0.032,0.063,,on,-70,,20 minute NILM mixer session
2026-06-03T07:59:03.328381+00:00,2026-06-03 13:59:03,Anllia,plug_1,Tapo P110,P110,mixer,017895c5,multi_cycle,1.0,75.823,243.226,0.833,0.032,0.063,,on,-70,,20 minute NILM mixer session
2026-06-03T07:59:04.584588+00:00,2026-06-03 13:59:04,Anllia,plug_1,Tapo P110,P110,mixer,017895c5,multi_cycle,1.0,1.933,243.226,0.011,0.032,0.063,,on,-73,,20 minute NILM mixer session
2026-06-03T07:59:05.827016+00:00,2026-06-03 13:59:05,Anllia,plug_1,Tapo P110,P110,mixer,017895c5,multi_cycle,1.0,2.459,243.317,0.011,0.032,0.063,,on,-72,,20 minute NILM mixer session
2026-06-03T07:59:07.126409+00:00,2026-06-03 13:59:07,Anllia,plug_1,Tapo P110,P110,mixer,017895c5,multi_cycle,1.0,2.524,243.317,0.012,0.032,0.063,,on,-72,,20 minute NILM mixer session
2026-06-03T07:59:08.496339+00:00,2026-06-03 13:59:08,Anllia,plug_1,Tapo P110,P110,mixer,017895c5,multi_cycle,1.0,2.524,243.519,0.012,0.032,0.063,,on,-71,,20 minute NILM mixer session
2026-06-03T07:59:09.811807+00:00,2026-06-03 13:59:09,Anllia,plug_1,Tapo P110,P110,mixer,017895c5,multi_cycle,1.0,2.552,243.519,0.012,0.032,0.063,,on,-72,,20 minute NILM mixer session
2026-06-03T07:59:11.072183+00:00,2026-06-03 13:59:11,Anllia,plug_1,Tapo P110,P110,mixer,017895c5,multi_cycle,1.0,2.527,243.519,0.012,0.032,0.063,,on,-71,,20 minute NILM mixer session
2026-06-03T07:59:12.358803+00:00,2026-06-03 13:59:12,Anllia,plug_1,Tapo P110,P110,mixer,017895c5,multi_cycle,1.0,2.582,243.313,0.012,0.032,0.063,,on,-69,,20 minute NILM mixer session
2026-06-03T07:59:13.604545+00:00,2026-06-03 13:59:13,Anllia,plug_1,Tapo P110,P110,mixer,017895c5,multi_cycle,1.0,2.641,243.313,0.0,0.032,0.063,,on,-70,,20 minute NILM mixer session
2026-06-03T07:59:14.939008+00:00,2026-06-03 13:59:14,Anllia,plug_1,Tapo P110,P110,mixer,017895c5,multi_cycle,1.0,2.528,243.313,0.0,0.032,0.063,,on,-70,,20 minute NILM mixer session
2026-06-03T07:59:16.396880+00:00,2026-06-03 13:59:16,Anllia,plug_1,Tapo P110,P110,mixer,017895c5,multi_cycle,1.0,80.038,243.111,0.0,0.032,0.064,,on,-70,,20 minute NILM mixer session
2026-06-03T07:59:17.706248+00:00,2026-06-03 13:59:17,Anllia,plug_1,Tapo P110,P110,mixer,017895c5,multi_cycle,1.0,241.058,243.111,1.383,0.032,0.064,,on,-71,,20 minute NILM mixer session
2026-06-03T07:59:19.022608+00:00,2026-06-03 13:59:19,Anllia,plug_1,Tapo P110,P110,mixer,017895c5,multi_cycle,1.0,217.23,242.197,1.383,0.032,0.064,,on,-74,,20 minute NILM mixer session
2026-06-03T07:59:20.379840+00:00,2026-06-03 13:59:20,Anllia,plug_1,Tapo P110,P110,mixer,017895c5,multi_cycle,1.0,217.23,242.197,0.902,0.032,0.064,,on,-72,,20 minute NILM mixer session
2026-06-03T07:59:21.651152+00:00,2026-06-03 13:59:21,Anllia,plug_1,Tapo P110,P110,mixer,017895c5,multi_cycle,1.0,216.141,242.217,0.902,0.033,0.064,,on,-73,,20 minute NILM mixer session
2026-06-03T07:59:23.004089+00:00,2026-06-03 13:59:23,Anllia,plug_1,Tapo P110,P110,mixer,017895c5,multi_cycle,1.0,215.576,242.217,0.897,0.033,0.064,,on,-71,,20 minute NILM mixer session
2026-06-03T07:59:24.305759+00:00,2026-06-03 13:59:24,Anllia,plug_1,Tapo P110,P110,mixer,017895c5,multi_cycle,1.0,214.896,242.217,0.897,0.033,0.064,,on,-71,,20 minute NILM mixer session
2026-06-03T07:59:25.684491+00:00,2026-06-03 13:59:25,Anllia,plug_1,Tapo P110,P110,mixer,017895c5,multi_cycle,1.0,215.006,242.349,0.897,0.033,0.064,,on,-72,,20 minute NILM mixer session
2026-06-03T07:59:27.002194+00:00,2026-06-03 13:59:27,Anllia,plug_1,Tapo P110,P110,mixer,017895c5,multi_cycle,1.0,214.969,242.349,0.895,0.033,0.064,,on,-73,,20 minute NILM mixer session
2026-06-03T07:59:28.258222+00:00,2026-06-03 13:59:28,Anllia,plug_1,Tapo P110,P110,mixer,017895c5,multi_cycle,1.0,214.597,242.534,0.895,0.033,0.064,,on,-70,,20 minute NILM mixer session
2026-06-03T07:59:30.783539+00:00,2026-06-03 13:59:30,Anllia,plug_1,Tapo P110,P110,mixer,017895c5,multi_cycle,1.0,214.284,242.606,0.894,0.033,0.064,,on,-73,,20 minute NILM mixer session
2026-06-03T07:59:32.181887+00:00,2026-06-03 13:59:32,Anllia,plug_1,Tapo P110,P110,mixer,017895c5,multi_cycle,1.0,214.169,242.606,0.891,0.033,0.065,,on,-70,,20 minute NILM mixer session
2026-06-03T07:59:33.554242+00:00,2026-06-03 13:59:33,Anllia,plug_1,Tapo P110,P110,mixer,017895c5,multi_cycle,1.0,213.99,242.399,0.891,0.033,0.065,,on,-69,,20 minute NILM mixer session
2026-06-03T07:59:34.838463+00:00,2026-06-03 13:59:34,Anllia,plug_1,Tapo P110,P110,mixer,017895c5,multi_cycle,1.0,214.405,242.399,0.891,0.033,0.065,,on,-70,,20 minute NILM mixer session
2026-06-03T07:59:36.553539+00:00,2026-06-03 13:59:36,Anllia,plug_1,Tapo P110,P110,mixer,017895c5,multi_cycle,1.0,214.38,242.399,0.894,0.033,0.065,,on,-70,,20 minute NILM mixer session
2026-06-03T07:59:37.829559+00:00,2026-06-03 13:59:37,Anllia,plug_1,Tapo P110,P110,mixer,017895c5,multi_cycle,1.0,213.874,242.274,0.894,0.033,0.065,,on,-69,,20 minute NILM mixer session
2026-06-03T07:59:39.178689+00:00,2026-06-03 13:59:39,Anllia,plug_1,Tapo P110,P110,mixer,017895c5,multi_cycle,1.0,214.075,242.274,0.892,0.034,0.065,,on,-69,,20 minute NILM mixer session
2026-06-03T07:59:40.431246+00:00,2026-06-03 13:59:40,Anllia,plug_1,Tapo P110,P110,mixer,017895c5,multi_cycle,1.0,213.671,242.232,0.892,0.034,0.065,,on,-69,,20 minute NILM mixer session
2026-06-03T07:59:41.760069+00:00,2026-06-03 13:59:41,Anllia,plug_1,Tapo P110,P110,mixer,017895c5,multi_cycle,1.0,213.825,242.232,0.891,0.034,0.065,,on,-70,,20 minute NILM mixer session
2026-06-03T07:59:43.047916+00:00,2026-06-03 13:59:43,Anllia,plug_1,Tapo P110,P110,mixer,017895c5,multi_cycle,1.0,213.825,242.389,0.891,0.034,0.065,,on,-71,,20 minute NILM mixer session
2026-06-03T07:59:44.292057+00:00,2026-06-03 13:59:44,Anllia,plug_1,Tapo P110,P110,mixer,017895c5,multi_cycle,1.0,214.078,242.389,0.892,0.034,0.065,,on,-69,,20 minute NILM mixer session
2026-06-03T07:59:45.710547+00:00,2026-06-03 13:59:45,Anllia,plug_1,Tapo P110,P110,mixer,017895c5,multi_cycle,1.0,214.077,242.397,0.892,0.034,0.065,,on,-70,,20 minute NILM mixer session
2026-06-03T07:59:46.999043+00:00,2026-06-03 13:59:46,Anllia,plug_1,Tapo P110,P110,mixer,017895c5,multi_cycle,1.0,214.151,242.397,0.892,0.034,0.065,,on,-72,,20 minute NILM mixer session
2026-06-03T07:59:48.282242+00:00,2026-06-03 13:59:48,Anllia,plug_1,Tapo P110,P110,mixer,017895c5,multi_cycle,1.0,214.131,242.397,0.892,0.034,0.065,,on,-70,,20 minute NILM mixer session
2026-06-03T07:59:49.626085+00:00,2026-06-03 13:59:49,Anllia,plug_1,Tapo P110,P110,mixer,017895c5,multi_cycle,1.0,214.284,242.35,0.892,0.034,0.066,,on,-70,,20 minute NILM mixer session
2026-06-03T07:59:50.992712+00:00,2026-06-03 13:59:50,Anllia,plug_1,Tapo P110,P110,mixer,017895c5,multi_cycle,1.0,214.284,242.35,0.885,0.034,0.066,,on,-72,,20 minute NILM mixer session
2026-06-03T07:59:52.290260+00:00,2026-06-03 13:59:52,Anllia,plug_1,Tapo P110,P110,mixer,017895c5,multi_cycle,1.0,79.182,243.515,0.885,0.034,0.066,,on,-70,,20 minute NILM mixer session
2026-06-03T07:59:53.611189+00:00,2026-06-03 13:59:53,Anllia,plug_1,Tapo P110,P110,mixer,017895c5,multi_cycle,1.0,1.576,243.515,0.011,0.034,0.066,,on,-71,,20 minute NILM mixer session
2026-06-03T07:59:54.891172+00:00,2026-06-03 13:59:54,Anllia,plug_1,Tapo P110,P110,mixer,017895c5,multi_cycle,1.0,2.253,243.515,0.011,0.034,0.066,,on,-73,,20 minute NILM mixer session
2026-06-03T07:59:56.206037+00:00,2026-06-03 13:59:56,Anllia,plug_1,Tapo P110,P110,mixer,017895c5,multi_cycle,1.0,2.427,243.425,0.011,0.034,0.066,,on,-70,,20 minute NILM mixer session
2026-06-03T07:59:57.604439+00:00,2026-06-03 13:59:57,Anllia,plug_1,Tapo P110,P110,mixer,017895c5,multi_cycle,1.0,2.538,243.425,0.0,0.034,0.066,,on,-73,,20 minute NILM mixer session
2026-06-03T07:59:58.953928+00:00,2026-06-03 13:59:58,Anllia,plug_1,Tapo P110,P110,mixer,017895c5,multi_cycle,1.0,2.416,243.425,0.0,0.034,0.066,,on,-71,,20 minute NILM mixer session
2026-06-03T08:00:00.210013+00:00,2026-06-03 14:00:00,Anllia,plug_1,Tapo P110,P110,mixer,017895c5,multi_cycle,1.0,2.469,243.672,0.0,0.034,0.066,,on,-70,,20 minute NILM mixer session
2026-06-03T08:00:01.551196+00:00,2026-06-03 14:00:01,Anllia,plug_1,Tapo P110,P110,mixer,017895c5,multi_cycle,1.0,2.469,243.672,0.012,0.034,0.066,,on,-71,,20 minute NILM mixer session
2026-06-03T08:00:02.820684+00:00,2026-06-03 14:00:02,Anllia,plug_1,Tapo P110,P110,mixer,017895c5,multi_cycle,1.0,2.47,243.663,0.012,0.034,0.066,,on,-72,,20 minute NILM mixer session
2026-06-03T08:00:04.077959+00:00,2026-06-03 14:00:04,Anllia,plug_1,Tapo P110,P110,mixer,017895c5,multi_cycle,1.0,2.442,243.663,0.012,0.034,0.066,,on,-71,,20 minute NILM mixer session
2026-06-03T08:00:05.418120+00:00,2026-06-03 14:00:05,Anllia,plug_1,Tapo P110,P110,mixer,017895c5,multi_cycle,1.0,2.24,243.663,0.011,0.034,0.066,,on,-71,,20 minute NILM mixer session
2026-06-03T08:00:06.789234+00:00,2026-06-03 14:00:06,Anllia,plug_1,Tapo P110,P110,mixer,017895c5,multi_cycle,1.0,2.393,243.905,0.011,0.034,0.066,,on,-73,,20 minute NILM mixer session
2026-06-03T08:00:08.047294+00:00,2026-06-03 14:00:08,Anllia,plug_1,Tapo P110,P110,mixer,017895c5,multi_cycle,1.0,2.357,243.905,0.011,0.034,0.066,,on,-70,,20 minute NILM mixer session
2026-06-03T08:00:09.448563+00:00,2026-06-03 14:00:09,Anllia,plug_1,Tapo P110,P110,mixer,017895c5,multi_cycle,1.0,2.353,243.845,0.011,0.034,0.066,,on,-74,,20 minute NILM mixer session
2026-06-03T08:00:10.717702+00:00,2026-06-03 14:00:10,Anllia,plug_1,Tapo P110,P110,mixer,017895c5,multi_cycle,1.0,2.505,243.845,0.011,0.034,0.066,,on,-72,,20 minute NILM mixer session
2026-06-03T08:00:12.038126+00:00,2026-06-03 14:00:12,Anllia,plug_1,Tapo P110,P110,mixer,017895c5,multi_cycle,1.0,2.505,243.845,0.0,0.034,0.066,,on,-69,,20 minute NILM mixer session
2026-06-03T08:00:13.319991+00:00,2026-06-03 14:00:13,Anllia,plug_1,Tapo P110,P110,mixer,017895c5,multi_cycle,1.0,2.555,243.824,0.0,0.034,0.066,,on,-69,,20 minute NILM mixer session
2026-06-03T08:00:14.803466+00:00,2026-06-03 14:00:14,Anllia,plug_1,Tapo P110,P110,mixer,017895c5,multi_cycle,1.0,2.622,243.824,0.012,0.034,0.066,,on,-69,,20 minute NILM mixer session
2026-06-03T08:00:16.147658+00:00,2026-06-03 14:00:16,Anllia,plug_1,Tapo P110,P110,mixer,017895c5,multi_cycle,1.0,2.578,243.846,0.012,0.034,0.066,,on,-70,,20 minute NILM mixer session
2026-06-03T08:00:17.396753+00:00,2026-06-03 14:00:17,Anllia,plug_1,Tapo P110,P110,mixer,017895c5,multi_cycle,1.0,2.619,243.846,0.012,0.034,0.066,,on,-69,,20 minute NILM mixer session
2026-06-03T08:00:18.648495+00:00,2026-06-03 14:00:18,Anllia,plug_1,Tapo P110,P110,mixer,017895c5,multi_cycle,1.0,2.592,243.846,0.0,0.034,0.066,,on,-69,,20 minute NILM mixer session
2026-06-03T08:00:20.089600+00:00,2026-06-03 14:00:20,Anllia,plug_1,Tapo P110,P110,mixer,017895c5,multi_cycle,1.0,254.493,243.846,0.0,0.034,0.066,,on,-69,,20 minute NILM mixer session
2026-06-03T08:00:21.359495+00:00,2026-06-03 14:00:21,Anllia,plug_1,Tapo P110,P110,mixer,017895c5,multi_cycle,1.0,213.143,242.254,0.0,0.034,0.066,,on,-71,,20 minute NILM mixer session
2026-06-03T08:00:22.647463+00:00,2026-06-03 14:00:22,Anllia,plug_1,Tapo P110,P110,mixer,017895c5,multi_cycle,1.0,213.143,242.254,0.855,0.034,0.066,,on,-71,,20 minute NILM mixer session
2026-06-03T08:00:23.963795+00:00,2026-06-03 14:00:23,Anllia,plug_1,Tapo P110,P110,mixer,017895c5,multi_cycle,1.0,200.183,242.846,0.855,0.035,0.066,,on,-71,,20 minute NILM mixer session
2026-06-03T08:00:25.207694+00:00,2026-06-03 14:00:25,Anllia,plug_1,Tapo P110,P110,mixer,017895c5,multi_cycle,1.0,200.26,242.846,0.837,0.035,0.066,,on,-69,,20 minute NILM mixer session
2026-06-03T08:00:26.552978+00:00,2026-06-03 14:00:26,Anllia,plug_1,Tapo P110,P110,mixer,017895c5,multi_cycle,1.0,200.664,242.776,0.837,0.035,0.066,,on,-72,,20 minute NILM mixer session
2026-06-03T08:00:27.820104+00:00,2026-06-03 14:00:27,Anllia,plug_1,Tapo P110,P110,mixer,017895c5,multi_cycle,1.0,200.611,242.776,0.84,0.035,0.066,,on,-71,,20 minute NILM mixer session
2026-06-03T08:00:29.186105+00:00,2026-06-03 14:00:29,Anllia,plug_1,Tapo P110,P110,mixer,017895c5,multi_cycle,1.0,201.102,242.776,0.84,0.035,0.066,,on,-71,,20 minute NILM mixer session
2026-06-03T08:00:30.542640+00:00,2026-06-03 14:00:30,Anllia,plug_1,Tapo P110,P110,mixer,017895c5,multi_cycle,1.0,201.079,242.792,0.84,0.035,0.066,,on,-74,,20 minute NILM mixer session
2026-06-03T08:00:32.022274+00:00,2026-06-03 14:00:32,Anllia,plug_1,Tapo P110,P110,mixer,017895c5,multi_cycle,1.0,200.985,242.792,0.841,0.035,0.066,,on,-72,,20 minute NILM mixer session
2026-06-03T08:00:33.381848+00:00,2026-06-03 14:00:33,Anllia,plug_1,Tapo P110,P110,mixer,017895c5,multi_cycle,1.0,200.737,242.647,0.841,0.035,0.066,,on,-71,,20 minute NILM mixer session
2026-06-03T08:00:34.811989+00:00,2026-06-03 14:00:34,Anllia,plug_1,Tapo P110,P110,mixer,017895c5,multi_cycle,1.0,200.877,242.647,0.842,0.035,0.067,,on,-70,,20 minute NILM mixer session
2026-06-03T08:00:36.178027+00:00,2026-06-03 14:00:36,Anllia,plug_1,Tapo P110,P110,mixer,017895c5,multi_cycle,1.0,200.877,242.387,0.842,0.035,0.067,,on,-73,,20 minute NILM mixer session
2026-06-03T08:00:37.443589+00:00,2026-06-03 14:00:37,Anllia,plug_1,Tapo P110,P110,mixer,017895c5,multi_cycle,1.0,201.032,242.387,0.843,0.035,0.067,,on,-71,,20 minute NILM mixer session
2026-06-03T08:00:38.843157+00:00,2026-06-03 14:00:38,Anllia,plug_1,Tapo P110,P110,mixer,017895c5,multi_cycle,1.0,201.723,242.724,0.843,0.035,0.067,,on,-71,,20 minute NILM mixer session
2026-06-03T08:00:40.132669+00:00,2026-06-03 14:00:40,Anllia,plug_1,Tapo P110,P110,mixer,017895c5,multi_cycle,1.0,201.738,242.724,0.845,0.035,0.067,,on,-71,,20 minute NILM mixer session
2026-06-03T08:00:41.608680+00:00,2026-06-03 14:00:41,Anllia,plug_1,Tapo P110,P110,mixer,017895c5,multi_cycle,1.0,201.038,242.526,0.845,0.036,0.067,,on,-72,,20 minute NILM mixer session
2026-06-03T08:00:42.874601+00:00,2026-06-03 14:00:42,Anllia,plug_1,Tapo P110,P110,mixer,017895c5,multi_cycle,1.0,200.983,242.526,0.842,0.036,0.067,,on,-73,,20 minute NILM mixer session
2026-06-03T08:00:44.193743+00:00,2026-06-03 14:00:44,Anllia,plug_1,Tapo P110,P110,mixer,017895c5,multi_cycle,1.0,201.131,242.526,0.842,0.036,0.067,,on,-71,,20 minute NILM mixer session
2026-06-03T08:00:45.506698+00:00,2026-06-03 14:00:45,Anllia,plug_1,Tapo P110,P110,mixer,017895c5,multi_cycle,1.0,200.46,242.537,0.842,0.036,0.067,,on,-72,,20 minute NILM mixer session
2026-06-03T08:00:47.067283+00:00,2026-06-03 14:00:47,Anllia,plug_1,Tapo P110,P110,mixer,017895c5,multi_cycle,1.0,200.409,242.537,0.84,0.036,0.067,,on,-70,,20 minute NILM mixer session
2026-06-03T08:00:48.518107+00:00,2026-06-03 14:00:48,Anllia,plug_1,Tapo P110,P110,mixer,017895c5,multi_cycle,1.0,200.409,242.356,0.84,0.036,0.067,,on,-70,,20 minute NILM mixer session
2026-06-03T08:00:49.771332+00:00,2026-06-03 14:00:49,Anllia,plug_1,Tapo P110,P110,mixer,017895c5,multi_cycle,1.0,200.891,242.356,0.843,0.036,0.067,,on,-71,,20 minute NILM mixer session
2026-06-03T08:00:51.187433+00:00,2026-06-03 14:00:51,Anllia,plug_1,Tapo P110,P110,mixer,017895c5,multi_cycle,1.0,55.09,243.396,0.843,0.036,0.067,,on,-72,,20 minute NILM mixer session
2026-06-03T08:00:52.681719+00:00,2026-06-03 14:00:52,Anllia,plug_1,Tapo P110,P110,mixer,017895c5,multi_cycle,1.0,1.594,243.396,0.011,0.036,0.067,,on,-72,,20 minute NILM mixer session
2026-06-03T08:00:53.942356+00:00,2026-06-03 14:00:53,Anllia,plug_1,Tapo P110,P110,mixer,017895c5,multi_cycle,1.0,2.487,243.498,0.011,0.036,0.067,,on,-75,,20 minute NILM mixer session
2026-06-03T08:00:55.296833+00:00,2026-06-03 14:00:55,Anllia,plug_1,Tapo P110,P110,mixer,017895c5,multi_cycle,1.0,2.408,243.498,0.011,0.036,0.067,,on,-71,,20 minute NILM mixer session
2026-06-03T08:00:56.660355+00:00,2026-06-03 14:00:56,Anllia,plug_1,Tapo P110,P110,mixer,017895c5,multi_cycle,1.0,2.518,243.498,0.012,0.036,0.067,,on,-71,,20 minute NILM mixer session
2026-06-03T08:00:58.009735+00:00,2026-06-03 14:00:58,Anllia,plug_1,Tapo P110,P110,mixer,017895c5,multi_cycle,1.0,2.549,243.67,0.012,0.036,0.067,,on,-73,,20 minute NILM mixer session
2026-06-03T08:01:00.284569+00:00,2026-06-03 14:01:00,Anllia,plug_1,Tapo P110,P110,mixer,017895c5,multi_cycle,1.0,2.549,243.67,0.0,0.036,0.067,,on,-71,,20 minute NILM mixer session
2026-06-03T08:01:01.551633+00:00,2026-06-03 14:01:01,Anllia,plug_1,Tapo P110,P110,mixer,017895c5,multi_cycle,1.0,2.567,243.462,0.0,0.036,0.067,,on,-71,,20 minute NILM mixer session
2026-06-03T08:01:02.800845+00:00,2026-06-03 14:01:02,Anllia,plug_1,Tapo P110,P110,mixer,017895c5,multi_cycle,1.0,2.567,243.462,0.0,0.036,0.067,,on,-72,,20 minute NILM mixer session
2026-06-03T08:01:04.060485+00:00,2026-06-03 14:01:04,Anllia,plug_1,Tapo P110,P110,mixer,017895c5,multi_cycle,1.0,2.475,243.462,0.012,0.036,0.067,,on,-72,,20 minute NILM mixer session
2026-06-03T08:01:05.417537+00:00,2026-06-03 14:01:05,Anllia,plug_1,Tapo P110,P110,mixer,017895c5,multi_cycle,1.0,2.478,243.163,0.012,0.036,0.067,,on,-71,,20 minute NILM mixer session
2026-06-03T08:01:06.829937+00:00,2026-06-03 14:01:06,Anllia,plug_1,Tapo P110,P110,mixer,017895c5,multi_cycle,1.0,311.83,243.163,1.383,0.036,0.067,,on,-71,,20 minute NILM mixer session
2026-06-03T08:01:08.094969+00:00,2026-06-03 14:01:08,Anllia,plug_1,Tapo P110,P110,mixer,017895c5,multi_cycle,1.0,219.26,242.032,1.383,0.036,0.068,,on,-71,,20 minute NILM mixer session
2026-06-03T08:01:09.361542+00:00,2026-06-03 14:01:09,Anllia,plug_1,Tapo P110,P110,mixer,017895c5,multi_cycle,1.0,216.177,242.032,0.903,0.036,0.068,,on,-71,,20 minute NILM mixer session
2026-06-03T08:01:10.616600+00:00,2026-06-03 14:01:10,Anllia,plug_1,Tapo P110,P110,mixer,017895c5,multi_cycle,1.0,215.572,241.979,0.903,0.036,0.068,,on,-72,,20 minute NILM mixer session
2026-06-03T08:01:11.911288+00:00,2026-06-03 14:01:11,Anllia,plug_1,Tapo P110,P110,mixer,017895c5,multi_cycle,1.0,215.572,241.979,0.899,0.036,0.068,,on,-72,,20 minute NILM mixer session
2026-06-03T08:01:13.199220+00:00,2026-06-03 14:01:13,Anllia,plug_1,Tapo P110,P110,mixer,017895c5,multi_cycle,1.0,215.12,241.979,0.899,0.037,0.068,,on,-73,,20 minute NILM mixer session
2026-06-03T08:01:14.509875+00:00,2026-06-03 14:01:14,Anllia,plug_1,Tapo P110,P110,mixer,017895c5,multi_cycle,1.0,214.951,241.973,0.899,0.037,0.068,,on,-71,,20 minute NILM mixer session
2026-06-03T08:01:15.775973+00:00,2026-06-03 14:01:15,Anllia,plug_1,Tapo P110,P110,mixer,017895c5,multi_cycle,1.0,213.816,241.973,0.892,0.037,0.068,,on,-71,,20 minute NILM mixer session
2026-06-03T08:01:17.021837+00:00,2026-06-03 14:01:17,Anllia,plug_1,Tapo P110,P110,mixer,017895c5,multi_cycle,1.0,214.344,242.246,0.892,0.037,0.068,,on,-73,,20 minute NILM mixer session
2026-06-03T08:01:18.266920+00:00,2026-06-03 14:01:18,Anllia,plug_1,Tapo P110,P110,mixer,017895c5,multi_cycle,1.0,213.946,242.246,0.893,0.037,0.068,,on,-71,,20 minute NILM mixer session
2026-06-03T08:01:19.611605+00:00,2026-06-03 14:01:19,Anllia,plug_1,Tapo P110,P110,mixer,017895c5,multi_cycle,1.0,213.465,241.959,0.893,0.037,0.068,,on,-71,,20 minute NILM mixer session
2026-06-03T08:01:20.887902+00:00,2026-06-03 14:01:20,Anllia,plug_1,Tapo P110,P110,mixer,017895c5,multi_cycle,1.0,213.465,241.959,0.896,0.037,0.068,,on,-71,,20 minute NILM mixer session
2026-06-03T08:01:22.327749+00:00,2026-06-03 14:01:22,Anllia,plug_1,Tapo P110,P110,mixer,017895c5,multi_cycle,1.0,214.815,241.959,0.896,0.037,0.068,,on,-71,,20 minute NILM mixer session
2026-06-03T08:01:23.806164+00:00,2026-06-03 14:01:23,Anllia,plug_1,Tapo P110,P110,mixer,017895c5,multi_cycle,1.0,213.49,241.959,0.896,0.037,0.069,,on,-69,,20 minute NILM mixer session
2026-06-03T08:01:25.155164+00:00,2026-06-03 14:01:25,Anllia,plug_1,Tapo P110,P110,mixer,017895c5,multi_cycle,1.0,214.003,241.959,0.894,0.037,0.069,,on,-72,,20 minute NILM mixer session
2026-06-03T08:01:26.456669+00:00,2026-06-03 14:01:26,Anllia,plug_1,Tapo P110,P110,mixer,017895c5,multi_cycle,1.0,213.686,241.866,0.894,0.037,0.069,,on,-72,,20 minute NILM mixer session
2026-06-03T08:01:27.753768+00:00,2026-06-03 14:01:27,Anllia,plug_1,Tapo P110,P110,mixer,017895c5,multi_cycle,1.0,213.137,241.866,0.891,0.037,0.069,,on,-71,,20 minute NILM mixer session
2026-06-03T08:01:29.020081+00:00,2026-06-03 14:01:29,Anllia,plug_1,Tapo P110,P110,mixer,017895c5,multi_cycle,1.0,213.273,241.589,0.891,0.037,0.069,,on,-71,,20 minute NILM mixer session
2026-06-03T08:01:30.339621+00:00,2026-06-03 14:01:30,Anllia,plug_1,Tapo P110,P110,mixer,017895c5,multi_cycle,1.0,213.48,241.589,0.893,0.038,0.069,,on,-70,,20 minute NILM mixer session
2026-06-03T08:01:31.598498+00:00,2026-06-03 14:01:31,Anllia,plug_1,Tapo P110,P110,mixer,017895c5,multi_cycle,1.0,213.262,241.526,0.893,0.038,0.069,,on,-70,,20 minute NILM mixer session
2026-06-03T08:01:32.912086+00:00,2026-06-03 14:01:32,Anllia,plug_1,Tapo P110,P110,mixer,017895c5,multi_cycle,1.0,213.262,241.526,0.894,0.038,0.069,,on,-69,,20 minute NILM mixer session
2026-06-03T08:01:34.202775+00:00,2026-06-03 14:01:34,Anllia,plug_1,Tapo P110,P110,mixer,017895c5,multi_cycle,1.0,213.867,241.526,0.894,0.038,0.069,,on,-70,,20 minute NILM mixer session
2026-06-03T08:01:35.479229+00:00,2026-06-03 14:01:35,Anllia,plug_1,Tapo P110,P110,mixer,017895c5,multi_cycle,1.0,213.522,241.678,0.894,0.038,0.069,,on,-70,,20 minute NILM mixer session
2026-06-03T08:01:36.724711+00:00,2026-06-03 14:01:36,Anllia,plug_1,Tapo P110,P110,mixer,017895c5,multi_cycle,1.0,212.937,241.678,0.89,0.038,0.069,,on,-69,,20 minute NILM mixer session
2026-06-03T08:01:38.070164+00:00,2026-06-03 14:01:38,Anllia,plug_1,Tapo P110,P110,mixer,017895c5,multi_cycle,1.0,213.135,241.722,0.89,0.038,0.069,,on,-69,,20 minute NILM mixer session
2026-06-03T08:01:39.433761+00:00,2026-06-03 14:01:39,Anllia,plug_1,Tapo P110,P110,mixer,017895c5,multi_cycle,1.0,213.757,241.722,0.893,0.038,0.069,,on,-70,,20 minute NILM mixer session
2026-06-03T08:01:40.798948+00:00,2026-06-03 14:01:40,Anllia,plug_1,Tapo P110,P110,mixer,017895c5,multi_cycle,1.0,116.773,242.419,0.893,0.038,0.069,,on,-70,,20 minute NILM mixer session
2026-06-03T08:01:42.043099+00:00,2026-06-03 14:01:42,Anllia,plug_1,Tapo P110,P110,mixer,017895c5,multi_cycle,1.0,1.671,242.419,0.893,0.038,0.069,,on,-69,,20 minute NILM mixer session
2026-06-03T08:01:43.284048+00:00,2026-06-03 14:01:43,Anllia,plug_1,Tapo P110,P110,mixer,017895c5,multi_cycle,1.0,1.671,242.419,0.01,0.038,0.069,,on,-72,,20 minute NILM mixer session
2026-06-03T08:01:44.664740+00:00,2026-06-03 14:01:44,Anllia,plug_1,Tapo P110,P110,mixer,017895c5,multi_cycle,1.0,2.169,242.574,0.01,0.038,0.069,,on,-72,,20 minute NILM mixer session
2026-06-03T08:01:46.003796+00:00,2026-06-03 14:01:46,Anllia,plug_1,Tapo P110,P110,mixer,017895c5,multi_cycle,1.0,2.601,242.574,0.012,0.038,0.069,,on,-70,,20 minute NILM mixer session
2026-06-03T08:01:47.278683+00:00,2026-06-03 14:01:47,Anllia,plug_1,Tapo P110,P110,mixer,017895c5,multi_cycle,1.0,2.64,242.494,0.012,0.038,0.069,,on,-74,,20 minute NILM mixer session
2026-06-03T08:01:48.554142+00:00,2026-06-03 14:01:48,Anllia,plug_1,Tapo P110,P110,mixer,017895c5,multi_cycle,1.0,2.641,242.494,0.012,0.038,0.069,,on,-73,,20 minute NILM mixer session
2026-06-03T08:01:49.820911+00:00,2026-06-03 14:01:49,Anllia,plug_1,Tapo P110,P110,mixer,017895c5,multi_cycle,1.0,2.597,242.494,0.012,0.038,0.069,,on,-71,,20 minute NILM mixer session
2026-06-03T08:01:51.241283+00:00,2026-06-03 14:01:51,Anllia,plug_1,Tapo P110,P110,mixer,017895c5,multi_cycle,1.0,2.613,242.399,0.012,0.038,0.069,,on,-71,,20 minute NILM mixer session
2026-06-03T08:01:52.512120+00:00,2026-06-03 14:01:52,Anllia,plug_1,Tapo P110,P110,mixer,017895c5,multi_cycle,1.0,2.613,242.399,0.012,0.038,0.069,,on,-70,,20 minute NILM mixer session
2026-06-03T08:01:53.943683+00:00,2026-06-03 14:01:53,Anllia,plug_1,Tapo P110,P110,mixer,017895c5,multi_cycle,1.0,2.541,242.329,0.012,0.038,0.069,,on,-71,,20 minute NILM mixer session
2026-06-03T08:01:55.188431+00:00,2026-06-03 14:01:55,Anllia,plug_1,Tapo P110,P110,mixer,017895c5,multi_cycle,1.0,2.411,242.329,0.012,0.038,0.069,,on,-73,,20 minute NILM mixer session
2026-06-03T08:01:56.541904+00:00,2026-06-03 14:01:56,Anllia,plug_1,Tapo P110,P110,mixer,017895c5,multi_cycle,1.0,2.375,242.329,0.012,0.038,0.069,,on,-73,,20 minute NILM mixer session
2026-06-03T08:01:57.940052+00:00,2026-06-03 14:01:57,Anllia,plug_1,Tapo P110,P110,mixer,017895c5,multi_cycle,1.0,2.382,242.288,0.012,0.038,0.069,,on,-70,,20 minute NILM mixer session
2026-06-03T08:01:59.289400+00:00,2026-06-03 14:01:59,Anllia,plug_1,Tapo P110,P110,mixer,017895c5,multi_cycle,1.0,2.393,242.288,0.012,0.038,0.069,,on,-68,,20 minute NILM mixer session
2026-06-03T08:02:00.607596+00:00,2026-06-03 14:02:00,Anllia,plug_1,Tapo P110,P110,mixer,017895c5,multi_cycle,1.0,2.523,242.391,0.012,0.038,0.07,,on,-72,,20 minute NILM mixer session
2026-06-03T08:02:01.969937+00:00,2026-06-03 14:02:01,Anllia,plug_1,Tapo P110,P110,mixer,017895c5,multi_cycle,1.0,380.032,242.391,0.012,0.038,0.07,,on,-70,,20 minute NILM mixer session
2026-06-03T08:02:03.242696+00:00,2026-06-03 14:02:03,Anllia,plug_1,Tapo P110,P110,mixer,017895c5,multi_cycle,1.0,235.492,242.391,1.099,0.038,0.07,,on,-71,,20 minute NILM mixer session
2026-06-03T08:02:04.602134+00:00,2026-06-03 14:02:04,Anllia,plug_1,Tapo P110,P110,mixer,017895c5,multi_cycle,1.0,235.492,241.359,1.099,0.038,0.07,,on,-71,,20 minute NILM mixer session
2026-06-03T08:02:06.084356+00:00,2026-06-03 14:02:06,Anllia,plug_1,Tapo P110,P110,mixer,017895c5,multi_cycle,1.0,232.944,241.359,0.974,0.039,0.07,,on,-71,,20 minute NILM mixer session
2026-06-03T08:02:07.352343+00:00,2026-06-03 14:02:07,Anllia,plug_1,Tapo P110,P110,mixer,017895c5,multi_cycle,1.0,233.771,241.482,0.974,0.039,0.07,,on,-75,,20 minute NILM mixer session
2026-06-03T08:02:09.079626+00:00,2026-06-03 14:02:09,Anllia,plug_1,Tapo P110,P110,mixer,017895c5,multi_cycle,1.0,233.82,241.482,0.977,0.039,0.07,,on,-71,,20 minute NILM mixer session
2026-06-03T08:02:10.326956+00:00,2026-06-03 14:02:10,Anllia,plug_1,Tapo P110,P110,mixer,017895c5,multi_cycle,1.0,234.733,241.772,0.977,0.039,0.07,,on,-71,,20 minute NILM mixer session
2026-06-03T08:02:11.684527+00:00,2026-06-03 14:02:11,Anllia,plug_1,Tapo P110,P110,mixer,017895c5,multi_cycle,1.0,234.33,241.772,0.977,0.039,0.07,,on,-71,,20 minute NILM mixer session
2026-06-03T08:02:12.995446+00:00,2026-06-03 14:02:12,Anllia,plug_1,Tapo P110,P110,mixer,017895c5,multi_cycle,1.0,234.346,241.522,0.977,0.039,0.07,,on,-71,,20 minute NILM mixer session
2026-06-03T08:02:14.390795+00:00,2026-06-03 14:02:14,Anllia,plug_1,Tapo P110,P110,mixer,017895c5,multi_cycle,1.0,233.774,241.522,0.976,0.039,0.07,,on,-72,,20 minute NILM mixer session
2026-06-03T08:02:15.789316+00:00,2026-06-03 14:02:15,Anllia,plug_1,Tapo P110,P110,mixer,017895c5,multi_cycle,1.0,233.857,241.343,0.976,0.039,0.071,,on,-72,,20 minute NILM mixer session
2026-06-03T08:02:17.057139+00:00,2026-06-03 14:02:17,Anllia,plug_1,Tapo P110,P110,mixer,017895c5,multi_cycle,1.0,234.201,241.343,0.977,0.039,0.071,,on,-71,,20 minute NILM mixer session
2026-06-03T08:02:18.420832+00:00,2026-06-03 14:02:18,Anllia,plug_1,Tapo P110,P110,mixer,017895c5,multi_cycle,1.0,233.947,241.343,0.977,0.039,0.071,,on,-71,,20 minute NILM mixer session
2026-06-03T08:02:19.736343+00:00,2026-06-03 14:02:19,Anllia,plug_1,Tapo P110,P110,mixer,017895c5,multi_cycle,1.0,234.209,241.558,0.977,0.039,0.071,,on,-72,,20 minute NILM mixer session
2026-06-03T08:02:21.097236+00:00,2026-06-03 14:02:21,Anllia,plug_1,Tapo P110,P110,mixer,017895c5,multi_cycle,1.0,234.209,241.558,0.976,0.039,0.071,,on,-69,,20 minute NILM mixer session
2026-06-03T08:02:22.345895+00:00,2026-06-03 14:02:22,Anllia,plug_1,Tapo P110,P110,mixer,017895c5,multi_cycle,1.0,58.273,242.504,0.976,0.039,0.071,,on,-70,,20 minute NILM mixer session
2026-06-03T08:02:23.684180+00:00,2026-06-03 14:02:23,Anllia,plug_1,Tapo P110,P110,mixer,017895c5,multi_cycle,1.0,1.851,242.504,0.011,0.039,0.071,,on,-73,,20 minute NILM mixer session
2026-06-03T08:02:24.951544+00:00,2026-06-03 14:02:24,Anllia,plug_1,Tapo P110,P110,mixer,017895c5,multi_cycle,1.0,2.603,242.504,0.011,0.039,0.071,,on,-72,,20 minute NILM mixer session
2026-06-03T08:02:26.236845+00:00,2026-06-03 14:02:26,Anllia,plug_1,Tapo P110,P110,mixer,017895c5,multi_cycle,1.0,2.594,242.845,0.011,0.039,0.071,,on,-72,,20 minute NILM mixer session
2026-06-03T08:02:27.650540+00:00,2026-06-03 14:02:27,Anllia,plug_1,Tapo P110,P110,mixer,017895c5,multi_cycle,1.0,2.594,242.845,0.012,0.039,0.071,,on,-72,,20 minute NILM mixer session
2026-06-03T08:02:28.897975+00:00,2026-06-03 14:02:28,Anllia,plug_1,Tapo P110,P110,mixer,017895c5,multi_cycle,1.0,2.648,243.242,0.012,0.039,0.071,,on,-71,,20 minute NILM mixer session
2026-06-03T08:02:30.215349+00:00,2026-06-03 14:02:30,Anllia,plug_1,Tapo P110,P110,mixer,017895c5,multi_cycle,1.0,2.641,243.242,0.012,0.039,0.071,,on,-70,,20 minute NILM mixer session
2026-06-03T08:02:31.527336+00:00,2026-06-03 14:02:31,Anllia,plug_1,Tapo P110,P110,mixer,017895c5,multi_cycle,1.0,2.603,243.242,0.0,0.039,0.071,,on,-71,,20 minute NILM mixer session
2026-06-03T08:02:32.854306+00:00,2026-06-03 14:02:32,Anllia,plug_1,Tapo P110,P110,mixer,017895c5,multi_cycle,1.0,2.582,243.062,0.0,0.039,0.071,,on,-72,,20 minute NILM mixer session
2026-06-03T08:02:34.221638+00:00,2026-06-03 14:02:34,Anllia,plug_1,Tapo P110,P110,mixer,017895c5,multi_cycle,1.0,2.682,243.062,0.012,0.039,0.071,,on,-73,,20 minute NILM mixer session
2026-06-03T08:02:35.531588+00:00,2026-06-03 14:02:35,Anllia,plug_1,Tapo P110,P110,mixer,017895c5,multi_cycle,1.0,2.687,243.062,0.012,0.039,0.071,,on,-73,,20 minute NILM mixer session
2026-06-03T08:02:36.797607+00:00,2026-06-03 14:02:36,Anllia,plug_1,Tapo P110,P110,mixer,017895c5,multi_cycle,1.0,2.641,242.669,0.012,0.039,0.071,,on,-71,,20 minute NILM mixer session
2026-06-03T08:02:38.113819+00:00,2026-06-03 14:02:38,Anllia,plug_1,Tapo P110,P110,mixer,017895c5,multi_cycle,1.0,2.641,242.669,0.012,0.039,0.071,,on,-68,,20 minute NILM mixer session
2026-06-03T08:02:39.432400+00:00,2026-06-03 14:02:39,Anllia,plug_1,Tapo P110,P110,mixer,017895c5,multi_cycle,1.0,2.632,242.519,0.012,0.039,0.071,,on,-70,,20 minute NILM mixer session
2026-06-03T08:02:40.849909+00:00,2026-06-03 14:02:40,Anllia,plug_1,Tapo P110,P110,mixer,017895c5,multi_cycle,1.0,2.636,242.519,0.012,0.039,0.071,,on,-68,,20 minute NILM mixer session
2026-06-03T08:02:42.115273+00:00,2026-06-03 14:02:42,Anllia,plug_1,Tapo P110,P110,mixer,017895c5,multi_cycle,1.0,2.671,242.519,0.012,0.039,0.071,,on,-69,,20 minute NILM mixer session
2026-06-03T08:02:43.379924+00:00,2026-06-03 14:02:43,Anllia,plug_1,Tapo P110,P110,mixer,017895c5,multi_cycle,1.0,2.729,243.1,0.012,0.039,0.071,,on,-69,,20 minute NILM mixer session
2026-06-03T08:02:44.669715+00:00,2026-06-03 14:02:44,Anllia,plug_1,Tapo P110,P110,mixer,017895c5,multi_cycle,1.0,2.692,243.1,0.012,0.039,0.071,,on,-69,,20 minute NILM mixer session
2026-06-03T08:02:46.093521+00:00,2026-06-03 14:02:46,Anllia,plug_1,Tapo P110,P110,mixer,017895c5,multi_cycle,1.0,2.646,243.1,0.012,0.039,0.071,,on,-69,,20 minute NILM mixer session
2026-06-03T08:02:47.380526+00:00,2026-06-03 14:02:47,Anllia,plug_1,Tapo P110,P110,mixer,017895c5,multi_cycle,1.0,2.623,243.916,0.012,0.039,0.071,,on,-69,,20 minute NILM mixer session
2026-06-03T08:02:48.623713+00:00,2026-06-03 14:02:48,Anllia,plug_1,Tapo P110,P110,mixer,017895c5,multi_cycle,1.0,2.623,243.916,0.012,0.04,0.071,,on,-68,,20 minute NILM mixer session
2026-06-03T08:02:49.883039+00:00,2026-06-03 14:02:49,Anllia,plug_1,Tapo P110,P110,mixer,017895c5,multi_cycle,1.0,227.778,242.291,0.012,0.04,0.071,,on,-71,,20 minute NILM mixer session
2026-06-03T08:02:51.238391+00:00,2026-06-03 14:02:51,Anllia,plug_1,Tapo P110,P110,mixer,017895c5,multi_cycle,1.0,212.49,242.291,0.856,0.04,0.071,,on,-71,,20 minute NILM mixer session
2026-06-03T08:02:52.628434+00:00,2026-06-03 14:02:52,Anllia,plug_1,Tapo P110,P110,mixer,017895c5,multi_cycle,1.0,200.999,243.054,0.856,0.04,0.071,,on,-72,,20 minute NILM mixer session
2026-06-03T08:02:53.952930+00:00,2026-06-03 14:02:53,Anllia,plug_1,Tapo P110,P110,mixer,017895c5,multi_cycle,1.0,200.686,243.054,0.838,0.04,0.071,,on,-69,,20 minute NILM mixer session
2026-06-03T08:02:55.355071+00:00,2026-06-03 14:02:55,Anllia,plug_1,Tapo P110,P110,mixer,017895c5,multi_cycle,1.0,201.11,243.076,0.838,0.04,0.071,,on,-73,,20 minute NILM mixer session
2026-06-03T08:02:56.753629+00:00,2026-06-03 14:02:56,Anllia,plug_1,Tapo P110,P110,mixer,017895c5,multi_cycle,1.0,200.611,243.076,0.839,0.04,0.071,,on,-71,,20 minute NILM mixer session
2026-06-03T08:02:58.124308+00:00,2026-06-03 14:02:58,Anllia,plug_1,Tapo P110,P110,mixer,017895c5,multi_cycle,1.0,200.93,243.076,0.839,0.04,0.071,,on,-71,,20 minute NILM mixer session
2026-06-03T08:02:59.398751+00:00,2026-06-03 14:02:59,Anllia,plug_1,Tapo P110,P110,mixer,017895c5,multi_cycle,1.0,200.859,243.072,0.839,0.04,0.072,,on,-73,,20 minute NILM mixer session
2026-06-03T08:03:00.701059+00:00,2026-06-03 14:03:00,Anllia,plug_1,Tapo P110,P110,mixer,017895c5,multi_cycle,1.0,200.859,243.072,0.837,0.04,0.072,,on,-72,,20 minute NILM mixer session
2026-06-03T08:03:01.994525+00:00,2026-06-03 14:03:01,Anllia,plug_1,Tapo P110,P110,mixer,017895c5,multi_cycle,1.0,200.508,242.814,0.837,0.04,0.072,,on,-72,,20 minute NILM mixer session
2026-06-03T08:03:03.253437+00:00,2026-06-03 14:03:03,Anllia,plug_1,Tapo P110,P110,mixer,017895c5,multi_cycle,1.0,200.691,242.814,0.838,0.04,0.072,,on,-71,,20 minute NILM mixer session
2026-06-03T08:03:04.599015+00:00,2026-06-03 14:03:04,Anllia,plug_1,Tapo P110,P110,mixer,017895c5,multi_cycle,1.0,200.384,242.996,0.838,0.04,0.072,,on,-72,,20 minute NILM mixer session
2026-06-03T08:03:06.047185+00:00,2026-06-03 14:03:06,Anllia,plug_1,Tapo P110,P110,mixer,017895c5,multi_cycle,1.0,200.661,242.996,0.839,0.041,0.072,,on,-72,,20 minute NILM mixer session
2026-06-03T08:03:07.332143+00:00,2026-06-03 14:03:07,Anllia,plug_1,Tapo P110,P110,mixer,017895c5,multi_cycle,1.0,201.034,243.058,0.839,0.041,0.072,,on,-72,,20 minute NILM mixer session
2026-06-03T08:03:08.596914+00:00,2026-06-03 14:03:08,Anllia,plug_1,Tapo P110,P110,mixer,017895c5,multi_cycle,1.0,200.718,243.058,0.839,0.041,0.072,,on,-71,,20 minute NILM mixer session
2026-06-03T08:03:09.867332+00:00,2026-06-03 14:03:09,Anllia,plug_1,Tapo P110,P110,mixer,017895c5,multi_cycle,1.0,200.998,243.058,0.84,0.041,0.072,,on,-73,,20 minute NILM mixer session
2026-06-03T08:03:11.155240+00:00,2026-06-03 14:03:11,Anllia,plug_1,Tapo P110,P110,mixer,017895c5,multi_cycle,1.0,200.998,243.083,0.84,0.041,0.072,,on,-70,,20 minute NILM mixer session
2026-06-03T08:03:12.399251+00:00,2026-06-03 14:03:12,Anllia,plug_1,Tapo P110,P110,mixer,017895c5,multi_cycle,1.0,103.196,243.083,0.214,0.041,0.072,,on,-69,,20 minute NILM mixer session
2026-06-03T08:03:13.697169+00:00,2026-06-03 14:03:13,Anllia,plug_1,Tapo P110,P110,mixer,017895c5,multi_cycle,1.0,1.717,244.163,0.214,0.041,0.072,,on,-70,,20 minute NILM mixer session
2026-06-03T08:03:15.046995+00:00,2026-06-03 14:03:15,Anllia,plug_1,Tapo P110,P110,mixer,017895c5,multi_cycle,1.0,2.666,244.163,0.214,0.041,0.072,,on,-69,,20 minute NILM mixer session
2026-06-03T08:03:16.574245+00:00,2026-06-03 14:03:16,Anllia,plug_1,Tapo P110,P110,mixer,017895c5,multi_cycle,1.0,2.666,244.163,0.0,0.041,0.072,,on,-70,,20 minute NILM mixer session
2026-06-03T08:03:18.029097+00:00,2026-06-03 14:03:18,Anllia,plug_1,Tapo P110,P110,mixer,017895c5,multi_cycle,1.0,2.647,243.949,0.0,0.041,0.072,,on,-69,,20 minute NILM mixer session
2026-06-03T08:03:19.387693+00:00,2026-06-03 14:03:19,Anllia,plug_1,Tapo P110,P110,mixer,017895c5,multi_cycle,1.0,2.647,243.949,0.012,0.041,0.072,,on,-70,,20 minute NILM mixer session
2026-06-03T08:03:20.693589+00:00,2026-06-03 14:03:20,Anllia,plug_1,Tapo P110,P110,mixer,017895c5,multi_cycle,1.0,2.527,243.459,0.012,0.041,0.072,,on,-69,,20 minute NILM mixer session
2026-06-03T08:03:22.095304+00:00,2026-06-03 14:03:22,Anllia,plug_1,Tapo P110,P110,mixer,017895c5,multi_cycle,1.0,2.563,243.459,0.012,0.041,0.072,,on,-69,,20 minute NILM mixer session
2026-06-03T08:03:23.360307+00:00,2026-06-03 14:03:23,Anllia,plug_1,Tapo P110,P110,mixer,017895c5,multi_cycle,1.0,2.489,243.459,0.012,0.041,0.072,,on,-69,,20 minute NILM mixer session
2026-06-03T08:03:24.603481+00:00,2026-06-03 14:03:24,Anllia,plug_1,Tapo P110,P110,mixer,017895c5,multi_cycle,1.0,2.497,242.735,0.012,0.041,0.072,,on,-70,,20 minute NILM mixer session
2026-06-03T08:03:25.855365+00:00,2026-06-03 14:03:25,Anllia,plug_1,Tapo P110,P110,mixer,017895c5,multi_cycle,1.0,2.497,242.735,0.012,0.041,0.072,,on,-68,,20 minute NILM mixer session
2026-06-03T08:03:27.107793+00:00,2026-06-03 14:03:27,Anllia,plug_1,Tapo P110,P110,mixer,017895c5,multi_cycle,1.0,2.488,242.735,0.012,0.041,0.072,,on,-70,,20 minute NILM mixer session
2026-06-03T08:03:28.453608+00:00,2026-06-03 14:03:28,Anllia,plug_1,Tapo P110,P110,mixer,017895c5,multi_cycle,1.0,336.072,241.48,0.012,0.041,0.072,,on,-70,,20 minute NILM mixer session
2026-06-03T08:03:29.738314+00:00,2026-06-03 14:03:29,Anllia,plug_1,Tapo P110,P110,mixer,017895c5,multi_cycle,1.0,242.657,241.48,1.011,0.041,0.072,,on,-69,,20 minute NILM mixer session
2026-06-03T08:03:30.983423+00:00,2026-06-03 14:03:30,Anllia,plug_1,Tapo P110,P110,mixer,017895c5,multi_cycle,1.0,233.575,241.859,1.011,0.041,0.072,,on,-70,,20 minute NILM mixer session
2026-06-03T08:03:32.323926+00:00,2026-06-03 14:03:32,Anllia,plug_1,Tapo P110,P110,mixer,017895c5,multi_cycle,1.0,233.575,241.859,0.713,0.041,0.073,,on,-71,,20 minute NILM mixer session
2026-06-03T08:03:33.691160+00:00,2026-06-03 14:03:33,Anllia,plug_1,Tapo P110,P110,mixer,017895c5,multi_cycle,1.0,142.025,243.045,0.713,0.041,0.073,,on,-72,,20 minute NILM mixer session
2026-06-03T08:03:35.045495+00:00,2026-06-03 14:03:35,Anllia,plug_1,Tapo P110,P110,mixer,017895c5,multi_cycle,1.0,1.609,243.045,0.713,0.041,0.073,,on,-73,,20 minute NILM mixer session
2026-06-03T08:03:36.377453+00:00,2026-06-03 14:03:36,Anllia,plug_1,Tapo P110,P110,mixer,017895c5,multi_cycle,1.0,2.668,243.045,0.0,0.041,0.073,,on,-73,,20 minute NILM mixer session
2026-06-03T08:03:37.678812+00:00,2026-06-03 14:03:37,Anllia,plug_1,Tapo P110,P110,mixer,017895c5,multi_cycle,1.0,2.651,242.916,0.0,0.041,0.073,,on,-69,,20 minute NILM mixer session
2026-06-03T08:03:38.968258+00:00,2026-06-03 14:03:38,Anllia,plug_1,Tapo P110,P110,mixer,017895c5,multi_cycle,1.0,2.729,242.916,0.013,0.041,0.073,,on,-70,,20 minute NILM mixer session
2026-06-03T08:03:40.477098+00:00,2026-06-03 14:03:40,Anllia,plug_1,Tapo P110,P110,mixer,017895c5,multi_cycle,1.0,181.082,241.308,0.013,0.041,0.073,,on,-69,,20 minute NILM mixer session
2026-06-03T08:03:41.719857+00:00,2026-06-03 14:03:41,Anllia,plug_1,Tapo P110,P110,mixer,017895c5,multi_cycle,1.0,251.518,241.308,0.013,0.041,0.073,,on,-69,,20 minute NILM mixer session
2026-06-03T08:03:43.032423+00:00,2026-06-03 14:03:43,Anllia,plug_1,Tapo P110,P110,mixer,017895c5,multi_cycle,1.0,233.889,241.308,0.997,0.041,0.073,,on,-69,,20 minute NILM mixer session
2026-06-03T08:03:44.274232+00:00,2026-06-03 14:03:44,Anllia,plug_1,Tapo P110,P110,mixer,017895c5,multi_cycle,1.0,233.889,241.846,0.997,0.042,0.073,,on,-70,,20 minute NILM mixer session
2026-06-03T08:03:45.739756+00:00,2026-06-03 14:03:45,Anllia,plug_1,Tapo P110,P110,mixer,017895c5,multi_cycle,1.0,232.881,241.846,0.97,0.042,0.073,,on,-69,,20 minute NILM mixer session
2026-06-03T08:03:46.983347+00:00,2026-06-03 14:03:46,Anllia,plug_1,Tapo P110,P110,mixer,017895c5,multi_cycle,1.0,231.998,241.4,0.97,0.042,0.073,,on,-70,,20 minute NILM mixer session
2026-06-03T08:03:48.323618+00:00,2026-06-03 14:03:48,Anllia,plug_1,Tapo P110,P110,mixer,017895c5,multi_cycle,1.0,59.285,241.4,0.01,0.042,0.073,,on,-70,,20 minute NILM mixer session
2026-06-03T08:03:49.818996+00:00,2026-06-03 14:03:49,Anllia,plug_1,Tapo P110,P110,mixer,017895c5,multi_cycle,1.0,1.636,242.508,0.01,0.042,0.073,,on,-69,,20 minute NILM mixer session
2026-06-03T08:03:51.134805+00:00,2026-06-03 14:03:51,Anllia,plug_1,Tapo P110,P110,mixer,017895c5,multi_cycle,1.0,2.511,242.508,0.01,0.042,0.073,,on,-74,,20 minute NILM mixer session
2026-06-03T08:03:52.484039+00:00,2026-06-03 14:03:52,Anllia,plug_1,Tapo P110,P110,mixer,017895c5,multi_cycle,1.0,2.484,242.508,0.0,0.042,0.073,,on,-73,,20 minute NILM mixer session
2026-06-03T08:03:53.735105+00:00,2026-06-03 14:03:53,Anllia,plug_1,Tapo P110,P110,mixer,017895c5,multi_cycle,1.0,2.498,242.031,0.0,0.042,0.073,,on,-73,,20 minute NILM mixer session
2026-06-03T08:03:55.109838+00:00,2026-06-03 14:03:55,Anllia,plug_1,Tapo P110,P110,mixer,017895c5,multi_cycle,1.0,2.498,242.031,0.012,0.042,0.073,,on,-72,,20 minute NILM mixer session
2026-06-03T08:03:56.481876+00:00,2026-06-03 14:03:56,Anllia,plug_1,Tapo P110,P110,mixer,017895c5,multi_cycle,1.0,2.492,242.299,0.012,0.042,0.073,,on,-73,,20 minute NILM mixer session
2026-06-03T08:03:57.797519+00:00,2026-06-03 14:03:57,Anllia,plug_1,Tapo P110,P110,mixer,017895c5,multi_cycle,1.0,2.491,242.299,0.012,0.042,0.073,,on,-72,,20 minute NILM mixer session
2026-06-03T08:03:59.114027+00:00,2026-06-03 14:03:59,Anllia,plug_1,Tapo P110,P110,mixer,017895c5,multi_cycle,1.0,2.562,242.299,0.0,0.042,0.073,,on,-72,,20 minute NILM mixer session
2026-06-03T08:04:00.363402+00:00,2026-06-03 14:04:00,Anllia,plug_1,Tapo P110,P110,mixer,017895c5,multi_cycle,1.0,2.553,242.299,0.0,0.042,0.073,,on,-71,,20 minute NILM mixer session
2026-06-03T08:04:01.827551+00:00,2026-06-03 14:04:01,Anllia,plug_1,Tapo P110,P110,mixer,017895c5,multi_cycle,1.0,2.508,242.206,0.0,0.042,0.073,,on,-71,,20 minute NILM mixer session
2026-06-03T08:04:03.172517+00:00,2026-06-03 14:04:03,Anllia,plug_1,Tapo P110,P110,mixer,017895c5,multi_cycle,1.0,2.548,242.206,0.012,0.042,0.073,,on,-72,,20 minute NILM mixer session
2026-06-03T08:04:04.822306+00:00,2026-06-03 14:04:04,Anllia,plug_1,Tapo P110,P110,mixer,017895c5,multi_cycle,1.0,2.533,242.117,0.012,0.042,0.073,,on,-72,,20 minute NILM mixer session
2026-06-03T08:04:06.154207+00:00,2026-06-03 14:04:06,Anllia,plug_1,Tapo P110,P110,mixer,017895c5,multi_cycle,1.0,2.565,242.117,0.012,0.042,0.073,,on,-73,,20 minute NILM mixer session
2026-06-03T08:04:07.396061+00:00,2026-06-03 14:04:07,Anllia,plug_1,Tapo P110,P110,mixer,017895c5,multi_cycle,1.0,2.542,242.117,0.012,0.042,0.073,,on,-72,,20 minute NILM mixer session
2026-06-03T08:04:08.770931+00:00,2026-06-03 14:04:08,Anllia,plug_1,Tapo P110,P110,mixer,017895c5,multi_cycle,1.0,2.574,242.11,0.012,0.042,0.073,,on,-72,,20 minute NILM mixer session
2026-06-03T08:04:10.013988+00:00,2026-06-03 14:04:10,Anllia,plug_1,Tapo P110,P110,mixer,017895c5,multi_cycle,1.0,2.574,242.11,0.0,0.042,0.073,,on,-71,,20 minute NILM mixer session
2026-06-03T08:04:11.291327+00:00,2026-06-03 14:04:11,Anllia,plug_1,Tapo P110,P110,mixer,017895c5,multi_cycle,1.0,2.627,242.11,0.0,0.042,0.073,,on,-69,,20 minute NILM mixer session
2026-06-03T08:04:12.538783+00:00,2026-06-03 14:04:12,Anllia,plug_1,Tapo P110,P110,mixer,017895c5,multi_cycle,1.0,309.521,240.685,0.0,0.042,0.073,,on,-73,,20 minute NILM mixer session
2026-06-03T08:04:14.000229+00:00,2026-06-03 14:04:14,Anllia,plug_1,Tapo P110,P110,mixer,017895c5,multi_cycle,1.0,243.659,240.685,1.021,0.042,0.073,,on,-72,,20 minute NILM mixer session
2026-06-03T08:04:15.445250+00:00,2026-06-03 14:04:15,Anllia,plug_1,Tapo P110,P110,mixer,017895c5,multi_cycle,1.0,233.274,240.375,1.021,0.042,0.073,,on,-74,,20 minute NILM mixer session
2026-06-03T08:04:16.746974+00:00,2026-06-03 14:04:16,Anllia,plug_1,Tapo P110,P110,mixer,017895c5,multi_cycle,1.0,232.962,240.375,0.976,0.042,0.073,,on,-72,,20 minute NILM mixer session
2026-06-03T08:04:18.061951+00:00,2026-06-03 14:04:18,Anllia,plug_1,Tapo P110,P110,mixer,017895c5,multi_cycle,1.0,231.625,239.744,0.976,0.042,0.074,,on,-72,,20 minute NILM mixer session
2026-06-03T08:04:19.332012+00:00,2026-06-03 14:04:19,Anllia,plug_1,Tapo P110,P110,mixer,017895c5,multi_cycle,1.0,232.097,239.744,0.974,0.042,0.074,,on,-73,,20 minute NILM mixer session
2026-06-03T08:04:20.663033+00:00,2026-06-03 14:04:20,Anllia,plug_1,Tapo P110,P110,mixer,017895c5,multi_cycle,1.0,232.097,239.744,0.974,0.042,0.074,,on,-72,,20 minute NILM mixer session
2026-06-03T08:04:21.928596+00:00,2026-06-03 14:04:21,Anllia,plug_1,Tapo P110,P110,mixer,017895c5,multi_cycle,1.0,230.566,239.555,0.974,0.042,0.074,,on,-72,,20 minute NILM mixer session
2026-06-03T08:04:23.309205+00:00,2026-06-03 14:04:23,Anllia,plug_1,Tapo P110,P110,mixer,017895c5,multi_cycle,1.0,231.793,239.555,0.973,0.043,0.074,,on,-72,,20 minute NILM mixer session
2026-06-03T08:04:24.643105+00:00,2026-06-03 14:04:24,Anllia,plug_1,Tapo P110,P110,mixer,017895c5,multi_cycle,1.0,231.243,239.783,0.973,0.043,0.074,,on,-72,,20 minute NILM mixer session
2026-06-03T08:04:26.090113+00:00,2026-06-03 14:04:26,Anllia,plug_1,Tapo P110,P110,mixer,017895c5,multi_cycle,1.0,230.508,239.783,0.97,0.043,0.074,,on,-72,,20 minute NILM mixer session
2026-06-03T08:04:27.439657+00:00,2026-06-03 14:04:27,Anllia,plug_1,Tapo P110,P110,mixer,017895c5,multi_cycle,1.0,230.797,239.439,0.97,0.043,0.074,,on,-72,,20 minute NILM mixer session
2026-06-03T08:04:28.824544+00:00,2026-06-03 14:04:28,Anllia,plug_1,Tapo P110,P110,mixer,017895c5,multi_cycle,1.0,230.583,239.439,0.97,0.043,0.074,,on,-72,,20 minute NILM mixer session
2026-06-03T08:04:30.106246+00:00,2026-06-03 14:04:30,Anllia,plug_1,Tapo P110,P110,mixer,017895c5,multi_cycle,1.0,230.522,239.388,0.97,0.043,0.074,,on,-72,,20 minute NILM mixer session
2026-06-03T08:04:31.438390+00:00,2026-06-03 14:04:31,Anllia,plug_1,Tapo P110,P110,mixer,017895c5,multi_cycle,1.0,230.522,239.388,0.971,0.043,0.074,,on,-71,,20 minute NILM mixer session
2026-06-03T08:04:32.836208+00:00,2026-06-03 14:04:32,Anllia,plug_1,Tapo P110,P110,mixer,017895c5,multi_cycle,1.0,230.747,239.388,0.971,0.043,0.075,,on,-72,,20 minute NILM mixer session
2026-06-03T08:04:34.152196+00:00,2026-06-03 14:04:34,Anllia,plug_1,Tapo P110,P110,mixer,017895c5,multi_cycle,1.0,230.163,239.04,0.971,0.043,0.075,,on,-70,,20 minute NILM mixer session
2026-06-03T08:04:35.425539+00:00,2026-06-03 14:04:35,Anllia,plug_1,Tapo P110,P110,mixer,017895c5,multi_cycle,1.0,227.911,239.04,0.964,0.043,0.075,,on,-71,,20 minute NILM mixer session
2026-06-03T08:04:36.756594+00:00,2026-06-03 14:04:36,Anllia,plug_1,Tapo P110,P110,mixer,017895c5,multi_cycle,1.0,1.621,240.106,0.964,0.043,0.075,,on,-72,,20 minute NILM mixer session
2026-06-03T08:04:38.099952+00:00,2026-06-03 14:04:38,Anllia,plug_1,Tapo P110,P110,mixer,017895c5,multi_cycle,1.0,1.621,240.106,0.011,0.043,0.075,,on,-72,,20 minute NILM mixer session
2026-06-03T08:04:39.404421+00:00,2026-06-03 14:04:39,Anllia,plug_1,Tapo P110,P110,mixer,017895c5,multi_cycle,1.0,2.304,240.154,0.011,0.043,0.075,,on,-74,,20 minute NILM mixer session
2026-06-03T08:04:40.650058+00:00,2026-06-03 14:04:40,Anllia,plug_1,Tapo P110,P110,mixer,017895c5,multi_cycle,1.0,2.29,240.154,0.011,0.043,0.075,,on,-72,,20 minute NILM mixer session
2026-06-03T08:04:41.965998+00:00,2026-06-03 14:04:41,Anllia,plug_1,Tapo P110,P110,mixer,017895c5,multi_cycle,1.0,2.251,240.154,0.0,0.043,0.075,,on,-72,,20 minute NILM mixer session
2026-06-03T08:04:43.318898+00:00,2026-06-03 14:04:43,Anllia,plug_1,Tapo P110,P110,mixer,017895c5,multi_cycle,1.0,2.251,239.346,0.0,0.043,0.075,,on,-72,,20 minute NILM mixer session
2026-06-03T08:04:44.607107+00:00,2026-06-03 14:04:44,Anllia,plug_1,Tapo P110,P110,mixer,017895c5,multi_cycle,1.0,2.326,239.346,0.0,0.043,0.075,,on,-71,,20 minute NILM mixer session
2026-06-03T08:04:45.857009+00:00,2026-06-03 14:04:45,Anllia,plug_1,Tapo P110,P110,mixer,017895c5,multi_cycle,1.0,2.367,239.346,0.011,0.043,0.075,,on,-72,,20 minute NILM mixer session
2026-06-03T08:04:47.201933+00:00,2026-06-03 14:04:47,Anllia,plug_1,Tapo P110,P110,mixer,017895c5,multi_cycle,1.0,2.397,239.346,0.011,0.043,0.075,,on,-72,,20 minute NILM mixer session
2026-06-03T08:04:48.469672+00:00,2026-06-03 14:04:48,Anllia,plug_1,Tapo P110,P110,mixer,017895c5,multi_cycle,1.0,2.386,241.994,0.011,0.043,0.075,,on,-71,,20 minute NILM mixer session
2026-06-03T08:04:49.783643+00:00,2026-06-03 14:04:49,Anllia,plug_1,Tapo P110,P110,mixer,017895c5,multi_cycle,1.0,2.386,241.994,0.012,0.043,0.075,,on,-72,,20 minute NILM mixer session
2026-06-03T08:04:51.130956+00:00,2026-06-03 14:04:51,Anllia,plug_1,Tapo P110,P110,mixer,017895c5,multi_cycle,1.0,2.35,242.067,0.012,0.043,0.075,,on,-72,,20 minute NILM mixer session
2026-06-03T08:04:52.497506+00:00,2026-06-03 14:04:52,Anllia,plug_1,Tapo P110,P110,mixer,017895c5,multi_cycle,1.0,2.326,242.067,0.011,0.043,0.075,,on,-72,,20 minute NILM mixer session
2026-06-03T08:04:54.142560+00:00,2026-06-03 14:04:54,Anllia,plug_1,Tapo P110,P110,mixer,017895c5,multi_cycle,1.0,2.33,242.168,0.011,0.043,0.075,,on,-74,,20 minute NILM mixer session
2026-06-03T08:04:55.540294+00:00,2026-06-03 14:04:55,Anllia,plug_1,Tapo P110,P110,mixer,017895c5,multi_cycle,1.0,2.316,242.168,0.011,0.043,0.075,,on,-71,,20 minute NILM mixer session
2026-06-03T08:04:57.103566+00:00,2026-06-03 14:04:57,Anllia,plug_1,Tapo P110,P110,mixer,017895c5,multi_cycle,1.0,2.336,241.99,0.011,0.043,0.075,,on,-71,,20 minute NILM mixer session
2026-06-03T08:04:58.458829+00:00,2026-06-03 14:04:58,Anllia,plug_1,Tapo P110,P110,mixer,017895c5,multi_cycle,1.0,2.273,241.99,0.012,0.043,0.075,,on,-72,,20 minute NILM mixer session
2026-06-03T08:04:59.902893+00:00,2026-06-03 14:04:59,Anllia,plug_1,Tapo P110,P110,mixer,017895c5,multi_cycle,1.0,2.379,241.99,0.012,0.043,0.075,,on,-75,,20 minute NILM mixer session
2026-06-03T08:05:01.167660+00:00,2026-06-03 14:05:01,Anllia,plug_1,Tapo P110,P110,mixer,017895c5,multi_cycle,1.0,2.39,241.965,0.012,0.043,0.075,,on,-73,,20 minute NILM mixer session
2026-06-03T08:05:02.485674+00:00,2026-06-03 14:05:02,Anllia,plug_1,Tapo P110,P110,mixer,017895c5,multi_cycle,1.0,2.39,241.965,0.011,0.043,0.075,,on,-72,,20 minute NILM mixer session
2026-06-03T08:05:03.762813+00:00,2026-06-03 14:05:03,Anllia,plug_1,Tapo P110,P110,mixer,017895c5,multi_cycle,1.0,2.365,242.049,0.011,0.043,0.075,,on,-72,,20 minute NILM mixer session
2026-06-03T08:05:05.199011+00:00,2026-06-03 14:05:05,Anllia,plug_1,Tapo P110,P110,mixer,017895c5,multi_cycle,1.0,2.331,242.049,0.011,0.043,0.075,,on,-75,,20 minute NILM mixer session
2026-06-03T08:05:06.485417+00:00,2026-06-03 14:05:06,Anllia,plug_1,Tapo P110,P110,mixer,017895c5,multi_cycle,1.0,2.449,242.049,0.012,0.043,0.075,,on,-72,,20 minute NILM mixer session
2026-06-03T08:05:07.728351+00:00,2026-06-03 14:05:07,Anllia,plug_1,Tapo P110,P110,mixer,017895c5,multi_cycle,1.0,2.372,242.274,0.012,0.043,0.075,,on,-72,,20 minute NILM mixer session
2026-06-03T08:05:09.064990+00:00,2026-06-03 14:05:09,Anllia,plug_1,Tapo P110,P110,mixer,017895c5,multi_cycle,1.0,2.428,242.274,0.0,0.043,0.075,,on,-73,,20 minute NILM mixer session
2026-06-03T08:05:10.429736+00:00,2026-06-03 14:05:10,Anllia,plug_1,Tapo P110,P110,mixer,017895c5,multi_cycle,1.0,2.377,242.274,0.0,0.043,0.075,,on,-72,,20 minute NILM mixer session
2026-06-03T08:05:11.710556+00:00,2026-06-03 14:05:11,Anllia,plug_1,Tapo P110,P110,mixer,017895c5,multi_cycle,1.0,2.37,242.258,0.0,0.043,0.075,,on,-72,,20 minute NILM mixer session
2026-06-03T08:05:13.012147+00:00,2026-06-03 14:05:13,Anllia,plug_1,Tapo P110,P110,mixer,017895c5,multi_cycle,1.0,2.37,242.258,0.012,0.043,0.075,,on,-74,,20 minute NILM mixer session
