timestamp_utc,timestamp_local,team_member,plug_id,plug_alias,plug_model,appliance,session_id,mode,sample_interval_sec,power_w,voltage_v,current_a,energy_today_kwh,energy_this_month_kwh,energy_total_kwh,state,rssi,signal_level,notes
2026-06-03T18:02:16.778651+00:00,2026-06-04 00:02:16,Anllia,plug_1,Tapo P110,P110,iron,262d5eb8,multi_cycle,1.0,0.0,243.403,0.0,0.153,0.185,,on,-72,,30 minute NILM iron session
2026-06-03T18:02:18.143220+00:00,2026-06-04 00:02:18,Anllia,plug_1,Tapo P110,P110,iron,262d5eb8,multi_cycle,1.0,0.0,243.403,0.0,0.153,0.185,,on,-71,,30 minute NILM iron session
2026-06-03T18:02:20.446192+00:00,2026-06-04 00:02:20,Anllia,plug_1,Tapo P110,P110,iron,262d5eb8,multi_cycle,1.0,0.0,243.403,0.0,0.153,0.185,,on,-72,,30 minute NILM iron session
2026-06-03T18:02:21.844954+00:00,2026-06-04 00:02:21,Anllia,plug_1,Tapo P110,P110,iron,262d5eb8,multi_cycle,1.0,0.0,243.403,0.0,0.153,0.185,,on,-71,,30 minute NILM iron session
2026-06-03T18:02:23.194327+00:00,2026-06-04 00:02:23,Anllia,plug_1,Tapo P110,P110,iron,262d5eb8,multi_cycle,1.0,0.0,243.403,0.0,0.153,0.185,,on,-72,,30 minute NILM iron session
2026-06-03T18:02:24.559085+00:00,2026-06-04 00:02:24,Anllia,plug_1,Tapo P110,P110,iron,262d5eb8,multi_cycle,1.0,0.0,243.403,0.0,0.153,0.185,,on,-73,,30 minute NILM iron session
2026-06-03T18:02:25.913563+00:00,2026-06-04 00:02:25,Anllia,plug_1,Tapo P110,P110,iron,262d5eb8,multi_cycle,1.0,0.0,243.403,0.0,0.153,0.185,,on,-73,,30 minute NILM iron session
2026-06-03T18:02:27.190388+00:00,2026-06-04 00:02:27,Anllia,plug_1,Tapo P110,P110,iron,262d5eb8,multi_cycle,1.0,0.0,243.403,0.0,0.153,0.185,,on,-71,,30 minute NILM iron session
2026-06-03T18:02:28.508849+00:00,2026-06-04 00:02:28,Anllia,plug_1,Tapo P110,P110,iron,262d5eb8,multi_cycle,1.0,0.0,243.403,0.0,0.153,0.185,,on,-71,,30 minute NILM iron session
2026-06-03T18:02:29.773280+00:00,2026-06-04 00:02:29,Anllia,plug_1,Tapo P110,P110,iron,262d5eb8,multi_cycle,1.0,0.0,243.459,0.0,0.153,0.185,,on,-73,,30 minute NILM iron session
2026-06-03T18:02:31.068473+00:00,2026-06-04 00:02:31,Anllia,plug_1,Tapo P110,P110,iron,262d5eb8,multi_cycle,1.0,0.0,243.459,0.0,0.153,0.185,,on,-70,,30 minute NILM iron session
2026-06-03T18:02:32.405249+00:00,2026-06-04 00:02:32,Anllia,plug_1,Tapo P110,P110,iron,262d5eb8,multi_cycle,1.0,0.0,243.459,0.0,0.153,0.185,,on,-72,,30 minute NILM iron session
2026-06-03T18:02:33.647898+00:00,2026-06-04 00:02:33,Anllia,plug_1,Tapo P110,P110,iron,262d5eb8,multi_cycle,1.0,0.0,243.459,0.0,0.153,0.185,,on,-71,,30 minute NILM iron session
2026-06-03T18:02:35.533158+00:00,2026-06-04 00:02:35,Anllia,plug_1,Tapo P110,P110,iron,262d5eb8,multi_cycle,1.0,0.0,243.459,0.0,0.153,0.185,,on,-73,,30 minute NILM iron session
2026-06-03T18:02:36.826996+00:00,2026-06-04 00:02:36,Anllia,plug_1,Tapo P110,P110,iron,262d5eb8,multi_cycle,1.0,0.0,243.459,0.0,0.153,0.185,,on,-71,,30 minute NILM iron session
2026-06-03T18:02:38.141428+00:00,2026-06-04 00:02:38,Anllia,plug_1,Tapo P110,P110,iron,262d5eb8,multi_cycle,1.0,0.0,243.459,0.0,0.153,0.185,,on,-72,,30 minute NILM iron session
2026-06-03T18:02:39.477712+00:00,2026-06-04 00:02:39,Anllia,plug_1,Tapo P110,P110,iron,262d5eb8,multi_cycle,1.0,0.0,243.459,0.0,0.153,0.185,,on,-73,,30 minute NILM iron session
2026-06-03T18:02:40.845132+00:00,2026-06-04 00:02:40,Anllia,plug_1,Tapo P110,P110,iron,262d5eb8,multi_cycle,1.0,0.0,243.459,0.0,0.153,0.185,,on,-70,,30 minute NILM iron session
2026-06-03T18:02:42.112461+00:00,2026-06-04 00:02:42,Anllia,plug_1,Tapo P110,P110,iron,262d5eb8,multi_cycle,1.0,0.0,243.459,0.0,0.153,0.185,,on,-71,,30 minute NILM iron session
2026-06-03T18:02:43.392315+00:00,2026-06-04 00:02:43,Anllia,plug_1,Tapo P110,P110,iron,262d5eb8,multi_cycle,1.0,0.0,242.703,0.0,0.153,0.185,,on,-69,,30 minute NILM iron session
2026-06-03T18:02:44.661904+00:00,2026-06-04 00:02:44,Anllia,plug_1,Tapo P110,P110,iron,262d5eb8,multi_cycle,1.0,0.0,242.703,0.0,0.153,0.185,,on,-71,,30 minute NILM iron session
2026-06-03T18:02:46.026791+00:00,2026-06-04 00:02:46,Anllia,plug_1,Tapo P110,P110,iron,262d5eb8,multi_cycle,1.0,0.0,242.703,0.0,0.153,0.185,,on,-73,,30 minute NILM iron session
2026-06-03T18:02:47.375424+00:00,2026-06-04 00:02:47,Anllia,plug_1,Tapo P110,P110,iron,262d5eb8,multi_cycle,1.0,0.0,242.703,0.0,0.153,0.185,,on,-71,,30 minute NILM iron session
2026-06-03T18:02:49.568315+00:00,2026-06-04 00:02:49,Anllia,plug_1,Tapo P110,P110,iron,262d5eb8,multi_cycle,1.0,0.0,242.703,0.0,0.153,0.185,,on,-71,,30 minute NILM iron session
2026-06-03T18:02:50.879233+00:00,2026-06-04 00:02:50,Anllia,plug_1,Tapo P110,P110,iron,262d5eb8,multi_cycle,1.0,0.0,242.703,0.0,0.153,0.185,,on,-71,,30 minute NILM iron session
2026-06-03T18:02:52.200089+00:00,2026-06-04 00:02:52,Anllia,plug_1,Tapo P110,P110,iron,262d5eb8,multi_cycle,1.0,0.0,242.703,0.0,0.153,0.185,,on,-72,,30 minute NILM iron session
2026-06-03T18:02:53.442048+00:00,2026-06-04 00:02:53,Anllia,plug_1,Tapo P110,P110,iron,262d5eb8,multi_cycle,1.0,0.0,242.703,0.0,0.153,0.185,,on,-71,,30 minute NILM iron session
2026-06-03T18:02:54.860438+00:00,2026-06-04 00:02:54,Anllia,plug_1,Tapo P110,P110,iron,262d5eb8,multi_cycle,1.0,0.0,242.703,0.0,0.153,0.185,,on,-71,,30 minute NILM iron session
2026-06-03T18:02:56.307297+00:00,2026-06-04 00:02:56,Anllia,plug_1,Tapo P110,P110,iron,262d5eb8,multi_cycle,1.0,0.0,242.703,0.0,0.153,0.185,,on,-72,,30 minute NILM iron session
2026-06-03T18:02:57.573637+00:00,2026-06-04 00:02:57,Anllia,plug_1,Tapo P110,P110,iron,262d5eb8,multi_cycle,1.0,0.0,242.76,0.0,0.153,0.185,,on,-71,,30 minute NILM iron session
2026-06-03T18:02:58.828640+00:00,2026-06-04 00:02:58,Anllia,plug_1,Tapo P110,P110,iron,262d5eb8,multi_cycle,1.0,0.0,242.76,0.0,0.153,0.185,,on,-72,,30 minute NILM iron session
2026-06-03T18:03:00.173463+00:00,2026-06-04 00:03:00,Anllia,plug_1,Tapo P110,P110,iron,262d5eb8,multi_cycle,1.0,0.0,242.76,0.0,0.153,0.185,,on,-69,,30 minute NILM iron session
2026-06-03T18:03:01.571805+00:00,2026-06-04 00:03:01,Anllia,plug_1,Tapo P110,P110,iron,262d5eb8,multi_cycle,1.0,0.0,242.76,0.0,0.153,0.185,,on,-72,,30 minute NILM iron session
2026-06-03T18:03:02.839431+00:00,2026-06-04 00:03:02,Anllia,plug_1,Tapo P110,P110,iron,262d5eb8,multi_cycle,1.0,0.0,242.76,0.0,0.153,0.185,,on,-71,,30 minute NILM iron session
2026-06-03T18:03:04.785761+00:00,2026-06-04 00:03:04,Anllia,plug_1,Tapo P110,P110,iron,262d5eb8,multi_cycle,1.0,0.0,242.76,0.0,0.153,0.185,,on,-74,,30 minute NILM iron session
2026-06-03T18:03:06.094952+00:00,2026-06-04 00:03:06,Anllia,plug_1,Tapo P110,P110,iron,262d5eb8,multi_cycle,1.0,0.0,242.76,0.0,0.153,0.185,,on,-71,,30 minute NILM iron session
2026-06-03T18:03:07.361128+00:00,2026-06-04 00:03:07,Anllia,plug_1,Tapo P110,P110,iron,262d5eb8,multi_cycle,1.0,0.0,242.76,0.0,0.153,0.185,,on,-72,,30 minute NILM iron session
2026-06-03T18:03:08.726888+00:00,2026-06-04 00:03:08,Anllia,plug_1,Tapo P110,P110,iron,262d5eb8,multi_cycle,1.0,0.0,242.76,0.0,0.153,0.185,,on,-72,,30 minute NILM iron session
2026-06-03T18:03:10.044952+00:00,2026-06-04 00:03:10,Anllia,plug_1,Tapo P110,P110,iron,262d5eb8,multi_cycle,1.0,0.0,242.76,0.0,0.153,0.185,,on,-70,,30 minute NILM iron session
2026-06-03T18:03:11.309290+00:00,2026-06-04 00:03:11,Anllia,plug_1,Tapo P110,P110,iron,262d5eb8,multi_cycle,1.0,0.0,242.802,0.0,0.153,0.185,,on,-72,,30 minute NILM iron session
2026-06-03T18:03:12.675607+00:00,2026-06-04 00:03:12,Anllia,plug_1,Tapo P110,P110,iron,262d5eb8,multi_cycle,1.0,0.0,242.802,0.0,0.153,0.185,,on,-71,,30 minute NILM iron session
2026-06-03T18:03:13.924564+00:00,2026-06-04 00:03:13,Anllia,plug_1,Tapo P110,P110,iron,262d5eb8,multi_cycle,1.0,0.0,242.802,0.0,0.153,0.185,,on,-71,,30 minute NILM iron session
2026-06-03T18:03:15.341329+00:00,2026-06-04 00:03:15,Anllia,plug_1,Tapo P110,P110,iron,262d5eb8,multi_cycle,1.0,0.0,242.802,0.0,0.153,0.185,,on,-72,,30 minute NILM iron session
2026-06-03T18:03:16.705456+00:00,2026-06-04 00:03:16,Anllia,plug_1,Tapo P110,P110,iron,262d5eb8,multi_cycle,1.0,0.0,242.802,0.0,0.153,0.185,,on,-71,,30 minute NILM iron session
2026-06-03T18:03:17.972324+00:00,2026-06-04 00:03:17,Anllia,plug_1,Tapo P110,P110,iron,262d5eb8,multi_cycle,1.0,0.0,242.802,0.0,0.153,0.185,,on,-72,,30 minute NILM iron session
2026-06-03T18:03:20.175700+00:00,2026-06-04 00:03:20,Anllia,plug_1,Tapo P110,P110,iron,262d5eb8,multi_cycle,1.0,0.0,242.802,0.0,0.153,0.185,,on,-72,,30 minute NILM iron session
2026-06-03T18:03:21.557972+00:00,2026-06-04 00:03:21,Anllia,plug_1,Tapo P110,P110,iron,262d5eb8,multi_cycle,1.0,0.0,242.802,0.0,0.153,0.185,,on,-71,,30 minute NILM iron session
2026-06-03T18:03:22.956082+00:00,2026-06-04 00:03:22,Anllia,plug_1,Tapo P110,P110,iron,262d5eb8,multi_cycle,1.0,0.0,242.802,0.0,0.153,0.185,,on,-72,,30 minute NILM iron session
2026-06-03T18:03:24.208637+00:00,2026-06-04 00:03:24,Anllia,plug_1,Tapo P110,P110,iron,262d5eb8,multi_cycle,1.0,0.0,242.802,0.0,0.153,0.185,,on,-72,,30 minute NILM iron session
2026-06-03T18:03:25.510139+00:00,2026-06-04 00:03:25,Anllia,plug_1,Tapo P110,P110,iron,262d5eb8,multi_cycle,1.0,0.0,242.952,0.0,0.153,0.185,,on,-72,,30 minute NILM iron session
2026-06-03T18:03:26.855655+00:00,2026-06-04 00:03:26,Anllia,plug_1,Tapo P110,P110,iron,262d5eb8,multi_cycle,1.0,0.0,242.952,0.0,0.153,0.185,,on,-73,,30 minute NILM iron session
2026-06-03T18:03:28.168651+00:00,2026-06-04 00:03:28,Anllia,plug_1,Tapo P110,P110,iron,262d5eb8,multi_cycle,1.0,0.0,242.952,0.0,0.153,0.185,,on,-72,,30 minute NILM iron session
2026-06-03T18:03:29.410826+00:00,2026-06-04 00:03:29,Anllia,plug_1,Tapo P110,P110,iron,262d5eb8,multi_cycle,1.0,0.0,242.952,0.0,0.153,0.185,,on,-71,,30 minute NILM iron session
2026-06-03T18:03:30.720089+00:00,2026-06-04 00:03:30,Anllia,plug_1,Tapo P110,P110,iron,262d5eb8,multi_cycle,1.0,0.0,242.952,0.0,0.153,0.185,,on,-72,,30 minute NILM iron session
2026-06-03T18:03:31.981798+00:00,2026-06-04 00:03:31,Anllia,plug_1,Tapo P110,P110,iron,262d5eb8,multi_cycle,1.0,0.0,242.952,0.0,0.153,0.185,,on,-72,,30 minute NILM iron session
2026-06-03T18:03:33.320424+00:00,2026-06-04 00:03:33,Anllia,plug_1,Tapo P110,P110,iron,262d5eb8,multi_cycle,1.0,0.0,242.952,0.0,0.153,0.185,,on,-71,,30 minute NILM iron session
2026-06-03T18:03:35.006060+00:00,2026-06-04 00:03:35,Anllia,plug_1,Tapo P110,P110,iron,262d5eb8,multi_cycle,1.0,0.0,242.952,0.0,0.153,0.185,,on,-71,,30 minute NILM iron session
2026-06-03T18:03:36.319522+00:00,2026-06-04 00:03:36,Anllia,plug_1,Tapo P110,P110,iron,262d5eb8,multi_cycle,1.0,0.0,242.952,0.0,0.153,0.185,,on,-71,,30 minute NILM iron session
2026-06-03T18:03:37.610189+00:00,2026-06-04 00:03:37,Anllia,plug_1,Tapo P110,P110,iron,262d5eb8,multi_cycle,1.0,0.0,242.952,0.0,0.153,0.185,,on,-71,,30 minute NILM iron session
2026-06-03T18:03:38.948596+00:00,2026-06-04 00:03:38,Anllia,plug_1,Tapo P110,P110,iron,262d5eb8,multi_cycle,1.0,0.0,242.952,0.0,0.153,0.185,,on,-71,,30 minute NILM iron session
2026-06-03T18:03:40.309626+00:00,2026-06-04 00:03:40,Anllia,plug_1,Tapo P110,P110,iron,262d5eb8,multi_cycle,1.0,0.0,242.932,0.0,0.153,0.185,,on,-72,,30 minute NILM iron session
2026-06-03T18:03:41.574705+00:00,2026-06-04 00:03:41,Anllia,plug_1,Tapo P110,P110,iron,262d5eb8,multi_cycle,1.0,0.0,242.932,0.0,0.153,0.185,,on,-71,,30 minute NILM iron session
2026-06-03T18:03:42.841137+00:00,2026-06-04 00:03:42,Anllia,plug_1,Tapo P110,P110,iron,262d5eb8,multi_cycle,1.0,0.0,242.932,0.0,0.153,0.185,,on,-72,,30 minute NILM iron session
2026-06-03T18:03:44.091377+00:00,2026-06-04 00:03:44,Anllia,plug_1,Tapo P110,P110,iron,262d5eb8,multi_cycle,1.0,0.0,242.932,0.0,0.153,0.185,,on,-71,,30 minute NILM iron session
2026-06-03T18:03:45.337632+00:00,2026-06-04 00:03:45,Anllia,plug_1,Tapo P110,P110,iron,262d5eb8,multi_cycle,1.0,0.0,242.932,0.0,0.153,0.185,,on,-71,,30 minute NILM iron session
2026-06-03T18:03:46.591876+00:00,2026-06-04 00:03:46,Anllia,plug_1,Tapo P110,P110,iron,262d5eb8,multi_cycle,1.0,0.0,242.932,0.0,0.153,0.185,,on,-71,,30 minute NILM iron session
2026-06-03T18:03:47.967517+00:00,2026-06-04 00:03:47,Anllia,plug_1,Tapo P110,P110,iron,262d5eb8,multi_cycle,1.0,0.0,242.932,0.0,0.153,0.185,,on,-72,,30 minute NILM iron session
2026-06-03T18:03:50.348826+00:00,2026-06-04 00:03:50,Anllia,plug_1,Tapo P110,P110,iron,262d5eb8,multi_cycle,1.0,0.0,242.932,0.0,0.153,0.185,,on,-72,,30 minute NILM iron session
2026-06-03T18:03:51.622764+00:00,2026-06-04 00:03:51,Anllia,plug_1,Tapo P110,P110,iron,262d5eb8,multi_cycle,1.0,0.0,242.932,0.0,0.153,0.185,,on,-72,,30 minute NILM iron session
2026-06-03T18:03:52.926520+00:00,2026-06-04 00:03:52,Anllia,plug_1,Tapo P110,P110,iron,262d5eb8,multi_cycle,1.0,0.0,242.932,0.0,0.153,0.185,,on,-72,,30 minute NILM iron session
2026-06-03T18:03:54.325783+00:00,2026-06-04 00:03:54,Anllia,plug_1,Tapo P110,P110,iron,262d5eb8,multi_cycle,1.0,0.0,242.76,0.0,0.153,0.185,,on,-72,,30 minute NILM iron session
2026-06-03T18:03:55.581130+00:00,2026-06-04 00:03:55,Anllia,plug_1,Tapo P110,P110,iron,262d5eb8,multi_cycle,1.0,0.0,242.76,0.0,0.153,0.185,,on,-72,,30 minute NILM iron session
2026-06-03T18:03:56.924829+00:00,2026-06-04 00:03:56,Anllia,plug_1,Tapo P110,P110,iron,262d5eb8,multi_cycle,1.0,0.0,242.76,0.0,0.153,0.185,,on,-72,,30 minute NILM iron session
2026-06-03T18:03:58.194116+00:00,2026-06-04 00:03:58,Anllia,plug_1,Tapo P110,P110,iron,262d5eb8,multi_cycle,1.0,0.0,242.76,0.0,0.153,0.185,,on,-72,,30 minute NILM iron session
2026-06-03T18:03:59.508875+00:00,2026-06-04 00:03:59,Anllia,plug_1,Tapo P110,P110,iron,262d5eb8,multi_cycle,1.0,0.0,242.76,0.0,0.153,0.185,,on,-71,,30 minute NILM iron session
2026-06-03T18:04:00.872758+00:00,2026-06-04 00:04:00,Anllia,plug_1,Tapo P110,P110,iron,262d5eb8,multi_cycle,1.0,0.0,242.76,0.0,0.153,0.185,,on,-71,,30 minute NILM iron session
2026-06-03T18:04:02.137953+00:00,2026-06-04 00:04:02,Anllia,plug_1,Tapo P110,P110,iron,262d5eb8,multi_cycle,1.0,0.0,242.76,0.0,0.153,0.185,,on,-73,,30 minute NILM iron session
2026-06-03T18:04:03.504789+00:00,2026-06-04 00:04:03,Anllia,plug_1,Tapo P110,P110,iron,262d5eb8,multi_cycle,1.0,0.0,242.76,0.0,0.153,0.185,,on,-72,,30 minute NILM iron session
2026-06-03T18:04:04.860760+00:00,2026-06-04 00:04:04,Anllia,plug_1,Tapo P110,P110,iron,262d5eb8,multi_cycle,1.0,0.0,242.76,0.0,0.153,0.185,,on,-72,,30 minute NILM iron session
2026-06-03T18:04:06.305328+00:00,2026-06-04 00:04:06,Anllia,plug_1,Tapo P110,P110,iron,262d5eb8,multi_cycle,1.0,0.0,242.76,0.0,0.153,0.185,,on,-71,,30 minute NILM iron session
2026-06-03T18:04:07.699518+00:00,2026-06-04 00:04:07,Anllia,plug_1,Tapo P110,P110,iron,262d5eb8,multi_cycle,1.0,0.0,243.097,0.0,0.153,0.185,,on,-71,,30 minute NILM iron session
2026-06-03T18:04:09.901254+00:00,2026-06-04 00:04:09,Anllia,plug_1,Tapo P110,P110,iron,262d5eb8,multi_cycle,1.0,0.0,243.097,0.0,0.153,0.185,,on,-70,,30 minute NILM iron session
2026-06-03T18:04:11.268711+00:00,2026-06-04 00:04:11,Anllia,plug_1,Tapo P110,P110,iron,262d5eb8,multi_cycle,1.0,0.0,243.097,0.0,0.153,0.185,,on,-72,,30 minute NILM iron session
2026-06-03T18:04:12.634824+00:00,2026-06-04 00:04:12,Anllia,plug_1,Tapo P110,P110,iron,262d5eb8,multi_cycle,1.0,0.0,243.097,0.0,0.153,0.185,,on,-72,,30 minute NILM iron session
2026-06-03T18:04:13.901032+00:00,2026-06-04 00:04:13,Anllia,plug_1,Tapo P110,P110,iron,262d5eb8,multi_cycle,1.0,0.0,243.097,0.0,0.153,0.185,,on,-73,,30 minute NILM iron session
2026-06-03T18:04:15.348909+00:00,2026-06-04 00:04:15,Anllia,plug_1,Tapo P110,P110,iron,262d5eb8,multi_cycle,1.0,0.0,243.097,0.0,0.153,0.185,,on,-73,,30 minute NILM iron session
2026-06-03T18:04:16.766444+00:00,2026-06-04 00:04:16,Anllia,plug_1,Tapo P110,P110,iron,262d5eb8,multi_cycle,1.0,0.0,243.097,0.0,0.153,0.185,,on,-72,,30 minute NILM iron session
2026-06-03T18:04:18.020860+00:00,2026-06-04 00:04:18,Anllia,plug_1,Tapo P110,P110,iron,262d5eb8,multi_cycle,1.0,0.0,243.097,0.0,0.153,0.185,,on,-71,,30 minute NILM iron session
2026-06-03T18:04:19.790413+00:00,2026-06-04 00:04:19,Anllia,plug_1,Tapo P110,P110,iron,262d5eb8,multi_cycle,1.0,0.0,243.097,0.0,0.153,0.185,,on,-71,,30 minute NILM iron session
2026-06-03T18:04:21.221493+00:00,2026-06-04 00:04:21,Anllia,plug_1,Tapo P110,P110,iron,262d5eb8,multi_cycle,1.0,0.0,243.097,0.0,0.153,0.185,,on,-72,,30 minute NILM iron session
2026-06-03T18:04:22.465051+00:00,2026-06-04 00:04:22,Anllia,plug_1,Tapo P110,P110,iron,262d5eb8,multi_cycle,1.0,0.0,243.099,0.0,0.153,0.185,,on,-70,,30 minute NILM iron session
2026-06-03T18:04:23.745970+00:00,2026-06-04 00:04:23,Anllia,plug_1,Tapo P110,P110,iron,262d5eb8,multi_cycle,1.0,0.0,243.099,0.0,0.153,0.185,,on,-72,,30 minute NILM iron session
2026-06-03T18:04:25.170365+00:00,2026-06-04 00:04:25,Anllia,plug_1,Tapo P110,P110,iron,262d5eb8,multi_cycle,1.0,0.0,243.099,0.0,0.153,0.185,,on,-75,,30 minute NILM iron session
2026-06-03T18:04:26.449580+00:00,2026-06-04 00:04:26,Anllia,plug_1,Tapo P110,P110,iron,262d5eb8,multi_cycle,1.0,0.0,243.099,0.0,0.153,0.185,,on,-71,,30 minute NILM iron session
2026-06-03T18:04:27.851021+00:00,2026-06-04 00:04:27,Anllia,plug_1,Tapo P110,P110,iron,262d5eb8,multi_cycle,1.0,0.0,243.099,0.0,0.153,0.185,,on,-71,,30 minute NILM iron session
2026-06-03T18:04:29.119999+00:00,2026-06-04 00:04:29,Anllia,plug_1,Tapo P110,P110,iron,262d5eb8,multi_cycle,1.0,0.0,243.099,0.0,0.153,0.185,,on,-72,,30 minute NILM iron session
2026-06-03T18:04:30.372454+00:00,2026-06-04 00:04:30,Anllia,plug_1,Tapo P110,P110,iron,262d5eb8,multi_cycle,1.0,0.0,243.099,0.0,0.153,0.185,,on,-71,,30 minute NILM iron session
2026-06-03T18:04:31.717274+00:00,2026-06-04 00:04:31,Anllia,plug_1,Tapo P110,P110,iron,262d5eb8,multi_cycle,1.0,0.0,243.099,0.0,0.153,0.185,,on,-72,,30 minute NILM iron session
2026-06-03T18:04:32.961746+00:00,2026-06-04 00:04:32,Anllia,plug_1,Tapo P110,P110,iron,262d5eb8,multi_cycle,1.0,0.0,243.099,0.0,0.153,0.185,,on,-71,,30 minute NILM iron session
2026-06-03T18:04:34.964311+00:00,2026-06-04 00:04:34,Anllia,plug_1,Tapo P110,P110,iron,262d5eb8,multi_cycle,1.0,0.0,243.099,0.0,0.153,0.185,,on,-70,,30 minute NILM iron session
2026-06-03T18:04:36.404696+00:00,2026-06-04 00:04:36,Anllia,plug_1,Tapo P110,P110,iron,262d5eb8,multi_cycle,1.0,0.0,243.326,0.0,0.153,0.185,,on,-70,,30 minute NILM iron session
2026-06-03T18:04:37.803735+00:00,2026-06-04 00:04:37,Anllia,plug_1,Tapo P110,P110,iron,262d5eb8,multi_cycle,1.0,0.0,243.326,0.0,0.153,0.185,,on,-70,,30 minute NILM iron session
2026-06-03T18:04:39.070449+00:00,2026-06-04 00:04:39,Anllia,plug_1,Tapo P110,P110,iron,262d5eb8,multi_cycle,1.0,0.0,243.326,0.0,0.153,0.185,,on,-71,,30 minute NILM iron session
2026-06-03T18:04:40.361582+00:00,2026-06-04 00:04:40,Anllia,plug_1,Tapo P110,P110,iron,262d5eb8,multi_cycle,1.0,0.0,243.326,0.0,0.153,0.185,,on,-70,,30 minute NILM iron session
2026-06-03T18:04:41.668405+00:00,2026-06-04 00:04:41,Anllia,plug_1,Tapo P110,P110,iron,262d5eb8,multi_cycle,1.0,0.0,243.326,0.0,0.153,0.185,,on,-71,,30 minute NILM iron session
2026-06-03T18:04:43.100750+00:00,2026-06-04 00:04:43,Anllia,plug_1,Tapo P110,P110,iron,262d5eb8,multi_cycle,1.0,0.0,243.326,0.0,0.153,0.185,,on,-71,,30 minute NILM iron session
2026-06-03T18:04:44.465181+00:00,2026-06-04 00:04:44,Anllia,plug_1,Tapo P110,P110,iron,262d5eb8,multi_cycle,1.0,0.0,243.326,0.0,0.153,0.185,,on,-73,,30 minute NILM iron session
2026-06-03T18:04:45.816917+00:00,2026-06-04 00:04:45,Anllia,plug_1,Tapo P110,P110,iron,262d5eb8,multi_cycle,1.0,0.0,243.326,0.0,0.153,0.185,,on,-71,,30 minute NILM iron session
2026-06-03T18:04:47.211462+00:00,2026-06-04 00:04:47,Anllia,plug_1,Tapo P110,P110,iron,262d5eb8,multi_cycle,1.0,0.0,243.326,0.0,0.153,0.185,,on,-71,,30 minute NILM iron session
2026-06-03T18:04:48.529327+00:00,2026-06-04 00:04:48,Anllia,plug_1,Tapo P110,P110,iron,262d5eb8,multi_cycle,1.0,0.0,243.326,0.0,0.153,0.185,,on,-71,,30 minute NILM iron session
2026-06-03T18:04:50.208900+00:00,2026-06-04 00:04:50,Anllia,plug_1,Tapo P110,P110,iron,262d5eb8,multi_cycle,1.0,0.0,243.297,0.0,0.153,0.185,,on,-71,,30 minute NILM iron session
2026-06-03T18:04:51.576092+00:00,2026-06-04 00:04:51,Anllia,plug_1,Tapo P110,P110,iron,262d5eb8,multi_cycle,1.0,0.0,243.297,0.0,0.153,0.185,,on,-70,,30 minute NILM iron session
2026-06-03T18:04:52.936806+00:00,2026-06-04 00:04:52,Anllia,plug_1,Tapo P110,P110,iron,262d5eb8,multi_cycle,1.0,0.0,243.297,0.0,0.153,0.185,,on,-72,,30 minute NILM iron session
2026-06-03T18:04:54.205225+00:00,2026-06-04 00:04:54,Anllia,plug_1,Tapo P110,P110,iron,262d5eb8,multi_cycle,1.0,0.0,243.297,0.0,0.153,0.185,,on,-73,,30 minute NILM iron session
2026-06-03T18:04:55.733227+00:00,2026-06-04 00:04:55,Anllia,plug_1,Tapo P110,P110,iron,262d5eb8,multi_cycle,1.0,0.0,243.297,0.0,0.153,0.185,,on,-73,,30 minute NILM iron session
2026-06-03T18:04:56.999450+00:00,2026-06-04 00:04:56,Anllia,plug_1,Tapo P110,P110,iron,262d5eb8,multi_cycle,1.0,0.0,243.297,0.0,0.153,0.185,,on,-73,,30 minute NILM iron session
2026-06-03T18:04:58.285880+00:00,2026-06-04 00:04:58,Anllia,plug_1,Tapo P110,P110,iron,262d5eb8,multi_cycle,1.0,0.0,243.297,0.0,0.154,0.185,,on,-70,,30 minute NILM iron session
2026-06-03T18:04:59.549877+00:00,2026-06-04 00:04:59,Anllia,plug_1,Tapo P110,P110,iron,262d5eb8,multi_cycle,1.0,1366.219,243.297,5.782,0.154,0.186,,on,-72,,30 minute NILM iron session
2026-06-03T18:05:00.898093+00:00,2026-06-04 00:05:00,Anllia,plug_1,Tapo P110,P110,iron,262d5eb8,multi_cycle,1.0,1402.75,235.865,5.782,0.155,0.186,,on,-70,,30 minute NILM iron session
2026-06-03T18:05:02.184198+00:00,2026-06-04 00:05:02,Anllia,plug_1,Tapo P110,P110,iron,262d5eb8,multi_cycle,1.0,1400.791,235.865,5.926,0.155,0.187,,on,-71,,30 minute NILM iron session
2026-06-03T18:05:03.507427+00:00,2026-06-04 00:05:03,Anllia,plug_1,Tapo P110,P110,iron,262d5eb8,multi_cycle,1.0,1397.108,236.027,5.926,0.156,0.187,,on,-71,,30 minute NILM iron session
2026-06-03T18:05:05.527920+00:00,2026-06-04 00:05:05,Anllia,plug_1,Tapo P110,P110,iron,262d5eb8,multi_cycle,1.0,1394.606,236.027,5.903,0.156,0.188,,on,-72,,30 minute NILM iron session
2026-06-03T18:05:06.772569+00:00,2026-06-04 00:05:06,Anllia,plug_1,Tapo P110,P110,iron,262d5eb8,multi_cycle,1.0,1394.711,236.063,5.903,0.157,0.188,,on,-72,,30 minute NILM iron session
2026-06-03T18:05:08.100004+00:00,2026-06-04 00:05:08,Anllia,plug_1,Tapo P110,P110,iron,262d5eb8,multi_cycle,1.0,1393.898,236.063,5.897,0.157,0.189,,on,-72,,30 minute NILM iron session
2026-06-03T18:05:09.473526+00:00,2026-06-04 00:05:09,Anllia,plug_1,Tapo P110,P110,iron,262d5eb8,multi_cycle,1.0,1393.019,236.096,5.897,0.158,0.189,,on,-72,,30 minute NILM iron session
2026-06-03T18:05:10.785643+00:00,2026-06-04 00:05:10,Anllia,plug_1,Tapo P110,P110,iron,262d5eb8,multi_cycle,1.0,1393.019,236.096,5.897,0.158,0.189,,on,-72,,30 minute NILM iron session
2026-06-03T18:05:12.050985+00:00,2026-06-04 00:05:12,Anllia,plug_1,Tapo P110,P110,iron,262d5eb8,multi_cycle,1.0,1393.019,236.096,0.0,0.158,0.189,,on,-72,,30 minute NILM iron session
2026-06-03T18:05:13.287025+00:00,2026-06-04 00:05:13,Anllia,plug_1,Tapo P110,P110,iron,262d5eb8,multi_cycle,1.0,0.0,243.373,0.0,0.158,0.189,,on,-72,,30 minute NILM iron session
2026-06-03T18:05:14.543386+00:00,2026-06-04 00:05:14,Anllia,plug_1,Tapo P110,P110,iron,262d5eb8,multi_cycle,1.0,0.0,243.373,0.0,0.158,0.189,,on,-72,,30 minute NILM iron session
2026-06-03T18:05:15.884722+00:00,2026-06-04 00:05:15,Anllia,plug_1,Tapo P110,P110,iron,262d5eb8,multi_cycle,1.0,0.0,243.373,0.0,0.158,0.189,,on,-71,,30 minute NILM iron session
2026-06-03T18:05:17.228916+00:00,2026-06-04 00:05:17,Anllia,plug_1,Tapo P110,P110,iron,262d5eb8,multi_cycle,1.0,0.0,243.373,0.0,0.158,0.189,,on,-72,,30 minute NILM iron session
2026-06-03T18:05:18.599001+00:00,2026-06-04 00:05:18,Anllia,plug_1,Tapo P110,P110,iron,262d5eb8,multi_cycle,1.0,0.0,243.373,0.0,0.158,0.189,,on,-70,,30 minute NILM iron session
2026-06-03T18:05:19.852703+00:00,2026-06-04 00:05:19,Anllia,plug_1,Tapo P110,P110,iron,262d5eb8,multi_cycle,1.0,0.0,243.373,0.0,0.158,0.189,,on,-72,,30 minute NILM iron session
2026-06-03T18:05:21.106225+00:00,2026-06-04 00:05:21,Anllia,plug_1,Tapo P110,P110,iron,262d5eb8,multi_cycle,1.0,0.0,243.373,0.0,0.158,0.189,,on,-72,,30 minute NILM iron session
2026-06-03T18:05:22.364851+00:00,2026-06-04 00:05:22,Anllia,plug_1,Tapo P110,P110,iron,262d5eb8,multi_cycle,1.0,0.0,243.373,0.0,0.158,0.189,,on,-72,,30 minute NILM iron session
2026-06-03T18:05:23.649508+00:00,2026-06-04 00:05:23,Anllia,plug_1,Tapo P110,P110,iron,262d5eb8,multi_cycle,1.0,0.0,243.373,0.0,0.158,0.189,,on,-72,,30 minute NILM iron session
2026-06-03T18:05:25.036564+00:00,2026-06-04 00:05:25,Anllia,plug_1,Tapo P110,P110,iron,262d5eb8,multi_cycle,1.0,0.0,243.373,0.0,0.158,0.189,,on,-72,,30 minute NILM iron session
2026-06-03T18:05:26.413140+00:00,2026-06-04 00:05:26,Anllia,plug_1,Tapo P110,P110,iron,262d5eb8,multi_cycle,1.0,0.0,243.373,0.0,0.158,0.189,,on,-71,,30 minute NILM iron session
2026-06-03T18:05:27.812581+00:00,2026-06-04 00:05:27,Anllia,plug_1,Tapo P110,P110,iron,262d5eb8,multi_cycle,1.0,0.0,243.583,0.0,0.158,0.189,,on,-70,,30 minute NILM iron session
2026-06-03T18:05:29.053257+00:00,2026-06-04 00:05:29,Anllia,plug_1,Tapo P110,P110,iron,262d5eb8,multi_cycle,1.0,0.0,243.583,0.0,0.158,0.189,,on,-72,,30 minute NILM iron session
2026-06-03T18:05:30.312455+00:00,2026-06-04 00:05:30,Anllia,plug_1,Tapo P110,P110,iron,262d5eb8,multi_cycle,1.0,0.0,243.583,0.0,0.158,0.189,,on,-72,,30 minute NILM iron session
2026-06-03T18:05:31.598163+00:00,2026-06-04 00:05:31,Anllia,plug_1,Tapo P110,P110,iron,262d5eb8,multi_cycle,1.0,0.0,243.583,0.0,0.158,0.189,,on,-71,,30 minute NILM iron session
2026-06-03T18:05:33.137493+00:00,2026-06-04 00:05:33,Anllia,plug_1,Tapo P110,P110,iron,262d5eb8,multi_cycle,1.0,0.0,243.583,0.0,0.158,0.189,,on,-72,,30 minute NILM iron session
2026-06-03T18:05:34.492974+00:00,2026-06-04 00:05:34,Anllia,plug_1,Tapo P110,P110,iron,262d5eb8,multi_cycle,1.0,0.0,243.583,0.0,0.158,0.189,,on,-72,,30 minute NILM iron session
2026-06-03T18:05:35.761544+00:00,2026-06-04 00:05:35,Anllia,plug_1,Tapo P110,P110,iron,262d5eb8,multi_cycle,1.0,0.0,243.583,0.0,0.158,0.189,,on,-72,,30 minute NILM iron session
2026-06-03T18:05:37.005259+00:00,2026-06-04 00:05:37,Anllia,plug_1,Tapo P110,P110,iron,262d5eb8,multi_cycle,1.0,0.0,243.583,0.0,0.158,0.189,,on,-71,,30 minute NILM iron session
2026-06-03T18:05:38.292327+00:00,2026-06-04 00:05:38,Anllia,plug_1,Tapo P110,P110,iron,262d5eb8,multi_cycle,1.0,0.0,243.583,0.0,0.158,0.189,,on,-71,,30 minute NILM iron session
2026-06-03T18:05:40.105556+00:00,2026-06-04 00:05:40,Anllia,plug_1,Tapo P110,P110,iron,262d5eb8,multi_cycle,1.0,0.0,243.583,0.0,0.158,0.189,,on,-71,,30 minute NILM iron session
2026-06-03T18:05:41.351911+00:00,2026-06-04 00:05:41,Anllia,plug_1,Tapo P110,P110,iron,262d5eb8,multi_cycle,1.0,0.0,243.195,0.0,0.158,0.189,,on,-71,,30 minute NILM iron session
2026-06-03T18:05:42.635642+00:00,2026-06-04 00:05:42,Anllia,plug_1,Tapo P110,P110,iron,262d5eb8,multi_cycle,1.0,0.0,243.195,0.0,0.158,0.189,,on,-71,,30 minute NILM iron session
2026-06-03T18:05:43.984499+00:00,2026-06-04 00:05:43,Anllia,plug_1,Tapo P110,P110,iron,262d5eb8,multi_cycle,1.0,0.0,243.195,0.0,0.158,0.189,,on,-72,,30 minute NILM iron session
2026-06-03T18:05:45.269660+00:00,2026-06-04 00:05:45,Anllia,plug_1,Tapo P110,P110,iron,262d5eb8,multi_cycle,1.0,0.0,243.195,0.0,0.158,0.189,,on,-72,,30 minute NILM iron session
2026-06-03T18:05:46.515467+00:00,2026-06-04 00:05:46,Anllia,plug_1,Tapo P110,P110,iron,262d5eb8,multi_cycle,1.0,0.0,243.195,0.0,0.158,0.189,,on,-71,,30 minute NILM iron session
2026-06-03T18:05:47.820898+00:00,2026-06-04 00:05:47,Anllia,plug_1,Tapo P110,P110,iron,262d5eb8,multi_cycle,1.0,0.0,243.195,0.0,0.158,0.189,,on,-72,,30 minute NILM iron session
2026-06-03T18:05:49.969355+00:00,2026-06-04 00:05:49,Anllia,plug_1,Tapo P110,P110,iron,262d5eb8,multi_cycle,1.0,0.0,243.195,0.0,0.158,0.189,,on,-71,,30 minute NILM iron session
2026-06-03T18:05:51.243279+00:00,2026-06-04 00:05:51,Anllia,plug_1,Tapo P110,P110,iron,262d5eb8,multi_cycle,1.0,0.0,243.195,0.0,0.158,0.189,,on,-71,,30 minute NILM iron session
2026-06-03T18:05:52.591551+00:00,2026-06-04 00:05:52,Anllia,plug_1,Tapo P110,P110,iron,262d5eb8,multi_cycle,1.0,0.0,243.195,0.0,0.158,0.189,,on,-72,,30 minute NILM iron session
2026-06-03T18:05:53.989883+00:00,2026-06-04 00:05:53,Anllia,plug_1,Tapo P110,P110,iron,262d5eb8,multi_cycle,1.0,0.0,243.195,0.0,0.158,0.189,,on,-71,,30 minute NILM iron session
2026-06-03T18:05:55.382239+00:00,2026-06-04 00:05:55,Anllia,plug_1,Tapo P110,P110,iron,262d5eb8,multi_cycle,1.0,0.0,243.195,0.0,0.158,0.189,,on,-72,,30 minute NILM iron session
2026-06-03T18:05:56.654442+00:00,2026-06-04 00:05:56,Anllia,plug_1,Tapo P110,P110,iron,262d5eb8,multi_cycle,1.0,0.0,242.642,0.0,0.158,0.189,,on,-72,,30 minute NILM iron session
2026-06-03T18:05:57.980391+00:00,2026-06-04 00:05:57,Anllia,plug_1,Tapo P110,P110,iron,262d5eb8,multi_cycle,1.0,0.0,242.642,0.0,0.158,0.189,,on,-72,,30 minute NILM iron session
2026-06-03T18:05:59.335113+00:00,2026-06-04 00:05:59,Anllia,plug_1,Tapo P110,P110,iron,262d5eb8,multi_cycle,1.0,0.0,242.642,0.0,0.158,0.189,,on,-72,,30 minute NILM iron session
2026-06-03T18:06:00.605791+00:00,2026-06-04 00:06:00,Anllia,plug_1,Tapo P110,P110,iron,262d5eb8,multi_cycle,1.0,0.0,242.642,0.0,0.158,0.189,,on,-72,,30 minute NILM iron session
2026-06-03T18:06:01.853574+00:00,2026-06-04 00:06:01,Anllia,plug_1,Tapo P110,P110,iron,262d5eb8,multi_cycle,1.0,0.0,242.642,0.0,0.158,0.189,,on,-72,,30 minute NILM iron session
2026-06-03T18:06:03.152269+00:00,2026-06-04 00:06:03,Anllia,plug_1,Tapo P110,P110,iron,262d5eb8,multi_cycle,1.0,0.0,242.642,0.0,0.158,0.189,,on,-72,,30 minute NILM iron session
2026-06-03T18:06:04.552513+00:00,2026-06-04 00:06:04,Anllia,plug_1,Tapo P110,P110,iron,262d5eb8,multi_cycle,1.0,0.0,242.642,0.0,0.158,0.189,,on,-71,,30 minute NILM iron session
2026-06-03T18:06:05.924849+00:00,2026-06-04 00:06:05,Anllia,plug_1,Tapo P110,P110,iron,262d5eb8,multi_cycle,1.0,0.0,242.642,0.0,0.158,0.189,,on,-71,,30 minute NILM iron session
2026-06-03T18:06:07.241119+00:00,2026-06-04 00:06:07,Anllia,plug_1,Tapo P110,P110,iron,262d5eb8,multi_cycle,1.0,0.0,242.642,0.0,0.158,0.189,,on,-72,,30 minute NILM iron session
2026-06-03T18:06:08.568135+00:00,2026-06-04 00:06:08,Anllia,plug_1,Tapo P110,P110,iron,262d5eb8,multi_cycle,1.0,0.0,242.642,0.0,0.158,0.189,,on,-72,,30 minute NILM iron session
2026-06-03T18:06:09.880569+00:00,2026-06-04 00:06:09,Anllia,plug_1,Tapo P110,P110,iron,262d5eb8,multi_cycle,1.0,0.0,242.969,0.0,0.158,0.189,,on,-71,,30 minute NILM iron session
2026-06-03T18:06:11.204393+00:00,2026-06-04 00:06:11,Anllia,plug_1,Tapo P110,P110,iron,262d5eb8,multi_cycle,1.0,0.0,242.969,0.0,0.158,0.189,,on,-72,,30 minute NILM iron session
2026-06-03T18:06:12.553444+00:00,2026-06-04 00:06:12,Anllia,plug_1,Tapo P110,P110,iron,262d5eb8,multi_cycle,1.0,0.0,242.969,0.0,0.158,0.189,,on,-72,,30 minute NILM iron session
2026-06-03T18:06:13.829908+00:00,2026-06-04 00:06:13,Anllia,plug_1,Tapo P110,P110,iron,262d5eb8,multi_cycle,1.0,0.0,242.969,0.0,0.158,0.189,,on,-71,,30 minute NILM iron session
2026-06-03T18:06:15.081327+00:00,2026-06-04 00:06:15,Anllia,plug_1,Tapo P110,P110,iron,262d5eb8,multi_cycle,1.0,0.0,242.969,0.0,0.158,0.189,,on,-72,,30 minute NILM iron session
2026-06-03T18:06:16.390576+00:00,2026-06-04 00:06:16,Anllia,plug_1,Tapo P110,P110,iron,262d5eb8,multi_cycle,1.0,0.0,242.969,0.0,0.158,0.189,,on,-72,,30 minute NILM iron session
2026-06-03T18:06:17.802560+00:00,2026-06-04 00:06:17,Anllia,plug_1,Tapo P110,P110,iron,262d5eb8,multi_cycle,1.0,0.0,242.969,0.0,0.158,0.189,,on,-71,,30 minute NILM iron session
2026-06-03T18:06:19.181621+00:00,2026-06-04 00:06:19,Anllia,plug_1,Tapo P110,P110,iron,262d5eb8,multi_cycle,1.0,0.0,242.969,0.0,0.158,0.189,,on,-71,,30 minute NILM iron session
2026-06-03T18:06:20.663861+00:00,2026-06-04 00:06:20,Anllia,plug_1,Tapo P110,P110,iron,262d5eb8,multi_cycle,1.0,0.0,242.969,0.0,0.158,0.189,,on,-72,,30 minute NILM iron session
2026-06-03T18:06:22.240237+00:00,2026-06-04 00:06:22,Anllia,plug_1,Tapo P110,P110,iron,262d5eb8,multi_cycle,1.0,0.0,242.969,0.0,0.158,0.189,,on,-72,,30 minute NILM iron session
2026-06-03T18:06:23.628677+00:00,2026-06-04 00:06:23,Anllia,plug_1,Tapo P110,P110,iron,262d5eb8,multi_cycle,1.0,0.0,242.842,0.0,0.158,0.189,,on,-71,,30 minute NILM iron session
2026-06-03T18:06:25.304753+00:00,2026-06-04 00:06:25,Anllia,plug_1,Tapo P110,P110,iron,262d5eb8,multi_cycle,1.0,0.0,242.842,0.0,0.158,0.189,,on,-72,,30 minute NILM iron session
2026-06-03T18:06:26.596797+00:00,2026-06-04 00:06:26,Anllia,plug_1,Tapo P110,P110,iron,262d5eb8,multi_cycle,1.0,0.0,242.842,0.0,0.158,0.189,,on,-72,,30 minute NILM iron session
2026-06-03T18:06:27.987488+00:00,2026-06-04 00:06:27,Anllia,plug_1,Tapo P110,P110,iron,262d5eb8,multi_cycle,1.0,0.0,242.842,0.0,0.158,0.189,,on,-72,,30 minute NILM iron session
2026-06-03T18:06:29.336386+00:00,2026-06-04 00:06:29,Anllia,plug_1,Tapo P110,P110,iron,262d5eb8,multi_cycle,1.0,0.0,242.842,0.0,0.158,0.189,,on,-71,,30 minute NILM iron session
2026-06-03T18:06:30.619160+00:00,2026-06-04 00:06:30,Anllia,plug_1,Tapo P110,P110,iron,262d5eb8,multi_cycle,1.0,0.0,242.842,0.0,0.158,0.189,,on,-72,,30 minute NILM iron session
2026-06-03T18:06:31.935596+00:00,2026-06-04 00:06:31,Anllia,plug_1,Tapo P110,P110,iron,262d5eb8,multi_cycle,1.0,0.0,242.842,0.0,0.158,0.189,,on,-71,,30 minute NILM iron session
2026-06-03T18:06:33.201032+00:00,2026-06-04 00:06:33,Anllia,plug_1,Tapo P110,P110,iron,262d5eb8,multi_cycle,1.0,0.0,242.842,0.0,0.158,0.189,,on,-72,,30 minute NILM iron session
2026-06-03T18:06:34.908988+00:00,2026-06-04 00:06:34,Anllia,plug_1,Tapo P110,P110,iron,262d5eb8,multi_cycle,1.0,0.0,242.842,0.0,0.158,0.189,,on,-71,,30 minute NILM iron session
2026-06-03T18:06:36.302636+00:00,2026-06-04 00:06:36,Anllia,plug_1,Tapo P110,P110,iron,262d5eb8,multi_cycle,1.0,0.0,242.842,0.0,0.158,0.189,,on,-71,,30 minute NILM iron session
2026-06-03T18:06:37.659788+00:00,2026-06-04 00:06:37,Anllia,plug_1,Tapo P110,P110,iron,262d5eb8,multi_cycle,1.0,0.0,243.147,0.0,0.158,0.189,,on,-72,,30 minute NILM iron session
2026-06-03T18:06:38.905729+00:00,2026-06-04 00:06:38,Anllia,plug_1,Tapo P110,P110,iron,262d5eb8,multi_cycle,1.0,0.0,243.147,0.0,0.158,0.189,,on,-72,,30 minute NILM iron session
2026-06-03T18:06:40.205761+00:00,2026-06-04 00:06:40,Anllia,plug_1,Tapo P110,P110,iron,262d5eb8,multi_cycle,1.0,0.0,243.147,0.0,0.158,0.189,,on,-73,,30 minute NILM iron session
2026-06-03T18:06:41.495384+00:00,2026-06-04 00:06:41,Anllia,plug_1,Tapo P110,P110,iron,262d5eb8,multi_cycle,1.0,0.0,243.147,0.0,0.158,0.189,,on,-72,,30 minute NILM iron session
2026-06-03T18:06:42.742080+00:00,2026-06-04 00:06:42,Anllia,plug_1,Tapo P110,P110,iron,262d5eb8,multi_cycle,1.0,0.0,243.147,0.0,0.158,0.189,,on,-71,,30 minute NILM iron session
2026-06-03T18:06:44.202517+00:00,2026-06-04 00:06:44,Anllia,plug_1,Tapo P110,P110,iron,262d5eb8,multi_cycle,1.0,0.0,243.147,0.0,0.158,0.189,,on,-71,,30 minute NILM iron session
2026-06-03T18:06:45.457086+00:00,2026-06-04 00:06:45,Anllia,plug_1,Tapo P110,P110,iron,262d5eb8,multi_cycle,1.0,0.0,243.147,0.0,0.158,0.189,,on,-73,,30 minute NILM iron session
2026-06-03T18:06:46.801030+00:00,2026-06-04 00:06:46,Anllia,plug_1,Tapo P110,P110,iron,262d5eb8,multi_cycle,1.0,0.0,243.147,0.0,0.158,0.189,,on,-72,,30 minute NILM iron session
2026-06-03T18:06:48.058974+00:00,2026-06-04 00:06:48,Anllia,plug_1,Tapo P110,P110,iron,262d5eb8,multi_cycle,1.0,0.0,243.147,0.0,0.158,0.189,,on,-72,,30 minute NILM iron session
2026-06-03T18:06:50.304880+00:00,2026-06-04 00:06:50,Anllia,plug_1,Tapo P110,P110,iron,262d5eb8,multi_cycle,1.0,0.0,243.147,0.0,0.158,0.189,,on,-71,,30 minute NILM iron session
2026-06-03T18:06:51.569674+00:00,2026-06-04 00:06:51,Anllia,plug_1,Tapo P110,P110,iron,262d5eb8,multi_cycle,1.0,0.0,243.147,0.0,0.158,0.189,,on,-71,,30 minute NILM iron session
2026-06-03T18:06:52.931563+00:00,2026-06-04 00:06:52,Anllia,plug_1,Tapo P110,P110,iron,262d5eb8,multi_cycle,1.0,0.0,243.05,0.0,0.158,0.189,,on,-72,,30 minute NILM iron session
2026-06-03T18:06:54.186250+00:00,2026-06-04 00:06:54,Anllia,plug_1,Tapo P110,P110,iron,262d5eb8,multi_cycle,1.0,0.0,243.05,0.0,0.158,0.189,,on,-71,,30 minute NILM iron session
2026-06-03T18:06:55.481067+00:00,2026-06-04 00:06:55,Anllia,plug_1,Tapo P110,P110,iron,262d5eb8,multi_cycle,1.0,0.0,243.05,0.0,0.158,0.189,,on,-71,,30 minute NILM iron session
2026-06-03T18:06:56.763391+00:00,2026-06-04 00:06:56,Anllia,plug_1,Tapo P110,P110,iron,262d5eb8,multi_cycle,1.0,0.0,243.05,0.0,0.158,0.189,,on,-72,,30 minute NILM iron session
2026-06-03T18:06:58.038306+00:00,2026-06-04 00:06:58,Anllia,plug_1,Tapo P110,P110,iron,262d5eb8,multi_cycle,1.0,0.0,243.05,0.0,0.158,0.189,,on,-71,,30 minute NILM iron session
2026-06-03T18:06:59.279389+00:00,2026-06-04 00:06:59,Anllia,plug_1,Tapo P110,P110,iron,262d5eb8,multi_cycle,1.0,0.0,243.05,0.0,0.158,0.189,,on,-72,,30 minute NILM iron session
2026-06-03T18:07:00.610475+00:00,2026-06-04 00:07:00,Anllia,plug_1,Tapo P110,P110,iron,262d5eb8,multi_cycle,1.0,0.0,243.05,0.0,0.158,0.189,,on,-72,,30 minute NILM iron session
2026-06-03T18:07:01.942093+00:00,2026-06-04 00:07:01,Anllia,plug_1,Tapo P110,P110,iron,262d5eb8,multi_cycle,1.0,0.0,243.05,0.0,0.158,0.189,,on,-72,,30 minute NILM iron session
2026-06-03T18:07:03.229696+00:00,2026-06-04 00:07:03,Anllia,plug_1,Tapo P110,P110,iron,262d5eb8,multi_cycle,1.0,0.0,243.05,0.0,0.158,0.189,,on,-72,,30 minute NILM iron session
2026-06-03T18:07:04.708023+00:00,2026-06-04 00:07:04,Anllia,plug_1,Tapo P110,P110,iron,262d5eb8,multi_cycle,1.0,0.0,243.05,0.0,0.158,0.189,,on,-72,,30 minute NILM iron session
2026-06-03T18:07:06.060261+00:00,2026-06-04 00:07:06,Anllia,plug_1,Tapo P110,P110,iron,262d5eb8,multi_cycle,1.0,0.0,243.135,0.0,0.158,0.189,,on,-72,,30 minute NILM iron session
2026-06-03T18:07:07.294046+00:00,2026-06-04 00:07:07,Anllia,plug_1,Tapo P110,P110,iron,262d5eb8,multi_cycle,1.0,0.0,243.135,0.0,0.158,0.189,,on,-72,,30 minute NILM iron session
2026-06-03T18:07:08.578916+00:00,2026-06-04 00:07:08,Anllia,plug_1,Tapo P110,P110,iron,262d5eb8,multi_cycle,1.0,0.0,243.135,0.0,0.158,0.189,,on,-72,,30 minute NILM iron session
2026-06-03T18:07:09.847862+00:00,2026-06-04 00:07:09,Anllia,plug_1,Tapo P110,P110,iron,262d5eb8,multi_cycle,1.0,0.0,243.135,0.0,0.158,0.189,,on,-72,,30 minute NILM iron session
2026-06-03T18:07:11.293793+00:00,2026-06-04 00:07:11,Anllia,plug_1,Tapo P110,P110,iron,262d5eb8,multi_cycle,1.0,0.0,243.135,0.0,0.158,0.189,,on,-72,,30 minute NILM iron session
2026-06-03T18:07:12.609736+00:00,2026-06-04 00:07:12,Anllia,plug_1,Tapo P110,P110,iron,262d5eb8,multi_cycle,1.0,0.0,243.135,0.0,0.158,0.189,,on,-73,,30 minute NILM iron session
2026-06-03T18:07:14.007340+00:00,2026-06-04 00:07:14,Anllia,plug_1,Tapo P110,P110,iron,262d5eb8,multi_cycle,1.0,0.0,243.135,0.0,0.158,0.189,,on,-71,,30 minute NILM iron session
2026-06-03T18:07:15.406783+00:00,2026-06-04 00:07:15,Anllia,plug_1,Tapo P110,P110,iron,262d5eb8,multi_cycle,1.0,0.0,243.135,0.0,0.158,0.189,,on,-72,,30 minute NILM iron session
2026-06-03T18:07:16.755578+00:00,2026-06-04 00:07:16,Anllia,plug_1,Tapo P110,P110,iron,262d5eb8,multi_cycle,1.0,0.0,243.135,0.0,0.158,0.189,,on,-73,,30 minute NILM iron session
2026-06-03T18:07:18.059773+00:00,2026-06-04 00:07:18,Anllia,plug_1,Tapo P110,P110,iron,262d5eb8,multi_cycle,1.0,0.0,243.135,0.0,0.158,0.189,,on,-71,,30 minute NILM iron session
2026-06-03T18:07:19.382234+00:00,2026-06-04 00:07:19,Anllia,plug_1,Tapo P110,P110,iron,262d5eb8,multi_cycle,1.0,0.0,243.135,0.0,0.158,0.189,,on,-72,,30 minute NILM iron session
2026-06-03T18:07:20.753185+00:00,2026-06-04 00:07:20,Anllia,plug_1,Tapo P110,P110,iron,262d5eb8,multi_cycle,1.0,0.0,243.227,0.0,0.158,0.189,,on,-72,,30 minute NILM iron session
2026-06-03T18:07:22.069338+00:00,2026-06-04 00:07:22,Anllia,plug_1,Tapo P110,P110,iron,262d5eb8,multi_cycle,1.0,0.0,243.227,0.0,0.158,0.189,,on,-72,,30 minute NILM iron session
2026-06-03T18:07:23.385175+00:00,2026-06-04 00:07:23,Anllia,plug_1,Tapo P110,P110,iron,262d5eb8,multi_cycle,1.0,0.0,243.227,0.0,0.158,0.189,,on,-71,,30 minute NILM iron session
2026-06-03T18:07:24.656748+00:00,2026-06-04 00:07:24,Anllia,plug_1,Tapo P110,P110,iron,262d5eb8,multi_cycle,1.0,0.0,243.227,0.0,0.158,0.189,,on,-72,,30 minute NILM iron session
2026-06-03T18:07:25.915149+00:00,2026-06-04 00:07:25,Anllia,plug_1,Tapo P110,P110,iron,262d5eb8,multi_cycle,1.0,0.0,243.227,0.0,0.158,0.189,,on,-72,,30 minute NILM iron session
2026-06-03T18:07:27.337137+00:00,2026-06-04 00:07:27,Anllia,plug_1,Tapo P110,P110,iron,262d5eb8,multi_cycle,1.0,0.0,243.227,0.0,0.158,0.189,,on,-72,,30 minute NILM iron session
2026-06-03T18:07:28.609795+00:00,2026-06-04 00:07:28,Anllia,plug_1,Tapo P110,P110,iron,262d5eb8,multi_cycle,1.0,0.0,243.227,0.0,0.158,0.189,,on,-72,,30 minute NILM iron session
2026-06-03T18:07:30.016181+00:00,2026-06-04 00:07:30,Anllia,plug_1,Tapo P110,P110,iron,262d5eb8,multi_cycle,1.0,0.0,243.227,0.0,0.158,0.189,,on,-71,,30 minute NILM iron session
2026-06-03T18:07:31.288164+00:00,2026-06-04 00:07:31,Anllia,plug_1,Tapo P110,P110,iron,262d5eb8,multi_cycle,1.0,0.0,243.227,0.0,0.158,0.19,,on,-72,,30 minute NILM iron session
2026-06-03T18:07:32.551827+00:00,2026-06-04 00:07:32,Anllia,plug_1,Tapo P110,P110,iron,262d5eb8,multi_cycle,1.0,0.0,243.227,5.69,0.159,0.19,,on,-72,,30 minute NILM iron session
2026-06-03T18:07:33.812960+00:00,2026-06-04 00:07:33,Anllia,plug_1,Tapo P110,P110,iron,262d5eb8,multi_cycle,1.0,1401.745,235.493,5.69,0.159,0.191,,on,-71,,30 minute NILM iron session
2026-06-03T18:07:35.588469+00:00,2026-06-04 00:07:35,Anllia,plug_1,Tapo P110,P110,iron,262d5eb8,multi_cycle,1.0,1396.536,235.493,5.922,0.16,0.191,,on,-72,,30 minute NILM iron session
2026-06-03T18:07:36.927911+00:00,2026-06-04 00:07:36,Anllia,plug_1,Tapo P110,P110,iron,262d5eb8,multi_cycle,1.0,1392.296,235.44,5.922,0.161,0.192,,on,-71,,30 minute NILM iron session
2026-06-03T18:07:38.226961+00:00,2026-06-04 00:07:38,Anllia,plug_1,Tapo P110,P110,iron,262d5eb8,multi_cycle,1.0,1389.692,235.44,5.896,0.161,0.192,,on,-72,,30 minute NILM iron session
2026-06-03T18:07:39.595082+00:00,2026-06-04 00:07:39,Anllia,plug_1,Tapo P110,P110,iron,262d5eb8,multi_cycle,1.0,1391.021,235.633,5.896,0.162,0.193,,on,-72,,30 minute NILM iron session
2026-06-03T18:07:40.872744+00:00,2026-06-04 00:07:40,Anllia,plug_1,Tapo P110,P110,iron,262d5eb8,multi_cycle,1.0,1387.414,235.633,5.886,0.162,0.193,,on,-72,,30 minute NILM iron session
2026-06-03T18:07:42.227177+00:00,2026-06-04 00:07:42,Anllia,plug_1,Tapo P110,P110,iron,262d5eb8,multi_cycle,1.0,1387.278,235.51,5.886,0.163,0.194,,on,-72,,30 minute NILM iron session
2026-06-03T18:07:43.572199+00:00,2026-06-04 00:07:43,Anllia,plug_1,Tapo P110,P110,iron,262d5eb8,multi_cycle,1.0,1387.278,235.51,5.886,0.163,0.194,,on,-72,,30 minute NILM iron session
2026-06-03T18:07:44.857321+00:00,2026-06-04 00:07:44,Anllia,plug_1,Tapo P110,P110,iron,262d5eb8,multi_cycle,1.0,1387.278,235.51,0.0,0.163,0.194,,on,-71,,30 minute NILM iron session
2026-06-03T18:07:46.187553+00:00,2026-06-04 00:07:46,Anllia,plug_1,Tapo P110,P110,iron,262d5eb8,multi_cycle,1.0,0.0,242.852,0.0,0.163,0.194,,on,-72,,30 minute NILM iron session
2026-06-03T18:07:47.606368+00:00,2026-06-04 00:07:47,Anllia,plug_1,Tapo P110,P110,iron,262d5eb8,multi_cycle,1.0,0.0,242.852,0.0,0.163,0.194,,on,-72,,30 minute NILM iron session
2026-06-03T18:07:48.926890+00:00,2026-06-04 00:07:48,Anllia,plug_1,Tapo P110,P110,iron,262d5eb8,multi_cycle,1.0,0.0,242.852,0.0,0.163,0.194,,on,-72,,30 minute NILM iron session
2026-06-03T18:07:50.869724+00:00,2026-06-04 00:07:50,Anllia,plug_1,Tapo P110,P110,iron,262d5eb8,multi_cycle,1.0,0.0,242.852,0.0,0.163,0.194,,on,-71,,30 minute NILM iron session
2026-06-03T18:07:52.135205+00:00,2026-06-04 00:07:52,Anllia,plug_1,Tapo P110,P110,iron,262d5eb8,multi_cycle,1.0,0.0,242.852,0.0,0.163,0.194,,on,-72,,30 minute NILM iron session
2026-06-03T18:07:53.498297+00:00,2026-06-04 00:07:53,Anllia,plug_1,Tapo P110,P110,iron,262d5eb8,multi_cycle,1.0,0.0,242.852,0.0,0.163,0.194,,on,-72,,30 minute NILM iron session
2026-06-03T18:07:54.774457+00:00,2026-06-04 00:07:54,Anllia,plug_1,Tapo P110,P110,iron,262d5eb8,multi_cycle,1.0,0.0,242.852,0.0,0.163,0.194,,on,-72,,30 minute NILM iron session
2026-06-03T18:07:56.057632+00:00,2026-06-04 00:07:56,Anllia,plug_1,Tapo P110,P110,iron,262d5eb8,multi_cycle,1.0,0.0,242.852,0.0,0.163,0.194,,on,-72,,30 minute NILM iron session
2026-06-03T18:07:57.451078+00:00,2026-06-04 00:07:57,Anllia,plug_1,Tapo P110,P110,iron,262d5eb8,multi_cycle,1.0,0.0,242.852,0.0,0.163,0.194,,on,-71,,30 minute NILM iron session
2026-06-03T18:07:58.718078+00:00,2026-06-04 00:07:58,Anllia,plug_1,Tapo P110,P110,iron,262d5eb8,multi_cycle,1.0,0.0,242.852,0.0,0.163,0.194,,on,-72,,30 minute NILM iron session
2026-06-03T18:08:00.249397+00:00,2026-06-04 00:08:00,Anllia,plug_1,Tapo P110,P110,iron,262d5eb8,multi_cycle,1.0,0.0,242.759,0.0,0.163,0.194,,on,-72,,30 minute NILM iron session
2026-06-03T18:08:01.567084+00:00,2026-06-04 00:08:01,Anllia,plug_1,Tapo P110,P110,iron,262d5eb8,multi_cycle,1.0,0.0,242.759,0.0,0.163,0.194,,on,-72,,30 minute NILM iron session
2026-06-03T18:08:02.879520+00:00,2026-06-04 00:08:02,Anllia,plug_1,Tapo P110,P110,iron,262d5eb8,multi_cycle,1.0,0.0,242.759,0.0,0.163,0.194,,on,-72,,30 minute NILM iron session
2026-06-03T18:08:04.228938+00:00,2026-06-04 00:08:04,Anllia,plug_1,Tapo P110,P110,iron,262d5eb8,multi_cycle,1.0,0.0,242.759,0.0,0.163,0.194,,on,-73,,30 minute NILM iron session
2026-06-03T18:08:06.224523+00:00,2026-06-04 00:08:06,Anllia,plug_1,Tapo P110,P110,iron,262d5eb8,multi_cycle,1.0,0.0,242.759,0.0,0.163,0.194,,on,-73,,30 minute NILM iron session
2026-06-03T18:08:07.568296+00:00,2026-06-04 00:08:07,Anllia,plug_1,Tapo P110,P110,iron,262d5eb8,multi_cycle,1.0,0.0,242.759,0.0,0.163,0.194,,on,-71,,30 minute NILM iron session
2026-06-03T18:08:08.933597+00:00,2026-06-04 00:08:08,Anllia,plug_1,Tapo P110,P110,iron,262d5eb8,multi_cycle,1.0,0.0,242.759,0.0,0.163,0.194,,on,-72,,30 minute NILM iron session
2026-06-03T18:08:10.242136+00:00,2026-06-04 00:08:10,Anllia,plug_1,Tapo P110,P110,iron,262d5eb8,multi_cycle,1.0,0.0,242.759,0.0,0.163,0.194,,on,-71,,30 minute NILM iron session
2026-06-03T18:08:11.605390+00:00,2026-06-04 00:08:11,Anllia,plug_1,Tapo P110,P110,iron,262d5eb8,multi_cycle,1.0,0.0,242.759,0.0,0.163,0.194,,on,-72,,30 minute NILM iron session
2026-06-03T18:08:12.970347+00:00,2026-06-04 00:08:12,Anllia,plug_1,Tapo P110,P110,iron,262d5eb8,multi_cycle,1.0,0.0,242.759,0.0,0.163,0.194,,on,-72,,30 minute NILM iron session
2026-06-03T18:08:14.280055+00:00,2026-06-04 00:08:14,Anllia,plug_1,Tapo P110,P110,iron,262d5eb8,multi_cycle,1.0,0.0,242.788,0.0,0.163,0.194,,on,-72,,30 minute NILM iron session
2026-06-03T18:08:15.571915+00:00,2026-06-04 00:08:15,Anllia,plug_1,Tapo P110,P110,iron,262d5eb8,multi_cycle,1.0,0.0,242.788,0.0,0.163,0.194,,on,-73,,30 minute NILM iron session
2026-06-03T18:08:16.878369+00:00,2026-06-04 00:08:16,Anllia,plug_1,Tapo P110,P110,iron,262d5eb8,multi_cycle,1.0,0.0,242.788,0.0,0.163,0.194,,on,-70,,30 minute NILM iron session
2026-06-03T18:08:18.212940+00:00,2026-06-04 00:08:18,Anllia,plug_1,Tapo P110,P110,iron,262d5eb8,multi_cycle,1.0,0.0,242.788,0.0,0.163,0.194,,on,-71,,30 minute NILM iron session
2026-06-03T18:08:20.528349+00:00,2026-06-04 00:08:20,Anllia,plug_1,Tapo P110,P110,iron,262d5eb8,multi_cycle,1.0,0.0,242.788,0.0,0.163,0.194,,on,-73,,30 minute NILM iron session
2026-06-03T18:08:21.895187+00:00,2026-06-04 00:08:21,Anllia,plug_1,Tapo P110,P110,iron,262d5eb8,multi_cycle,1.0,0.0,242.788,0.0,0.163,0.194,,on,-72,,30 minute NILM iron session
2026-06-03T18:08:23.164435+00:00,2026-06-04 00:08:23,Anllia,plug_1,Tapo P110,P110,iron,262d5eb8,multi_cycle,1.0,0.0,242.788,0.0,0.163,0.194,,on,-71,,30 minute NILM iron session
2026-06-03T18:08:24.480313+00:00,2026-06-04 00:08:24,Anllia,plug_1,Tapo P110,P110,iron,262d5eb8,multi_cycle,1.0,0.0,242.788,0.0,0.163,0.194,,on,-73,,30 minute NILM iron session
2026-06-03T18:08:25.925476+00:00,2026-06-04 00:08:25,Anllia,plug_1,Tapo P110,P110,iron,262d5eb8,multi_cycle,1.0,0.0,242.788,0.0,0.163,0.194,,on,-71,,30 minute NILM iron session
2026-06-03T18:08:27.192403+00:00,2026-06-04 00:08:27,Anllia,plug_1,Tapo P110,P110,iron,262d5eb8,multi_cycle,1.0,0.0,242.788,0.0,0.163,0.194,,on,-71,,30 minute NILM iron session
2026-06-03T18:08:28.440757+00:00,2026-06-04 00:08:28,Anllia,plug_1,Tapo P110,P110,iron,262d5eb8,multi_cycle,1.0,0.0,242.907,0.0,0.163,0.194,,on,-71,,30 minute NILM iron session
2026-06-03T18:08:29.694514+00:00,2026-06-04 00:08:29,Anllia,plug_1,Tapo P110,P110,iron,262d5eb8,multi_cycle,1.0,0.0,242.907,0.0,0.163,0.194,,on,-72,,30 minute NILM iron session
2026-06-03T18:08:31.054476+00:00,2026-06-04 00:08:31,Anllia,plug_1,Tapo P110,P110,iron,262d5eb8,multi_cycle,1.0,0.0,242.907,0.0,0.163,0.194,,on,-71,,30 minute NILM iron session
2026-06-03T18:08:32.472628+00:00,2026-06-04 00:08:32,Anllia,plug_1,Tapo P110,P110,iron,262d5eb8,multi_cycle,1.0,0.0,242.907,0.0,0.163,0.194,,on,-71,,30 minute NILM iron session
2026-06-03T18:08:33.739400+00:00,2026-06-04 00:08:33,Anllia,plug_1,Tapo P110,P110,iron,262d5eb8,multi_cycle,1.0,0.0,242.907,0.0,0.163,0.194,,on,-72,,30 minute NILM iron session
2026-06-03T18:08:35.910722+00:00,2026-06-04 00:08:35,Anllia,plug_1,Tapo P110,P110,iron,262d5eb8,multi_cycle,1.0,0.0,242.907,0.0,0.163,0.194,,on,-72,,30 minute NILM iron session
2026-06-03T18:08:37.191761+00:00,2026-06-04 00:08:37,Anllia,plug_1,Tapo P110,P110,iron,262d5eb8,multi_cycle,1.0,0.0,242.907,0.0,0.163,0.194,,on,-72,,30 minute NILM iron session
2026-06-03T18:08:38.540027+00:00,2026-06-04 00:08:38,Anllia,plug_1,Tapo P110,P110,iron,262d5eb8,multi_cycle,1.0,0.0,242.907,0.0,0.163,0.194,,on,-72,,30 minute NILM iron session
2026-06-03T18:08:39.831884+00:00,2026-06-04 00:08:39,Anllia,plug_1,Tapo P110,P110,iron,262d5eb8,multi_cycle,1.0,0.0,242.907,0.0,0.163,0.194,,on,-73,,30 minute NILM iron session
2026-06-03T18:08:41.140748+00:00,2026-06-04 00:08:41,Anllia,plug_1,Tapo P110,P110,iron,262d5eb8,multi_cycle,1.0,0.0,242.907,0.0,0.163,0.194,,on,-71,,30 minute NILM iron session
2026-06-03T18:08:42.491030+00:00,2026-06-04 00:08:42,Anllia,plug_1,Tapo P110,P110,iron,262d5eb8,multi_cycle,1.0,0.0,242.872,0.0,0.163,0.194,,on,-72,,30 minute NILM iron session
2026-06-03T18:08:43.855715+00:00,2026-06-04 00:08:43,Anllia,plug_1,Tapo P110,P110,iron,262d5eb8,multi_cycle,1.0,0.0,242.872,0.0,0.163,0.194,,on,-71,,30 minute NILM iron session
2026-06-03T18:08:45.124520+00:00,2026-06-04 00:08:45,Anllia,plug_1,Tapo P110,P110,iron,262d5eb8,multi_cycle,1.0,0.0,242.872,0.0,0.163,0.194,,on,-72,,30 minute NILM iron session
2026-06-03T18:08:46.488521+00:00,2026-06-04 00:08:46,Anllia,plug_1,Tapo P110,P110,iron,262d5eb8,multi_cycle,1.0,0.0,242.872,0.0,0.163,0.194,,on,-71,,30 minute NILM iron session
2026-06-03T18:08:47.733158+00:00,2026-06-04 00:08:47,Anllia,plug_1,Tapo P110,P110,iron,262d5eb8,multi_cycle,1.0,0.0,242.872,0.0,0.163,0.194,,on,-73,,30 minute NILM iron session
2026-06-03T18:08:49.068623+00:00,2026-06-04 00:08:49,Anllia,plug_1,Tapo P110,P110,iron,262d5eb8,multi_cycle,1.0,0.0,242.872,0.0,0.163,0.194,,on,-70,,30 minute NILM iron session
2026-06-03T18:08:51.175576+00:00,2026-06-04 00:08:51,Anllia,plug_1,Tapo P110,P110,iron,262d5eb8,multi_cycle,1.0,0.0,242.872,0.0,0.163,0.194,,on,-71,,30 minute NILM iron session
2026-06-03T18:08:52.492429+00:00,2026-06-04 00:08:52,Anllia,plug_1,Tapo P110,P110,iron,262d5eb8,multi_cycle,1.0,0.0,242.872,0.0,0.163,0.194,,on,-72,,30 minute NILM iron session
2026-06-03T18:08:53.807951+00:00,2026-06-04 00:08:53,Anllia,plug_1,Tapo P110,P110,iron,262d5eb8,multi_cycle,1.0,0.0,242.872,0.0,0.163,0.194,,on,-72,,30 minute NILM iron session
2026-06-03T18:08:55.239886+00:00,2026-06-04 00:08:55,Anllia,plug_1,Tapo P110,P110,iron,262d5eb8,multi_cycle,1.0,0.0,242.872,0.0,0.163,0.194,,on,-71,,30 minute NILM iron session
2026-06-03T18:08:56.637925+00:00,2026-06-04 00:08:56,Anllia,plug_1,Tapo P110,P110,iron,262d5eb8,multi_cycle,1.0,0.0,242.186,0.0,0.163,0.194,,on,-68,,30 minute NILM iron session
2026-06-03T18:08:57.890806+00:00,2026-06-04 00:08:57,Anllia,plug_1,Tapo P110,P110,iron,262d5eb8,multi_cycle,1.0,0.0,242.186,0.0,0.163,0.194,,on,-69,,30 minute NILM iron session
2026-06-03T18:08:59.153235+00:00,2026-06-04 00:08:59,Anllia,plug_1,Tapo P110,P110,iron,262d5eb8,multi_cycle,1.0,0.0,242.186,0.0,0.163,0.194,,on,-69,,30 minute NILM iron session
2026-06-03T18:09:00.508321+00:00,2026-06-04 00:09:00,Anllia,plug_1,Tapo P110,P110,iron,262d5eb8,multi_cycle,1.0,0.0,242.186,0.0,0.163,0.194,,on,-68,,30 minute NILM iron session
2026-06-03T18:09:01.750489+00:00,2026-06-04 00:09:01,Anllia,plug_1,Tapo P110,P110,iron,262d5eb8,multi_cycle,1.0,0.0,242.186,0.0,0.163,0.194,,on,-72,,30 minute NILM iron session
2026-06-03T18:09:03.055254+00:00,2026-06-04 00:09:03,Anllia,plug_1,Tapo P110,P110,iron,262d5eb8,multi_cycle,1.0,0.0,242.186,0.0,0.163,0.194,,on,-72,,30 minute NILM iron session
2026-06-03T18:09:04.301713+00:00,2026-06-04 00:09:04,Anllia,plug_1,Tapo P110,P110,iron,262d5eb8,multi_cycle,1.0,0.0,242.186,0.0,0.163,0.194,,on,-68,,30 minute NILM iron session
2026-06-03T18:09:05.653517+00:00,2026-06-04 00:09:05,Anllia,plug_1,Tapo P110,P110,iron,262d5eb8,multi_cycle,1.0,0.0,242.186,0.0,0.163,0.194,,on,-69,,30 minute NILM iron session
2026-06-03T18:09:07.466559+00:00,2026-06-04 00:09:07,Anllia,plug_1,Tapo P110,P110,iron,262d5eb8,multi_cycle,1.0,0.0,242.186,0.0,0.163,0.194,,on,-72,,30 minute NILM iron session
2026-06-03T18:09:08.727175+00:00,2026-06-04 00:09:08,Anllia,plug_1,Tapo P110,P110,iron,262d5eb8,multi_cycle,1.0,0.0,242.186,0.0,0.163,0.194,,on,-73,,30 minute NILM iron session
2026-06-03T18:09:09.973791+00:00,2026-06-04 00:09:09,Anllia,plug_1,Tapo P110,P110,iron,262d5eb8,multi_cycle,1.0,0.0,242.186,0.0,0.163,0.194,,on,-70,,30 minute NILM iron session
2026-06-03T18:09:11.254871+00:00,2026-06-04 00:09:11,Anllia,plug_1,Tapo P110,P110,iron,262d5eb8,multi_cycle,1.0,0.0,241.888,0.0,0.163,0.194,,on,-72,,30 minute NILM iron session
2026-06-03T18:09:12.593906+00:00,2026-06-04 00:09:12,Anllia,plug_1,Tapo P110,P110,iron,262d5eb8,multi_cycle,1.0,0.0,241.888,0.0,0.163,0.194,,on,-73,,30 minute NILM iron session
2026-06-03T18:09:13.883629+00:00,2026-06-04 00:09:13,Anllia,plug_1,Tapo P110,P110,iron,262d5eb8,multi_cycle,1.0,0.0,241.888,0.0,0.163,0.194,,on,-73,,30 minute NILM iron session
2026-06-03T18:09:15.224807+00:00,2026-06-04 00:09:15,Anllia,plug_1,Tapo P110,P110,iron,262d5eb8,multi_cycle,1.0,0.0,241.888,0.0,0.163,0.194,,on,-70,,30 minute NILM iron session
2026-06-03T18:09:16.509501+00:00,2026-06-04 00:09:16,Anllia,plug_1,Tapo P110,P110,iron,262d5eb8,multi_cycle,1.0,0.0,241.888,0.0,0.163,0.194,,on,-69,,30 minute NILM iron session
2026-06-03T18:09:17.777391+00:00,2026-06-04 00:09:17,Anllia,plug_1,Tapo P110,P110,iron,262d5eb8,multi_cycle,1.0,0.0,241.888,0.0,0.163,0.194,,on,-69,,30 minute NILM iron session
2026-06-03T18:09:19.067730+00:00,2026-06-04 00:09:19,Anllia,plug_1,Tapo P110,P110,iron,262d5eb8,multi_cycle,1.0,0.0,241.888,0.0,0.163,0.194,,on,-70,,30 minute NILM iron session
2026-06-03T18:09:20.375899+00:00,2026-06-04 00:09:20,Anllia,plug_1,Tapo P110,P110,iron,262d5eb8,multi_cycle,1.0,0.0,241.888,0.0,0.163,0.194,,on,-71,,30 minute NILM iron session
2026-06-03T18:09:21.938001+00:00,2026-06-04 00:09:21,Anllia,plug_1,Tapo P110,P110,iron,262d5eb8,multi_cycle,1.0,0.0,241.888,0.0,0.163,0.194,,on,-73,,30 minute NILM iron session
2026-06-03T18:09:23.248892+00:00,2026-06-04 00:09:23,Anllia,plug_1,Tapo P110,P110,iron,262d5eb8,multi_cycle,1.0,0.0,241.888,0.0,0.163,0.194,,on,-72,,30 minute NILM iron session
2026-06-03T18:09:24.601637+00:00,2026-06-04 00:09:24,Anllia,plug_1,Tapo P110,P110,iron,262d5eb8,multi_cycle,1.0,0.0,241.936,0.0,0.163,0.194,,on,-71,,30 minute NILM iron session
2026-06-03T18:09:25.855050+00:00,2026-06-04 00:09:25,Anllia,plug_1,Tapo P110,P110,iron,262d5eb8,multi_cycle,1.0,0.0,241.936,0.0,0.163,0.194,,on,-70,,30 minute NILM iron session
2026-06-03T18:09:27.122818+00:00,2026-06-04 00:09:27,Anllia,plug_1,Tapo P110,P110,iron,262d5eb8,multi_cycle,1.0,0.0,241.936,0.0,0.163,0.194,,on,-72,,30 minute NILM iron session
2026-06-03T18:09:28.370697+00:00,2026-06-04 00:09:28,Anllia,plug_1,Tapo P110,P110,iron,262d5eb8,multi_cycle,1.0,0.0,241.936,0.0,0.163,0.194,,on,-71,,30 minute NILM iron session
2026-06-03T18:09:29.673970+00:00,2026-06-04 00:09:29,Anllia,plug_1,Tapo P110,P110,iron,262d5eb8,multi_cycle,1.0,0.0,241.936,0.0,0.163,0.194,,on,-71,,30 minute NILM iron session
2026-06-03T18:09:31.065968+00:00,2026-06-04 00:09:31,Anllia,plug_1,Tapo P110,P110,iron,262d5eb8,multi_cycle,1.0,0.0,241.936,0.0,0.163,0.194,,on,-71,,30 minute NILM iron session
2026-06-03T18:09:32.320121+00:00,2026-06-04 00:09:32,Anllia,plug_1,Tapo P110,P110,iron,262d5eb8,multi_cycle,1.0,0.0,241.936,0.0,0.163,0.194,,on,-71,,30 minute NILM iron session
2026-06-03T18:09:33.651558+00:00,2026-06-04 00:09:33,Anllia,plug_1,Tapo P110,P110,iron,262d5eb8,multi_cycle,1.0,0.0,241.936,0.0,0.163,0.194,,on,-71,,30 minute NILM iron session
2026-06-03T18:09:34.906088+00:00,2026-06-04 00:09:34,Anllia,plug_1,Tapo P110,P110,iron,262d5eb8,multi_cycle,1.0,0.0,241.936,0.0,0.163,0.194,,on,-72,,30 minute NILM iron session
2026-06-03T18:09:37.106649+00:00,2026-06-04 00:09:37,Anllia,plug_1,Tapo P110,P110,iron,262d5eb8,multi_cycle,1.0,0.0,241.936,0.0,0.163,0.194,,on,-72,,30 minute NILM iron session
2026-06-03T18:09:38.414457+00:00,2026-06-04 00:09:38,Anllia,plug_1,Tapo P110,P110,iron,262d5eb8,multi_cycle,1.0,0.0,242.167,0.0,0.163,0.194,,on,-72,,30 minute NILM iron session
2026-06-03T18:09:39.661729+00:00,2026-06-04 00:09:39,Anllia,plug_1,Tapo P110,P110,iron,262d5eb8,multi_cycle,1.0,0.0,242.167,0.0,0.163,0.194,,on,-71,,30 minute NILM iron session
2026-06-03T18:09:41.017966+00:00,2026-06-04 00:09:41,Anllia,plug_1,Tapo P110,P110,iron,262d5eb8,multi_cycle,1.0,0.0,242.167,0.0,0.163,0.194,,on,-71,,30 minute NILM iron session
2026-06-03T18:09:42.286065+00:00,2026-06-04 00:09:42,Anllia,plug_1,Tapo P110,P110,iron,262d5eb8,multi_cycle,1.0,0.0,242.167,0.0,0.163,0.194,,on,-72,,30 minute NILM iron session
2026-06-03T18:09:43.546526+00:00,2026-06-04 00:09:43,Anllia,plug_1,Tapo P110,P110,iron,262d5eb8,multi_cycle,1.0,0.0,242.167,0.0,0.163,0.194,,on,-73,,30 minute NILM iron session
2026-06-03T18:09:44.834073+00:00,2026-06-04 00:09:44,Anllia,plug_1,Tapo P110,P110,iron,262d5eb8,multi_cycle,1.0,0.0,242.167,0.0,0.163,0.194,,on,-71,,30 minute NILM iron session
2026-06-03T18:09:46.282465+00:00,2026-06-04 00:09:46,Anllia,plug_1,Tapo P110,P110,iron,262d5eb8,multi_cycle,1.0,0.0,242.167,0.0,0.163,0.194,,on,-71,,30 minute NILM iron session
2026-06-03T18:09:47.550803+00:00,2026-06-04 00:09:47,Anllia,plug_1,Tapo P110,P110,iron,262d5eb8,multi_cycle,1.0,0.0,242.167,0.0,0.163,0.194,,on,-72,,30 minute NILM iron session
2026-06-03T18:09:48.867583+00:00,2026-06-04 00:09:48,Anllia,plug_1,Tapo P110,P110,iron,262d5eb8,multi_cycle,1.0,0.0,242.167,0.0,0.163,0.194,,on,-71,,30 minute NILM iron session
2026-06-03T18:09:50.263145+00:00,2026-06-04 00:09:50,Anllia,plug_1,Tapo P110,P110,iron,262d5eb8,multi_cycle,1.0,0.0,242.167,0.0,0.163,0.194,,on,-72,,30 minute NILM iron session
2026-06-03T18:09:52.290719+00:00,2026-06-04 00:09:52,Anllia,plug_1,Tapo P110,P110,iron,262d5eb8,multi_cycle,1.0,0.0,242.087,0.0,0.163,0.194,,on,-70,,30 minute NILM iron session
2026-06-03T18:09:53.719565+00:00,2026-06-04 00:09:53,Anllia,plug_1,Tapo P110,P110,iron,262d5eb8,multi_cycle,1.0,0.0,242.087,0.0,0.163,0.194,,on,-72,,30 minute NILM iron session
2026-06-03T18:09:54.972180+00:00,2026-06-04 00:09:54,Anllia,plug_1,Tapo P110,P110,iron,262d5eb8,multi_cycle,1.0,0.0,242.087,0.0,0.163,0.194,,on,-71,,30 minute NILM iron session
2026-06-03T18:09:56.312793+00:00,2026-06-04 00:09:56,Anllia,plug_1,Tapo P110,P110,iron,262d5eb8,multi_cycle,1.0,0.0,242.087,0.0,0.163,0.194,,on,-73,,30 minute NILM iron session
2026-06-03T18:09:57.633560+00:00,2026-06-04 00:09:57,Anllia,plug_1,Tapo P110,P110,iron,262d5eb8,multi_cycle,1.0,0.0,242.087,0.0,0.163,0.194,,on,-72,,30 minute NILM iron session
2026-06-03T18:09:58.885366+00:00,2026-06-04 00:09:58,Anllia,plug_1,Tapo P110,P110,iron,262d5eb8,multi_cycle,1.0,0.0,242.087,0.0,0.163,0.194,,on,-73,,30 minute NILM iron session
2026-06-03T18:10:00.183162+00:00,2026-06-04 00:10:00,Anllia,plug_1,Tapo P110,P110,iron,262d5eb8,multi_cycle,1.0,0.0,242.087,0.0,0.163,0.194,,on,-71,,30 minute NILM iron session
2026-06-03T18:10:01.451574+00:00,2026-06-04 00:10:01,Anllia,plug_1,Tapo P110,P110,iron,262d5eb8,multi_cycle,1.0,0.0,242.087,0.0,0.163,0.194,,on,-71,,30 minute NILM iron session
2026-06-03T18:10:02.731954+00:00,2026-06-04 00:10:02,Anllia,plug_1,Tapo P110,P110,iron,262d5eb8,multi_cycle,1.0,0.0,242.087,0.0,0.163,0.194,,on,-74,,30 minute NILM iron session
2026-06-03T18:10:04.049077+00:00,2026-06-04 00:10:04,Anllia,plug_1,Tapo P110,P110,iron,262d5eb8,multi_cycle,1.0,0.0,242.087,0.0,0.163,0.194,,on,-72,,30 minute NILM iron session
2026-06-03T18:10:05.323726+00:00,2026-06-04 00:10:05,Anllia,plug_1,Tapo P110,P110,iron,262d5eb8,multi_cycle,1.0,1403.802,242.087,0.0,0.163,0.195,,on,-72,,30 minute NILM iron session
2026-06-03T18:10:06.878056+00:00,2026-06-04 00:10:06,Anllia,plug_1,Tapo P110,P110,iron,262d5eb8,multi_cycle,1.0,1403.802,234.887,0.0,0.164,0.195,,on,-73,,30 minute NILM iron session
2026-06-03T18:10:08.325798+00:00,2026-06-04 00:10:08,Anllia,plug_1,Tapo P110,P110,iron,262d5eb8,multi_cycle,1.0,1393.412,234.887,5.911,0.164,0.196,,on,-71,,30 minute NILM iron session
2026-06-03T18:10:09.673736+00:00,2026-06-04 00:10:09,Anllia,plug_1,Tapo P110,P110,iron,262d5eb8,multi_cycle,1.0,1389.461,234.979,5.911,0.165,0.196,,on,-73,,30 minute NILM iron session
2026-06-03T18:10:10.920606+00:00,2026-06-04 00:10:10,Anllia,plug_1,Tapo P110,P110,iron,262d5eb8,multi_cycle,1.0,1386.501,234.979,5.889,0.166,0.197,,on,-71,,30 minute NILM iron session
2026-06-03T18:10:12.273413+00:00,2026-06-04 00:10:12,Anllia,plug_1,Tapo P110,P110,iron,262d5eb8,multi_cycle,1.0,1385.692,235.103,5.889,0.166,0.197,,on,-71,,30 minute NILM iron session
2026-06-03T18:10:13.621186+00:00,2026-06-04 00:10:13,Anllia,plug_1,Tapo P110,P110,iron,262d5eb8,multi_cycle,1.0,1385.024,235.103,5.889,0.167,0.198,,on,-72,,30 minute NILM iron session
2026-06-03T18:10:14.901433+00:00,2026-06-04 00:10:14,Anllia,plug_1,Tapo P110,P110,iron,262d5eb8,multi_cycle,1.0,1383.527,235.103,5.88,0.167,0.198,,on,-73,,30 minute NILM iron session
2026-06-03T18:10:16.172201+00:00,2026-06-04 00:10:16,Anllia,plug_1,Tapo P110,P110,iron,262d5eb8,multi_cycle,1.0,1383.06,235.127,5.88,0.168,0.199,,on,-71,,30 minute NILM iron session
2026-06-03T18:10:17.488604+00:00,2026-06-04 00:10:17,Anllia,plug_1,Tapo P110,P110,iron,262d5eb8,multi_cycle,1.0,1383.06,235.127,4.418,0.168,0.199,,on,-70,,30 minute NILM iron session
2026-06-03T18:10:18.762300+00:00,2026-06-04 00:10:18,Anllia,plug_1,Tapo P110,P110,iron,262d5eb8,multi_cycle,1.0,1383.06,242.096,4.418,0.168,0.199,,on,-71,,30 minute NILM iron session
2026-06-03T18:10:20.187920+00:00,2026-06-04 00:10:20,Anllia,plug_1,Tapo P110,P110,iron,262d5eb8,multi_cycle,1.0,0.0,242.096,4.418,0.168,0.199,,on,-71,,30 minute NILM iron session
2026-06-03T18:10:21.568001+00:00,2026-06-04 00:10:21,Anllia,plug_1,Tapo P110,P110,iron,262d5eb8,multi_cycle,1.0,0.0,242.096,0.0,0.168,0.199,,on,-70,,30 minute NILM iron session
2026-06-03T18:10:23.131226+00:00,2026-06-04 00:10:23,Anllia,plug_1,Tapo P110,P110,iron,262d5eb8,multi_cycle,1.0,0.0,242.26,0.0,0.168,0.199,,on,-72,,30 minute NILM iron session
2026-06-03T18:10:24.397103+00:00,2026-06-04 00:10:24,Anllia,plug_1,Tapo P110,P110,iron,262d5eb8,multi_cycle,1.0,0.0,242.26,0.0,0.168,0.199,,on,-72,,30 minute NILM iron session
2026-06-03T18:10:25.638062+00:00,2026-06-04 00:10:25,Anllia,plug_1,Tapo P110,P110,iron,262d5eb8,multi_cycle,1.0,0.0,242.26,0.0,0.168,0.199,,on,-72,,30 minute NILM iron session
2026-06-03T18:10:26.920379+00:00,2026-06-04 00:10:26,Anllia,plug_1,Tapo P110,P110,iron,262d5eb8,multi_cycle,1.0,0.0,242.26,0.0,0.168,0.199,,on,-72,,30 minute NILM iron session
2026-06-03T18:10:28.313595+00:00,2026-06-04 00:10:28,Anllia,plug_1,Tapo P110,P110,iron,262d5eb8,multi_cycle,1.0,0.0,242.26,0.0,0.168,0.199,,on,-72,,30 minute NILM iron session
2026-06-03T18:10:29.792830+00:00,2026-06-04 00:10:29,Anllia,plug_1,Tapo P110,P110,iron,262d5eb8,multi_cycle,1.0,0.0,242.26,0.0,0.168,0.199,,on,-71,,30 minute NILM iron session
2026-06-03T18:10:31.059801+00:00,2026-06-04 00:10:31,Anllia,plug_1,Tapo P110,P110,iron,262d5eb8,multi_cycle,1.0,0.0,242.26,0.0,0.168,0.199,,on,-72,,30 minute NILM iron session
2026-06-03T18:10:32.422489+00:00,2026-06-04 00:10:32,Anllia,plug_1,Tapo P110,P110,iron,262d5eb8,multi_cycle,1.0,0.0,242.26,0.0,0.168,0.199,,on,-71,,30 minute NILM iron session
2026-06-03T18:10:33.692421+00:00,2026-06-04 00:10:33,Anllia,plug_1,Tapo P110,P110,iron,262d5eb8,multi_cycle,1.0,0.0,242.26,0.0,0.168,0.199,,on,-71,,30 minute NILM iron session
2026-06-03T18:10:34.945777+00:00,2026-06-04 00:10:34,Anllia,plug_1,Tapo P110,P110,iron,262d5eb8,multi_cycle,1.0,0.0,242.26,0.0,0.168,0.199,,on,-72,,30 minute NILM iron session
2026-06-03T18:10:36.290998+00:00,2026-06-04 00:10:36,Anllia,plug_1,Tapo P110,P110,iron,262d5eb8,multi_cycle,1.0,0.0,242.26,0.0,0.168,0.199,,on,-72,,30 minute NILM iron session
2026-06-03T18:10:38.354941+00:00,2026-06-04 00:10:38,Anllia,plug_1,Tapo P110,P110,iron,262d5eb8,multi_cycle,1.0,0.0,242.183,0.0,0.168,0.199,,on,-72,,30 minute NILM iron session
2026-06-03T18:10:39.620553+00:00,2026-06-04 00:10:39,Anllia,plug_1,Tapo P110,P110,iron,262d5eb8,multi_cycle,1.0,0.0,242.183,0.0,0.168,0.199,,on,-72,,30 minute NILM iron session
2026-06-03T18:10:40.870621+00:00,2026-06-04 00:10:40,Anllia,plug_1,Tapo P110,P110,iron,262d5eb8,multi_cycle,1.0,0.0,242.183,0.0,0.168,0.199,,on,-72,,30 minute NILM iron session
2026-06-03T18:10:42.212939+00:00,2026-06-04 00:10:42,Anllia,plug_1,Tapo P110,P110,iron,262d5eb8,multi_cycle,1.0,0.0,242.183,0.0,0.168,0.199,,on,-72,,30 minute NILM iron session
2026-06-03T18:10:43.561330+00:00,2026-06-04 00:10:43,Anllia,plug_1,Tapo P110,P110,iron,262d5eb8,multi_cycle,1.0,0.0,242.183,0.0,0.168,0.199,,on,-72,,30 minute NILM iron session
2026-06-03T18:10:44.926818+00:00,2026-06-04 00:10:44,Anllia,plug_1,Tapo P110,P110,iron,262d5eb8,multi_cycle,1.0,0.0,242.183,0.0,0.168,0.199,,on,-72,,30 minute NILM iron session
2026-06-03T18:10:46.192669+00:00,2026-06-04 00:10:46,Anllia,plug_1,Tapo P110,P110,iron,262d5eb8,multi_cycle,1.0,0.0,242.183,0.0,0.168,0.199,,on,-68,,30 minute NILM iron session
2026-06-03T18:10:47.640829+00:00,2026-06-04 00:10:47,Anllia,plug_1,Tapo P110,P110,iron,262d5eb8,multi_cycle,1.0,0.0,242.183,0.0,0.168,0.199,,on,-70,,30 minute NILM iron session
2026-06-03T18:10:48.956958+00:00,2026-06-04 00:10:48,Anllia,plug_1,Tapo P110,P110,iron,262d5eb8,multi_cycle,1.0,0.0,242.183,0.0,0.168,0.199,,on,-71,,30 minute NILM iron session
2026-06-03T18:10:50.235432+00:00,2026-06-04 00:10:50,Anllia,plug_1,Tapo P110,P110,iron,262d5eb8,multi_cycle,1.0,0.0,242.183,0.0,0.168,0.199,,on,-72,,30 minute NILM iron session
2026-06-03T18:10:52.657866+00:00,2026-06-04 00:10:52,Anllia,plug_1,Tapo P110,P110,iron,262d5eb8,multi_cycle,1.0,0.0,241.809,0.0,0.168,0.199,,on,-71,,30 minute NILM iron session
2026-06-03T18:10:53.930157+00:00,2026-06-04 00:10:53,Anllia,plug_1,Tapo P110,P110,iron,262d5eb8,multi_cycle,1.0,0.0,241.809,0.0,0.168,0.199,,on,-71,,30 minute NILM iron session
2026-06-03T18:10:55.181081+00:00,2026-06-04 00:10:55,Anllia,plug_1,Tapo P110,P110,iron,262d5eb8,multi_cycle,1.0,0.0,241.809,0.0,0.168,0.199,,on,-71,,30 minute NILM iron session
2026-06-03T18:10:56.444534+00:00,2026-06-04 00:10:56,Anllia,plug_1,Tapo P110,P110,iron,262d5eb8,multi_cycle,1.0,0.0,241.809,0.0,0.168,0.199,,on,-72,,30 minute NILM iron session
2026-06-03T18:10:57.707812+00:00,2026-06-04 00:10:57,Anllia,plug_1,Tapo P110,P110,iron,262d5eb8,multi_cycle,1.0,0.0,241.809,0.0,0.168,0.199,,on,-73,,30 minute NILM iron session
2026-06-03T18:10:59.319754+00:00,2026-06-04 00:10:59,Anllia,plug_1,Tapo P110,P110,iron,262d5eb8,multi_cycle,1.0,0.0,241.809,0.0,0.168,0.199,,on,-71,,30 minute NILM iron session
2026-06-03T18:11:00.800839+00:00,2026-06-04 00:11:00,Anllia,plug_1,Tapo P110,P110,iron,262d5eb8,multi_cycle,1.0,0.0,241.809,0.0,0.168,0.199,,on,-70,,30 minute NILM iron session
2026-06-03T18:11:02.050555+00:00,2026-06-04 00:11:02,Anllia,plug_1,Tapo P110,P110,iron,262d5eb8,multi_cycle,1.0,0.0,241.809,0.0,0.168,0.199,,on,-73,,30 minute NILM iron session
2026-06-03T18:11:03.360892+00:00,2026-06-04 00:11:03,Anllia,plug_1,Tapo P110,P110,iron,262d5eb8,multi_cycle,1.0,0.0,241.809,0.0,0.168,0.199,,on,-73,,30 minute NILM iron session
2026-06-03T18:11:04.601633+00:00,2026-06-04 00:11:04,Anllia,plug_1,Tapo P110,P110,iron,262d5eb8,multi_cycle,1.0,0.0,241.871,0.0,0.168,0.199,,on,-71,,30 minute NILM iron session
2026-06-03T18:11:06.015471+00:00,2026-06-04 00:11:06,Anllia,plug_1,Tapo P110,P110,iron,262d5eb8,multi_cycle,1.0,0.0,241.871,0.0,0.168,0.199,,on,-71,,30 minute NILM iron session
2026-06-03T18:11:07.823404+00:00,2026-06-04 00:11:07,Anllia,plug_1,Tapo P110,P110,iron,262d5eb8,multi_cycle,1.0,0.0,241.871,0.0,0.168,0.199,,on,-72,,30 minute NILM iron session
2026-06-03T18:11:09.072576+00:00,2026-06-04 00:11:09,Anllia,plug_1,Tapo P110,P110,iron,262d5eb8,multi_cycle,1.0,0.0,241.871,0.0,0.168,0.199,,on,-72,,30 minute NILM iron session
2026-06-03T18:11:10.317619+00:00,2026-06-04 00:11:10,Anllia,plug_1,Tapo P110,P110,iron,262d5eb8,multi_cycle,1.0,0.0,241.871,0.0,0.168,0.199,,on,-73,,30 minute NILM iron session
2026-06-03T18:11:11.611552+00:00,2026-06-04 00:11:11,Anllia,plug_1,Tapo P110,P110,iron,262d5eb8,multi_cycle,1.0,0.0,241.871,0.0,0.168,0.199,,on,-73,,30 minute NILM iron session
2026-06-03T18:11:12.863588+00:00,2026-06-04 00:11:12,Anllia,plug_1,Tapo P110,P110,iron,262d5eb8,multi_cycle,1.0,0.0,241.871,0.0,0.168,0.199,,on,-72,,30 minute NILM iron session
2026-06-03T18:11:14.157966+00:00,2026-06-04 00:11:14,Anllia,plug_1,Tapo P110,P110,iron,262d5eb8,multi_cycle,1.0,0.0,241.871,0.0,0.168,0.199,,on,-71,,30 minute NILM iron session
2026-06-03T18:11:15.402207+00:00,2026-06-04 00:11:15,Anllia,plug_1,Tapo P110,P110,iron,262d5eb8,multi_cycle,1.0,0.0,241.871,0.0,0.168,0.199,,on,-71,,30 minute NILM iron session
2026-06-03T18:11:16.761467+00:00,2026-06-04 00:11:16,Anllia,plug_1,Tapo P110,P110,iron,262d5eb8,multi_cycle,1.0,0.0,241.871,0.0,0.168,0.199,,on,-70,,30 minute NILM iron session
2026-06-03T18:11:18.014989+00:00,2026-06-04 00:11:18,Anllia,plug_1,Tapo P110,P110,iron,262d5eb8,multi_cycle,1.0,0.0,241.871,0.0,0.168,0.199,,on,-71,,30 minute NILM iron session
2026-06-03T18:11:19.272278+00:00,2026-06-04 00:11:19,Anllia,plug_1,Tapo P110,P110,iron,262d5eb8,multi_cycle,1.0,0.0,241.926,0.0,0.168,0.199,,on,-69,,30 minute NILM iron session
2026-06-03T18:11:20.546413+00:00,2026-06-04 00:11:20,Anllia,plug_1,Tapo P110,P110,iron,262d5eb8,multi_cycle,1.0,0.0,241.926,0.0,0.168,0.199,,on,-71,,30 minute NILM iron session
2026-06-03T18:11:21.889432+00:00,2026-06-04 00:11:21,Anllia,plug_1,Tapo P110,P110,iron,262d5eb8,multi_cycle,1.0,0.0,241.926,0.0,0.168,0.199,,on,-70,,30 minute NILM iron session
2026-06-03T18:11:23.995358+00:00,2026-06-04 00:11:23,Anllia,plug_1,Tapo P110,P110,iron,262d5eb8,multi_cycle,1.0,0.0,241.926,0.0,0.168,0.199,,on,-71,,30 minute NILM iron session
2026-06-03T18:11:25.343296+00:00,2026-06-04 00:11:25,Anllia,plug_1,Tapo P110,P110,iron,262d5eb8,multi_cycle,1.0,0.0,241.926,0.0,0.168,0.199,,on,-72,,30 minute NILM iron session
2026-06-03T18:11:26.873281+00:00,2026-06-04 00:11:26,Anllia,plug_1,Tapo P110,P110,iron,262d5eb8,multi_cycle,1.0,0.0,241.926,0.0,0.168,0.199,,on,-72,,30 minute NILM iron session
2026-06-03T18:11:28.189348+00:00,2026-06-04 00:11:28,Anllia,plug_1,Tapo P110,P110,iron,262d5eb8,multi_cycle,1.0,0.0,241.926,0.0,0.168,0.199,,on,-70,,30 minute NILM iron session
2026-06-03T18:11:29.435195+00:00,2026-06-04 00:11:29,Anllia,plug_1,Tapo P110,P110,iron,262d5eb8,multi_cycle,1.0,0.0,241.926,0.0,0.168,0.199,,on,-71,,30 minute NILM iron session
2026-06-03T18:11:30.770650+00:00,2026-06-04 00:11:30,Anllia,plug_1,Tapo P110,P110,iron,262d5eb8,multi_cycle,1.0,0.0,241.926,0.0,0.168,0.199,,on,-73,,30 minute NILM iron session
2026-06-03T18:11:32.219558+00:00,2026-06-04 00:11:32,Anllia,plug_1,Tapo P110,P110,iron,262d5eb8,multi_cycle,1.0,0.0,241.926,0.0,0.168,0.199,,on,-72,,30 minute NILM iron session
2026-06-03T18:11:33.618003+00:00,2026-06-04 00:11:33,Anllia,plug_1,Tapo P110,P110,iron,262d5eb8,multi_cycle,1.0,0.0,242.217,0.0,0.168,0.199,,on,-72,,30 minute NILM iron session
2026-06-03T18:11:34.882703+00:00,2026-06-04 00:11:34,Anllia,plug_1,Tapo P110,P110,iron,262d5eb8,multi_cycle,1.0,0.0,242.217,0.0,0.168,0.199,,on,-72,,30 minute NILM iron session
2026-06-03T18:11:36.125845+00:00,2026-06-04 00:11:36,Anllia,plug_1,Tapo P110,P110,iron,262d5eb8,multi_cycle,1.0,0.0,242.217,0.0,0.168,0.199,,on,-72,,30 minute NILM iron session
2026-06-03T18:11:37.371908+00:00,2026-06-04 00:11:37,Anllia,plug_1,Tapo P110,P110,iron,262d5eb8,multi_cycle,1.0,0.0,242.217,0.0,0.168,0.199,,on,-71,,30 minute NILM iron session
2026-06-03T18:11:41.348920+00:00,2026-06-04 00:11:41,Anllia,plug_1,Tapo P110,P110,iron,262d5eb8,multi_cycle,1.0,0.0,242.217,0.0,0.168,0.199,,on,-71,,30 minute NILM iron session
2026-06-03T18:11:42.614915+00:00,2026-06-04 00:11:42,Anllia,plug_1,Tapo P110,P110,iron,262d5eb8,multi_cycle,1.0,0.0,242.217,0.0,0.168,0.199,,on,-71,,30 minute NILM iron session
2026-06-03T18:11:43.904423+00:00,2026-06-04 00:11:43,Anllia,plug_1,Tapo P110,P110,iron,262d5eb8,multi_cycle,1.0,0.0,242.217,0.0,0.168,0.199,,on,-71,,30 minute NILM iron session
2026-06-03T18:11:45.215095+00:00,2026-06-04 00:11:45,Anllia,plug_1,Tapo P110,P110,iron,262d5eb8,multi_cycle,1.0,0.0,242.217,0.0,0.168,0.199,,on,-70,,30 minute NILM iron session
2026-06-03T18:11:46.485785+00:00,2026-06-04 00:11:46,Anllia,plug_1,Tapo P110,P110,iron,262d5eb8,multi_cycle,1.0,0.0,242.217,0.0,0.168,0.199,,on,-69,,30 minute NILM iron session
2026-06-03T18:11:47.880217+00:00,2026-06-04 00:11:47,Anllia,plug_1,Tapo P110,P110,iron,262d5eb8,multi_cycle,1.0,0.0,242.574,0.0,0.168,0.199,,on,-70,,30 minute NILM iron session
2026-06-03T18:11:49.245187+00:00,2026-06-04 00:11:49,Anllia,plug_1,Tapo P110,P110,iron,262d5eb8,multi_cycle,1.0,0.0,242.574,0.0,0.168,0.199,,on,-70,,30 minute NILM iron session
2026-06-03T18:11:50.511768+00:00,2026-06-04 00:11:50,Anllia,plug_1,Tapo P110,P110,iron,262d5eb8,multi_cycle,1.0,0.0,242.574,0.0,0.168,0.199,,on,-71,,30 minute NILM iron session
2026-06-03T18:11:51.877719+00:00,2026-06-04 00:11:51,Anllia,plug_1,Tapo P110,P110,iron,262d5eb8,multi_cycle,1.0,0.0,242.574,0.0,0.168,0.199,,on,-72,,30 minute NILM iron session
2026-06-03T18:11:53.644089+00:00,2026-06-04 00:11:53,Anllia,plug_1,Tapo P110,P110,iron,262d5eb8,multi_cycle,1.0,0.0,242.574,0.0,0.168,0.199,,on,-72,,30 minute NILM iron session
2026-06-03T18:11:55.084788+00:00,2026-06-04 00:11:55,Anllia,plug_1,Tapo P110,P110,iron,262d5eb8,multi_cycle,1.0,0.0,242.574,0.0,0.168,0.199,,on,-72,,30 minute NILM iron session
2026-06-03T18:11:56.334265+00:00,2026-06-04 00:11:56,Anllia,plug_1,Tapo P110,P110,iron,262d5eb8,multi_cycle,1.0,0.0,242.574,0.0,0.168,0.199,,on,-67,,30 minute NILM iron session
2026-06-03T18:11:57.668201+00:00,2026-06-04 00:11:57,Anllia,plug_1,Tapo P110,P110,iron,262d5eb8,multi_cycle,1.0,0.0,242.574,0.0,0.168,0.199,,on,-71,,30 minute NILM iron session
2026-06-03T18:11:58.951089+00:00,2026-06-04 00:11:58,Anllia,plug_1,Tapo P110,P110,iron,262d5eb8,multi_cycle,1.0,0.0,242.574,0.0,0.168,0.199,,on,-72,,30 minute NILM iron session
2026-06-03T18:12:00.302454+00:00,2026-06-04 00:12:00,Anllia,plug_1,Tapo P110,P110,iron,262d5eb8,multi_cycle,1.0,0.0,242.574,0.0,0.168,0.199,,on,-70,,30 minute NILM iron session
2026-06-03T18:12:01.664917+00:00,2026-06-04 00:12:01,Anllia,plug_1,Tapo P110,P110,iron,262d5eb8,multi_cycle,1.0,0.0,242.65,0.0,0.168,0.199,,on,-71,,30 minute NILM iron session
2026-06-03T18:12:02.932780+00:00,2026-06-04 00:12:02,Anllia,plug_1,Tapo P110,P110,iron,262d5eb8,multi_cycle,1.0,0.0,242.65,0.0,0.168,0.199,,on,-71,,30 minute NILM iron session
2026-06-03T18:12:04.177983+00:00,2026-06-04 00:12:04,Anllia,plug_1,Tapo P110,P110,iron,262d5eb8,multi_cycle,1.0,0.0,242.65,0.0,0.168,0.199,,on,-72,,30 minute NILM iron session
2026-06-03T18:12:05.418422+00:00,2026-06-04 00:12:05,Anllia,plug_1,Tapo P110,P110,iron,262d5eb8,multi_cycle,1.0,0.0,242.65,0.0,0.168,0.199,,on,-72,,30 minute NILM iron session
2026-06-03T18:12:06.670970+00:00,2026-06-04 00:12:06,Anllia,plug_1,Tapo P110,P110,iron,262d5eb8,multi_cycle,1.0,0.0,242.65,0.0,0.168,0.199,,on,-70,,30 minute NILM iron session
2026-06-03T18:12:07.915343+00:00,2026-06-04 00:12:07,Anllia,plug_1,Tapo P110,P110,iron,262d5eb8,multi_cycle,1.0,0.0,242.65,0.0,0.168,0.199,,on,-70,,30 minute NILM iron session
2026-06-03T18:12:10.002611+00:00,2026-06-04 00:12:10,Anllia,plug_1,Tapo P110,P110,iron,262d5eb8,multi_cycle,1.0,0.0,242.65,0.0,0.168,0.199,,on,-72,,30 minute NILM iron session
2026-06-03T18:12:11.246862+00:00,2026-06-04 00:12:11,Anllia,plug_1,Tapo P110,P110,iron,262d5eb8,multi_cycle,1.0,0.0,242.65,0.0,0.168,0.199,,on,-73,,30 minute NILM iron session
2026-06-03T18:12:12.603965+00:00,2026-06-04 00:12:12,Anllia,plug_1,Tapo P110,P110,iron,262d5eb8,multi_cycle,1.0,0.0,242.65,0.0,0.168,0.199,,on,-73,,30 minute NILM iron session
2026-06-03T18:12:13.869628+00:00,2026-06-04 00:12:13,Anllia,plug_1,Tapo P110,P110,iron,262d5eb8,multi_cycle,1.0,0.0,242.65,0.0,0.168,0.199,,on,-73,,30 minute NILM iron session
2026-06-03T18:12:15.119444+00:00,2026-06-04 00:12:15,Anllia,plug_1,Tapo P110,P110,iron,262d5eb8,multi_cycle,1.0,0.0,242.21,0.0,0.168,0.199,,on,-72,,30 minute NILM iron session
2026-06-03T18:12:16.469581+00:00,2026-06-04 00:12:16,Anllia,plug_1,Tapo P110,P110,iron,262d5eb8,multi_cycle,1.0,0.0,242.21,0.0,0.168,0.199,,on,-72,,30 minute NILM iron session
2026-06-03T18:12:17.763749+00:00,2026-06-04 00:12:17,Anllia,plug_1,Tapo P110,P110,iron,262d5eb8,multi_cycle,1.0,0.0,242.21,0.0,0.168,0.199,,on,-72,,30 minute NILM iron session
2026-06-03T18:12:19.023265+00:00,2026-06-04 00:12:19,Anllia,plug_1,Tapo P110,P110,iron,262d5eb8,multi_cycle,1.0,0.0,242.21,0.0,0.168,0.199,,on,-71,,30 minute NILM iron session
2026-06-03T18:12:20.288254+00:00,2026-06-04 00:12:20,Anllia,plug_1,Tapo P110,P110,iron,262d5eb8,multi_cycle,1.0,0.0,242.21,0.0,0.168,0.199,,on,-71,,30 minute NILM iron session
2026-06-03T18:12:21.638879+00:00,2026-06-04 00:12:21,Anllia,plug_1,Tapo P110,P110,iron,262d5eb8,multi_cycle,1.0,0.0,242.21,0.0,0.168,0.199,,on,-70,,30 minute NILM iron session
2026-06-03T18:12:22.881879+00:00,2026-06-04 00:12:22,Anllia,plug_1,Tapo P110,P110,iron,262d5eb8,multi_cycle,1.0,0.0,242.21,0.0,0.168,0.199,,on,-72,,30 minute NILM iron session
2026-06-03T18:12:25.277600+00:00,2026-06-04 00:12:25,Anllia,plug_1,Tapo P110,P110,iron,262d5eb8,multi_cycle,1.0,0.0,242.21,0.0,0.168,0.199,,on,-70,,30 minute NILM iron session
2026-06-03T18:12:26.544834+00:00,2026-06-04 00:12:26,Anllia,plug_1,Tapo P110,P110,iron,262d5eb8,multi_cycle,1.0,0.0,242.21,0.0,0.168,0.199,,on,-72,,30 minute NILM iron session
2026-06-03T18:12:27.941330+00:00,2026-06-04 00:12:27,Anllia,plug_1,Tapo P110,P110,iron,262d5eb8,multi_cycle,1.0,0.0,242.21,0.0,0.168,0.199,,on,-70,,30 minute NILM iron session
2026-06-03T18:12:29.211532+00:00,2026-06-04 00:12:29,Anllia,plug_1,Tapo P110,P110,iron,262d5eb8,multi_cycle,1.0,0.0,242.612,0.0,0.168,0.199,,on,-70,,30 minute NILM iron session
2026-06-03T18:12:30.566377+00:00,2026-06-04 00:12:30,Anllia,plug_1,Tapo P110,P110,iron,262d5eb8,multi_cycle,1.0,0.0,242.612,0.0,0.168,0.199,,on,-71,,30 minute NILM iron session
2026-06-03T18:12:31.829585+00:00,2026-06-04 00:12:31,Anllia,plug_1,Tapo P110,P110,iron,262d5eb8,multi_cycle,1.0,0.0,242.612,0.0,0.168,0.199,,on,-73,,30 minute NILM iron session
2026-06-03T18:12:33.248247+00:00,2026-06-04 00:12:33,Anllia,plug_1,Tapo P110,P110,iron,262d5eb8,multi_cycle,1.0,0.0,242.612,0.0,0.168,0.199,,on,-72,,30 minute NILM iron session
2026-06-03T18:12:34.646497+00:00,2026-06-04 00:12:34,Anllia,plug_1,Tapo P110,P110,iron,262d5eb8,multi_cycle,1.0,0.0,242.612,0.0,0.168,0.199,,on,-71,,30 minute NILM iron session
2026-06-03T18:12:35.912018+00:00,2026-06-04 00:12:35,Anllia,plug_1,Tapo P110,P110,iron,262d5eb8,multi_cycle,1.0,0.0,242.612,0.0,0.168,0.199,,on,-71,,30 minute NILM iron session
2026-06-03T18:12:37.278180+00:00,2026-06-04 00:12:37,Anllia,plug_1,Tapo P110,P110,iron,262d5eb8,multi_cycle,1.0,0.0,242.612,0.0,0.168,0.199,,on,-72,,30 minute NILM iron session
2026-06-03T18:12:39.561433+00:00,2026-06-04 00:12:39,Anllia,plug_1,Tapo P110,P110,iron,262d5eb8,multi_cycle,1.0,0.0,242.612,0.0,0.168,0.199,,on,-71,,30 minute NILM iron session
2026-06-03T18:12:40.809674+00:00,2026-06-04 00:12:40,Anllia,plug_1,Tapo P110,P110,iron,262d5eb8,multi_cycle,1.0,0.0,242.612,0.0,0.168,0.199,,on,-71,,30 minute NILM iron session
2026-06-03T18:12:42.091685+00:00,2026-06-04 00:12:42,Anllia,plug_1,Tapo P110,P110,iron,262d5eb8,multi_cycle,1.0,1324.646,242.612,0.0,0.168,0.199,,on,-71,,30 minute NILM iron session
2026-06-03T18:12:43.365083+00:00,2026-06-04 00:12:43,Anllia,plug_1,Tapo P110,P110,iron,262d5eb8,multi_cycle,1.0,1398.288,235.152,0.0,0.169,0.2,,on,-71,,30 minute NILM iron session
2026-06-03T18:12:44.681534+00:00,2026-06-04 00:12:44,Anllia,plug_1,Tapo P110,P110,iron,262d5eb8,multi_cycle,1.0,1398.288,235.152,5.924,0.169,0.2,,on,-71,,30 minute NILM iron session
2026-06-03T18:12:45.949331+00:00,2026-06-04 00:12:45,Anllia,plug_1,Tapo P110,P110,iron,262d5eb8,multi_cycle,1.0,1393.28,235.138,5.924,0.17,0.201,,on,-71,,30 minute NILM iron session
2026-06-03T18:12:47.194202+00:00,2026-06-04 00:12:47,Anllia,plug_1,Tapo P110,P110,iron,262d5eb8,multi_cycle,1.0,1389.113,235.138,5.924,0.17,0.201,,on,-72,,30 minute NILM iron session
2026-06-03T18:12:48.443979+00:00,2026-06-04 00:12:48,Anllia,plug_1,Tapo P110,P110,iron,262d5eb8,multi_cycle,1.0,1386.363,235.138,5.895,0.17,0.202,,on,-72,,30 minute NILM iron session
2026-06-03T18:12:49.735458+00:00,2026-06-04 00:12:49,Anllia,plug_1,Tapo P110,P110,iron,262d5eb8,multi_cycle,1.0,1384.609,235.041,5.895,0.171,0.202,,on,-70,,30 minute NILM iron session
2026-06-03T18:12:51.096592+00:00,2026-06-04 00:12:51,Anllia,plug_1,Tapo P110,P110,iron,262d5eb8,multi_cycle,1.0,1383.806,235.041,5.88,0.171,0.203,,on,-71,,30 minute NILM iron session
2026-06-03T18:12:52.444665+00:00,2026-06-04 00:12:52,Anllia,plug_1,Tapo P110,P110,iron,262d5eb8,multi_cycle,1.0,1384.68,235.187,5.88,0.172,0.203,,on,-71,,30 minute NILM iron session
2026-06-03T18:12:53.687287+00:00,2026-06-04 00:12:53,Anllia,plug_1,Tapo P110,P110,iron,262d5eb8,multi_cycle,1.0,1384.68,235.187,5.876,0.172,0.204,,on,-71,,30 minute NILM iron session
2026-06-03T18:12:55.162961+00:00,2026-06-04 00:12:55,Anllia,plug_1,Tapo P110,P110,iron,262d5eb8,multi_cycle,1.0,1384.68,242.349,5.876,0.172,0.204,,on,-70,,30 minute NILM iron session
2026-06-03T18:12:56.524718+00:00,2026-06-04 00:12:56,Anllia,plug_1,Tapo P110,P110,iron,262d5eb8,multi_cycle,1.0,0.0,242.349,5.876,0.172,0.204,,on,-69,,30 minute NILM iron session
2026-06-03T18:12:57.793951+00:00,2026-06-04 00:12:57,Anllia,plug_1,Tapo P110,P110,iron,262d5eb8,multi_cycle,1.0,0.0,242.349,0.0,0.172,0.204,,on,-71,,30 minute NILM iron session
2026-06-03T18:12:59.037320+00:00,2026-06-04 00:12:59,Anllia,plug_1,Tapo P110,P110,iron,262d5eb8,multi_cycle,1.0,0.0,242.316,0.0,0.172,0.204,,on,-71,,30 minute NILM iron session
2026-06-03T18:13:00.298292+00:00,2026-06-04 00:13:00,Anllia,plug_1,Tapo P110,P110,iron,262d5eb8,multi_cycle,1.0,0.0,242.316,0.0,0.172,0.204,,on,-71,,30 minute NILM iron session
2026-06-03T18:13:01.574730+00:00,2026-06-04 00:13:01,Anllia,plug_1,Tapo P110,P110,iron,262d5eb8,multi_cycle,1.0,0.0,242.316,0.0,0.172,0.204,,on,-71,,30 minute NILM iron session
2026-06-03T18:13:02.891131+00:00,2026-06-04 00:13:02,Anllia,plug_1,Tapo P110,P110,iron,262d5eb8,multi_cycle,1.0,0.0,242.316,0.0,0.172,0.204,,on,-72,,30 minute NILM iron session
2026-06-03T18:13:04.255814+00:00,2026-06-04 00:13:04,Anllia,plug_1,Tapo P110,P110,iron,262d5eb8,multi_cycle,1.0,0.0,242.316,0.0,0.172,0.204,,on,-72,,30 minute NILM iron session
2026-06-03T18:13:05.535536+00:00,2026-06-04 00:13:05,Anllia,plug_1,Tapo P110,P110,iron,262d5eb8,multi_cycle,1.0,0.0,242.316,0.0,0.172,0.204,,on,-72,,30 minute NILM iron session
2026-06-03T18:13:06.866183+00:00,2026-06-04 00:13:06,Anllia,plug_1,Tapo P110,P110,iron,262d5eb8,multi_cycle,1.0,0.0,242.316,0.0,0.172,0.204,,on,-71,,30 minute NILM iron session
2026-06-03T18:13:08.153218+00:00,2026-06-04 00:13:08,Anllia,plug_1,Tapo P110,P110,iron,262d5eb8,multi_cycle,1.0,0.0,242.316,0.0,0.172,0.204,,on,-71,,30 minute NILM iron session
2026-06-03T18:13:10.456559+00:00,2026-06-04 00:13:10,Anllia,plug_1,Tapo P110,P110,iron,262d5eb8,multi_cycle,1.0,0.0,242.316,0.0,0.172,0.204,,on,-72,,30 minute NILM iron session
2026-06-03T18:13:11.777489+00:00,2026-06-04 00:13:11,Anllia,plug_1,Tapo P110,P110,iron,262d5eb8,multi_cycle,1.0,0.0,242.316,0.0,0.172,0.204,,on,-71,,30 minute NILM iron session
2026-06-03T18:13:13.303028+00:00,2026-06-04 00:13:13,Anllia,plug_1,Tapo P110,P110,iron,262d5eb8,multi_cycle,1.0,0.0,242.092,0.0,0.172,0.204,,on,-72,,30 minute NILM iron session
2026-06-03T18:13:14.651709+00:00,2026-06-04 00:13:14,Anllia,plug_1,Tapo P110,P110,iron,262d5eb8,multi_cycle,1.0,0.0,242.092,0.0,0.172,0.204,,on,-71,,30 minute NILM iron session
2026-06-03T18:13:15.910888+00:00,2026-06-04 00:13:15,Anllia,plug_1,Tapo P110,P110,iron,262d5eb8,multi_cycle,1.0,0.0,242.092,0.0,0.172,0.204,,on,-71,,30 minute NILM iron session
2026-06-03T18:13:17.201269+00:00,2026-06-04 00:13:17,Anllia,plug_1,Tapo P110,P110,iron,262d5eb8,multi_cycle,1.0,0.0,242.092,0.0,0.172,0.204,,on,-69,,30 minute NILM iron session
2026-06-03T18:13:18.649549+00:00,2026-06-04 00:13:18,Anllia,plug_1,Tapo P110,P110,iron,262d5eb8,multi_cycle,1.0,0.0,242.092,0.0,0.172,0.204,,on,-69,,30 minute NILM iron session
2026-06-03T18:13:19.965138+00:00,2026-06-04 00:13:19,Anllia,plug_1,Tapo P110,P110,iron,262d5eb8,multi_cycle,1.0,0.0,242.092,0.0,0.172,0.204,,on,-71,,30 minute NILM iron session
2026-06-03T18:13:21.205349+00:00,2026-06-04 00:13:21,Anllia,plug_1,Tapo P110,P110,iron,262d5eb8,multi_cycle,1.0,0.0,242.092,0.0,0.172,0.204,,on,-70,,30 minute NILM iron session
2026-06-03T18:13:22.514675+00:00,2026-06-04 00:13:22,Anllia,plug_1,Tapo P110,P110,iron,262d5eb8,multi_cycle,1.0,0.0,242.092,0.0,0.172,0.204,,on,-72,,30 minute NILM iron session
2026-06-03T18:13:24.653313+00:00,2026-06-04 00:13:24,Anllia,plug_1,Tapo P110,P110,iron,262d5eb8,multi_cycle,1.0,0.0,242.092,0.0,0.172,0.204,,on,-71,,30 minute NILM iron session
2026-06-03T18:13:25.969270+00:00,2026-06-04 00:13:25,Anllia,plug_1,Tapo P110,P110,iron,262d5eb8,multi_cycle,1.0,0.0,242.092,0.0,0.172,0.204,,on,-73,,30 minute NILM iron session
2026-06-03T18:13:27.235470+00:00,2026-06-04 00:13:27,Anllia,plug_1,Tapo P110,P110,iron,262d5eb8,multi_cycle,1.0,0.0,242.279,0.0,0.172,0.204,,on,-71,,30 minute NILM iron session
2026-06-03T18:13:28.486294+00:00,2026-06-04 00:13:28,Anllia,plug_1,Tapo P110,P110,iron,262d5eb8,multi_cycle,1.0,0.0,242.279,0.0,0.172,0.204,,on,-71,,30 minute NILM iron session
2026-06-03T18:13:29.731265+00:00,2026-06-04 00:13:29,Anllia,plug_1,Tapo P110,P110,iron,262d5eb8,multi_cycle,1.0,0.0,242.279,0.0,0.172,0.204,,on,-72,,30 minute NILM iron session
2026-06-03T18:13:30.982128+00:00,2026-06-04 00:13:30,Anllia,plug_1,Tapo P110,P110,iron,262d5eb8,multi_cycle,1.0,0.0,242.279,0.0,0.172,0.204,,on,-69,,30 minute NILM iron session
2026-06-03T18:13:32.342382+00:00,2026-06-04 00:13:32,Anllia,plug_1,Tapo P110,P110,iron,262d5eb8,multi_cycle,1.0,0.0,242.279,0.0,0.172,0.204,,on,-69,,30 minute NILM iron session
2026-06-03T18:13:33.584691+00:00,2026-06-04 00:13:33,Anllia,plug_1,Tapo P110,P110,iron,262d5eb8,multi_cycle,1.0,0.0,242.279,0.0,0.172,0.204,,on,-68,,30 minute NILM iron session
2026-06-03T18:13:34.972642+00:00,2026-06-04 00:13:34,Anllia,plug_1,Tapo P110,P110,iron,262d5eb8,multi_cycle,1.0,0.0,242.279,0.0,0.172,0.204,,on,-74,,30 minute NILM iron session
2026-06-03T18:13:36.254674+00:00,2026-06-04 00:13:36,Anllia,plug_1,Tapo P110,P110,iron,262d5eb8,multi_cycle,1.0,0.0,242.279,0.0,0.172,0.204,,on,-70,,30 minute NILM iron session
2026-06-03T18:13:37.565903+00:00,2026-06-04 00:13:37,Anllia,plug_1,Tapo P110,P110,iron,262d5eb8,multi_cycle,1.0,0.0,242.279,0.0,0.172,0.204,,on,-69,,30 minute NILM iron session
2026-06-03T18:13:39.869012+00:00,2026-06-04 00:13:39,Anllia,plug_1,Tapo P110,P110,iron,262d5eb8,multi_cycle,1.0,0.0,242.279,0.0,0.172,0.204,,on,-70,,30 minute NILM iron session
2026-06-03T18:13:41.267008+00:00,2026-06-04 00:13:41,Anllia,plug_1,Tapo P110,P110,iron,262d5eb8,multi_cycle,1.0,0.0,242.522,0.0,0.172,0.204,,on,-71,,30 minute NILM iron session
2026-06-03T18:13:42.509092+00:00,2026-06-04 00:13:42,Anllia,plug_1,Tapo P110,P110,iron,262d5eb8,multi_cycle,1.0,0.0,242.522,0.0,0.172,0.204,,on,-71,,30 minute NILM iron session
2026-06-03T18:13:43.934517+00:00,2026-06-04 00:13:43,Anllia,plug_1,Tapo P110,P110,iron,262d5eb8,multi_cycle,1.0,0.0,242.522,0.0,0.172,0.204,,on,-69,,30 minute NILM iron session
2026-06-03T18:13:45.297011+00:00,2026-06-04 00:13:45,Anllia,plug_1,Tapo P110,P110,iron,262d5eb8,multi_cycle,1.0,0.0,242.522,0.0,0.172,0.204,,on,-71,,30 minute NILM iron session
2026-06-03T18:13:46.565844+00:00,2026-06-04 00:13:46,Anllia,plug_1,Tapo P110,P110,iron,262d5eb8,multi_cycle,1.0,0.0,242.522,0.0,0.172,0.204,,on,-72,,30 minute NILM iron session
2026-06-03T18:13:47.831698+00:00,2026-06-04 00:13:47,Anllia,plug_1,Tapo P110,P110,iron,262d5eb8,multi_cycle,1.0,0.0,242.522,0.0,0.172,0.204,,on,-69,,30 minute NILM iron session
2026-06-03T18:13:49.116380+00:00,2026-06-04 00:13:49,Anllia,plug_1,Tapo P110,P110,iron,262d5eb8,multi_cycle,1.0,0.0,242.522,0.0,0.172,0.204,,on,-72,,30 minute NILM iron session
2026-06-03T18:13:50.364688+00:00,2026-06-04 00:13:50,Anllia,plug_1,Tapo P110,P110,iron,262d5eb8,multi_cycle,1.0,0.0,242.522,0.0,0.172,0.204,,on,-70,,30 minute NILM iron session
2026-06-03T18:13:51.713224+00:00,2026-06-04 00:13:51,Anllia,plug_1,Tapo P110,P110,iron,262d5eb8,multi_cycle,1.0,0.0,242.522,0.0,0.172,0.204,,on,-73,,30 minute NILM iron session
2026-06-03T18:13:52.981741+00:00,2026-06-04 00:13:52,Anllia,plug_1,Tapo P110,P110,iron,262d5eb8,multi_cycle,1.0,0.0,242.522,0.0,0.172,0.204,,on,-71,,30 minute NILM iron session
2026-06-03T18:13:54.988309+00:00,2026-06-04 00:13:54,Anllia,plug_1,Tapo P110,P110,iron,262d5eb8,multi_cycle,1.0,0.0,242.522,0.0,0.172,0.204,,on,-71,,30 minute NILM iron session
2026-06-03T18:13:56.318679+00:00,2026-06-04 00:13:56,Anllia,plug_1,Tapo P110,P110,iron,262d5eb8,multi_cycle,1.0,0.0,241.94,0.0,0.172,0.204,,on,-72,,30 minute NILM iron session
2026-06-03T18:13:57.583252+00:00,2026-06-04 00:13:57,Anllia,plug_1,Tapo P110,P110,iron,262d5eb8,multi_cycle,1.0,0.0,241.94,0.0,0.172,0.204,,on,-72,,30 minute NILM iron session
2026-06-03T18:13:58.832950+00:00,2026-06-04 00:13:58,Anllia,plug_1,Tapo P110,P110,iron,262d5eb8,multi_cycle,1.0,0.0,241.94,0.0,0.172,0.204,,on,-70,,30 minute NILM iron session
2026-06-03T18:14:00.184194+00:00,2026-06-04 00:14:00,Anllia,plug_1,Tapo P110,P110,iron,262d5eb8,multi_cycle,1.0,0.0,241.94,0.0,0.172,0.204,,on,-72,,30 minute NILM iron session
2026-06-03T18:14:01.449439+00:00,2026-06-04 00:14:01,Anllia,plug_1,Tapo P110,P110,iron,262d5eb8,multi_cycle,1.0,0.0,241.94,0.0,0.172,0.204,,on,-72,,30 minute NILM iron session
2026-06-03T18:14:02.769621+00:00,2026-06-04 00:14:02,Anllia,plug_1,Tapo P110,P110,iron,262d5eb8,multi_cycle,1.0,0.0,241.94,0.0,0.172,0.204,,on,-72,,30 minute NILM iron session
2026-06-03T18:14:04.132819+00:00,2026-06-04 00:14:04,Anllia,plug_1,Tapo P110,P110,iron,262d5eb8,multi_cycle,1.0,0.0,241.94,0.0,0.172,0.204,,on,-70,,30 minute NILM iron session
2026-06-03T18:14:05.403419+00:00,2026-06-04 00:14:05,Anllia,plug_1,Tapo P110,P110,iron,262d5eb8,multi_cycle,1.0,0.0,241.94,0.0,0.172,0.204,,on,-71,,30 minute NILM iron session
2026-06-03T18:14:06.651690+00:00,2026-06-04 00:14:06,Anllia,plug_1,Tapo P110,P110,iron,262d5eb8,multi_cycle,1.0,0.0,241.94,0.0,0.172,0.204,,on,-73,,30 minute NILM iron session
2026-06-03T18:14:07.899027+00:00,2026-06-04 00:14:07,Anllia,plug_1,Tapo P110,P110,iron,262d5eb8,multi_cycle,1.0,0.0,241.94,0.0,0.172,0.204,,on,-72,,30 minute NILM iron session
2026-06-03T18:14:10.215907+00:00,2026-06-04 00:14:10,Anllia,plug_1,Tapo P110,P110,iron,262d5eb8,multi_cycle,1.0,0.0,241.992,0.0,0.172,0.204,,on,-71,,30 minute NILM iron session
2026-06-03T18:14:11.484895+00:00,2026-06-04 00:14:11,Anllia,plug_1,Tapo P110,P110,iron,262d5eb8,multi_cycle,1.0,0.0,241.992,0.0,0.172,0.204,,on,-70,,30 minute NILM iron session
2026-06-03T18:14:12.734728+00:00,2026-06-04 00:14:12,Anllia,plug_1,Tapo P110,P110,iron,262d5eb8,multi_cycle,1.0,0.0,241.992,0.0,0.172,0.204,,on,-71,,30 minute NILM iron session
2026-06-03T18:14:13.981600+00:00,2026-06-04 00:14:13,Anllia,plug_1,Tapo P110,P110,iron,262d5eb8,multi_cycle,1.0,0.0,241.992,0.0,0.172,0.204,,on,-72,,30 minute NILM iron session
2026-06-03T18:14:15.224531+00:00,2026-06-04 00:14:15,Anllia,plug_1,Tapo P110,P110,iron,262d5eb8,multi_cycle,1.0,0.0,241.992,0.0,0.172,0.204,,on,-72,,30 minute NILM iron session
2026-06-03T18:14:16.552417+00:00,2026-06-04 00:14:16,Anllia,plug_1,Tapo P110,P110,iron,262d5eb8,multi_cycle,1.0,0.0,241.992,0.0,0.172,0.204,,on,-73,,30 minute NILM iron session
2026-06-03T18:14:17.900759+00:00,2026-06-04 00:14:17,Anllia,plug_1,Tapo P110,P110,iron,262d5eb8,multi_cycle,1.0,0.0,241.992,0.0,0.172,0.204,,on,-71,,30 minute NILM iron session
2026-06-03T18:14:19.265979+00:00,2026-06-04 00:14:19,Anllia,plug_1,Tapo P110,P110,iron,262d5eb8,multi_cycle,1.0,0.0,241.992,0.0,0.172,0.204,,on,-72,,30 minute NILM iron session
2026-06-03T18:14:20.536352+00:00,2026-06-04 00:14:20,Anllia,plug_1,Tapo P110,P110,iron,262d5eb8,multi_cycle,1.0,0.0,241.992,0.0,0.172,0.204,,on,-73,,30 minute NILM iron session
2026-06-03T18:14:21.898087+00:00,2026-06-04 00:14:21,Anllia,plug_1,Tapo P110,P110,iron,262d5eb8,multi_cycle,1.0,0.0,241.992,0.0,0.172,0.204,,on,-72,,30 minute NILM iron session
2026-06-03T18:14:23.236776+00:00,2026-06-04 00:14:23,Anllia,plug_1,Tapo P110,P110,iron,262d5eb8,multi_cycle,1.0,0.0,242.135,0.0,0.172,0.204,,on,-72,,30 minute NILM iron session
2026-06-03T18:14:25.386851+00:00,2026-06-04 00:14:25,Anllia,plug_1,Tapo P110,P110,iron,262d5eb8,multi_cycle,1.0,0.0,242.135,0.0,0.172,0.204,,on,-71,,30 minute NILM iron session
2026-06-03T18:14:26.782232+00:00,2026-06-04 00:14:26,Anllia,plug_1,Tapo P110,P110,iron,262d5eb8,multi_cycle,1.0,0.0,242.135,0.0,0.172,0.204,,on,-72,,30 minute NILM iron session
2026-06-03T18:14:28.026090+00:00,2026-06-04 00:14:28,Anllia,plug_1,Tapo P110,P110,iron,262d5eb8,multi_cycle,1.0,0.0,242.135,0.0,0.172,0.204,,on,-73,,30 minute NILM iron session
2026-06-03T18:14:29.333756+00:00,2026-06-04 00:14:29,Anllia,plug_1,Tapo P110,P110,iron,262d5eb8,multi_cycle,1.0,0.0,242.135,0.0,0.172,0.204,,on,-72,,30 minute NILM iron session
2026-06-03T18:14:30.581622+00:00,2026-06-04 00:14:30,Anllia,plug_1,Tapo P110,P110,iron,262d5eb8,multi_cycle,1.0,0.0,242.135,0.0,0.172,0.204,,on,-71,,30 minute NILM iron session
2026-06-03T18:14:31.849990+00:00,2026-06-04 00:14:31,Anllia,plug_1,Tapo P110,P110,iron,262d5eb8,multi_cycle,1.0,0.0,242.135,0.0,0.172,0.204,,on,-72,,30 minute NILM iron session
2026-06-03T18:14:33.096664+00:00,2026-06-04 00:14:33,Anllia,plug_1,Tapo P110,P110,iron,262d5eb8,multi_cycle,1.0,0.0,242.135,0.0,0.172,0.204,,on,-72,,30 minute NILM iron session
2026-06-03T18:14:34.484263+00:00,2026-06-04 00:14:34,Anllia,plug_1,Tapo P110,P110,iron,262d5eb8,multi_cycle,1.0,0.0,242.135,0.0,0.172,0.204,,on,-71,,30 minute NILM iron session
2026-06-03T18:14:35.791841+00:00,2026-06-04 00:14:35,Anllia,plug_1,Tapo P110,P110,iron,262d5eb8,multi_cycle,1.0,0.0,242.135,0.0,0.172,0.204,,on,-71,,30 minute NILM iron session
2026-06-03T18:14:37.043794+00:00,2026-06-04 00:14:37,Anllia,plug_1,Tapo P110,P110,iron,262d5eb8,multi_cycle,1.0,0.0,242.135,0.0,0.172,0.204,,on,-72,,30 minute NILM iron session
2026-06-03T18:14:38.381598+00:00,2026-06-04 00:14:38,Anllia,plug_1,Tapo P110,P110,iron,262d5eb8,multi_cycle,1.0,0.0,241.624,0.0,0.172,0.204,,on,-72,,30 minute NILM iron session
2026-06-03T18:14:40.769123+00:00,2026-06-04 00:14:40,Anllia,plug_1,Tapo P110,P110,iron,262d5eb8,multi_cycle,1.0,0.0,241.624,0.0,0.172,0.204,,on,-71,,30 minute NILM iron session
2026-06-03T18:14:42.066084+00:00,2026-06-04 00:14:42,Anllia,plug_1,Tapo P110,P110,iron,262d5eb8,multi_cycle,1.0,0.0,241.624,0.0,0.172,0.204,,on,-71,,30 minute NILM iron session
2026-06-03T18:14:43.364358+00:00,2026-06-04 00:14:43,Anllia,plug_1,Tapo P110,P110,iron,262d5eb8,multi_cycle,1.0,0.0,241.624,0.0,0.172,0.204,,on,-72,,30 minute NILM iron session
2026-06-03T18:14:44.631267+00:00,2026-06-04 00:14:44,Anllia,plug_1,Tapo P110,P110,iron,262d5eb8,multi_cycle,1.0,0.0,241.624,0.0,0.172,0.204,,on,-72,,30 minute NILM iron session
2026-06-03T18:14:45.953855+00:00,2026-06-04 00:14:45,Anllia,plug_1,Tapo P110,P110,iron,262d5eb8,multi_cycle,1.0,0.0,241.624,0.0,0.172,0.204,,on,-71,,30 minute NILM iron session
2026-06-03T18:14:47.350556+00:00,2026-06-04 00:14:47,Anllia,plug_1,Tapo P110,P110,iron,262d5eb8,multi_cycle,1.0,0.0,241.624,0.0,0.172,0.204,,on,-72,,30 minute NILM iron session
2026-06-03T18:14:48.631629+00:00,2026-06-04 00:14:48,Anllia,plug_1,Tapo P110,P110,iron,262d5eb8,multi_cycle,1.0,0.0,241.624,0.0,0.172,0.204,,on,-71,,30 minute NILM iron session
2026-06-03T18:14:49.884509+00:00,2026-06-04 00:14:49,Anllia,plug_1,Tapo P110,P110,iron,262d5eb8,multi_cycle,1.0,0.0,241.624,0.0,0.172,0.204,,on,-71,,30 minute NILM iron session
2026-06-03T18:14:51.203699+00:00,2026-06-04 00:14:51,Anllia,plug_1,Tapo P110,P110,iron,262d5eb8,multi_cycle,1.0,0.0,241.624,0.0,0.172,0.204,,on,-71,,30 minute NILM iron session
2026-06-03T18:14:52.455272+00:00,2026-06-04 00:14:52,Anllia,plug_1,Tapo P110,P110,iron,262d5eb8,multi_cycle,1.0,0.0,241.595,0.0,0.172,0.204,,on,-71,,30 minute NILM iron session
2026-06-03T18:14:53.891873+00:00,2026-06-04 00:14:53,Anllia,plug_1,Tapo P110,P110,iron,262d5eb8,multi_cycle,1.0,0.0,241.595,0.0,0.172,0.204,,on,-71,,30 minute NILM iron session
2026-06-03T18:14:55.157657+00:00,2026-06-04 00:14:55,Anllia,plug_1,Tapo P110,P110,iron,262d5eb8,multi_cycle,1.0,0.0,241.595,0.0,0.172,0.204,,on,-70,,30 minute NILM iron session
2026-06-03T18:14:56.473565+00:00,2026-06-04 00:14:56,Anllia,plug_1,Tapo P110,P110,iron,262d5eb8,multi_cycle,1.0,0.0,241.595,0.0,0.172,0.204,,on,-70,,30 minute NILM iron session
2026-06-03T18:14:57.715156+00:00,2026-06-04 00:14:57,Anllia,plug_1,Tapo P110,P110,iron,262d5eb8,multi_cycle,1.0,0.0,241.595,0.0,0.172,0.204,,on,-69,,30 minute NILM iron session
2026-06-03T18:14:58.958186+00:00,2026-06-04 00:14:58,Anllia,plug_1,Tapo P110,P110,iron,262d5eb8,multi_cycle,1.0,0.0,241.595,0.0,0.172,0.204,,on,-72,,30 minute NILM iron session
2026-06-03T18:15:00.344722+00:00,2026-06-04 00:15:00,Anllia,plug_1,Tapo P110,P110,iron,262d5eb8,multi_cycle,1.0,0.0,241.595,0.0,0.172,0.204,,on,-74,,30 minute NILM iron session
2026-06-03T18:15:01.705982+00:00,2026-06-04 00:15:01,Anllia,plug_1,Tapo P110,P110,iron,262d5eb8,multi_cycle,1.0,0.0,241.595,0.0,0.172,0.204,,on,-72,,30 minute NILM iron session
2026-06-03T18:15:03.104109+00:00,2026-06-04 00:15:03,Anllia,plug_1,Tapo P110,P110,iron,262d5eb8,multi_cycle,1.0,0.0,241.595,0.0,0.172,0.204,,on,-70,,30 minute NILM iron session
2026-06-03T18:15:04.502053+00:00,2026-06-04 00:15:04,Anllia,plug_1,Tapo P110,P110,iron,262d5eb8,multi_cycle,1.0,0.0,241.595,0.0,0.172,0.204,,on,-72,,30 minute NILM iron session
2026-06-03T18:15:05.768898+00:00,2026-06-04 00:15:05,Anllia,plug_1,Tapo P110,P110,iron,262d5eb8,multi_cycle,1.0,0.0,241.496,0.0,0.172,0.204,,on,-72,,30 minute NILM iron session
2026-06-03T18:15:07.054549+00:00,2026-06-04 00:15:07,Anllia,plug_1,Tapo P110,P110,iron,262d5eb8,multi_cycle,1.0,0.0,241.496,0.0,0.172,0.204,,on,-72,,30 minute NILM iron session
2026-06-03T18:15:08.368058+00:00,2026-06-04 00:15:08,Anllia,plug_1,Tapo P110,P110,iron,262d5eb8,multi_cycle,1.0,0.0,241.496,0.0,0.172,0.204,,on,-71,,30 minute NILM iron session
2026-06-03T18:15:09.632797+00:00,2026-06-04 00:15:09,Anllia,plug_1,Tapo P110,P110,iron,262d5eb8,multi_cycle,1.0,0.0,241.496,0.0,0.172,0.204,,on,-71,,30 minute NILM iron session
2026-06-03T18:15:11.196081+00:00,2026-06-04 00:15:11,Anllia,plug_1,Tapo P110,P110,iron,262d5eb8,multi_cycle,1.0,0.0,241.496,0.0,0.172,0.204,,on,-72,,30 minute NILM iron session
2026-06-03T18:15:12.727548+00:00,2026-06-04 00:15:12,Anllia,plug_1,Tapo P110,P110,iron,262d5eb8,multi_cycle,1.0,0.0,241.496,0.0,0.172,0.204,,on,-71,,30 minute NILM iron session
2026-06-03T18:15:14.043593+00:00,2026-06-04 00:15:14,Anllia,plug_1,Tapo P110,P110,iron,262d5eb8,multi_cycle,1.0,0.0,241.496,0.0,0.172,0.204,,on,-74,,30 minute NILM iron session
2026-06-03T18:15:15.524019+00:00,2026-06-04 00:15:15,Anllia,plug_1,Tapo P110,P110,iron,262d5eb8,multi_cycle,1.0,0.0,241.496,0.0,0.172,0.204,,on,-73,,30 minute NILM iron session
2026-06-03T18:15:16.841793+00:00,2026-06-04 00:15:16,Anllia,plug_1,Tapo P110,P110,iron,262d5eb8,multi_cycle,1.0,0.0,241.496,0.001,0.172,0.204,,on,-70,,30 minute NILM iron session
2026-06-03T18:15:18.155802+00:00,2026-06-04 00:15:18,Anllia,plug_1,Tapo P110,P110,iron,262d5eb8,multi_cycle,1.0,1336.137,234.328,0.001,0.173,0.204,,on,-72,,30 minute NILM iron session
2026-06-03T18:15:19.479698+00:00,2026-06-04 00:15:19,Anllia,plug_1,Tapo P110,P110,iron,262d5eb8,multi_cycle,1.0,1388.482,234.328,5.909,0.173,0.205,,on,-72,,30 minute NILM iron session
2026-06-03T18:15:20.787678+00:00,2026-06-04 00:15:20,Anllia,plug_1,Tapo P110,P110,iron,262d5eb8,multi_cycle,1.0,1385.975,234.328,5.909,0.174,0.205,,on,-73,,30 minute NILM iron session
2026-06-03T18:15:22.051065+00:00,2026-06-04 00:15:22,Anllia,plug_1,Tapo P110,P110,iron,262d5eb8,multi_cycle,1.0,1384.2,234.642,5.909,0.174,0.206,,on,-71,,30 minute NILM iron session
2026-06-03T18:15:23.317880+00:00,2026-06-04 00:15:23,Anllia,plug_1,Tapo P110,P110,iron,262d5eb8,multi_cycle,1.0,1384.2,234.642,5.887,0.175,0.206,,on,-72,,30 minute NILM iron session
2026-06-03T18:15:24.653508+00:00,2026-06-04 00:15:24,Anllia,plug_1,Tapo P110,P110,iron,262d5eb8,multi_cycle,1.0,1380.882,234.555,5.887,0.175,0.207,,on,-70,,30 minute NILM iron session
2026-06-03T18:15:26.467083+00:00,2026-06-04 00:15:26,Anllia,plug_1,Tapo P110,P110,iron,262d5eb8,multi_cycle,1.0,1379.506,234.555,5.872,0.176,0.208,,on,-71,,30 minute NILM iron session
2026-06-03T18:15:27.729527+00:00,2026-06-04 00:15:27,Anllia,plug_1,Tapo P110,P110,iron,262d5eb8,multi_cycle,1.0,1378.442,234.51,5.872,0.177,0.208,,on,-71,,30 minute NILM iron session
2026-06-03T18:15:28.970301+00:00,2026-06-04 00:15:28,Anllia,plug_1,Tapo P110,P110,iron,262d5eb8,multi_cycle,1.0,1375.429,234.51,5.859,0.177,0.208,,on,-72,,30 minute NILM iron session
2026-06-03T18:15:30.247090+00:00,2026-06-04 00:15:30,Anllia,plug_1,Tapo P110,P110,iron,262d5eb8,multi_cycle,1.0,1375.429,240.764,5.859,0.177,0.208,,on,-71,,30 minute NILM iron session
2026-06-03T18:15:31.562258+00:00,2026-06-04 00:15:31,Anllia,plug_1,Tapo P110,P110,iron,262d5eb8,multi_cycle,1.0,1375.429,240.764,5.859,0.177,0.208,,on,-71,,30 minute NILM iron session
2026-06-03T18:15:32.828389+00:00,2026-06-04 00:15:32,Anllia,plug_1,Tapo P110,P110,iron,262d5eb8,multi_cycle,1.0,0.0,240.764,0.0,0.177,0.208,,on,-73,,30 minute NILM iron session
2026-06-03T18:15:34.118648+00:00,2026-06-04 00:15:34,Anllia,plug_1,Tapo P110,P110,iron,262d5eb8,multi_cycle,1.0,0.0,241.667,0.0,0.177,0.208,,on,-72,,30 minute NILM iron session
2026-06-03T18:15:35.427483+00:00,2026-06-04 00:15:35,Anllia,plug_1,Tapo P110,P110,iron,262d5eb8,multi_cycle,1.0,0.0,241.667,0.0,0.177,0.208,,on,-72,,30 minute NILM iron session
2026-06-03T18:15:36.776306+00:00,2026-06-04 00:15:36,Anllia,plug_1,Tapo P110,P110,iron,262d5eb8,multi_cycle,1.0,0.0,241.667,0.0,0.177,0.208,,on,-68,,30 minute NILM iron session
2026-06-03T18:15:38.223838+00:00,2026-06-04 00:15:38,Anllia,plug_1,Tapo P110,P110,iron,262d5eb8,multi_cycle,1.0,0.0,241.667,0.0,0.177,0.208,,on,-69,,30 minute NILM iron session
2026-06-03T18:15:40.691029+00:00,2026-06-04 00:15:40,Anllia,plug_1,Tapo P110,P110,iron,262d5eb8,multi_cycle,1.0,0.0,241.667,0.0,0.177,0.208,,on,-70,,30 minute NILM iron session
2026-06-03T18:15:42.171705+00:00,2026-06-04 00:15:42,Anllia,plug_1,Tapo P110,P110,iron,262d5eb8,multi_cycle,1.0,0.0,241.667,0.0,0.177,0.208,,on,-71,,30 minute NILM iron session
2026-06-03T18:15:43.528846+00:00,2026-06-04 00:15:43,Anllia,plug_1,Tapo P110,P110,iron,262d5eb8,multi_cycle,1.0,0.0,241.667,0.0,0.177,0.208,,on,-69,,30 minute NILM iron session
2026-06-03T18:15:44.798998+00:00,2026-06-04 00:15:44,Anllia,plug_1,Tapo P110,P110,iron,262d5eb8,multi_cycle,1.0,0.0,241.667,0.0,0.177,0.208,,on,-71,,30 minute NILM iron session
2026-06-03T18:15:46.234936+00:00,2026-06-04 00:15:46,Anllia,plug_1,Tapo P110,P110,iron,262d5eb8,multi_cycle,1.0,0.0,241.667,0.0,0.177,0.208,,on,-69,,30 minute NILM iron session
2026-06-03T18:15:47.482005+00:00,2026-06-04 00:15:47,Anllia,plug_1,Tapo P110,P110,iron,262d5eb8,multi_cycle,1.0,0.0,241.667,0.0,0.177,0.208,,on,-69,,30 minute NILM iron session
2026-06-03T18:15:48.783995+00:00,2026-06-04 00:15:48,Anllia,plug_1,Tapo P110,P110,iron,262d5eb8,multi_cycle,1.0,0.0,241.621,0.0,0.177,0.208,,on,-70,,30 minute NILM iron session
2026-06-03T18:15:50.157887+00:00,2026-06-04 00:15:50,Anllia,plug_1,Tapo P110,P110,iron,262d5eb8,multi_cycle,1.0,0.0,241.621,0.0,0.177,0.208,,on,-69,,30 minute NILM iron session
2026-06-03T18:15:51.503114+00:00,2026-06-04 00:15:51,Anllia,plug_1,Tapo P110,P110,iron,262d5eb8,multi_cycle,1.0,0.0,241.621,0.0,0.177,0.208,,on,-70,,30 minute NILM iron session
2026-06-03T18:15:52.794738+00:00,2026-06-04 00:15:52,Anllia,plug_1,Tapo P110,P110,iron,262d5eb8,multi_cycle,1.0,0.0,241.621,0.0,0.177,0.208,,on,-72,,30 minute NILM iron session
2026-06-03T18:15:54.097877+00:00,2026-06-04 00:15:54,Anllia,plug_1,Tapo P110,P110,iron,262d5eb8,multi_cycle,1.0,0.0,241.621,0.0,0.177,0.208,,on,-73,,30 minute NILM iron session
2026-06-03T18:15:55.361276+00:00,2026-06-04 00:15:55,Anllia,plug_1,Tapo P110,P110,iron,262d5eb8,multi_cycle,1.0,0.0,241.621,0.0,0.177,0.208,,on,-71,,30 minute NILM iron session
2026-06-03T18:15:56.729672+00:00,2026-06-04 00:15:56,Anllia,plug_1,Tapo P110,P110,iron,262d5eb8,multi_cycle,1.0,0.0,241.621,0.0,0.177,0.208,,on,-71,,30 minute NILM iron session
2026-06-03T18:15:57.997128+00:00,2026-06-04 00:15:57,Anllia,plug_1,Tapo P110,P110,iron,262d5eb8,multi_cycle,1.0,0.0,241.621,0.0,0.177,0.208,,on,-71,,30 minute NILM iron session
2026-06-03T18:15:59.311056+00:00,2026-06-04 00:15:59,Anllia,plug_1,Tapo P110,P110,iron,262d5eb8,multi_cycle,1.0,0.0,241.621,0.0,0.177,0.208,,on,-72,,30 minute NILM iron session
2026-06-03T18:16:00.760854+00:00,2026-06-04 00:16:00,Anllia,plug_1,Tapo P110,P110,iron,262d5eb8,multi_cycle,1.0,0.0,241.621,0.0,0.177,0.208,,on,-72,,30 minute NILM iron session
2026-06-03T18:16:02.190732+00:00,2026-06-04 00:16:02,Anllia,plug_1,Tapo P110,P110,iron,262d5eb8,multi_cycle,1.0,0.0,242.013,0.0,0.177,0.208,,on,-71,,30 minute NILM iron session
2026-06-03T18:16:03.445547+00:00,2026-06-04 00:16:03,Anllia,plug_1,Tapo P110,P110,iron,262d5eb8,multi_cycle,1.0,0.0,242.013,0.0,0.177,0.208,,on,-72,,30 minute NILM iron session
2026-06-03T18:16:04.693702+00:00,2026-06-04 00:16:04,Anllia,plug_1,Tapo P110,P110,iron,262d5eb8,multi_cycle,1.0,0.0,242.013,0.0,0.177,0.208,,on,-70,,30 minute NILM iron session
2026-06-03T18:16:06.024041+00:00,2026-06-04 00:16:06,Anllia,plug_1,Tapo P110,P110,iron,262d5eb8,multi_cycle,1.0,0.0,242.013,0.0,0.177,0.208,,on,-72,,30 minute NILM iron session
2026-06-03T18:16:07.432608+00:00,2026-06-04 00:16:07,Anllia,plug_1,Tapo P110,P110,iron,262d5eb8,multi_cycle,1.0,0.0,242.013,0.0,0.177,0.208,,on,-72,,30 minute NILM iron session
2026-06-03T18:16:08.739142+00:00,2026-06-04 00:16:08,Anllia,plug_1,Tapo P110,P110,iron,262d5eb8,multi_cycle,1.0,0.0,242.013,0.0,0.177,0.208,,on,-71,,30 minute NILM iron session
2026-06-03T18:16:10.998129+00:00,2026-06-04 00:16:10,Anllia,plug_1,Tapo P110,P110,iron,262d5eb8,multi_cycle,1.0,0.0,242.013,0.0,0.177,0.208,,on,-69,,30 minute NILM iron session
2026-06-03T18:16:12.357345+00:00,2026-06-04 00:16:12,Anllia,plug_1,Tapo P110,P110,iron,262d5eb8,multi_cycle,1.0,0.0,242.013,0.0,0.177,0.208,,on,-68,,30 minute NILM iron session
2026-06-03T18:16:13.621009+00:00,2026-06-04 00:16:13,Anllia,plug_1,Tapo P110,P110,iron,262d5eb8,multi_cycle,1.0,0.0,242.013,0.0,0.177,0.208,,on,-69,,30 minute NILM iron session
2026-06-03T18:16:14.989032+00:00,2026-06-04 00:16:14,Anllia,plug_1,Tapo P110,P110,iron,262d5eb8,multi_cycle,1.0,0.0,242.013,0.0,0.177,0.208,,on,-73,,30 minute NILM iron session
2026-06-03T18:16:16.337986+00:00,2026-06-04 00:16:16,Anllia,plug_1,Tapo P110,P110,iron,262d5eb8,multi_cycle,1.0,0.0,241.697,0.0,0.177,0.208,,on,-72,,30 minute NILM iron session
2026-06-03T18:16:17.705538+00:00,2026-06-04 00:16:17,Anllia,plug_1,Tapo P110,P110,iron,262d5eb8,multi_cycle,1.0,0.0,241.697,0.0,0.177,0.208,,on,-71,,30 minute NILM iron session
2026-06-03T18:16:18.969849+00:00,2026-06-04 00:16:18,Anllia,plug_1,Tapo P110,P110,iron,262d5eb8,multi_cycle,1.0,0.0,241.697,0.0,0.177,0.208,,on,-71,,30 minute NILM iron session
2026-06-03T18:16:20.216503+00:00,2026-06-04 00:16:20,Anllia,plug_1,Tapo P110,P110,iron,262d5eb8,multi_cycle,1.0,0.0,241.697,0.0,0.177,0.208,,on,-72,,30 minute NILM iron session
2026-06-03T18:16:21.569489+00:00,2026-06-04 00:16:21,Anllia,plug_1,Tapo P110,P110,iron,262d5eb8,multi_cycle,1.0,0.0,241.697,0.0,0.177,0.208,,on,-68,,30 minute NILM iron session
2026-06-03T18:16:22.926531+00:00,2026-06-04 00:16:22,Anllia,plug_1,Tapo P110,P110,iron,262d5eb8,multi_cycle,1.0,0.0,241.697,0.0,0.177,0.208,,on,-71,,30 minute NILM iron session
2026-06-03T18:16:24.235215+00:00,2026-06-04 00:16:24,Anllia,plug_1,Tapo P110,P110,iron,262d5eb8,multi_cycle,1.0,0.0,241.697,0.0,0.177,0.208,,on,-72,,30 minute NILM iron session
2026-06-03T18:16:26.517122+00:00,2026-06-04 00:16:26,Anllia,plug_1,Tapo P110,P110,iron,262d5eb8,multi_cycle,1.0,0.0,241.697,0.0,0.177,0.208,,on,-70,,30 minute NILM iron session
2026-06-03T18:16:27.997613+00:00,2026-06-04 00:16:27,Anllia,plug_1,Tapo P110,P110,iron,262d5eb8,multi_cycle,1.0,0.0,241.697,0.0,0.177,0.208,,on,-72,,30 minute NILM iron session
2026-06-03T18:16:29.267418+00:00,2026-06-04 00:16:29,Anllia,plug_1,Tapo P110,P110,iron,262d5eb8,multi_cycle,1.0,0.0,241.697,0.0,0.177,0.208,,on,-71,,30 minute NILM iron session
2026-06-03T18:16:30.631073+00:00,2026-06-04 00:16:30,Anllia,plug_1,Tapo P110,P110,iron,262d5eb8,multi_cycle,1.0,0.0,242.197,0.0,0.177,0.208,,on,-71,,30 minute NILM iron session
2026-06-03T18:16:31.959852+00:00,2026-06-04 00:16:31,Anllia,plug_1,Tapo P110,P110,iron,262d5eb8,multi_cycle,1.0,0.0,242.197,0.0,0.177,0.208,,on,-71,,30 minute NILM iron session
2026-06-03T18:16:33.262937+00:00,2026-06-04 00:16:33,Anllia,plug_1,Tapo P110,P110,iron,262d5eb8,multi_cycle,1.0,0.0,242.197,0.0,0.177,0.208,,on,-72,,30 minute NILM iron session
2026-06-03T18:16:34.525673+00:00,2026-06-04 00:16:34,Anllia,plug_1,Tapo P110,P110,iron,262d5eb8,multi_cycle,1.0,0.0,242.197,0.0,0.177,0.208,,on,-70,,30 minute NILM iron session
2026-06-03T18:16:35.786368+00:00,2026-06-04 00:16:35,Anllia,plug_1,Tapo P110,P110,iron,262d5eb8,multi_cycle,1.0,0.0,242.197,0.0,0.177,0.208,,on,-73,,30 minute NILM iron session
2026-06-03T18:16:37.213169+00:00,2026-06-04 00:16:37,Anllia,plug_1,Tapo P110,P110,iron,262d5eb8,multi_cycle,1.0,0.0,242.197,0.0,0.177,0.208,,on,-70,,30 minute NILM iron session
2026-06-03T18:16:38.475493+00:00,2026-06-04 00:16:38,Anllia,plug_1,Tapo P110,P110,iron,262d5eb8,multi_cycle,1.0,0.0,242.197,0.0,0.177,0.208,,on,-72,,30 minute NILM iron session
2026-06-03T18:16:39.842830+00:00,2026-06-04 00:16:39,Anllia,plug_1,Tapo P110,P110,iron,262d5eb8,multi_cycle,1.0,0.0,242.197,0.0,0.177,0.208,,on,-71,,30 minute NILM iron session
2026-06-03T18:16:41.666073+00:00,2026-06-04 00:16:41,Anllia,plug_1,Tapo P110,P110,iron,262d5eb8,multi_cycle,1.0,0.0,242.197,0.0,0.177,0.208,,on,-71,,30 minute NILM iron session
2026-06-03T18:16:43.003143+00:00,2026-06-04 00:16:43,Anllia,plug_1,Tapo P110,P110,iron,262d5eb8,multi_cycle,1.0,0.0,242.197,0.0,0.177,0.208,,on,-71,,30 minute NILM iron session
2026-06-03T18:16:44.290491+00:00,2026-06-04 00:16:44,Anllia,plug_1,Tapo P110,P110,iron,262d5eb8,multi_cycle,1.0,0.0,242.373,0.0,0.177,0.208,,on,-74,,30 minute NILM iron session
2026-06-03T18:16:45.607307+00:00,2026-06-04 00:16:45,Anllia,plug_1,Tapo P110,P110,iron,262d5eb8,multi_cycle,1.0,0.0,242.373,0.0,0.177,0.208,,on,-72,,30 minute NILM iron session
2026-06-03T18:16:46.864804+00:00,2026-06-04 00:16:46,Anllia,plug_1,Tapo P110,P110,iron,262d5eb8,multi_cycle,1.0,0.0,242.373,0.0,0.177,0.208,,on,-72,,30 minute NILM iron session
2026-06-03T18:16:48.156313+00:00,2026-06-04 00:16:48,Anllia,plug_1,Tapo P110,P110,iron,262d5eb8,multi_cycle,1.0,0.0,242.373,0.0,0.177,0.208,,on,-72,,30 minute NILM iron session
2026-06-03T18:16:49.464177+00:00,2026-06-04 00:16:49,Anllia,plug_1,Tapo P110,P110,iron,262d5eb8,multi_cycle,1.0,0.0,242.373,0.0,0.177,0.208,,on,-71,,30 minute NILM iron session
2026-06-03T18:16:50.733893+00:00,2026-06-04 00:16:50,Anllia,plug_1,Tapo P110,P110,iron,262d5eb8,multi_cycle,1.0,0.0,242.373,0.0,0.177,0.208,,on,-68,,30 minute NILM iron session
2026-06-03T18:16:52.013303+00:00,2026-06-04 00:16:52,Anllia,plug_1,Tapo P110,P110,iron,262d5eb8,multi_cycle,1.0,0.0,242.373,0.0,0.177,0.208,,on,-70,,30 minute NILM iron session
2026-06-03T18:16:53.328705+00:00,2026-06-04 00:16:53,Anllia,plug_1,Tapo P110,P110,iron,262d5eb8,multi_cycle,1.0,0.0,242.373,0.0,0.177,0.208,,on,-70,,30 minute NILM iron session
2026-06-03T18:16:55.613673+00:00,2026-06-04 00:16:55,Anllia,plug_1,Tapo P110,P110,iron,262d5eb8,multi_cycle,1.0,0.0,242.373,0.0,0.177,0.208,,on,-73,,30 minute NILM iron session
2026-06-03T18:16:56.874581+00:00,2026-06-04 00:16:56,Anllia,plug_1,Tapo P110,P110,iron,262d5eb8,multi_cycle,1.0,0.0,242.373,0.0,0.177,0.208,,on,-73,,30 minute NILM iron session
2026-06-03T18:16:58.214002+00:00,2026-06-04 00:16:58,Anllia,plug_1,Tapo P110,P110,iron,262d5eb8,multi_cycle,1.0,0.0,242.373,0.0,0.177,0.208,,on,-73,,30 minute NILM iron session
2026-06-03T18:16:59.458306+00:00,2026-06-04 00:16:59,Anllia,plug_1,Tapo P110,P110,iron,262d5eb8,multi_cycle,1.0,0.0,242.58,0.0,0.177,0.208,,on,-71,,30 minute NILM iron session
2026-06-03T18:17:00.702713+00:00,2026-06-04 00:17:00,Anllia,plug_1,Tapo P110,P110,iron,262d5eb8,multi_cycle,1.0,0.0,242.58,0.0,0.177,0.208,,on,-72,,30 minute NILM iron session
2026-06-03T18:17:02.129499+00:00,2026-06-04 00:17:02,Anllia,plug_1,Tapo P110,P110,iron,262d5eb8,multi_cycle,1.0,0.0,242.58,0.0,0.177,0.208,,on,-70,,30 minute NILM iron session
2026-06-03T18:17:03.447053+00:00,2026-06-04 00:17:03,Anllia,plug_1,Tapo P110,P110,iron,262d5eb8,multi_cycle,1.0,0.0,242.58,0.0,0.177,0.208,,on,-70,,30 minute NILM iron session
2026-06-03T18:17:04.794867+00:00,2026-06-04 00:17:04,Anllia,plug_1,Tapo P110,P110,iron,262d5eb8,multi_cycle,1.0,0.0,242.58,0.0,0.177,0.208,,on,-71,,30 minute NILM iron session
2026-06-03T18:17:06.078628+00:00,2026-06-04 00:17:06,Anllia,plug_1,Tapo P110,P110,iron,262d5eb8,multi_cycle,1.0,0.0,242.58,0.0,0.177,0.208,,on,-70,,30 minute NILM iron session
2026-06-03T18:17:07.395102+00:00,2026-06-04 00:17:07,Anllia,plug_1,Tapo P110,P110,iron,262d5eb8,multi_cycle,1.0,0.0,242.58,0.0,0.177,0.208,,on,-72,,30 minute NILM iron session
2026-06-03T18:17:08.660511+00:00,2026-06-04 00:17:08,Anllia,plug_1,Tapo P110,P110,iron,262d5eb8,multi_cycle,1.0,0.0,242.58,0.0,0.177,0.208,,on,-71,,30 minute NILM iron session
2026-06-03T18:17:10.849372+00:00,2026-06-04 00:17:10,Anllia,plug_1,Tapo P110,P110,iron,262d5eb8,multi_cycle,1.0,0.0,242.58,0.0,0.177,0.208,,on,-71,,30 minute NILM iron session
2026-06-03T18:17:12.114614+00:00,2026-06-04 00:17:12,Anllia,plug_1,Tapo P110,P110,iron,262d5eb8,multi_cycle,1.0,0.0,242.58,0.0,0.177,0.208,,on,-71,,30 minute NILM iron session
2026-06-03T18:17:13.356470+00:00,2026-06-04 00:17:13,Anllia,plug_1,Tapo P110,P110,iron,262d5eb8,multi_cycle,1.0,0.0,242.726,0.0,0.177,0.208,,on,-73,,30 minute NILM iron session
2026-06-03T18:17:14.618525+00:00,2026-06-04 00:17:14,Anllia,plug_1,Tapo P110,P110,iron,262d5eb8,multi_cycle,1.0,0.0,242.726,0.0,0.177,0.208,,on,-71,,30 minute NILM iron session
2026-06-03T18:17:15.948552+00:00,2026-06-04 00:17:15,Anllia,plug_1,Tapo P110,P110,iron,262d5eb8,multi_cycle,1.0,0.0,242.726,0.0,0.177,0.208,,on,-71,,30 minute NILM iron session
2026-06-03T18:17:17.216327+00:00,2026-06-04 00:17:17,Anllia,plug_1,Tapo P110,P110,iron,262d5eb8,multi_cycle,1.0,0.0,242.726,0.0,0.177,0.208,,on,-71,,30 minute NILM iron session
2026-06-03T18:17:18.539725+00:00,2026-06-04 00:17:18,Anllia,plug_1,Tapo P110,P110,iron,262d5eb8,multi_cycle,1.0,0.0,242.726,0.0,0.177,0.208,,on,-71,,30 minute NILM iron session
2026-06-03T18:17:19.896143+00:00,2026-06-04 00:17:19,Anllia,plug_1,Tapo P110,P110,iron,262d5eb8,multi_cycle,1.0,0.0,242.726,0.0,0.177,0.208,,on,-72,,30 minute NILM iron session
2026-06-03T18:17:21.163680+00:00,2026-06-04 00:17:21,Anllia,plug_1,Tapo P110,P110,iron,262d5eb8,multi_cycle,1.0,0.0,242.726,0.0,0.177,0.208,,on,-70,,30 minute NILM iron session
2026-06-03T18:17:22.423525+00:00,2026-06-04 00:17:22,Anllia,plug_1,Tapo P110,P110,iron,262d5eb8,multi_cycle,1.0,0.0,242.726,0.0,0.177,0.208,,on,-71,,30 minute NILM iron session
2026-06-03T18:17:23.711319+00:00,2026-06-04 00:17:23,Anllia,plug_1,Tapo P110,P110,iron,262d5eb8,multi_cycle,1.0,0.0,242.726,0.0,0.177,0.208,,on,-72,,30 minute NILM iron session
2026-06-03T18:17:24.964836+00:00,2026-06-04 00:17:24,Anllia,plug_1,Tapo P110,P110,iron,262d5eb8,multi_cycle,1.0,0.0,242.726,0.0,0.177,0.208,,on,-71,,30 minute NILM iron session
2026-06-03T18:17:26.477089+00:00,2026-06-04 00:17:26,Anllia,plug_1,Tapo P110,P110,iron,262d5eb8,multi_cycle,1.0,0.0,242.669,0.0,0.177,0.208,,on,-72,,30 minute NILM iron session
2026-06-03T18:17:27.792298+00:00,2026-06-04 00:17:27,Anllia,plug_1,Tapo P110,P110,iron,262d5eb8,multi_cycle,1.0,0.0,242.669,0.0,0.177,0.208,,on,-73,,30 minute NILM iron session
2026-06-03T18:17:29.064899+00:00,2026-06-04 00:17:29,Anllia,plug_1,Tapo P110,P110,iron,262d5eb8,multi_cycle,1.0,0.0,242.669,0.0,0.177,0.208,,on,-72,,30 minute NILM iron session
2026-06-03T18:17:30.423862+00:00,2026-06-04 00:17:30,Anllia,plug_1,Tapo P110,P110,iron,262d5eb8,multi_cycle,1.0,0.0,242.669,0.0,0.177,0.208,,on,-71,,30 minute NILM iron session
2026-06-03T18:17:31.745340+00:00,2026-06-04 00:17:31,Anllia,plug_1,Tapo P110,P110,iron,262d5eb8,multi_cycle,1.0,0.0,242.669,0.0,0.177,0.208,,on,-71,,30 minute NILM iron session
2026-06-03T18:17:33.089990+00:00,2026-06-04 00:17:33,Anllia,plug_1,Tapo P110,P110,iron,262d5eb8,multi_cycle,1.0,0.0,242.669,0.0,0.177,0.208,,on,-71,,30 minute NILM iron session
2026-06-03T18:17:34.404517+00:00,2026-06-04 00:17:34,Anllia,plug_1,Tapo P110,P110,iron,262d5eb8,multi_cycle,1.0,0.0,242.669,0.0,0.177,0.208,,on,-72,,30 minute NILM iron session
2026-06-03T18:17:35.770597+00:00,2026-06-04 00:17:35,Anllia,plug_1,Tapo P110,P110,iron,262d5eb8,multi_cycle,1.0,0.0,242.669,0.0,0.177,0.208,,on,-72,,30 minute NILM iron session
2026-06-03T18:17:37.037869+00:00,2026-06-04 00:17:37,Anllia,plug_1,Tapo P110,P110,iron,262d5eb8,multi_cycle,1.0,0.0,242.669,0.0,0.177,0.208,,on,-72,,30 minute NILM iron session
2026-06-03T18:17:38.566737+00:00,2026-06-04 00:17:38,Anllia,plug_1,Tapo P110,P110,iron,262d5eb8,multi_cycle,1.0,0.0,242.669,0.0,0.177,0.208,,on,-72,,30 minute NILM iron session
2026-06-03T18:17:40.710335+00:00,2026-06-04 00:17:40,Anllia,plug_1,Tapo P110,P110,iron,262d5eb8,multi_cycle,1.0,0.0,242.74,0.0,0.177,0.208,,on,-71,,30 minute NILM iron session
2026-06-03T18:17:42.225513+00:00,2026-06-04 00:17:42,Anllia,plug_1,Tapo P110,P110,iron,262d5eb8,multi_cycle,1.0,0.0,242.74,0.0,0.177,0.208,,on,-72,,30 minute NILM iron session
2026-06-03T18:17:43.502222+00:00,2026-06-04 00:17:43,Anllia,plug_1,Tapo P110,P110,iron,262d5eb8,multi_cycle,1.0,0.0,242.74,0.0,0.177,0.208,,on,-69,,30 minute NILM iron session
2026-06-03T18:17:44.772901+00:00,2026-06-04 00:17:44,Anllia,plug_1,Tapo P110,P110,iron,262d5eb8,multi_cycle,1.0,0.0,242.74,0.0,0.177,0.208,,on,-69,,30 minute NILM iron session
2026-06-03T18:17:46.216389+00:00,2026-06-04 00:17:46,Anllia,plug_1,Tapo P110,P110,iron,262d5eb8,multi_cycle,1.0,0.0,242.74,0.0,0.177,0.208,,on,-70,,30 minute NILM iron session
2026-06-03T18:17:47.482887+00:00,2026-06-04 00:17:47,Anllia,plug_1,Tapo P110,P110,iron,262d5eb8,multi_cycle,1.0,0.0,242.74,0.0,0.177,0.208,,on,-73,,30 minute NILM iron session
2026-06-03T18:17:48.930604+00:00,2026-06-04 00:17:48,Anllia,plug_1,Tapo P110,P110,iron,262d5eb8,multi_cycle,1.0,0.0,242.74,0.0,0.177,0.208,,on,-69,,30 minute NILM iron session
2026-06-03T18:17:50.197787+00:00,2026-06-04 00:17:50,Anllia,plug_1,Tapo P110,P110,iron,262d5eb8,multi_cycle,1.0,0.0,242.74,0.0,0.177,0.208,,on,-69,,30 minute NILM iron session
2026-06-03T18:17:51.562462+00:00,2026-06-04 00:17:51,Anllia,plug_1,Tapo P110,P110,iron,262d5eb8,multi_cycle,1.0,0.0,242.74,0.0,0.177,0.208,,on,-70,,30 minute NILM iron session
2026-06-03T18:17:52.829546+00:00,2026-06-04 00:17:52,Anllia,plug_1,Tapo P110,P110,iron,262d5eb8,multi_cycle,1.0,1326.375,242.74,5.666,0.178,0.209,,on,-69,,30 minute NILM iron session
2026-06-03T18:17:54.194507+00:00,2026-06-04 00:17:54,Anllia,plug_1,Tapo P110,P110,iron,262d5eb8,multi_cycle,1.0,1406.297,235.765,5.666,0.178,0.21,,on,-71,,30 minute NILM iron session
2026-06-03T18:17:55.501667+00:00,2026-06-04 00:17:55,Anllia,plug_1,Tapo P110,P110,iron,262d5eb8,multi_cycle,1.0,1399.416,235.765,5.931,0.179,0.21,,on,-71,,30 minute NILM iron session
2026-06-03T18:17:57.239129+00:00,2026-06-04 00:17:57,Anllia,plug_1,Tapo P110,P110,iron,262d5eb8,multi_cycle,1.0,1393.794,235.468,5.931,0.179,0.211,,on,-71,,30 minute NILM iron session
2026-06-03T18:17:58.587921+00:00,2026-06-04 00:17:58,Anllia,plug_1,Tapo P110,P110,iron,262d5eb8,multi_cycle,1.0,1392.861,235.468,5.905,0.18,0.211,,on,-71,,30 minute NILM iron session
2026-06-03T18:17:59.901200+00:00,2026-06-04 00:17:59,Anllia,plug_1,Tapo P110,P110,iron,262d5eb8,multi_cycle,1.0,1391.192,235.556,5.905,0.18,0.212,,on,-71,,30 minute NILM iron session
2026-06-03T18:18:01.268237+00:00,2026-06-04 00:18:01,Anllia,plug_1,Tapo P110,P110,iron,262d5eb8,multi_cycle,1.0,1390.89,235.556,5.895,0.181,0.212,,on,-71,,30 minute NILM iron session
2026-06-03T18:18:02.620385+00:00,2026-06-04 00:18:02,Anllia,plug_1,Tapo P110,P110,iron,262d5eb8,multi_cycle,1.0,1390.89,235.63,5.895,0.181,0.213,,on,-71,,30 minute NILM iron session
2026-06-03T18:18:03.982302+00:00,2026-06-04 00:18:03,Anllia,plug_1,Tapo P110,P110,iron,262d5eb8,multi_cycle,1.0,1389.583,235.63,5.895,0.182,0.213,,on,-72,,30 minute NILM iron session
2026-06-03T18:18:05.304699+00:00,2026-06-04 00:18:05,Anllia,plug_1,Tapo P110,P110,iron,262d5eb8,multi_cycle,1.0,1389.583,235.63,4.123,0.182,0.213,,on,-73,,30 minute NILM iron session
2026-06-03T18:18:06.614452+00:00,2026-06-04 00:18:06,Anllia,plug_1,Tapo P110,P110,iron,262d5eb8,multi_cycle,1.0,0.0,242.775,4.123,0.182,0.213,,on,-71,,30 minute NILM iron session
2026-06-03T18:18:08.177249+00:00,2026-06-04 00:18:08,Anllia,plug_1,Tapo P110,P110,iron,262d5eb8,multi_cycle,1.0,0.0,242.775,0.0,0.182,0.213,,on,-70,,30 minute NILM iron session
2026-06-03T18:18:09.533071+00:00,2026-06-04 00:18:09,Anllia,plug_1,Tapo P110,P110,iron,262d5eb8,multi_cycle,1.0,0.0,242.775,0.0,0.182,0.213,,on,-71,,30 minute NILM iron session
2026-06-03T18:18:10.790030+00:00,2026-06-04 00:18:10,Anllia,plug_1,Tapo P110,P110,iron,262d5eb8,multi_cycle,1.0,0.0,242.86,0.0,0.182,0.213,,on,-71,,30 minute NILM iron session
2026-06-03T18:18:12.125016+00:00,2026-06-04 00:18:12,Anllia,plug_1,Tapo P110,P110,iron,262d5eb8,multi_cycle,1.0,0.0,242.86,0.0,0.182,0.213,,on,-71,,30 minute NILM iron session
2026-06-03T18:18:13.480493+00:00,2026-06-04 00:18:13,Anllia,plug_1,Tapo P110,P110,iron,262d5eb8,multi_cycle,1.0,0.0,242.86,0.0,0.182,0.213,,on,-70,,30 minute NILM iron session
2026-06-03T18:18:14.738671+00:00,2026-06-04 00:18:14,Anllia,plug_1,Tapo P110,P110,iron,262d5eb8,multi_cycle,1.0,0.0,242.86,0.0,0.182,0.213,,on,-71,,30 minute NILM iron session
2026-06-03T18:18:16.023925+00:00,2026-06-04 00:18:16,Anllia,plug_1,Tapo P110,P110,iron,262d5eb8,multi_cycle,1.0,0.0,242.86,0.0,0.182,0.213,,on,-72,,30 minute NILM iron session
2026-06-03T18:18:17.305141+00:00,2026-06-04 00:18:17,Anllia,plug_1,Tapo P110,P110,iron,262d5eb8,multi_cycle,1.0,0.0,242.86,0.0,0.182,0.213,,on,-72,,30 minute NILM iron session
2026-06-03T18:18:18.551468+00:00,2026-06-04 00:18:18,Anllia,plug_1,Tapo P110,P110,iron,262d5eb8,multi_cycle,1.0,0.0,242.86,0.0,0.182,0.213,,on,-72,,30 minute NILM iron session
2026-06-03T18:18:19.854326+00:00,2026-06-04 00:18:19,Anllia,plug_1,Tapo P110,P110,iron,262d5eb8,multi_cycle,1.0,0.0,242.86,0.0,0.182,0.213,,on,-71,,30 minute NILM iron session
2026-06-03T18:18:21.207994+00:00,2026-06-04 00:18:21,Anllia,plug_1,Tapo P110,P110,iron,262d5eb8,multi_cycle,1.0,0.0,242.86,0.0,0.182,0.213,,on,-72,,30 minute NILM iron session
2026-06-03T18:18:23.354313+00:00,2026-06-04 00:18:23,Anllia,plug_1,Tapo P110,P110,iron,262d5eb8,multi_cycle,1.0,0.0,242.86,0.0,0.182,0.213,,on,-71,,30 minute NILM iron session
2026-06-03T18:18:24.610208+00:00,2026-06-04 00:18:24,Anllia,plug_1,Tapo P110,P110,iron,262d5eb8,multi_cycle,1.0,0.0,243.013,0.0,0.182,0.213,,on,-72,,30 minute NILM iron session
2026-06-03T18:18:25.875447+00:00,2026-06-04 00:18:25,Anllia,plug_1,Tapo P110,P110,iron,262d5eb8,multi_cycle,1.0,0.0,243.013,0.0,0.182,0.213,,on,-71,,30 minute NILM iron session
2026-06-03T18:18:27.125782+00:00,2026-06-04 00:18:27,Anllia,plug_1,Tapo P110,P110,iron,262d5eb8,multi_cycle,1.0,0.0,243.013,0.0,0.182,0.213,,on,-72,,30 minute NILM iron session
2026-06-03T18:18:28.367644+00:00,2026-06-04 00:18:28,Anllia,plug_1,Tapo P110,P110,iron,262d5eb8,multi_cycle,1.0,0.0,243.013,0.0,0.182,0.213,,on,-72,,30 minute NILM iron session
2026-06-03T18:18:29.890136+00:00,2026-06-04 00:18:29,Anllia,plug_1,Tapo P110,P110,iron,262d5eb8,multi_cycle,1.0,0.0,243.013,0.0,0.182,0.213,,on,-71,,30 minute NILM iron session
2026-06-03T18:18:31.156295+00:00,2026-06-04 00:18:31,Anllia,plug_1,Tapo P110,P110,iron,262d5eb8,multi_cycle,1.0,0.0,243.013,0.0,0.182,0.213,,on,-71,,30 minute NILM iron session
2026-06-03T18:18:32.475987+00:00,2026-06-04 00:18:32,Anllia,plug_1,Tapo P110,P110,iron,262d5eb8,multi_cycle,1.0,0.0,243.013,0.0,0.182,0.213,,on,-71,,30 minute NILM iron session
2026-06-03T18:18:33.721620+00:00,2026-06-04 00:18:33,Anllia,plug_1,Tapo P110,P110,iron,262d5eb8,multi_cycle,1.0,0.0,243.013,0.0,0.182,0.213,,on,-72,,30 minute NILM iron session
2026-06-03T18:18:35.024682+00:00,2026-06-04 00:18:35,Anllia,plug_1,Tapo P110,P110,iron,262d5eb8,multi_cycle,1.0,0.0,243.013,0.0,0.182,0.213,,on,-73,,30 minute NILM iron session
2026-06-03T18:18:36.428995+00:00,2026-06-04 00:18:36,Anllia,plug_1,Tapo P110,P110,iron,262d5eb8,multi_cycle,1.0,0.0,243.013,0.0,0.182,0.213,,on,-72,,30 minute NILM iron session
2026-06-03T18:18:37.868757+00:00,2026-06-04 00:18:37,Anllia,plug_1,Tapo P110,P110,iron,262d5eb8,multi_cycle,1.0,0.0,243.013,0.0,0.182,0.213,,on,-72,,30 minute NILM iron session
2026-06-03T18:18:39.214368+00:00,2026-06-04 00:18:39,Anllia,plug_1,Tapo P110,P110,iron,262d5eb8,multi_cycle,1.0,0.0,243.372,0.0,0.182,0.213,,on,-72,,30 minute NILM iron session
2026-06-03T18:18:40.584049+00:00,2026-06-04 00:18:40,Anllia,plug_1,Tapo P110,P110,iron,262d5eb8,multi_cycle,1.0,0.0,243.372,0.0,0.182,0.213,,on,-72,,30 minute NILM iron session
2026-06-03T18:18:41.832642+00:00,2026-06-04 00:18:41,Anllia,plug_1,Tapo P110,P110,iron,262d5eb8,multi_cycle,1.0,0.0,243.372,0.0,0.182,0.213,,on,-72,,30 minute NILM iron session
2026-06-03T18:18:43.133534+00:00,2026-06-04 00:18:43,Anllia,plug_1,Tapo P110,P110,iron,262d5eb8,multi_cycle,1.0,0.0,243.372,0.0,0.182,0.213,,on,-72,,30 minute NILM iron session
2026-06-03T18:18:44.400827+00:00,2026-06-04 00:18:44,Anllia,plug_1,Tapo P110,P110,iron,262d5eb8,multi_cycle,1.0,0.0,243.372,0.0,0.182,0.213,,on,-73,,30 minute NILM iron session
2026-06-03T18:18:45.847047+00:00,2026-06-04 00:18:45,Anllia,plug_1,Tapo P110,P110,iron,262d5eb8,multi_cycle,1.0,0.0,243.372,0.0,0.182,0.213,,on,-72,,30 minute NILM iron session
2026-06-03T18:18:47.245552+00:00,2026-06-04 00:18:47,Anllia,plug_1,Tapo P110,P110,iron,262d5eb8,multi_cycle,1.0,0.0,243.372,0.0,0.182,0.213,,on,-72,,30 minute NILM iron session
2026-06-03T18:18:48.512094+00:00,2026-06-04 00:18:48,Anllia,plug_1,Tapo P110,P110,iron,262d5eb8,multi_cycle,1.0,0.0,243.372,0.0,0.182,0.213,,on,-72,,30 minute NILM iron session
2026-06-03T18:18:49.802661+00:00,2026-06-04 00:18:49,Anllia,plug_1,Tapo P110,P110,iron,262d5eb8,multi_cycle,1.0,0.0,243.372,0.0,0.182,0.213,,on,-71,,30 minute NILM iron session
2026-06-03T18:18:51.275463+00:00,2026-06-04 00:18:51,Anllia,plug_1,Tapo P110,P110,iron,262d5eb8,multi_cycle,1.0,0.0,243.372,0.0,0.182,0.213,,on,-72,,30 minute NILM iron session
2026-06-03T18:18:52.623775+00:00,2026-06-04 00:18:52,Anllia,plug_1,Tapo P110,P110,iron,262d5eb8,multi_cycle,1.0,0.0,243.109,0.0,0.182,0.213,,on,-72,,30 minute NILM iron session
2026-06-03T18:18:53.953853+00:00,2026-06-04 00:18:53,Anllia,plug_1,Tapo P110,P110,iron,262d5eb8,multi_cycle,1.0,0.0,243.109,0.0,0.182,0.213,,on,-71,,30 minute NILM iron session
2026-06-03T18:18:55.305994+00:00,2026-06-04 00:18:55,Anllia,plug_1,Tapo P110,P110,iron,262d5eb8,multi_cycle,1.0,0.0,243.109,0.0,0.182,0.213,,on,-73,,30 minute NILM iron session
2026-06-03T18:18:56.556658+00:00,2026-06-04 00:18:56,Anllia,plug_1,Tapo P110,P110,iron,262d5eb8,multi_cycle,1.0,0.0,243.109,0.0,0.182,0.213,,on,-71,,30 minute NILM iron session
2026-06-03T18:18:57.806515+00:00,2026-06-04 00:18:57,Anllia,plug_1,Tapo P110,P110,iron,262d5eb8,multi_cycle,1.0,0.0,243.109,0.0,0.182,0.213,,on,-71,,30 minute NILM iron session
2026-06-03T18:18:59.065846+00:00,2026-06-04 00:18:59,Anllia,plug_1,Tapo P110,P110,iron,262d5eb8,multi_cycle,1.0,0.0,243.109,0.0,0.182,0.213,,on,-73,,30 minute NILM iron session
2026-06-03T18:19:00.354714+00:00,2026-06-04 00:19:00,Anllia,plug_1,Tapo P110,P110,iron,262d5eb8,multi_cycle,1.0,0.0,243.109,0.0,0.182,0.213,,on,-72,,30 minute NILM iron session
2026-06-03T18:19:01.721506+00:00,2026-06-04 00:19:01,Anllia,plug_1,Tapo P110,P110,iron,262d5eb8,multi_cycle,1.0,0.0,243.109,0.0,0.182,0.213,,on,-73,,30 minute NILM iron session
2026-06-03T18:19:03.038428+00:00,2026-06-04 00:19:03,Anllia,plug_1,Tapo P110,P110,iron,262d5eb8,multi_cycle,1.0,0.0,243.109,0.0,0.182,0.213,,on,-72,,30 minute NILM iron session
2026-06-03T18:19:04.353410+00:00,2026-06-04 00:19:04,Anllia,plug_1,Tapo P110,P110,iron,262d5eb8,multi_cycle,1.0,0.0,243.109,0.0,0.182,0.213,,on,-71,,30 minute NILM iron session
2026-06-03T18:19:05.605921+00:00,2026-06-04 00:19:05,Anllia,plug_1,Tapo P110,P110,iron,262d5eb8,multi_cycle,1.0,0.0,243.109,0.0,0.182,0.213,,on,-72,,30 minute NILM iron session
2026-06-03T18:19:06.985768+00:00,2026-06-04 00:19:06,Anllia,plug_1,Tapo P110,P110,iron,262d5eb8,multi_cycle,1.0,0.0,242.411,0.0,0.182,0.213,,on,-73,,30 minute NILM iron session
2026-06-03T18:19:09.371050+00:00,2026-06-04 00:19:09,Anllia,plug_1,Tapo P110,P110,iron,262d5eb8,multi_cycle,1.0,0.0,242.411,0.0,0.182,0.213,,on,-71,,30 minute NILM iron session
2026-06-03T18:19:10.637346+00:00,2026-06-04 00:19:10,Anllia,plug_1,Tapo P110,P110,iron,262d5eb8,multi_cycle,1.0,0.0,242.411,0.0,0.182,0.213,,on,-71,,30 minute NILM iron session
2026-06-03T18:19:11.952947+00:00,2026-06-04 00:19:11,Anllia,plug_1,Tapo P110,P110,iron,262d5eb8,multi_cycle,1.0,0.0,242.411,0.0,0.182,0.213,,on,-72,,30 minute NILM iron session
2026-06-03T18:19:13.246805+00:00,2026-06-04 00:19:13,Anllia,plug_1,Tapo P110,P110,iron,262d5eb8,multi_cycle,1.0,0.0,242.411,0.0,0.182,0.213,,on,-69,,30 minute NILM iron session
2026-06-03T18:19:14.490472+00:00,2026-06-04 00:19:14,Anllia,plug_1,Tapo P110,P110,iron,262d5eb8,multi_cycle,1.0,0.0,242.411,0.0,0.182,0.213,,on,-71,,30 minute NILM iron session
2026-06-03T18:19:15.786033+00:00,2026-06-04 00:19:15,Anllia,plug_1,Tapo P110,P110,iron,262d5eb8,multi_cycle,1.0,0.0,242.411,0.0,0.182,0.213,,on,-70,,30 minute NILM iron session
2026-06-03T18:19:17.052180+00:00,2026-06-04 00:19:17,Anllia,plug_1,Tapo P110,P110,iron,262d5eb8,multi_cycle,1.0,0.0,242.411,0.0,0.182,0.213,,on,-72,,30 minute NILM iron session
2026-06-03T18:19:18.418599+00:00,2026-06-04 00:19:18,Anllia,plug_1,Tapo P110,P110,iron,262d5eb8,multi_cycle,1.0,0.0,242.411,0.0,0.182,0.213,,on,-72,,30 minute NILM iron session
2026-06-03T18:19:19.685026+00:00,2026-06-04 00:19:19,Anllia,plug_1,Tapo P110,P110,iron,262d5eb8,multi_cycle,1.0,0.0,242.411,0.0,0.182,0.213,,on,-71,,30 minute NILM iron session
2026-06-03T18:19:20.931086+00:00,2026-06-04 00:19:20,Anllia,plug_1,Tapo P110,P110,iron,262d5eb8,multi_cycle,1.0,0.0,242.451,0.0,0.182,0.213,,on,-72,,30 minute NILM iron session
2026-06-03T18:19:22.283974+00:00,2026-06-04 00:19:22,Anllia,plug_1,Tapo P110,P110,iron,262d5eb8,multi_cycle,1.0,0.0,242.451,0.0,0.182,0.213,,on,-73,,30 minute NILM iron session
2026-06-03T18:19:24.454196+00:00,2026-06-04 00:19:24,Anllia,plug_1,Tapo P110,P110,iron,262d5eb8,multi_cycle,1.0,0.0,242.451,0.0,0.182,0.213,,on,-71,,30 minute NILM iron session
2026-06-03T18:19:25.820574+00:00,2026-06-04 00:19:25,Anllia,plug_1,Tapo P110,P110,iron,262d5eb8,multi_cycle,1.0,0.0,242.451,0.0,0.182,0.213,,on,-71,,30 minute NILM iron session
2026-06-03T18:19:27.139828+00:00,2026-06-04 00:19:27,Anllia,plug_1,Tapo P110,P110,iron,262d5eb8,multi_cycle,1.0,0.0,242.451,0.0,0.182,0.213,,on,-70,,30 minute NILM iron session
2026-06-03T18:19:28.486833+00:00,2026-06-04 00:19:28,Anllia,plug_1,Tapo P110,P110,iron,262d5eb8,multi_cycle,1.0,0.0,242.451,0.0,0.182,0.213,,on,-70,,30 minute NILM iron session
2026-06-03T18:19:29.801065+00:00,2026-06-04 00:19:29,Anllia,plug_1,Tapo P110,P110,iron,262d5eb8,multi_cycle,1.0,0.0,242.451,0.0,0.182,0.213,,on,-71,,30 minute NILM iron session
2026-06-03T18:19:31.055459+00:00,2026-06-04 00:19:31,Anllia,plug_1,Tapo P110,P110,iron,262d5eb8,multi_cycle,1.0,0.0,242.451,0.0,0.182,0.213,,on,-71,,30 minute NILM iron session
2026-06-03T18:19:32.482864+00:00,2026-06-04 00:19:32,Anllia,plug_1,Tapo P110,P110,iron,262d5eb8,multi_cycle,1.0,0.0,242.451,0.0,0.182,0.213,,on,-73,,30 minute NILM iron session
2026-06-03T18:19:33.750981+00:00,2026-06-04 00:19:33,Anllia,plug_1,Tapo P110,P110,iron,262d5eb8,multi_cycle,1.0,0.0,242.451,0.0,0.182,0.213,,on,-69,,30 minute NILM iron session
2026-06-03T18:19:35.067039+00:00,2026-06-04 00:19:35,Anllia,plug_1,Tapo P110,P110,iron,262d5eb8,multi_cycle,1.0,0.0,242.386,0.0,0.182,0.213,,on,-70,,30 minute NILM iron session
2026-06-03T18:19:36.431068+00:00,2026-06-04 00:19:36,Anllia,plug_1,Tapo P110,P110,iron,262d5eb8,multi_cycle,1.0,0.0,242.386,0.0,0.182,0.213,,on,-72,,30 minute NILM iron session
2026-06-03T18:19:38.615796+00:00,2026-06-04 00:19:38,Anllia,plug_1,Tapo P110,P110,iron,262d5eb8,multi_cycle,1.0,0.0,242.386,0.0,0.182,0.213,,on,-71,,30 minute NILM iron session
2026-06-03T18:19:39.967489+00:00,2026-06-04 00:19:39,Anllia,plug_1,Tapo P110,P110,iron,262d5eb8,multi_cycle,1.0,0.0,242.386,0.0,0.182,0.213,,on,-74,,30 minute NILM iron session
2026-06-03T18:19:41.234197+00:00,2026-06-04 00:19:41,Anllia,plug_1,Tapo P110,P110,iron,262d5eb8,multi_cycle,1.0,0.0,242.386,0.0,0.182,0.213,,on,-72,,30 minute NILM iron session
2026-06-03T18:19:42.526462+00:00,2026-06-04 00:19:42,Anllia,plug_1,Tapo P110,P110,iron,262d5eb8,multi_cycle,1.0,0.0,242.386,0.0,0.182,0.213,,on,-71,,30 minute NILM iron session
2026-06-03T18:19:43.770150+00:00,2026-06-04 00:19:43,Anllia,plug_1,Tapo P110,P110,iron,262d5eb8,multi_cycle,1.0,0.0,242.386,0.0,0.182,0.213,,on,-71,,30 minute NILM iron session
2026-06-03T18:19:45.100341+00:00,2026-06-04 00:19:45,Anllia,plug_1,Tapo P110,P110,iron,262d5eb8,multi_cycle,1.0,0.0,242.386,0.0,0.182,0.213,,on,-72,,30 minute NILM iron session
2026-06-03T18:19:46.389654+00:00,2026-06-04 00:19:46,Anllia,plug_1,Tapo P110,P110,iron,262d5eb8,multi_cycle,1.0,0.0,242.386,0.0,0.182,0.213,,on,-71,,30 minute NILM iron session
2026-06-03T18:19:47.633978+00:00,2026-06-04 00:19:47,Anllia,plug_1,Tapo P110,P110,iron,262d5eb8,multi_cycle,1.0,0.0,242.386,0.0,0.182,0.213,,on,-70,,30 minute NILM iron session
2026-06-03T18:19:48.966591+00:00,2026-06-04 00:19:48,Anllia,plug_1,Tapo P110,P110,iron,262d5eb8,multi_cycle,1.0,0.0,243.332,0.0,0.182,0.213,,on,-71,,30 minute NILM iron session
2026-06-03T18:19:50.217147+00:00,2026-06-04 00:19:50,Anllia,plug_1,Tapo P110,P110,iron,262d5eb8,multi_cycle,1.0,0.0,243.332,0.0,0.182,0.213,,on,-68,,30 minute NILM iron session
2026-06-03T18:19:51.485444+00:00,2026-06-04 00:19:51,Anllia,plug_1,Tapo P110,P110,iron,262d5eb8,multi_cycle,1.0,0.0,243.332,0.0,0.182,0.213,,on,-71,,30 minute NILM iron session
2026-06-03T18:19:52.799382+00:00,2026-06-04 00:19:52,Anllia,plug_1,Tapo P110,P110,iron,262d5eb8,multi_cycle,1.0,0.0,243.332,0.0,0.182,0.213,,on,-72,,30 minute NILM iron session
2026-06-03T18:19:54.068649+00:00,2026-06-04 00:19:54,Anllia,plug_1,Tapo P110,P110,iron,262d5eb8,multi_cycle,1.0,0.0,243.332,0.0,0.182,0.213,,on,-72,,30 minute NILM iron session
2026-06-03T18:19:55.318800+00:00,2026-06-04 00:19:55,Anllia,plug_1,Tapo P110,P110,iron,262d5eb8,multi_cycle,1.0,0.0,243.332,0.0,0.182,0.213,,on,-71,,30 minute NILM iron session
2026-06-03T18:19:56.572212+00:00,2026-06-04 00:19:56,Anllia,plug_1,Tapo P110,P110,iron,262d5eb8,multi_cycle,1.0,0.0,243.332,0.0,0.182,0.213,,on,-73,,30 minute NILM iron session
2026-06-03T18:19:57.898303+00:00,2026-06-04 00:19:57,Anllia,plug_1,Tapo P110,P110,iron,262d5eb8,multi_cycle,1.0,0.0,243.332,0.0,0.182,0.213,,on,-72,,30 minute NILM iron session
2026-06-03T18:19:59.164788+00:00,2026-06-04 00:19:59,Anllia,plug_1,Tapo P110,P110,iron,262d5eb8,multi_cycle,1.0,0.0,243.332,0.0,0.182,0.213,,on,-74,,30 minute NILM iron session
2026-06-03T18:20:00.414703+00:00,2026-06-04 00:20:00,Anllia,plug_1,Tapo P110,P110,iron,262d5eb8,multi_cycle,1.0,0.0,243.332,0.0,0.182,0.213,,on,-71,,30 minute NILM iron session
2026-06-03T18:20:01.763118+00:00,2026-06-04 00:20:01,Anllia,plug_1,Tapo P110,P110,iron,262d5eb8,multi_cycle,1.0,0.0,243.332,0.0,0.182,0.213,,on,-71,,30 minute NILM iron session
2026-06-03T18:20:03.029941+00:00,2026-06-04 00:20:03,Anllia,plug_1,Tapo P110,P110,iron,262d5eb8,multi_cycle,1.0,0.0,242.775,0.0,0.182,0.213,,on,-71,,30 minute NILM iron session
2026-06-03T18:20:04.315509+00:00,2026-06-04 00:20:04,Anllia,plug_1,Tapo P110,P110,iron,262d5eb8,multi_cycle,1.0,0.0,242.775,0.0,0.182,0.213,,on,-72,,30 minute NILM iron session
2026-06-03T18:20:05.557595+00:00,2026-06-04 00:20:05,Anllia,plug_1,Tapo P110,P110,iron,262d5eb8,multi_cycle,1.0,0.0,242.775,0.0,0.182,0.213,,on,-72,,30 minute NILM iron session
2026-06-03T18:20:06.894954+00:00,2026-06-04 00:20:06,Anllia,plug_1,Tapo P110,P110,iron,262d5eb8,multi_cycle,1.0,0.0,242.775,0.0,0.182,0.213,,on,-72,,30 minute NILM iron session
2026-06-03T18:20:09.166072+00:00,2026-06-04 00:20:09,Anllia,plug_1,Tapo P110,P110,iron,262d5eb8,multi_cycle,1.0,0.0,242.775,0.0,0.182,0.213,,on,-71,,30 minute NILM iron session
2026-06-03T18:20:10.565183+00:00,2026-06-04 00:20:10,Anllia,plug_1,Tapo P110,P110,iron,262d5eb8,multi_cycle,1.0,0.0,242.775,0.0,0.182,0.213,,on,-73,,30 minute NILM iron session
2026-06-03T18:20:11.915348+00:00,2026-06-04 00:20:11,Anllia,plug_1,Tapo P110,P110,iron,262d5eb8,multi_cycle,1.0,0.0,242.775,0.0,0.182,0.213,,on,-71,,30 minute NILM iron session
2026-06-03T18:20:13.165878+00:00,2026-06-04 00:20:13,Anllia,plug_1,Tapo P110,P110,iron,262d5eb8,multi_cycle,1.0,0.0,242.775,0.0,0.182,0.213,,on,-72,,30 minute NILM iron session
2026-06-03T18:20:14.407877+00:00,2026-06-04 00:20:14,Anllia,plug_1,Tapo P110,P110,iron,262d5eb8,multi_cycle,1.0,0.0,242.775,0.0,0.182,0.213,,on,-73,,30 minute NILM iron session
2026-06-03T18:20:15.778899+00:00,2026-06-04 00:20:15,Anllia,plug_1,Tapo P110,P110,iron,262d5eb8,multi_cycle,1.0,0.0,242.775,0.0,0.182,0.213,,on,-71,,30 minute NILM iron session
2026-06-03T18:20:17.065449+00:00,2026-06-04 00:20:17,Anllia,plug_1,Tapo P110,P110,iron,262d5eb8,multi_cycle,1.0,0.0,243.272,0.0,0.182,0.213,,on,-72,,30 minute NILM iron session
2026-06-03T18:20:18.542758+00:00,2026-06-04 00:20:18,Anllia,plug_1,Tapo P110,P110,iron,262d5eb8,multi_cycle,1.0,0.0,243.272,0.0,0.182,0.213,,on,-72,,30 minute NILM iron session
2026-06-03T18:20:19.797483+00:00,2026-06-04 00:20:19,Anllia,plug_1,Tapo P110,P110,iron,262d5eb8,multi_cycle,1.0,0.0,243.272,0.0,0.182,0.213,,on,-72,,30 minute NILM iron session
2026-06-03T18:20:21.102317+00:00,2026-06-04 00:20:21,Anllia,plug_1,Tapo P110,P110,iron,262d5eb8,multi_cycle,1.0,0.0,243.272,0.0,0.182,0.213,,on,-73,,30 minute NILM iron session
2026-06-03T18:20:22.519249+00:00,2026-06-04 00:20:22,Anllia,plug_1,Tapo P110,P110,iron,262d5eb8,multi_cycle,1.0,0.0,243.272,0.0,0.182,0.213,,on,-71,,30 minute NILM iron session
2026-06-03T18:20:24.300158+00:00,2026-06-04 00:20:24,Anllia,plug_1,Tapo P110,P110,iron,262d5eb8,multi_cycle,1.0,0.0,243.272,0.0,0.182,0.213,,on,-71,,30 minute NILM iron session
2026-06-03T18:20:25.566308+00:00,2026-06-04 00:20:25,Anllia,plug_1,Tapo P110,P110,iron,262d5eb8,multi_cycle,1.0,0.0,243.272,0.0,0.182,0.213,,on,-73,,30 minute NILM iron session
2026-06-03T18:20:26.932443+00:00,2026-06-04 00:20:26,Anllia,plug_1,Tapo P110,P110,iron,262d5eb8,multi_cycle,1.0,0.0,243.272,0.0,0.182,0.213,,on,-71,,30 minute NILM iron session
2026-06-03T18:20:28.270476+00:00,2026-06-04 00:20:28,Anllia,plug_1,Tapo P110,P110,iron,262d5eb8,multi_cycle,1.0,1359.981,243.272,5.794,0.183,0.214,,on,-70,,30 minute NILM iron session
2026-06-03T18:20:29.599430+00:00,2026-06-04 00:20:29,Anllia,plug_1,Tapo P110,P110,iron,262d5eb8,multi_cycle,1.0,1406.124,235.863,5.794,0.183,0.214,,on,-72,,30 minute NILM iron session
2026-06-03T18:20:31.044450+00:00,2026-06-04 00:20:31,Anllia,plug_1,Tapo P110,P110,iron,262d5eb8,multi_cycle,1.0,1401.334,235.863,5.933,0.184,0.215,,on,-72,,30 minute NILM iron session
2026-06-03T18:20:32.442897+00:00,2026-06-04 00:20:32,Anllia,plug_1,Tapo P110,P110,iron,262d5eb8,multi_cycle,1.0,1399.444,235.998,5.933,0.184,0.215,,on,-69,,30 minute NILM iron session
2026-06-03T18:20:33.683917+00:00,2026-06-04 00:20:33,Anllia,plug_1,Tapo P110,P110,iron,262d5eb8,multi_cycle,1.0,1397.706,235.998,5.914,0.185,0.216,,on,-71,,30 minute NILM iron session
2026-06-03T18:20:35.025303+00:00,2026-06-04 00:20:35,Anllia,plug_1,Tapo P110,P110,iron,262d5eb8,multi_cycle,1.0,1397.706,235.981,5.914,0.185,0.217,,on,-71,,30 minute NILM iron session
2026-06-03T18:20:36.308887+00:00,2026-06-04 00:20:36,Anllia,plug_1,Tapo P110,P110,iron,262d5eb8,multi_cycle,1.0,1395.788,235.981,5.914,0.186,0.217,,on,-71,,30 minute NILM iron session
2026-06-03T18:20:37.574339+00:00,2026-06-04 00:20:37,Anllia,plug_1,Tapo P110,P110,iron,262d5eb8,multi_cycle,1.0,1395.179,235.981,5.903,0.186,0.218,,on,-73,,30 minute NILM iron session
2026-06-03T18:20:38.835680+00:00,2026-06-04 00:20:38,Anllia,plug_1,Tapo P110,P110,iron,262d5eb8,multi_cycle,1.0,1394.318,236.072,5.903,0.187,0.218,,on,-71,,30 minute NILM iron session
2026-06-03T18:20:40.258581+00:00,2026-06-04 00:20:40,Anllia,plug_1,Tapo P110,P110,iron,262d5eb8,multi_cycle,1.0,1394.318,236.072,0.0,0.187,0.218,,on,-71,,30 minute NILM iron session
2026-06-03T18:20:41.509425+00:00,2026-06-04 00:20:41,Anllia,plug_1,Tapo P110,P110,iron,262d5eb8,multi_cycle,1.0,0.0,236.072,0.0,0.187,0.218,,on,-70,,30 minute NILM iron session
2026-06-03T18:20:42.839368+00:00,2026-06-04 00:20:42,Anllia,plug_1,Tapo P110,P110,iron,262d5eb8,multi_cycle,1.0,0.0,243.197,0.0,0.187,0.218,,on,-72,,30 minute NILM iron session
2026-06-03T18:20:44.124154+00:00,2026-06-04 00:20:44,Anllia,plug_1,Tapo P110,P110,iron,262d5eb8,multi_cycle,1.0,0.0,243.197,0.0,0.187,0.218,,on,-71,,30 minute NILM iron session
2026-06-03T18:20:45.380257+00:00,2026-06-04 00:20:45,Anllia,plug_1,Tapo P110,P110,iron,262d5eb8,multi_cycle,1.0,0.0,243.197,0.0,0.187,0.218,,on,-72,,30 minute NILM iron session
2026-06-03T18:20:46.627204+00:00,2026-06-04 00:20:46,Anllia,plug_1,Tapo P110,P110,iron,262d5eb8,multi_cycle,1.0,0.0,243.197,0.0,0.187,0.218,,on,-71,,30 minute NILM iron session
2026-06-03T18:20:47.943855+00:00,2026-06-04 00:20:47,Anllia,plug_1,Tapo P110,P110,iron,262d5eb8,multi_cycle,1.0,0.0,243.197,0.0,0.187,0.218,,on,-71,,30 minute NILM iron session
2026-06-03T18:20:49.304126+00:00,2026-06-04 00:20:49,Anllia,plug_1,Tapo P110,P110,iron,262d5eb8,multi_cycle,1.0,0.0,243.197,0.0,0.187,0.218,,on,-71,,30 minute NILM iron session
2026-06-03T18:20:50.572392+00:00,2026-06-04 00:20:50,Anllia,plug_1,Tapo P110,P110,iron,262d5eb8,multi_cycle,1.0,0.0,243.197,0.0,0.187,0.218,,on,-70,,30 minute NILM iron session
2026-06-03T18:20:51.827269+00:00,2026-06-04 00:20:51,Anllia,plug_1,Tapo P110,P110,iron,262d5eb8,multi_cycle,1.0,0.0,243.197,0.0,0.187,0.218,,on,-72,,30 minute NILM iron session
2026-06-03T18:20:53.119633+00:00,2026-06-04 00:20:53,Anllia,plug_1,Tapo P110,P110,iron,262d5eb8,multi_cycle,1.0,0.0,243.197,0.0,0.187,0.218,,on,-74,,30 minute NILM iron session
2026-06-03T18:20:54.605212+00:00,2026-06-04 00:20:54,Anllia,plug_1,Tapo P110,P110,iron,262d5eb8,multi_cycle,1.0,0.0,243.197,0.0,0.187,0.218,,on,-71,,30 minute NILM iron session
2026-06-03T18:20:55.920629+00:00,2026-06-04 00:20:55,Anllia,plug_1,Tapo P110,P110,iron,262d5eb8,multi_cycle,1.0,0.0,243.197,0.0,0.187,0.218,,on,-71,,30 minute NILM iron session
2026-06-03T18:20:57.205138+00:00,2026-06-04 00:20:57,Anllia,plug_1,Tapo P110,P110,iron,262d5eb8,multi_cycle,1.0,0.0,243.067,0.0,0.187,0.218,,on,-71,,30 minute NILM iron session
2026-06-03T18:20:58.480726+00:00,2026-06-04 00:20:58,Anllia,plug_1,Tapo P110,P110,iron,262d5eb8,multi_cycle,1.0,0.0,243.067,0.0,0.187,0.218,,on,-71,,30 minute NILM iron session
2026-06-03T18:20:59.763364+00:00,2026-06-04 00:20:59,Anllia,plug_1,Tapo P110,P110,iron,262d5eb8,multi_cycle,1.0,0.0,243.067,0.0,0.187,0.218,,on,-71,,30 minute NILM iron session
2026-06-03T18:21:01.095140+00:00,2026-06-04 00:21:01,Anllia,plug_1,Tapo P110,P110,iron,262d5eb8,multi_cycle,1.0,0.0,243.067,0.0,0.187,0.218,,on,-70,,30 minute NILM iron session
2026-06-03T18:21:02.343096+00:00,2026-06-04 00:21:02,Anllia,plug_1,Tapo P110,P110,iron,262d5eb8,multi_cycle,1.0,0.0,243.067,0.0,0.187,0.218,,on,-71,,30 minute NILM iron session
2026-06-03T18:21:03.697329+00:00,2026-06-04 00:21:03,Anllia,plug_1,Tapo P110,P110,iron,262d5eb8,multi_cycle,1.0,0.0,243.067,0.0,0.187,0.218,,on,-72,,30 minute NILM iron session
2026-06-03T18:21:05.013025+00:00,2026-06-04 00:21:05,Anllia,plug_1,Tapo P110,P110,iron,262d5eb8,multi_cycle,1.0,0.0,243.067,0.0,0.187,0.218,,on,-71,,30 minute NILM iron session
2026-06-03T18:21:06.271105+00:00,2026-06-04 00:21:06,Anllia,plug_1,Tapo P110,P110,iron,262d5eb8,multi_cycle,1.0,0.0,243.067,0.0,0.187,0.218,,on,-73,,30 minute NILM iron session
2026-06-03T18:21:07.599678+00:00,2026-06-04 00:21:07,Anllia,plug_1,Tapo P110,P110,iron,262d5eb8,multi_cycle,1.0,0.0,243.067,0.0,0.187,0.218,,on,-70,,30 minute NILM iron session
2026-06-03T18:21:09.042939+00:00,2026-06-04 00:21:09,Anllia,plug_1,Tapo P110,P110,iron,262d5eb8,multi_cycle,1.0,0.0,243.067,0.0,0.187,0.218,,on,-70,,30 minute NILM iron session
2026-06-03T18:21:10.309971+00:00,2026-06-04 00:21:10,Anllia,plug_1,Tapo P110,P110,iron,262d5eb8,multi_cycle,1.0,0.0,243.586,0.0,0.187,0.218,,on,-72,,30 minute NILM iron session
2026-06-03T18:21:11.625217+00:00,2026-06-04 00:21:11,Anllia,plug_1,Tapo P110,P110,iron,262d5eb8,multi_cycle,1.0,0.0,243.586,0.0,0.187,0.218,,on,-69,,30 minute NILM iron session
2026-06-03T18:21:12.902256+00:00,2026-06-04 00:21:12,Anllia,plug_1,Tapo P110,P110,iron,262d5eb8,multi_cycle,1.0,0.0,243.586,0.0,0.187,0.218,,on,-72,,30 minute NILM iron session
2026-06-03T18:21:14.178931+00:00,2026-06-04 00:21:14,Anllia,plug_1,Tapo P110,P110,iron,262d5eb8,multi_cycle,1.0,0.0,243.586,0.0,0.187,0.218,,on,-72,,30 minute NILM iron session
2026-06-03T18:21:15.541378+00:00,2026-06-04 00:21:15,Anllia,plug_1,Tapo P110,P110,iron,262d5eb8,multi_cycle,1.0,0.0,243.586,0.0,0.187,0.218,,on,-72,,30 minute NILM iron session
2026-06-03T18:21:16.941157+00:00,2026-06-04 00:21:16,Anllia,plug_1,Tapo P110,P110,iron,262d5eb8,multi_cycle,1.0,0.0,243.586,0.0,0.187,0.218,,on,-69,,30 minute NILM iron session
2026-06-03T18:21:18.338279+00:00,2026-06-04 00:21:18,Anllia,plug_1,Tapo P110,P110,iron,262d5eb8,multi_cycle,1.0,0.0,243.586,0.0,0.187,0.218,,on,-70,,30 minute NILM iron session
2026-06-03T18:21:19.746020+00:00,2026-06-04 00:21:19,Anllia,plug_1,Tapo P110,P110,iron,262d5eb8,multi_cycle,1.0,0.0,243.586,0.0,0.187,0.218,,on,-72,,30 minute NILM iron session
2026-06-03T18:21:21.083421+00:00,2026-06-04 00:21:21,Anllia,plug_1,Tapo P110,P110,iron,262d5eb8,multi_cycle,1.0,0.0,243.586,0.0,0.187,0.218,,on,-71,,30 minute NILM iron session
2026-06-03T18:21:22.338576+00:00,2026-06-04 00:21:22,Anllia,plug_1,Tapo P110,P110,iron,262d5eb8,multi_cycle,1.0,0.0,243.586,0.0,0.187,0.218,,on,-72,,30 minute NILM iron session
2026-06-03T18:21:23.766420+00:00,2026-06-04 00:21:23,Anllia,plug_1,Tapo P110,P110,iron,262d5eb8,multi_cycle,1.0,0.0,243.586,0.0,0.187,0.218,,on,-74,,30 minute NILM iron session
2026-06-03T18:21:25.025421+00:00,2026-06-04 00:21:25,Anllia,plug_1,Tapo P110,P110,iron,262d5eb8,multi_cycle,1.0,0.0,243.73,0.0,0.187,0.218,,on,-71,,30 minute NILM iron session
2026-06-03T18:21:26.398410+00:00,2026-06-04 00:21:26,Anllia,plug_1,Tapo P110,P110,iron,262d5eb8,multi_cycle,1.0,0.0,243.73,0.0,0.187,0.218,,on,-72,,30 minute NILM iron session
2026-06-03T18:21:27.664498+00:00,2026-06-04 00:21:27,Anllia,plug_1,Tapo P110,P110,iron,262d5eb8,multi_cycle,1.0,0.0,243.73,0.0,0.187,0.218,,on,-74,,30 minute NILM iron session
2026-06-03T18:21:28.918804+00:00,2026-06-04 00:21:28,Anllia,plug_1,Tapo P110,P110,iron,262d5eb8,multi_cycle,1.0,0.0,243.73,0.0,0.187,0.218,,on,-72,,30 minute NILM iron session
2026-06-03T18:21:30.385087+00:00,2026-06-04 00:21:30,Anllia,plug_1,Tapo P110,P110,iron,262d5eb8,multi_cycle,1.0,0.0,243.73,0.0,0.187,0.218,,on,-71,,30 minute NILM iron session
2026-06-03T18:21:31.702365+00:00,2026-06-04 00:21:31,Anllia,plug_1,Tapo P110,P110,iron,262d5eb8,multi_cycle,1.0,0.0,243.73,0.0,0.187,0.218,,on,-72,,30 minute NILM iron session
2026-06-03T18:21:32.946138+00:00,2026-06-04 00:21:32,Anllia,plug_1,Tapo P110,P110,iron,262d5eb8,multi_cycle,1.0,0.0,243.73,0.0,0.187,0.218,,on,-71,,30 minute NILM iron session
2026-06-03T18:21:34.458636+00:00,2026-06-04 00:21:34,Anllia,plug_1,Tapo P110,P110,iron,262d5eb8,multi_cycle,1.0,0.0,243.73,0.0,0.187,0.218,,on,-72,,30 minute NILM iron session
2026-06-03T18:21:35.808224+00:00,2026-06-04 00:21:35,Anllia,plug_1,Tapo P110,P110,iron,262d5eb8,multi_cycle,1.0,0.0,243.73,0.0,0.187,0.218,,on,-72,,30 minute NILM iron session
2026-06-03T18:21:37.068304+00:00,2026-06-04 00:21:37,Anllia,plug_1,Tapo P110,P110,iron,262d5eb8,multi_cycle,1.0,0.0,243.73,0.0,0.187,0.218,,on,-70,,30 minute NILM iron session
2026-06-03T18:21:38.901454+00:00,2026-06-04 00:21:38,Anllia,plug_1,Tapo P110,P110,iron,262d5eb8,multi_cycle,1.0,0.0,243.636,0.0,0.187,0.218,,on,-71,,30 minute NILM iron session
2026-06-03T18:21:40.149557+00:00,2026-06-04 00:21:40,Anllia,plug_1,Tapo P110,P110,iron,262d5eb8,multi_cycle,1.0,0.0,243.636,0.0,0.187,0.218,,on,-71,,30 minute NILM iron session
2026-06-03T18:21:41.450013+00:00,2026-06-04 00:21:41,Anllia,plug_1,Tapo P110,P110,iron,262d5eb8,multi_cycle,1.0,0.0,243.636,0.0,0.187,0.218,,on,-72,,30 minute NILM iron session
2026-06-03T18:21:42.724419+00:00,2026-06-04 00:21:42,Anllia,plug_1,Tapo P110,P110,iron,262d5eb8,multi_cycle,1.0,0.0,243.636,0.0,0.187,0.218,,on,-72,,30 minute NILM iron session
2026-06-03T18:21:43.968818+00:00,2026-06-04 00:21:43,Anllia,plug_1,Tapo P110,P110,iron,262d5eb8,multi_cycle,1.0,0.0,243.636,0.0,0.187,0.218,,on,-71,,30 minute NILM iron session
2026-06-03T18:21:45.228790+00:00,2026-06-04 00:21:45,Anllia,plug_1,Tapo P110,P110,iron,262d5eb8,multi_cycle,1.0,0.0,243.636,0.0,0.187,0.218,,on,-73,,30 minute NILM iron session
2026-06-03T18:21:46.796071+00:00,2026-06-04 00:21:46,Anllia,plug_1,Tapo P110,P110,iron,262d5eb8,multi_cycle,1.0,0.0,243.636,0.0,0.187,0.218,,on,-71,,30 minute NILM iron session
2026-06-03T18:21:48.062594+00:00,2026-06-04 00:21:48,Anllia,plug_1,Tapo P110,P110,iron,262d5eb8,multi_cycle,1.0,0.0,243.636,0.0,0.187,0.218,,on,-73,,30 minute NILM iron session
2026-06-03T18:21:49.314277+00:00,2026-06-04 00:21:49,Anllia,plug_1,Tapo P110,P110,iron,262d5eb8,multi_cycle,1.0,0.0,243.636,0.0,0.187,0.218,,on,-71,,30 minute NILM iron session
2026-06-03T18:21:50.561927+00:00,2026-06-04 00:21:50,Anllia,plug_1,Tapo P110,P110,iron,262d5eb8,multi_cycle,1.0,0.0,243.636,0.0,0.187,0.218,,on,-72,,30 minute NILM iron session
2026-06-03T18:21:51.894977+00:00,2026-06-04 00:21:51,Anllia,plug_1,Tapo P110,P110,iron,262d5eb8,multi_cycle,1.0,0.0,243.636,0.0,0.187,0.218,,on,-71,,30 minute NILM iron session
2026-06-03T18:21:54.415501+00:00,2026-06-04 00:21:54,Anllia,plug_1,Tapo P110,P110,iron,262d5eb8,multi_cycle,1.0,0.0,243.375,0.0,0.187,0.218,,on,-72,,30 minute NILM iron session
2026-06-03T18:21:55.760864+00:00,2026-06-04 00:21:55,Anllia,plug_1,Tapo P110,P110,iron,262d5eb8,multi_cycle,1.0,0.0,243.375,0.0,0.187,0.218,,on,-72,,30 minute NILM iron session
2026-06-03T18:21:57.027753+00:00,2026-06-04 00:21:57,Anllia,plug_1,Tapo P110,P110,iron,262d5eb8,multi_cycle,1.0,0.0,243.375,0.0,0.187,0.218,,on,-72,,30 minute NILM iron session
2026-06-03T18:21:58.270294+00:00,2026-06-04 00:21:58,Anllia,plug_1,Tapo P110,P110,iron,262d5eb8,multi_cycle,1.0,0.0,243.375,0.0,0.187,0.218,,on,-71,,30 minute NILM iron session
2026-06-03T18:21:59.517660+00:00,2026-06-04 00:21:59,Anllia,plug_1,Tapo P110,P110,iron,262d5eb8,multi_cycle,1.0,0.0,243.375,0.0,0.187,0.218,,on,-72,,30 minute NILM iron session
2026-06-03T18:22:00.763124+00:00,2026-06-04 00:22:00,Anllia,plug_1,Tapo P110,P110,iron,262d5eb8,multi_cycle,1.0,0.0,243.375,0.0,0.187,0.218,,on,-72,,30 minute NILM iron session
2026-06-03T18:22:02.177181+00:00,2026-06-04 00:22:02,Anllia,plug_1,Tapo P110,P110,iron,262d5eb8,multi_cycle,1.0,0.0,243.375,0.0,0.187,0.218,,on,-72,,30 minute NILM iron session
2026-06-03T18:22:03.444820+00:00,2026-06-04 00:22:03,Anllia,plug_1,Tapo P110,P110,iron,262d5eb8,multi_cycle,1.0,0.0,243.375,0.0,0.187,0.218,,on,-71,,30 minute NILM iron session
2026-06-03T18:22:04.696209+00:00,2026-06-04 00:22:04,Anllia,plug_1,Tapo P110,P110,iron,262d5eb8,multi_cycle,1.0,0.0,243.375,0.0,0.187,0.218,,on,-71,,30 minute NILM iron session
2026-06-03T18:22:06.042005+00:00,2026-06-04 00:22:06,Anllia,plug_1,Tapo P110,P110,iron,262d5eb8,multi_cycle,1.0,0.0,243.375,0.0,0.187,0.218,,on,-73,,30 minute NILM iron session
2026-06-03T18:22:07.307372+00:00,2026-06-04 00:22:07,Anllia,plug_1,Tapo P110,P110,iron,262d5eb8,multi_cycle,1.0,0.0,243.676,0.0,0.187,0.218,,on,-71,,30 minute NILM iron session
2026-06-03T18:22:08.837674+00:00,2026-06-04 00:22:08,Anllia,plug_1,Tapo P110,P110,iron,262d5eb8,multi_cycle,1.0,0.0,243.676,0.0,0.187,0.218,,on,-70,,30 minute NILM iron session
2026-06-03T18:22:10.193815+00:00,2026-06-04 00:22:10,Anllia,plug_1,Tapo P110,P110,iron,262d5eb8,multi_cycle,1.0,0.0,243.676,0.0,0.187,0.218,,on,-72,,30 minute NILM iron session
2026-06-03T18:22:11.572912+00:00,2026-06-04 00:22:11,Anllia,plug_1,Tapo P110,P110,iron,262d5eb8,multi_cycle,1.0,0.0,243.676,0.0,0.187,0.218,,on,-71,,30 minute NILM iron session
2026-06-03T18:22:12.900365+00:00,2026-06-04 00:22:12,Anllia,plug_1,Tapo P110,P110,iron,262d5eb8,multi_cycle,1.0,0.0,243.676,0.0,0.187,0.218,,on,-72,,30 minute NILM iron session
2026-06-03T18:22:14.183749+00:00,2026-06-04 00:22:14,Anllia,plug_1,Tapo P110,P110,iron,262d5eb8,multi_cycle,1.0,0.0,243.676,0.0,0.187,0.218,,on,-72,,30 minute NILM iron session
2026-06-03T18:22:15.499912+00:00,2026-06-04 00:22:15,Anllia,plug_1,Tapo P110,P110,iron,262d5eb8,multi_cycle,1.0,0.0,243.676,0.0,0.187,0.218,,on,-73,,30 minute NILM iron session
2026-06-03T18:22:16.848233+00:00,2026-06-04 00:22:16,Anllia,plug_1,Tapo P110,P110,iron,262d5eb8,multi_cycle,1.0,0.0,243.676,0.0,0.187,0.218,,on,-72,,30 minute NILM iron session
2026-06-03T18:22:18.091286+00:00,2026-06-04 00:22:18,Anllia,plug_1,Tapo P110,P110,iron,262d5eb8,multi_cycle,1.0,0.0,243.676,0.0,0.187,0.218,,on,-72,,30 minute NILM iron session
2026-06-03T18:22:19.346008+00:00,2026-06-04 00:22:19,Anllia,plug_1,Tapo P110,P110,iron,262d5eb8,multi_cycle,1.0,0.0,243.676,0.0,0.187,0.218,,on,-72,,30 minute NILM iron session
2026-06-03T18:22:20.632907+00:00,2026-06-04 00:22:20,Anllia,plug_1,Tapo P110,P110,iron,262d5eb8,multi_cycle,1.0,0.0,243.405,0.0,0.187,0.218,,on,-72,,30 minute NILM iron session
2026-06-03T18:22:21.916369+00:00,2026-06-04 00:22:21,Anllia,plug_1,Tapo P110,P110,iron,262d5eb8,multi_cycle,1.0,0.0,243.405,0.0,0.187,0.218,,on,-71,,30 minute NILM iron session
2026-06-03T18:22:23.840521+00:00,2026-06-04 00:22:23,Anllia,plug_1,Tapo P110,P110,iron,262d5eb8,multi_cycle,1.0,0.0,243.405,0.0,0.187,0.218,,on,-71,,30 minute NILM iron session
2026-06-03T18:22:25.204824+00:00,2026-06-04 00:22:25,Anllia,plug_1,Tapo P110,P110,iron,262d5eb8,multi_cycle,1.0,0.0,243.405,0.0,0.187,0.218,,on,-72,,30 minute NILM iron session
2026-06-03T18:22:26.554354+00:00,2026-06-04 00:22:26,Anllia,plug_1,Tapo P110,P110,iron,262d5eb8,multi_cycle,1.0,0.0,243.405,0.0,0.187,0.218,,on,-72,,30 minute NILM iron session
2026-06-03T18:22:27.888927+00:00,2026-06-04 00:22:27,Anllia,plug_1,Tapo P110,P110,iron,262d5eb8,multi_cycle,1.0,0.0,243.405,0.0,0.187,0.218,,on,-73,,30 minute NILM iron session
2026-06-03T18:22:29.355016+00:00,2026-06-04 00:22:29,Anllia,plug_1,Tapo P110,P110,iron,262d5eb8,multi_cycle,1.0,0.0,243.405,0.0,0.187,0.218,,on,-72,,30 minute NILM iron session
2026-06-03T18:22:30.722665+00:00,2026-06-04 00:22:30,Anllia,plug_1,Tapo P110,P110,iron,262d5eb8,multi_cycle,1.0,0.0,243.405,0.0,0.187,0.218,,on,-70,,30 minute NILM iron session
2026-06-03T18:22:32.053302+00:00,2026-06-04 00:22:32,Anllia,plug_1,Tapo P110,P110,iron,262d5eb8,multi_cycle,1.0,0.0,243.405,0.0,0.187,0.218,,on,-72,,30 minute NILM iron session
2026-06-03T18:22:33.351638+00:00,2026-06-04 00:22:33,Anllia,plug_1,Tapo P110,P110,iron,262d5eb8,multi_cycle,1.0,0.0,243.405,0.0,0.187,0.218,,on,-74,,30 minute NILM iron session
2026-06-03T18:22:34.782573+00:00,2026-06-04 00:22:34,Anllia,plug_1,Tapo P110,P110,iron,262d5eb8,multi_cycle,1.0,0.0,243.509,0.0,0.187,0.218,,on,-72,,30 minute NILM iron session
2026-06-03T18:22:36.047294+00:00,2026-06-04 00:22:36,Anllia,plug_1,Tapo P110,P110,iron,262d5eb8,multi_cycle,1.0,0.0,243.509,0.0,0.187,0.218,,on,-71,,30 minute NILM iron session
2026-06-03T18:22:37.475922+00:00,2026-06-04 00:22:37,Anllia,plug_1,Tapo P110,P110,iron,262d5eb8,multi_cycle,1.0,0.0,243.509,0.0,0.187,0.218,,on,-71,,30 minute NILM iron session
2026-06-03T18:22:39.074957+00:00,2026-06-04 00:22:39,Anllia,plug_1,Tapo P110,P110,iron,262d5eb8,multi_cycle,1.0,0.0,243.509,0.0,0.187,0.218,,on,-73,,30 minute NILM iron session
2026-06-03T18:22:40.365319+00:00,2026-06-04 00:22:40,Anllia,plug_1,Tapo P110,P110,iron,262d5eb8,multi_cycle,1.0,0.0,243.509,0.0,0.187,0.218,,on,-71,,30 minute NILM iron session
2026-06-03T18:22:41.708498+00:00,2026-06-04 00:22:41,Anllia,plug_1,Tapo P110,P110,iron,262d5eb8,multi_cycle,1.0,0.0,243.509,0.0,0.187,0.218,,on,-72,,30 minute NILM iron session
2026-06-03T18:22:43.033638+00:00,2026-06-04 00:22:43,Anllia,plug_1,Tapo P110,P110,iron,262d5eb8,multi_cycle,1.0,0.0,243.509,0.0,0.187,0.218,,on,-72,,30 minute NILM iron session
2026-06-03T18:22:44.430900+00:00,2026-06-04 00:22:44,Anllia,plug_1,Tapo P110,P110,iron,262d5eb8,multi_cycle,1.0,0.0,243.509,0.0,0.187,0.218,,on,-71,,30 minute NILM iron session
2026-06-03T18:22:45.777225+00:00,2026-06-04 00:22:45,Anllia,plug_1,Tapo P110,P110,iron,262d5eb8,multi_cycle,1.0,0.0,243.509,0.0,0.187,0.218,,on,-72,,30 minute NILM iron session
2026-06-03T18:22:47.070571+00:00,2026-06-04 00:22:47,Anllia,plug_1,Tapo P110,P110,iron,262d5eb8,multi_cycle,1.0,0.0,243.509,0.0,0.187,0.218,,on,-72,,30 minute NILM iron session
2026-06-03T18:22:48.317401+00:00,2026-06-04 00:22:48,Anllia,plug_1,Tapo P110,P110,iron,262d5eb8,multi_cycle,1.0,0.0,243.509,0.0,0.187,0.218,,on,-72,,30 minute NILM iron session
2026-06-03T18:22:49.811999+00:00,2026-06-04 00:22:49,Anllia,plug_1,Tapo P110,P110,iron,262d5eb8,multi_cycle,1.0,0.0,243.35,0.0,0.187,0.218,,on,-71,,30 minute NILM iron session
2026-06-03T18:22:51.175067+00:00,2026-06-04 00:22:51,Anllia,plug_1,Tapo P110,P110,iron,262d5eb8,multi_cycle,1.0,0.0,243.35,0.0,0.187,0.218,,on,-71,,30 minute NILM iron session
2026-06-03T18:22:52.556909+00:00,2026-06-04 00:22:52,Anllia,plug_1,Tapo P110,P110,iron,262d5eb8,multi_cycle,1.0,0.0,243.35,0.0,0.187,0.218,,on,-72,,30 minute NILM iron session
2026-06-03T18:22:54.039147+00:00,2026-06-04 00:22:54,Anllia,plug_1,Tapo P110,P110,iron,262d5eb8,multi_cycle,1.0,0.0,243.35,0.0,0.187,0.218,,on,-71,,30 minute NILM iron session
2026-06-03T18:22:55.283634+00:00,2026-06-04 00:22:55,Anllia,plug_1,Tapo P110,P110,iron,262d5eb8,multi_cycle,1.0,0.0,243.35,0.0,0.187,0.218,,on,-72,,30 minute NILM iron session
2026-06-03T18:22:56.623344+00:00,2026-06-04 00:22:56,Anllia,plug_1,Tapo P110,P110,iron,262d5eb8,multi_cycle,1.0,0.0,243.35,0.0,0.187,0.218,,on,-72,,30 minute NILM iron session
2026-06-03T18:22:57.907711+00:00,2026-06-04 00:22:57,Anllia,plug_1,Tapo P110,P110,iron,262d5eb8,multi_cycle,1.0,0.0,243.35,0.0,0.187,0.218,,on,-72,,30 minute NILM iron session
2026-06-03T18:22:59.163638+00:00,2026-06-04 00:22:59,Anllia,plug_1,Tapo P110,P110,iron,262d5eb8,multi_cycle,1.0,0.0,243.35,0.0,0.187,0.218,,on,-71,,30 minute NILM iron session
2026-06-03T18:23:00.451864+00:00,2026-06-04 00:23:00,Anllia,plug_1,Tapo P110,P110,iron,262d5eb8,multi_cycle,1.0,0.0,243.35,0.0,0.187,0.218,,on,-71,,30 minute NILM iron session
2026-06-03T18:23:01.734513+00:00,2026-06-04 00:23:01,Anllia,plug_1,Tapo P110,P110,iron,262d5eb8,multi_cycle,1.0,0.0,243.35,0.0,0.187,0.218,,on,-72,,30 minute NILM iron session
2026-06-03T18:23:02.978936+00:00,2026-06-04 00:23:02,Anllia,plug_1,Tapo P110,P110,iron,262d5eb8,multi_cycle,1.0,1341.551,240.294,0.0,0.187,0.218,,on,-71,,30 minute NILM iron session
2026-06-03T18:23:04.284251+00:00,2026-06-04 00:23:04,Anllia,plug_1,Tapo P110,P110,iron,262d5eb8,multi_cycle,1.0,1419.308,240.294,5.984,0.188,0.219,,on,-71,,30 minute NILM iron session
2026-06-03T18:23:05.554959+00:00,2026-06-04 00:23:05,Anllia,plug_1,Tapo P110,P110,iron,262d5eb8,multi_cycle,1.0,1412.927,236.814,5.984,0.188,0.219,,on,-72,,30 minute NILM iron session
2026-06-03T18:23:06.809538+00:00,2026-06-04 00:23:06,Anllia,plug_1,Tapo P110,P110,iron,262d5eb8,multi_cycle,1.0,1412.927,236.814,5.984,0.189,0.22,,on,-71,,30 minute NILM iron session
2026-06-03T18:23:08.103183+00:00,2026-06-04 00:23:08,Anllia,plug_1,Tapo P110,P110,iron,262d5eb8,multi_cycle,1.0,1409.089,236.814,5.943,0.189,0.22,,on,-71,,30 minute NILM iron session
2026-06-03T18:23:09.440578+00:00,2026-06-04 00:23:09,Anllia,plug_1,Tapo P110,P110,iron,262d5eb8,multi_cycle,1.0,1407.417,236.84,5.943,0.19,0.221,,on,-71,,30 minute NILM iron session
2026-06-03T18:23:10.740687+00:00,2026-06-04 00:23:10,Anllia,plug_1,Tapo P110,P110,iron,262d5eb8,multi_cycle,1.0,1405.201,236.84,5.927,0.19,0.221,,on,-72,,30 minute NILM iron session
2026-06-03T18:23:12.055504+00:00,2026-06-04 00:23:12,Anllia,plug_1,Tapo P110,P110,iron,262d5eb8,multi_cycle,1.0,1404.632,236.838,5.927,0.191,0.222,,on,-71,,30 minute NILM iron session
2026-06-03T18:23:13.303543+00:00,2026-06-04 00:23:13,Anllia,plug_1,Tapo P110,P110,iron,262d5eb8,multi_cycle,1.0,1403.242,236.838,5.918,0.191,0.222,,on,-71,,30 minute NILM iron session
2026-06-03T18:23:14.650929+00:00,2026-06-04 00:23:14,Anllia,plug_1,Tapo P110,P110,iron,262d5eb8,multi_cycle,1.0,1403.242,240.451,5.918,0.191,0.223,,on,-72,,30 minute NILM iron session
2026-06-03T18:23:16.017574+00:00,2026-06-04 00:23:16,Anllia,plug_1,Tapo P110,P110,iron,262d5eb8,multi_cycle,1.0,1403.242,240.451,5.918,0.191,0.223,,on,-71,,30 minute NILM iron session
2026-06-03T18:23:17.369727+00:00,2026-06-04 00:23:17,Anllia,plug_1,Tapo P110,P110,iron,262d5eb8,multi_cycle,1.0,0.0,240.451,0.0,0.191,0.223,,on,-71,,30 minute NILM iron session
2026-06-03T18:23:18.636225+00:00,2026-06-04 00:23:18,Anllia,plug_1,Tapo P110,P110,iron,262d5eb8,multi_cycle,1.0,0.0,244.034,0.0,0.191,0.223,,on,-71,,30 minute NILM iron session
2026-06-03T18:23:19.924385+00:00,2026-06-04 00:23:19,Anllia,plug_1,Tapo P110,P110,iron,262d5eb8,multi_cycle,1.0,0.0,244.034,0.0,0.191,0.223,,on,-71,,30 minute NILM iron session
2026-06-03T18:23:21.492510+00:00,2026-06-04 00:23:21,Anllia,plug_1,Tapo P110,P110,iron,262d5eb8,multi_cycle,1.0,0.0,244.034,0.0,0.191,0.223,,on,-72,,30 minute NILM iron session
2026-06-03T18:23:22.908127+00:00,2026-06-04 00:23:22,Anllia,plug_1,Tapo P110,P110,iron,262d5eb8,multi_cycle,1.0,0.0,244.034,0.0,0.191,0.223,,on,-71,,30 minute NILM iron session
2026-06-03T18:23:24.173911+00:00,2026-06-04 00:23:24,Anllia,plug_1,Tapo P110,P110,iron,262d5eb8,multi_cycle,1.0,0.0,244.034,0.0,0.191,0.223,,on,-71,,30 minute NILM iron session
2026-06-03T18:23:25.459197+00:00,2026-06-04 00:23:25,Anllia,plug_1,Tapo P110,P110,iron,262d5eb8,multi_cycle,1.0,0.0,244.034,0.0,0.191,0.223,,on,-71,,30 minute NILM iron session
2026-06-03T18:23:26.727398+00:00,2026-06-04 00:23:26,Anllia,plug_1,Tapo P110,P110,iron,262d5eb8,multi_cycle,1.0,0.0,244.034,0.0,0.191,0.223,,on,-72,,30 minute NILM iron session
2026-06-03T18:23:28.093642+00:00,2026-06-04 00:23:28,Anllia,plug_1,Tapo P110,P110,iron,262d5eb8,multi_cycle,1.0,0.0,244.034,0.0,0.191,0.223,,on,-71,,30 minute NILM iron session
2026-06-03T18:23:29.654526+00:00,2026-06-04 00:23:29,Anllia,plug_1,Tapo P110,P110,iron,262d5eb8,multi_cycle,1.0,0.0,244.034,0.0,0.191,0.223,,on,-71,,30 minute NILM iron session
2026-06-03T18:23:31.082907+00:00,2026-06-04 00:23:31,Anllia,plug_1,Tapo P110,P110,iron,262d5eb8,multi_cycle,1.0,0.0,244.034,0.0,0.191,0.223,,on,-71,,30 minute NILM iron session
2026-06-03T18:23:32.450662+00:00,2026-06-04 00:23:32,Anllia,plug_1,Tapo P110,P110,iron,262d5eb8,multi_cycle,1.0,0.0,244.034,0.0,0.191,0.223,,on,-72,,30 minute NILM iron session
2026-06-03T18:23:33.716273+00:00,2026-06-04 00:23:33,Anllia,plug_1,Tapo P110,P110,iron,262d5eb8,multi_cycle,1.0,0.0,244.628,0.0,0.191,0.223,,on,-72,,30 minute NILM iron session
2026-06-03T18:23:35.137035+00:00,2026-06-04 00:23:35,Anllia,plug_1,Tapo P110,P110,iron,262d5eb8,multi_cycle,1.0,0.0,244.628,0.0,0.191,0.223,,on,-72,,30 minute NILM iron session
2026-06-03T18:23:36.491716+00:00,2026-06-04 00:23:36,Anllia,plug_1,Tapo P110,P110,iron,262d5eb8,multi_cycle,1.0,0.0,244.628,0.0,0.191,0.223,,on,-71,,30 minute NILM iron session
2026-06-03T18:23:37.807595+00:00,2026-06-04 00:23:37,Anllia,plug_1,Tapo P110,P110,iron,262d5eb8,multi_cycle,1.0,0.0,244.628,0.0,0.191,0.223,,on,-72,,30 minute NILM iron session
2026-06-03T18:23:39.075554+00:00,2026-06-04 00:23:39,Anllia,plug_1,Tapo P110,P110,iron,262d5eb8,multi_cycle,1.0,0.0,244.628,0.0,0.191,0.223,,on,-71,,30 minute NILM iron session
2026-06-03T18:23:40.395564+00:00,2026-06-04 00:23:40,Anllia,plug_1,Tapo P110,P110,iron,262d5eb8,multi_cycle,1.0,0.0,244.628,0.0,0.191,0.223,,on,-71,,30 minute NILM iron session
2026-06-03T18:23:41.708598+00:00,2026-06-04 00:23:41,Anllia,plug_1,Tapo P110,P110,iron,262d5eb8,multi_cycle,1.0,0.0,244.628,0.0,0.191,0.223,,on,-71,,30 minute NILM iron session
2026-06-03T18:23:42.998347+00:00,2026-06-04 00:23:42,Anllia,plug_1,Tapo P110,P110,iron,262d5eb8,multi_cycle,1.0,0.0,244.628,0.0,0.191,0.223,,on,-72,,30 minute NILM iron session
2026-06-03T18:23:44.339757+00:00,2026-06-04 00:23:44,Anllia,plug_1,Tapo P110,P110,iron,262d5eb8,multi_cycle,1.0,0.0,244.628,0.0,0.191,0.223,,on,-71,,30 minute NILM iron session
2026-06-03T18:23:45.585461+00:00,2026-06-04 00:23:45,Anllia,plug_1,Tapo P110,P110,iron,262d5eb8,multi_cycle,1.0,0.0,244.628,0.0,0.191,0.223,,on,-72,,30 minute NILM iron session
2026-06-03T18:23:46.964674+00:00,2026-06-04 00:23:46,Anllia,plug_1,Tapo P110,P110,iron,262d5eb8,multi_cycle,1.0,0.0,244.841,0.0,0.191,0.223,,on,-71,,30 minute NILM iron session
2026-06-03T18:23:48.290505+00:00,2026-06-04 00:23:48,Anllia,plug_1,Tapo P110,P110,iron,262d5eb8,multi_cycle,1.0,0.0,244.841,0.0,0.191,0.223,,on,-71,,30 minute NILM iron session
2026-06-03T18:23:49.609444+00:00,2026-06-04 00:23:49,Anllia,plug_1,Tapo P110,P110,iron,262d5eb8,multi_cycle,1.0,0.0,244.841,0.0,0.191,0.223,,on,-71,,30 minute NILM iron session
2026-06-03T18:23:50.927670+00:00,2026-06-04 00:23:50,Anllia,plug_1,Tapo P110,P110,iron,262d5eb8,multi_cycle,1.0,0.0,244.841,0.0,0.191,0.223,,on,-71,,30 minute NILM iron session
2026-06-03T18:23:52.372588+00:00,2026-06-04 00:23:52,Anllia,plug_1,Tapo P110,P110,iron,262d5eb8,multi_cycle,1.0,0.0,244.841,0.0,0.191,0.223,,on,-71,,30 minute NILM iron session
2026-06-03T18:23:53.935397+00:00,2026-06-04 00:23:53,Anllia,plug_1,Tapo P110,P110,iron,262d5eb8,multi_cycle,1.0,0.0,244.841,0.0,0.191,0.223,,on,-71,,30 minute NILM iron session
2026-06-03T18:23:55.231316+00:00,2026-06-04 00:23:55,Anllia,plug_1,Tapo P110,P110,iron,262d5eb8,multi_cycle,1.0,0.0,244.841,0.0,0.191,0.223,,on,-71,,30 minute NILM iron session
2026-06-03T18:23:56.680784+00:00,2026-06-04 00:23:56,Anllia,plug_1,Tapo P110,P110,iron,262d5eb8,multi_cycle,1.0,0.0,244.841,0.0,0.191,0.223,,on,-72,,30 minute NILM iron session
2026-06-03T18:23:57.947232+00:00,2026-06-04 00:23:57,Anllia,plug_1,Tapo P110,P110,iron,262d5eb8,multi_cycle,1.0,0.0,244.841,0.0,0.191,0.223,,on,-71,,30 minute NILM iron session
2026-06-03T18:23:59.282270+00:00,2026-06-04 00:23:59,Anllia,plug_1,Tapo P110,P110,iron,262d5eb8,multi_cycle,1.0,0.0,244.841,0.0,0.191,0.223,,on,-72,,30 minute NILM iron session
2026-06-03T18:24:00.582682+00:00,2026-06-04 00:24:00,Anllia,plug_1,Tapo P110,P110,iron,262d5eb8,multi_cycle,1.0,0.0,244.841,0.0,0.191,0.223,,on,-71,,30 minute NILM iron session
2026-06-03T18:24:01.822205+00:00,2026-06-04 00:24:01,Anllia,plug_1,Tapo P110,P110,iron,262d5eb8,multi_cycle,1.0,0.0,244.814,0.0,0.191,0.223,,on,-71,,30 minute NILM iron session
2026-06-03T18:24:03.072292+00:00,2026-06-04 00:24:03,Anllia,plug_1,Tapo P110,P110,iron,262d5eb8,multi_cycle,1.0,0.0,244.814,0.0,0.191,0.223,,on,-71,,30 minute NILM iron session
2026-06-03T18:24:04.414615+00:00,2026-06-04 00:24:04,Anllia,plug_1,Tapo P110,P110,iron,262d5eb8,multi_cycle,1.0,0.0,244.814,0.0,0.191,0.223,,on,-72,,30 minute NILM iron session
2026-06-03T18:24:05.684653+00:00,2026-06-04 00:24:05,Anllia,plug_1,Tapo P110,P110,iron,262d5eb8,multi_cycle,1.0,0.0,244.814,0.0,0.191,0.223,,on,-71,,30 minute NILM iron session
2026-06-03T18:24:06.965706+00:00,2026-06-04 00:24:06,Anllia,plug_1,Tapo P110,P110,iron,262d5eb8,multi_cycle,1.0,0.0,244.814,0.0,0.191,0.223,,on,-70,,30 minute NILM iron session
2026-06-03T18:24:08.212046+00:00,2026-06-04 00:24:08,Anllia,plug_1,Tapo P110,P110,iron,262d5eb8,multi_cycle,1.0,0.0,244.814,0.0,0.191,0.223,,on,-71,,30 minute NILM iron session
2026-06-03T18:24:09.590056+00:00,2026-06-04 00:24:09,Anllia,plug_1,Tapo P110,P110,iron,262d5eb8,multi_cycle,1.0,0.0,244.814,0.0,0.191,0.223,,on,-71,,30 minute NILM iron session
2026-06-03T18:24:11.117625+00:00,2026-06-04 00:24:11,Anllia,plug_1,Tapo P110,P110,iron,262d5eb8,multi_cycle,1.0,0.0,244.814,0.0,0.191,0.223,,on,-71,,30 minute NILM iron session
2026-06-03T18:24:12.499254+00:00,2026-06-04 00:24:12,Anllia,plug_1,Tapo P110,P110,iron,262d5eb8,multi_cycle,1.0,0.0,244.814,0.0,0.191,0.223,,on,-72,,30 minute NILM iron session
2026-06-03T18:24:13.786582+00:00,2026-06-04 00:24:13,Anllia,plug_1,Tapo P110,P110,iron,262d5eb8,multi_cycle,1.0,0.0,244.814,0.0,0.191,0.223,,on,-71,,30 minute NILM iron session
2026-06-03T18:24:15.098078+00:00,2026-06-04 00:24:15,Anllia,plug_1,Tapo P110,P110,iron,262d5eb8,multi_cycle,1.0,0.0,244.762,0.0,0.191,0.223,,on,-72,,30 minute NILM iron session
2026-06-03T18:24:16.375154+00:00,2026-06-04 00:24:16,Anllia,plug_1,Tapo P110,P110,iron,262d5eb8,multi_cycle,1.0,0.0,244.762,0.0,0.191,0.223,,on,-72,,30 minute NILM iron session
2026-06-03T18:24:17.658654+00:00,2026-06-04 00:24:17,Anllia,plug_1,Tapo P110,P110,iron,262d5eb8,multi_cycle,1.0,0.0,244.762,0.0,0.191,0.223,,on,-71,,30 minute NILM iron session
2026-06-03T18:24:19.135095+00:00,2026-06-04 00:24:19,Anllia,plug_1,Tapo P110,P110,iron,262d5eb8,multi_cycle,1.0,0.0,244.762,0.0,0.191,0.223,,on,-71,,30 minute NILM iron session
2026-06-03T18:24:20.451263+00:00,2026-06-04 00:24:20,Anllia,plug_1,Tapo P110,P110,iron,262d5eb8,multi_cycle,1.0,0.0,244.762,0.0,0.191,0.223,,on,-72,,30 minute NILM iron session
2026-06-03T18:24:21.799237+00:00,2026-06-04 00:24:21,Anllia,plug_1,Tapo P110,P110,iron,262d5eb8,multi_cycle,1.0,0.0,244.762,0.0,0.191,0.223,,on,-72,,30 minute NILM iron session
2026-06-03T18:24:23.095585+00:00,2026-06-04 00:24:23,Anllia,plug_1,Tapo P110,P110,iron,262d5eb8,multi_cycle,1.0,0.0,244.762,0.0,0.191,0.223,,on,-71,,30 minute NILM iron session
2026-06-03T18:24:24.480952+00:00,2026-06-04 00:24:24,Anllia,plug_1,Tapo P110,P110,iron,262d5eb8,multi_cycle,1.0,0.0,244.762,0.0,0.191,0.223,,on,-72,,30 minute NILM iron session
2026-06-03T18:24:25.797186+00:00,2026-06-04 00:24:25,Anllia,plug_1,Tapo P110,P110,iron,262d5eb8,multi_cycle,1.0,0.0,244.762,0.0,0.191,0.223,,on,-72,,30 minute NILM iron session
2026-06-03T18:24:27.277429+00:00,2026-06-04 00:24:27,Anllia,plug_1,Tapo P110,P110,iron,262d5eb8,multi_cycle,1.0,0.0,244.762,0.0,0.191,0.223,,on,-71,,30 minute NILM iron session
2026-06-03T18:24:28.543570+00:00,2026-06-04 00:24:28,Anllia,plug_1,Tapo P110,P110,iron,262d5eb8,multi_cycle,1.0,0.0,244.762,0.0,0.191,0.223,,on,-72,,30 minute NILM iron session
2026-06-03T18:24:29.799565+00:00,2026-06-04 00:24:29,Anllia,plug_1,Tapo P110,P110,iron,262d5eb8,multi_cycle,1.0,0.0,244.79,0.0,0.191,0.223,,on,-71,,30 minute NILM iron session
2026-06-03T18:24:31.141881+00:00,2026-06-04 00:24:31,Anllia,plug_1,Tapo P110,P110,iron,262d5eb8,multi_cycle,1.0,0.0,244.79,0.0,0.191,0.223,,on,-71,,30 minute NILM iron session
2026-06-03T18:24:32.407775+00:00,2026-06-04 00:24:32,Anllia,plug_1,Tapo P110,P110,iron,262d5eb8,multi_cycle,1.0,0.0,244.79,0.0,0.191,0.223,,on,-71,,30 minute NILM iron session
2026-06-03T18:24:33.890563+00:00,2026-06-04 00:24:33,Anllia,plug_1,Tapo P110,P110,iron,262d5eb8,multi_cycle,1.0,0.0,244.79,0.0,0.191,0.223,,on,-70,,30 minute NILM iron session
2026-06-03T18:24:35.211861+00:00,2026-06-04 00:24:35,Anllia,plug_1,Tapo P110,P110,iron,262d5eb8,multi_cycle,1.0,0.0,244.79,0.0,0.191,0.223,,on,-71,,30 minute NILM iron session
2026-06-03T18:24:36.456578+00:00,2026-06-04 00:24:36,Anllia,plug_1,Tapo P110,P110,iron,262d5eb8,multi_cycle,1.0,0.0,244.79,0.0,0.191,0.223,,on,-71,,30 minute NILM iron session
2026-06-03T18:24:37.805608+00:00,2026-06-04 00:24:37,Anllia,plug_1,Tapo P110,P110,iron,262d5eb8,multi_cycle,1.0,0.0,244.79,0.0,0.191,0.223,,on,-72,,30 minute NILM iron session
2026-06-03T18:24:39.072444+00:00,2026-06-04 00:24:39,Anllia,plug_1,Tapo P110,P110,iron,262d5eb8,multi_cycle,1.0,0.0,244.79,0.0,0.191,0.223,,on,-73,,30 minute NILM iron session
2026-06-03T18:24:40.326535+00:00,2026-06-04 00:24:40,Anllia,plug_1,Tapo P110,P110,iron,262d5eb8,multi_cycle,1.0,0.0,244.79,0.0,0.191,0.223,,on,-70,,30 minute NILM iron session
2026-06-03T18:24:41.684931+00:00,2026-06-04 00:24:41,Anllia,plug_1,Tapo P110,P110,iron,262d5eb8,multi_cycle,1.0,0.0,244.79,0.0,0.191,0.223,,on,-71,,30 minute NILM iron session
2026-06-03T18:24:42.941849+00:00,2026-06-04 00:24:42,Anllia,plug_1,Tapo P110,P110,iron,262d5eb8,multi_cycle,1.0,0.0,244.202,0.0,0.191,0.223,,on,-72,,30 minute NILM iron session
2026-06-03T18:24:44.171669+00:00,2026-06-04 00:24:44,Anllia,plug_1,Tapo P110,P110,iron,262d5eb8,multi_cycle,1.0,0.0,244.202,0.0,0.191,0.223,,on,-71,,30 minute NILM iron session
2026-06-03T18:24:45.458252+00:00,2026-06-04 00:24:45,Anllia,plug_1,Tapo P110,P110,iron,262d5eb8,multi_cycle,1.0,0.0,244.202,0.0,0.191,0.223,,on,-71,,30 minute NILM iron session
2026-06-03T18:24:46.721169+00:00,2026-06-04 00:24:46,Anllia,plug_1,Tapo P110,P110,iron,262d5eb8,multi_cycle,1.0,0.0,244.202,0.0,0.191,0.223,,on,-72,,30 minute NILM iron session
2026-06-03T18:24:47.959241+00:00,2026-06-04 00:24:47,Anllia,plug_1,Tapo P110,P110,iron,262d5eb8,multi_cycle,1.0,0.0,244.202,0.0,0.191,0.223,,on,-71,,30 minute NILM iron session
2026-06-03T18:24:49.198130+00:00,2026-06-04 00:24:49,Anllia,plug_1,Tapo P110,P110,iron,262d5eb8,multi_cycle,1.0,0.0,244.202,0.0,0.191,0.223,,on,-71,,30 minute NILM iron session
2026-06-03T18:24:50.443799+00:00,2026-06-04 00:24:50,Anllia,plug_1,Tapo P110,P110,iron,262d5eb8,multi_cycle,1.0,0.0,244.202,0.0,0.191,0.223,,on,-71,,30 minute NILM iron session
2026-06-03T18:24:51.791551+00:00,2026-06-04 00:24:51,Anllia,plug_1,Tapo P110,P110,iron,262d5eb8,multi_cycle,1.0,0.0,244.202,0.0,0.191,0.223,,on,-71,,30 minute NILM iron session
2026-06-03T18:24:53.719852+00:00,2026-06-04 00:24:53,Anllia,plug_1,Tapo P110,P110,iron,262d5eb8,multi_cycle,1.0,0.0,244.202,0.0,0.191,0.223,,on,-71,,30 minute NILM iron session
2026-06-03T18:24:55.002907+00:00,2026-06-04 00:24:55,Anllia,plug_1,Tapo P110,P110,iron,262d5eb8,multi_cycle,1.0,0.0,244.202,0.0,0.191,0.223,,on,-73,,30 minute NILM iron session
2026-06-03T18:24:56.314686+00:00,2026-06-04 00:24:56,Anllia,plug_1,Tapo P110,P110,iron,262d5eb8,multi_cycle,1.0,0.0,244.202,0.0,0.191,0.223,,on,-70,,30 minute NILM iron session
2026-06-03T18:24:57.562517+00:00,2026-06-04 00:24:57,Anllia,plug_1,Tapo P110,P110,iron,262d5eb8,multi_cycle,1.0,0.0,244.132,0.0,0.191,0.223,,on,-71,,30 minute NILM iron session
2026-06-03T18:24:58.801754+00:00,2026-06-04 00:24:58,Anllia,plug_1,Tapo P110,P110,iron,262d5eb8,multi_cycle,1.0,0.0,244.132,0.0,0.191,0.223,,on,-71,,30 minute NILM iron session
2026-06-03T18:25:00.050395+00:00,2026-06-04 00:25:00,Anllia,plug_1,Tapo P110,P110,iron,262d5eb8,multi_cycle,1.0,0.0,244.132,0.0,0.191,0.223,,on,-73,,30 minute NILM iron session
2026-06-03T18:25:01.414355+00:00,2026-06-04 00:25:01,Anllia,plug_1,Tapo P110,P110,iron,262d5eb8,multi_cycle,1.0,0.0,244.132,0.0,0.191,0.223,,on,-71,,30 minute NILM iron session
2026-06-03T18:25:02.648360+00:00,2026-06-04 00:25:02,Anllia,plug_1,Tapo P110,P110,iron,262d5eb8,multi_cycle,1.0,0.0,244.132,0.0,0.191,0.223,,on,-72,,30 minute NILM iron session
2026-06-03T18:25:04.050487+00:00,2026-06-04 00:25:04,Anllia,plug_1,Tapo P110,P110,iron,262d5eb8,multi_cycle,1.0,0.0,244.132,0.0,0.191,0.223,,on,-73,,30 minute NILM iron session
2026-06-03T18:25:05.312935+00:00,2026-06-04 00:25:05,Anllia,plug_1,Tapo P110,P110,iron,262d5eb8,multi_cycle,1.0,0.0,244.132,0.0,0.191,0.223,,on,-72,,30 minute NILM iron session
2026-06-03T18:25:06.682067+00:00,2026-06-04 00:25:06,Anllia,plug_1,Tapo P110,P110,iron,262d5eb8,multi_cycle,1.0,0.0,244.132,0.0,0.191,0.223,,on,-71,,30 minute NILM iron session
2026-06-03T18:25:08.905790+00:00,2026-06-04 00:25:08,Anllia,plug_1,Tapo P110,P110,iron,262d5eb8,multi_cycle,1.0,0.0,244.132,0.0,0.191,0.223,,on,-72,,30 minute NILM iron session
2026-06-03T18:25:10.253050+00:00,2026-06-04 00:25:10,Anllia,plug_1,Tapo P110,P110,iron,262d5eb8,multi_cycle,1.0,0.0,244.132,0.0,0.191,0.223,,on,-72,,30 minute NILM iron session
2026-06-03T18:25:11.620063+00:00,2026-06-04 00:25:11,Anllia,plug_1,Tapo P110,P110,iron,262d5eb8,multi_cycle,1.0,0.0,244.679,0.0,0.191,0.223,,on,-71,,30 minute NILM iron session
2026-06-03T18:25:13.018761+00:00,2026-06-04 00:25:13,Anllia,plug_1,Tapo P110,P110,iron,262d5eb8,multi_cycle,1.0,0.0,244.679,0.0,0.191,0.223,,on,-71,,30 minute NILM iron session
2026-06-03T18:25:14.334774+00:00,2026-06-04 00:25:14,Anllia,plug_1,Tapo P110,P110,iron,262d5eb8,multi_cycle,1.0,0.0,244.679,0.0,0.191,0.223,,on,-72,,30 minute NILM iron session
2026-06-03T18:25:15.600187+00:00,2026-06-04 00:25:15,Anllia,plug_1,Tapo P110,P110,iron,262d5eb8,multi_cycle,1.0,0.0,244.679,0.0,0.191,0.223,,on,-71,,30 minute NILM iron session
2026-06-03T18:25:17.131211+00:00,2026-06-04 00:25:17,Anllia,plug_1,Tapo P110,P110,iron,262d5eb8,multi_cycle,1.0,0.0,244.679,0.0,0.191,0.223,,on,-71,,30 minute NILM iron session
2026-06-03T18:25:18.399246+00:00,2026-06-04 00:25:18,Anllia,plug_1,Tapo P110,P110,iron,262d5eb8,multi_cycle,1.0,0.0,244.679,0.0,0.191,0.223,,on,-71,,30 minute NILM iron session
2026-06-03T18:25:19.688635+00:00,2026-06-04 00:25:19,Anllia,plug_1,Tapo P110,P110,iron,262d5eb8,multi_cycle,1.0,0.0,244.679,0.0,0.191,0.223,,on,-72,,30 minute NILM iron session
2026-06-03T18:25:21.075345+00:00,2026-06-04 00:25:21,Anllia,plug_1,Tapo P110,P110,iron,262d5eb8,multi_cycle,1.0,0.0,244.679,0.0,0.191,0.223,,on,-72,,30 minute NILM iron session
2026-06-03T18:25:22.320966+00:00,2026-06-04 00:25:22,Anllia,plug_1,Tapo P110,P110,iron,262d5eb8,multi_cycle,1.0,0.0,244.679,0.0,0.191,0.223,,on,-72,,30 minute NILM iron session
2026-06-03T18:25:24.071865+00:00,2026-06-04 00:25:24,Anllia,plug_1,Tapo P110,P110,iron,262d5eb8,multi_cycle,1.0,0.0,244.679,0.0,0.191,0.223,,on,-72,,30 minute NILM iron session
2026-06-03T18:25:25.391879+00:00,2026-06-04 00:25:25,Anllia,plug_1,Tapo P110,P110,iron,262d5eb8,multi_cycle,1.0,0.0,244.654,0.0,0.191,0.223,,on,-72,,30 minute NILM iron session
2026-06-03T18:25:26.676631+00:00,2026-06-04 00:25:26,Anllia,plug_1,Tapo P110,P110,iron,262d5eb8,multi_cycle,1.0,0.0,244.654,0.0,0.191,0.223,,on,-71,,30 minute NILM iron session
2026-06-03T18:25:28.020849+00:00,2026-06-04 00:25:28,Anllia,plug_1,Tapo P110,P110,iron,262d5eb8,multi_cycle,1.0,0.0,244.654,0.0,0.191,0.223,,on,-72,,30 minute NILM iron session
2026-06-03T18:25:29.261101+00:00,2026-06-04 00:25:29,Anllia,plug_1,Tapo P110,P110,iron,262d5eb8,multi_cycle,1.0,0.0,244.654,0.0,0.191,0.223,,on,-73,,30 minute NILM iron session
2026-06-03T18:25:30.557912+00:00,2026-06-04 00:25:30,Anllia,plug_1,Tapo P110,P110,iron,262d5eb8,multi_cycle,1.0,0.0,244.654,0.0,0.191,0.223,,on,-72,,30 minute NILM iron session
2026-06-03T18:25:31.892636+00:00,2026-06-04 00:25:31,Anllia,plug_1,Tapo P110,P110,iron,262d5eb8,multi_cycle,1.0,0.0,244.654,0.0,0.191,0.223,,on,-71,,30 minute NILM iron session
2026-06-03T18:25:33.134077+00:00,2026-06-04 00:25:33,Anllia,plug_1,Tapo P110,P110,iron,262d5eb8,multi_cycle,1.0,0.0,244.654,0.0,0.191,0.223,,on,-71,,30 minute NILM iron session
2026-06-03T18:25:34.443434+00:00,2026-06-04 00:25:34,Anllia,plug_1,Tapo P110,P110,iron,262d5eb8,multi_cycle,1.0,0.0,244.654,0.0,0.191,0.223,,on,-71,,30 minute NILM iron session
2026-06-03T18:25:35.691870+00:00,2026-06-04 00:25:35,Anllia,plug_1,Tapo P110,P110,iron,262d5eb8,multi_cycle,1.0,0.0,244.654,0.0,0.191,0.223,,on,-72,,30 minute NILM iron session
2026-06-03T18:25:36.986018+00:00,2026-06-04 00:25:36,Anllia,plug_1,Tapo P110,P110,iron,262d5eb8,multi_cycle,1.0,0.0,244.654,0.0,0.192,0.223,,on,-72,,30 minute NILM iron session
2026-06-03T18:25:38.852470+00:00,2026-06-04 00:25:38,Anllia,plug_1,Tapo P110,P110,iron,262d5eb8,multi_cycle,1.0,1422.574,237.291,5.838,0.192,0.224,,on,-72,,30 minute NILM iron session
2026-06-03T18:25:40.130299+00:00,2026-06-04 00:25:40,Anllia,plug_1,Tapo P110,P110,iron,262d5eb8,multi_cycle,1.0,1422.574,237.291,5.962,0.193,0.224,,on,-71,,30 minute NILM iron session
2026-06-03T18:25:41.411656+00:00,2026-06-04 00:25:41,Anllia,plug_1,Tapo P110,P110,iron,262d5eb8,multi_cycle,1.0,1415.868,237.291,5.962,0.193,0.225,,on,-72,,30 minute NILM iron session
2026-06-03T18:25:42.799875+00:00,2026-06-04 00:25:42,Anllia,plug_1,Tapo P110,P110,iron,262d5eb8,multi_cycle,1.0,1414.333,237.29,5.962,0.194,0.225,,on,-71,,30 minute NILM iron session
2026-06-03T18:25:44.095759+00:00,2026-06-04 00:25:44,Anllia,plug_1,Tapo P110,P110,iron,262d5eb8,multi_cycle,1.0,1413.868,237.29,5.947,0.194,0.226,,on,-72,,30 minute NILM iron session
2026-06-03T18:25:45.365875+00:00,2026-06-04 00:25:45,Anllia,plug_1,Tapo P110,P110,iron,262d5eb8,multi_cycle,1.0,1412.979,237.466,5.947,0.195,0.226,,on,-72,,30 minute NILM iron session
2026-06-03T18:25:46.623110+00:00,2026-06-04 00:25:46,Anllia,plug_1,Tapo P110,P110,iron,262d5eb8,multi_cycle,1.0,1407.651,237.466,5.929,0.195,0.227,,on,-73,,30 minute NILM iron session
2026-06-03T18:25:47.986424+00:00,2026-06-04 00:25:47,Anllia,plug_1,Tapo P110,P110,iron,262d5eb8,multi_cycle,1.0,1407.894,237.243,5.929,0.196,0.227,,on,-70,,30 minute NILM iron session
2026-06-03T18:25:49.251271+00:00,2026-06-04 00:25:49,Anllia,plug_1,Tapo P110,P110,iron,262d5eb8,multi_cycle,1.0,1407.894,237.243,5.929,0.196,0.227,,on,-72,,30 minute NILM iron session
2026-06-03T18:25:50.536319+00:00,2026-06-04 00:25:50,Anllia,plug_1,Tapo P110,P110,iron,262d5eb8,multi_cycle,1.0,1407.894,237.243,0.0,0.196,0.227,,on,-71,,30 minute NILM iron session
2026-06-03T18:25:51.853115+00:00,2026-06-04 00:25:51,Anllia,plug_1,Tapo P110,P110,iron,262d5eb8,multi_cycle,1.0,0.0,244.492,0.0,0.196,0.227,,on,-72,,30 minute NILM iron session
2026-06-03T18:25:53.579926+00:00,2026-06-04 00:25:53,Anllia,plug_1,Tapo P110,P110,iron,262d5eb8,multi_cycle,1.0,0.0,244.492,0.0,0.196,0.227,,on,-71,,30 minute NILM iron session
2026-06-03T18:25:54.845212+00:00,2026-06-04 00:25:54,Anllia,plug_1,Tapo P110,P110,iron,262d5eb8,multi_cycle,1.0,0.0,244.492,0.0,0.196,0.227,,on,-71,,30 minute NILM iron session
2026-06-03T18:25:56.132199+00:00,2026-06-04 00:25:56,Anllia,plug_1,Tapo P110,P110,iron,262d5eb8,multi_cycle,1.0,0.0,244.492,0.0,0.196,0.227,,on,-72,,30 minute NILM iron session
2026-06-03T18:25:57.372968+00:00,2026-06-04 00:25:57,Anllia,plug_1,Tapo P110,P110,iron,262d5eb8,multi_cycle,1.0,0.0,244.492,0.0,0.196,0.227,,on,-72,,30 minute NILM iron session
2026-06-03T18:25:58.678669+00:00,2026-06-04 00:25:58,Anllia,plug_1,Tapo P110,P110,iron,262d5eb8,multi_cycle,1.0,0.0,244.492,0.0,0.196,0.227,,on,-72,,30 minute NILM iron session
2026-06-03T18:26:00.273698+00:00,2026-06-04 00:26:00,Anllia,plug_1,Tapo P110,P110,iron,262d5eb8,multi_cycle,1.0,0.0,244.492,0.0,0.196,0.227,,on,-71,,30 minute NILM iron session
2026-06-03T18:26:01.515950+00:00,2026-06-04 00:26:01,Anllia,plug_1,Tapo P110,P110,iron,262d5eb8,multi_cycle,1.0,0.0,244.492,0.0,0.196,0.227,,on,-71,,30 minute NILM iron session
2026-06-03T18:26:02.764865+00:00,2026-06-04 00:26:02,Anllia,plug_1,Tapo P110,P110,iron,262d5eb8,multi_cycle,1.0,0.0,244.492,0.0,0.196,0.227,,on,-72,,30 minute NILM iron session
2026-06-03T18:26:04.106714+00:00,2026-06-04 00:26:04,Anllia,plug_1,Tapo P110,P110,iron,262d5eb8,multi_cycle,1.0,0.0,244.492,0.0,0.196,0.227,,on,-71,,30 minute NILM iron session
2026-06-03T18:26:05.402005+00:00,2026-06-04 00:26:05,Anllia,plug_1,Tapo P110,P110,iron,262d5eb8,multi_cycle,1.0,0.0,244.492,0.0,0.196,0.227,,on,-71,,30 minute NILM iron session
2026-06-03T18:26:06.661923+00:00,2026-06-04 00:26:06,Anllia,plug_1,Tapo P110,P110,iron,262d5eb8,multi_cycle,1.0,0.0,244.222,0.0,0.196,0.227,,on,-71,,30 minute NILM iron session
2026-06-03T18:26:08.099769+00:00,2026-06-04 00:26:08,Anllia,plug_1,Tapo P110,P110,iron,262d5eb8,multi_cycle,1.0,0.0,244.222,0.0,0.196,0.227,,on,-71,,30 minute NILM iron session
2026-06-03T18:26:09.499155+00:00,2026-06-04 00:26:09,Anllia,plug_1,Tapo P110,P110,iron,262d5eb8,multi_cycle,1.0,0.0,244.222,0.0,0.196,0.227,,on,-72,,30 minute NILM iron session
2026-06-03T18:26:10.868154+00:00,2026-06-04 00:26:10,Anllia,plug_1,Tapo P110,P110,iron,262d5eb8,multi_cycle,1.0,0.0,244.222,0.0,0.196,0.227,,on,-73,,30 minute NILM iron session
2026-06-03T18:26:12.131974+00:00,2026-06-04 00:26:12,Anllia,plug_1,Tapo P110,P110,iron,262d5eb8,multi_cycle,1.0,0.0,244.222,0.0,0.196,0.227,,on,-72,,30 minute NILM iron session
2026-06-03T18:26:13.414452+00:00,2026-06-04 00:26:13,Anllia,plug_1,Tapo P110,P110,iron,262d5eb8,multi_cycle,1.0,0.0,244.222,0.0,0.196,0.227,,on,-72,,30 minute NILM iron session
2026-06-03T18:26:14.762108+00:00,2026-06-04 00:26:14,Anllia,plug_1,Tapo P110,P110,iron,262d5eb8,multi_cycle,1.0,0.0,244.222,0.0,0.196,0.227,,on,-71,,30 minute NILM iron session
2026-06-03T18:26:16.147234+00:00,2026-06-04 00:26:16,Anllia,plug_1,Tapo P110,P110,iron,262d5eb8,multi_cycle,1.0,0.0,244.222,0.0,0.196,0.227,,on,-71,,30 minute NILM iron session
2026-06-03T18:26:17.482980+00:00,2026-06-04 00:26:17,Anllia,plug_1,Tapo P110,P110,iron,262d5eb8,multi_cycle,1.0,0.0,244.222,0.0,0.196,0.227,,on,-71,,30 minute NILM iron session
2026-06-03T18:26:18.724199+00:00,2026-06-04 00:26:18,Anllia,plug_1,Tapo P110,P110,iron,262d5eb8,multi_cycle,1.0,0.0,244.222,0.0,0.196,0.227,,on,-71,,30 minute NILM iron session
2026-06-03T18:26:19.970600+00:00,2026-06-04 00:26:19,Anllia,plug_1,Tapo P110,P110,iron,262d5eb8,multi_cycle,1.0,0.0,244.213,0.0,0.196,0.227,,on,-73,,30 minute NILM iron session
2026-06-03T18:26:21.317245+00:00,2026-06-04 00:26:21,Anllia,plug_1,Tapo P110,P110,iron,262d5eb8,multi_cycle,1.0,0.0,244.213,0.0,0.196,0.227,,on,-72,,30 minute NILM iron session
2026-06-03T18:26:22.581203+00:00,2026-06-04 00:26:22,Anllia,plug_1,Tapo P110,P110,iron,262d5eb8,multi_cycle,1.0,0.0,244.213,0.0,0.196,0.227,,on,-73,,30 minute NILM iron session
2026-06-03T18:26:23.980306+00:00,2026-06-04 00:26:23,Anllia,plug_1,Tapo P110,P110,iron,262d5eb8,multi_cycle,1.0,0.0,244.213,0.0,0.196,0.227,,on,-71,,30 minute NILM iron session
2026-06-03T18:26:25.219241+00:00,2026-06-04 00:26:25,Anllia,plug_1,Tapo P110,P110,iron,262d5eb8,multi_cycle,1.0,0.0,244.213,0.0,0.196,0.227,,on,-72,,30 minute NILM iron session
2026-06-03T18:26:26.577574+00:00,2026-06-04 00:26:26,Anllia,plug_1,Tapo P110,P110,iron,262d5eb8,multi_cycle,1.0,0.0,244.213,0.0,0.196,0.227,,on,-73,,30 minute NILM iron session
2026-06-03T18:26:27.844337+00:00,2026-06-04 00:26:27,Anllia,plug_1,Tapo P110,P110,iron,262d5eb8,multi_cycle,1.0,0.0,244.213,0.0,0.196,0.227,,on,-73,,30 minute NILM iron session
2026-06-03T18:26:29.088827+00:00,2026-06-04 00:26:29,Anllia,plug_1,Tapo P110,P110,iron,262d5eb8,multi_cycle,1.0,0.0,244.213,0.0,0.196,0.227,,on,-72,,30 minute NILM iron session
2026-06-03T18:26:30.453742+00:00,2026-06-04 00:26:30,Anllia,plug_1,Tapo P110,P110,iron,262d5eb8,multi_cycle,1.0,0.0,244.213,0.0,0.196,0.227,,on,-72,,30 minute NILM iron session
2026-06-03T18:26:31.795002+00:00,2026-06-04 00:26:31,Anllia,plug_1,Tapo P110,P110,iron,262d5eb8,multi_cycle,1.0,0.0,244.213,0.0,0.196,0.227,,on,-72,,30 minute NILM iron session
2026-06-03T18:26:33.033291+00:00,2026-06-04 00:26:33,Anllia,plug_1,Tapo P110,P110,iron,262d5eb8,multi_cycle,1.0,0.0,244.213,0.0,0.196,0.227,,on,-73,,30 minute NILM iron session
2026-06-03T18:26:34.278966+00:00,2026-06-04 00:26:34,Anllia,plug_1,Tapo P110,P110,iron,262d5eb8,multi_cycle,1.0,0.0,244.043,0.0,0.196,0.227,,on,-73,,30 minute NILM iron session
2026-06-03T18:26:35.585399+00:00,2026-06-04 00:26:35,Anllia,plug_1,Tapo P110,P110,iron,262d5eb8,multi_cycle,1.0,0.0,244.043,0.0,0.196,0.227,,on,-73,,30 minute NILM iron session
2026-06-03T18:26:36.824903+00:00,2026-06-04 00:26:36,Anllia,plug_1,Tapo P110,P110,iron,262d5eb8,multi_cycle,1.0,0.0,244.043,0.0,0.196,0.227,,on,-72,,30 minute NILM iron session
2026-06-03T18:26:38.106204+00:00,2026-06-04 00:26:38,Anllia,plug_1,Tapo P110,P110,iron,262d5eb8,multi_cycle,1.0,0.0,244.043,0.0,0.196,0.227,,on,-72,,30 minute NILM iron session
2026-06-03T18:26:39.423399+00:00,2026-06-04 00:26:39,Anllia,plug_1,Tapo P110,P110,iron,262d5eb8,multi_cycle,1.0,0.0,244.043,0.0,0.196,0.227,,on,-71,,30 minute NILM iron session
2026-06-03T18:26:40.752275+00:00,2026-06-04 00:26:40,Anllia,plug_1,Tapo P110,P110,iron,262d5eb8,multi_cycle,1.0,0.0,244.043,0.0,0.196,0.227,,on,-72,,30 minute NILM iron session
2026-06-03T18:26:42.230704+00:00,2026-06-04 00:26:42,Anllia,plug_1,Tapo P110,P110,iron,262d5eb8,multi_cycle,1.0,0.0,244.043,0.0,0.196,0.227,,on,-72,,30 minute NILM iron session
2026-06-03T18:26:43.499972+00:00,2026-06-04 00:26:43,Anllia,plug_1,Tapo P110,P110,iron,262d5eb8,multi_cycle,1.0,0.0,244.043,0.0,0.196,0.227,,on,-71,,30 minute NILM iron session
2026-06-03T18:26:44.791782+00:00,2026-06-04 00:26:44,Anllia,plug_1,Tapo P110,P110,iron,262d5eb8,multi_cycle,1.0,0.0,244.043,0.0,0.196,0.227,,on,-73,,30 minute NILM iron session
2026-06-03T18:26:46.098359+00:00,2026-06-04 00:26:46,Anllia,plug_1,Tapo P110,P110,iron,262d5eb8,multi_cycle,1.0,0.0,244.043,0.0,0.196,0.227,,on,-72,,30 minute NILM iron session
2026-06-03T18:26:47.368492+00:00,2026-06-04 00:26:47,Anllia,plug_1,Tapo P110,P110,iron,262d5eb8,multi_cycle,1.0,0.0,244.043,0.0,0.196,0.227,,on,-72,,30 minute NILM iron session
2026-06-03T18:26:48.650738+00:00,2026-06-04 00:26:48,Anllia,plug_1,Tapo P110,P110,iron,262d5eb8,multi_cycle,1.0,0.0,244.032,0.0,0.196,0.227,,on,-73,,30 minute NILM iron session
2026-06-03T18:26:49.897674+00:00,2026-06-04 00:26:49,Anllia,plug_1,Tapo P110,P110,iron,262d5eb8,multi_cycle,1.0,0.0,244.032,0.0,0.196,0.227,,on,-72,,30 minute NILM iron session
2026-06-03T18:26:51.283337+00:00,2026-06-04 00:26:51,Anllia,plug_1,Tapo P110,P110,iron,262d5eb8,multi_cycle,1.0,0.0,244.032,0.0,0.196,0.227,,on,-72,,30 minute NILM iron session
2026-06-03T18:26:52.533299+00:00,2026-06-04 00:26:52,Anllia,plug_1,Tapo P110,P110,iron,262d5eb8,multi_cycle,1.0,0.0,244.032,0.0,0.196,0.227,,on,-72,,30 minute NILM iron session
2026-06-03T18:26:53.841170+00:00,2026-06-04 00:26:53,Anllia,plug_1,Tapo P110,P110,iron,262d5eb8,multi_cycle,1.0,0.0,244.032,0.0,0.196,0.227,,on,-72,,30 minute NILM iron session
2026-06-03T18:26:55.084138+00:00,2026-06-04 00:26:55,Anllia,plug_1,Tapo P110,P110,iron,262d5eb8,multi_cycle,1.0,0.0,244.032,0.0,0.196,0.227,,on,-73,,30 minute NILM iron session
2026-06-03T18:26:56.486461+00:00,2026-06-04 00:26:56,Anllia,plug_1,Tapo P110,P110,iron,262d5eb8,multi_cycle,1.0,0.0,244.032,0.0,0.196,0.227,,on,-72,,30 minute NILM iron session
2026-06-03T18:26:57.750134+00:00,2026-06-04 00:26:57,Anllia,plug_1,Tapo P110,P110,iron,262d5eb8,multi_cycle,1.0,0.0,244.032,0.0,0.196,0.227,,on,-72,,30 minute NILM iron session
2026-06-03T18:26:59.043129+00:00,2026-06-04 00:26:59,Anllia,plug_1,Tapo P110,P110,iron,262d5eb8,multi_cycle,1.0,0.0,244.032,0.0,0.196,0.227,,on,-71,,30 minute NILM iron session
2026-06-03T18:27:00.324856+00:00,2026-06-04 00:27:00,Anllia,plug_1,Tapo P110,P110,iron,262d5eb8,multi_cycle,1.0,0.0,244.032,0.0,0.196,0.227,,on,-72,,30 minute NILM iron session
2026-06-03T18:27:01.620365+00:00,2026-06-04 00:27:01,Anllia,plug_1,Tapo P110,P110,iron,262d5eb8,multi_cycle,1.0,0.0,244.032,0.0,0.196,0.227,,on,-72,,30 minute NILM iron session
2026-06-03T18:27:02.935602+00:00,2026-06-04 00:27:02,Anllia,plug_1,Tapo P110,P110,iron,262d5eb8,multi_cycle,1.0,0.0,243.43,0.0,0.196,0.227,,on,-71,,30 minute NILM iron session
2026-06-03T18:27:04.301162+00:00,2026-06-04 00:27:04,Anllia,plug_1,Tapo P110,P110,iron,262d5eb8,multi_cycle,1.0,0.0,243.43,0.0,0.196,0.227,,on,-71,,30 minute NILM iron session
2026-06-03T18:27:05.566549+00:00,2026-06-04 00:27:05,Anllia,plug_1,Tapo P110,P110,iron,262d5eb8,multi_cycle,1.0,0.0,243.43,0.0,0.196,0.227,,on,-72,,30 minute NILM iron session
2026-06-03T18:27:06.809243+00:00,2026-06-04 00:27:06,Anllia,plug_1,Tapo P110,P110,iron,262d5eb8,multi_cycle,1.0,0.0,243.43,0.0,0.196,0.227,,on,-72,,30 minute NILM iron session
2026-06-03T18:27:08.053814+00:00,2026-06-04 00:27:08,Anllia,plug_1,Tapo P110,P110,iron,262d5eb8,multi_cycle,1.0,0.0,243.43,0.0,0.196,0.227,,on,-72,,30 minute NILM iron session
2026-06-03T18:27:09.326120+00:00,2026-06-04 00:27:09,Anllia,plug_1,Tapo P110,P110,iron,262d5eb8,multi_cycle,1.0,0.0,243.43,0.0,0.196,0.227,,on,-72,,30 minute NILM iron session
2026-06-03T18:27:10.670381+00:00,2026-06-04 00:27:10,Anllia,plug_1,Tapo P110,P110,iron,262d5eb8,multi_cycle,1.0,0.0,243.43,0.0,0.196,0.227,,on,-72,,30 minute NILM iron session
2026-06-03T18:27:11.911926+00:00,2026-06-04 00:27:11,Anllia,plug_1,Tapo P110,P110,iron,262d5eb8,multi_cycle,1.0,0.0,243.43,0.0,0.196,0.227,,on,-72,,30 minute NILM iron session
2026-06-03T18:27:13.147461+00:00,2026-06-04 00:27:13,Anllia,plug_1,Tapo P110,P110,iron,262d5eb8,multi_cycle,1.0,0.0,243.43,0.0,0.196,0.227,,on,-73,,30 minute NILM iron session
2026-06-03T18:27:14.388994+00:00,2026-06-04 00:27:14,Anllia,plug_1,Tapo P110,P110,iron,262d5eb8,multi_cycle,1.0,0.0,243.43,0.0,0.196,0.227,,on,-72,,30 minute NILM iron session
2026-06-03T18:27:15.638720+00:00,2026-06-04 00:27:15,Anllia,plug_1,Tapo P110,P110,iron,262d5eb8,multi_cycle,1.0,0.0,243.43,0.0,0.196,0.227,,on,-72,,30 minute NILM iron session
2026-06-03T18:27:16.985244+00:00,2026-06-04 00:27:16,Anllia,plug_1,Tapo P110,P110,iron,262d5eb8,multi_cycle,1.0,0.0,243.651,0.0,0.196,0.227,,on,-72,,30 minute NILM iron session
2026-06-03T18:27:18.369278+00:00,2026-06-04 00:27:18,Anllia,plug_1,Tapo P110,P110,iron,262d5eb8,multi_cycle,1.0,0.0,243.651,0.0,0.196,0.227,,on,-72,,30 minute NILM iron session
2026-06-03T18:27:19.632759+00:00,2026-06-04 00:27:19,Anllia,plug_1,Tapo P110,P110,iron,262d5eb8,multi_cycle,1.0,0.0,243.651,0.0,0.196,0.227,,on,-72,,30 minute NILM iron session
2026-06-03T18:27:21.061703+00:00,2026-06-04 00:27:21,Anllia,plug_1,Tapo P110,P110,iron,262d5eb8,multi_cycle,1.0,0.0,243.651,0.0,0.196,0.227,,on,-71,,30 minute NILM iron session
2026-06-03T18:27:22.372609+00:00,2026-06-04 00:27:22,Anllia,plug_1,Tapo P110,P110,iron,262d5eb8,multi_cycle,1.0,0.0,243.651,0.0,0.196,0.227,,on,-72,,30 minute NILM iron session
2026-06-03T18:27:23.691168+00:00,2026-06-04 00:27:23,Anllia,plug_1,Tapo P110,P110,iron,262d5eb8,multi_cycle,1.0,0.0,243.651,0.0,0.196,0.227,,on,-71,,30 minute NILM iron session
2026-06-03T18:27:25.088696+00:00,2026-06-04 00:27:25,Anllia,plug_1,Tapo P110,P110,iron,262d5eb8,multi_cycle,1.0,0.0,243.651,0.0,0.196,0.227,,on,-72,,30 minute NILM iron session
2026-06-03T18:27:26.376738+00:00,2026-06-04 00:27:26,Anllia,plug_1,Tapo P110,P110,iron,262d5eb8,multi_cycle,1.0,0.0,243.651,0.0,0.196,0.227,,on,-72,,30 minute NILM iron session
2026-06-03T18:27:27.726589+00:00,2026-06-04 00:27:27,Anllia,plug_1,Tapo P110,P110,iron,262d5eb8,multi_cycle,1.0,0.0,243.651,0.0,0.196,0.227,,on,-73,,30 minute NILM iron session
2026-06-03T18:27:29.015605+00:00,2026-06-04 00:27:29,Anllia,plug_1,Tapo P110,P110,iron,262d5eb8,multi_cycle,1.0,0.0,243.651,0.0,0.196,0.227,,on,-72,,30 minute NILM iron session
2026-06-03T18:27:30.269465+00:00,2026-06-04 00:27:30,Anllia,plug_1,Tapo P110,P110,iron,262d5eb8,multi_cycle,1.0,0.0,243.565,0.0,0.196,0.227,,on,-73,,30 minute NILM iron session
2026-06-03T18:27:31.563365+00:00,2026-06-04 00:27:31,Anllia,plug_1,Tapo P110,P110,iron,262d5eb8,multi_cycle,1.0,0.0,243.565,0.0,0.196,0.227,,on,-72,,30 minute NILM iron session
2026-06-03T18:27:32.895586+00:00,2026-06-04 00:27:32,Anllia,plug_1,Tapo P110,P110,iron,262d5eb8,multi_cycle,1.0,0.0,243.565,0.0,0.196,0.227,,on,-72,,30 minute NILM iron session
2026-06-03T18:27:34.149707+00:00,2026-06-04 00:27:34,Anllia,plug_1,Tapo P110,P110,iron,262d5eb8,multi_cycle,1.0,0.0,243.565,0.0,0.196,0.227,,on,-73,,30 minute NILM iron session
2026-06-03T18:27:35.589779+00:00,2026-06-04 00:27:35,Anllia,plug_1,Tapo P110,P110,iron,262d5eb8,multi_cycle,1.0,0.0,243.565,0.0,0.196,0.227,,on,-72,,30 minute NILM iron session
2026-06-03T18:27:36.836423+00:00,2026-06-04 00:27:36,Anllia,plug_1,Tapo P110,P110,iron,262d5eb8,multi_cycle,1.0,0.0,243.565,0.0,0.196,0.227,,on,-72,,30 minute NILM iron session
2026-06-03T18:27:38.221913+00:00,2026-06-04 00:27:38,Anllia,plug_1,Tapo P110,P110,iron,262d5eb8,multi_cycle,1.0,0.0,243.565,0.0,0.196,0.227,,on,-72,,30 minute NILM iron session
2026-06-03T18:27:39.784560+00:00,2026-06-04 00:27:39,Anllia,plug_1,Tapo P110,P110,iron,262d5eb8,multi_cycle,1.0,0.0,243.565,0.0,0.196,0.227,,on,-71,,30 minute NILM iron session
2026-06-03T18:27:41.052959+00:00,2026-06-04 00:27:41,Anllia,plug_1,Tapo P110,P110,iron,262d5eb8,multi_cycle,1.0,0.0,243.565,0.0,0.196,0.227,,on,-71,,30 minute NILM iron session
2026-06-03T18:27:42.374612+00:00,2026-06-04 00:27:42,Anllia,plug_1,Tapo P110,P110,iron,262d5eb8,multi_cycle,1.0,0.0,243.565,0.0,0.196,0.227,,on,-72,,30 minute NILM iron session
2026-06-03T18:27:43.772654+00:00,2026-06-04 00:27:43,Anllia,plug_1,Tapo P110,P110,iron,262d5eb8,multi_cycle,1.0,0.0,243.565,0.0,0.196,0.227,,on,-73,,30 minute NILM iron session
2026-06-03T18:27:45.113228+00:00,2026-06-04 00:27:45,Anllia,plug_1,Tapo P110,P110,iron,262d5eb8,multi_cycle,1.0,0.0,243.46,0.0,0.196,0.227,,on,-72,,30 minute NILM iron session
2026-06-03T18:27:46.463525+00:00,2026-06-04 00:27:46,Anllia,plug_1,Tapo P110,P110,iron,262d5eb8,multi_cycle,1.0,0.0,243.46,0.0,0.196,0.227,,on,-73,,30 minute NILM iron session
2026-06-03T18:27:47.730734+00:00,2026-06-04 00:27:47,Anllia,plug_1,Tapo P110,P110,iron,262d5eb8,multi_cycle,1.0,0.0,243.46,0.0,0.196,0.227,,on,-71,,30 minute NILM iron session
2026-06-03T18:27:49.096736+00:00,2026-06-04 00:27:49,Anllia,plug_1,Tapo P110,P110,iron,262d5eb8,multi_cycle,1.0,0.0,243.46,0.0,0.196,0.227,,on,-71,,30 minute NILM iron session
2026-06-03T18:27:50.449326+00:00,2026-06-04 00:27:50,Anllia,plug_1,Tapo P110,P110,iron,262d5eb8,multi_cycle,1.0,0.0,243.46,0.0,0.196,0.227,,on,-72,,30 minute NILM iron session
2026-06-03T18:27:51.775718+00:00,2026-06-04 00:27:51,Anllia,plug_1,Tapo P110,P110,iron,262d5eb8,multi_cycle,1.0,0.0,243.46,0.0,0.196,0.227,,on,-72,,30 minute NILM iron session
2026-06-03T18:27:53.020002+00:00,2026-06-04 00:27:53,Anllia,plug_1,Tapo P110,P110,iron,262d5eb8,multi_cycle,1.0,0.0,243.46,0.0,0.196,0.227,,on,-71,,30 minute NILM iron session
2026-06-03T18:27:54.448629+00:00,2026-06-04 00:27:54,Anllia,plug_1,Tapo P110,P110,iron,262d5eb8,multi_cycle,1.0,0.0,243.46,0.0,0.196,0.227,,on,-72,,30 minute NILM iron session
2026-06-03T18:27:55.762519+00:00,2026-06-04 00:27:55,Anllia,plug_1,Tapo P110,P110,iron,262d5eb8,multi_cycle,1.0,0.0,243.46,0.0,0.196,0.227,,on,-72,,30 minute NILM iron session
2026-06-03T18:27:57.086303+00:00,2026-06-04 00:27:57,Anllia,plug_1,Tapo P110,P110,iron,262d5eb8,multi_cycle,1.0,0.0,243.46,0.0,0.196,0.227,,on,-72,,30 minute NILM iron session
2026-06-03T18:27:58.572612+00:00,2026-06-04 00:27:58,Anllia,plug_1,Tapo P110,P110,iron,262d5eb8,multi_cycle,1.0,0.0,243.853,0.0,0.196,0.227,,on,-72,,30 minute NILM iron session
2026-06-03T18:27:59.896906+00:00,2026-06-04 00:27:59,Anllia,plug_1,Tapo P110,P110,iron,262d5eb8,multi_cycle,1.0,0.0,243.853,0.0,0.196,0.227,,on,-72,,30 minute NILM iron session
2026-06-03T18:28:01.168028+00:00,2026-06-04 00:28:01,Anllia,plug_1,Tapo P110,P110,iron,262d5eb8,multi_cycle,1.0,0.0,243.853,0.0,0.196,0.227,,on,-72,,30 minute NILM iron session
2026-06-03T18:28:02.431116+00:00,2026-06-04 00:28:02,Anllia,plug_1,Tapo P110,P110,iron,262d5eb8,multi_cycle,1.0,0.0,243.853,0.0,0.196,0.227,,on,-73,,30 minute NILM iron session
2026-06-03T18:28:04.236452+00:00,2026-06-04 00:28:04,Anllia,plug_1,Tapo P110,P110,iron,262d5eb8,multi_cycle,1.0,0.0,243.853,0.0,0.196,0.227,,on,-72,,30 minute NILM iron session
2026-06-03T18:28:05.506582+00:00,2026-06-04 00:28:05,Anllia,plug_1,Tapo P110,P110,iron,262d5eb8,multi_cycle,1.0,0.0,243.853,0.0,0.196,0.227,,on,-72,,30 minute NILM iron session
2026-06-03T18:28:06.760948+00:00,2026-06-04 00:28:06,Anllia,plug_1,Tapo P110,P110,iron,262d5eb8,multi_cycle,1.0,0.0,243.853,0.0,0.196,0.227,,on,-72,,30 minute NILM iron session
2026-06-03T18:28:08.036126+00:00,2026-06-04 00:28:08,Anllia,plug_1,Tapo P110,P110,iron,262d5eb8,multi_cycle,1.0,0.0,243.853,0.0,0.196,0.227,,on,-71,,30 minute NILM iron session
2026-06-03T18:28:09.478343+00:00,2026-06-04 00:28:09,Anllia,plug_1,Tapo P110,P110,iron,262d5eb8,multi_cycle,1.0,0.0,243.853,0.0,0.196,0.227,,on,-71,,30 minute NILM iron session
2026-06-03T18:28:10.830427+00:00,2026-06-04 00:28:10,Anllia,plug_1,Tapo P110,P110,iron,262d5eb8,multi_cycle,1.0,0.0,243.853,0.0,0.196,0.227,,on,-71,,30 minute NILM iron session
2026-06-03T18:28:12.086729+00:00,2026-06-04 00:28:12,Anllia,plug_1,Tapo P110,P110,iron,262d5eb8,multi_cycle,1.0,0.0,243.853,0.0,0.196,0.227,,on,-72,,30 minute NILM iron session
2026-06-03T18:28:13.466105+00:00,2026-06-04 00:28:13,Anllia,plug_1,Tapo P110,P110,iron,262d5eb8,multi_cycle,1.0,1369.67,244.148,0.0,0.197,0.228,,on,-73,,30 minute NILM iron session
2026-06-03T18:28:14.777754+00:00,2026-06-04 00:28:14,Anllia,plug_1,Tapo P110,P110,iron,262d5eb8,multi_cycle,1.0,1369.67,244.148,6.008,0.197,0.228,,on,-72,,30 minute NILM iron session
2026-06-03T18:28:16.272555+00:00,2026-06-04 00:28:16,Anllia,plug_1,Tapo P110,P110,iron,262d5eb8,multi_cycle,1.0,1421.286,237.06,6.008,0.198,0.229,,on,-72,,30 minute NILM iron session
2026-06-03T18:28:17.896469+00:00,2026-06-04 00:28:17,Anllia,plug_1,Tapo P110,P110,iron,262d5eb8,multi_cycle,1.0,1414.418,237.06,5.955,0.198,0.23,,on,-71,,30 minute NILM iron session
2026-06-03T18:28:19.172959+00:00,2026-06-04 00:28:19,Anllia,plug_1,Tapo P110,P110,iron,262d5eb8,multi_cycle,1.0,1412.179,237.136,5.955,0.199,0.23,,on,-71,,30 minute NILM iron session
2026-06-03T18:28:20.433451+00:00,2026-06-04 00:28:20,Anllia,plug_1,Tapo P110,P110,iron,262d5eb8,multi_cycle,1.0,1410.271,237.136,5.939,0.199,0.231,,on,-71,,30 minute NILM iron session
2026-06-03T18:28:21.728718+00:00,2026-06-04 00:28:21,Anllia,plug_1,Tapo P110,P110,iron,262d5eb8,multi_cycle,1.0,1410.079,237.216,5.939,0.2,0.231,,on,-72,,30 minute NILM iron session
2026-06-03T18:28:23.418090+00:00,2026-06-04 00:28:23,Anllia,plug_1,Tapo P110,P110,iron,262d5eb8,multi_cycle,1.0,1408.243,237.216,5.93,0.2,0.232,,on,-73,,30 minute NILM iron session
2026-06-03T18:28:24.691220+00:00,2026-06-04 00:28:24,Anllia,plug_1,Tapo P110,P110,iron,262d5eb8,multi_cycle,1.0,1408.303,237.284,5.93,0.201,0.232,,on,-72,,30 minute NILM iron session
2026-06-03T18:28:25.955073+00:00,2026-06-04 00:28:25,Anllia,plug_1,Tapo P110,P110,iron,262d5eb8,multi_cycle,1.0,1408.303,237.284,5.93,0.201,0.232,,on,-71,,30 minute NILM iron session
2026-06-03T18:28:27.249975+00:00,2026-06-04 00:28:27,Anllia,plug_1,Tapo P110,P110,iron,262d5eb8,multi_cycle,1.0,1408.303,237.284,0.0,0.201,0.232,,on,-72,,30 minute NILM iron session
2026-06-03T18:28:28.492502+00:00,2026-06-04 00:28:28,Anllia,plug_1,Tapo P110,P110,iron,262d5eb8,multi_cycle,1.0,0.0,244.674,0.0,0.201,0.232,,on,-73,,30 minute NILM iron session
2026-06-03T18:28:29.832147+00:00,2026-06-04 00:28:29,Anllia,plug_1,Tapo P110,P110,iron,262d5eb8,multi_cycle,1.0,0.0,244.674,0.0,0.201,0.232,,on,-71,,30 minute NILM iron session
2026-06-03T18:28:31.116464+00:00,2026-06-04 00:28:31,Anllia,plug_1,Tapo P110,P110,iron,262d5eb8,multi_cycle,1.0,0.0,244.674,0.0,0.201,0.232,,on,-71,,30 minute NILM iron session
2026-06-03T18:28:32.362102+00:00,2026-06-04 00:28:32,Anllia,plug_1,Tapo P110,P110,iron,262d5eb8,multi_cycle,1.0,0.0,244.674,0.0,0.201,0.232,,on,-71,,30 minute NILM iron session
2026-06-03T18:28:33.779820+00:00,2026-06-04 00:28:33,Anllia,plug_1,Tapo P110,P110,iron,262d5eb8,multi_cycle,1.0,0.0,244.674,0.0,0.201,0.232,,on,-72,,30 minute NILM iron session
2026-06-03T18:28:35.038835+00:00,2026-06-04 00:28:35,Anllia,plug_1,Tapo P110,P110,iron,262d5eb8,multi_cycle,1.0,0.0,244.674,0.0,0.201,0.232,,on,-73,,30 minute NILM iron session
2026-06-03T18:28:36.282874+00:00,2026-06-04 00:28:36,Anllia,plug_1,Tapo P110,P110,iron,262d5eb8,multi_cycle,1.0,0.0,244.674,0.0,0.201,0.232,,on,-72,,30 minute NILM iron session
2026-06-03T18:28:37.572600+00:00,2026-06-04 00:28:37,Anllia,plug_1,Tapo P110,P110,iron,262d5eb8,multi_cycle,1.0,0.0,244.674,0.0,0.201,0.232,,on,-72,,30 minute NILM iron session
2026-06-03T18:28:38.947167+00:00,2026-06-04 00:28:38,Anllia,plug_1,Tapo P110,P110,iron,262d5eb8,multi_cycle,1.0,0.0,244.674,0.0,0.201,0.232,,on,-72,,30 minute NILM iron session
2026-06-03T18:28:40.262785+00:00,2026-06-04 00:28:40,Anllia,plug_1,Tapo P110,P110,iron,262d5eb8,multi_cycle,1.0,0.0,244.674,0.0,0.201,0.232,,on,-73,,30 minute NILM iron session
2026-06-03T18:28:41.535802+00:00,2026-06-04 00:28:41,Anllia,plug_1,Tapo P110,P110,iron,262d5eb8,multi_cycle,1.0,0.0,244.674,0.0,0.201,0.232,,on,-71,,30 minute NILM iron session
2026-06-03T18:28:42.895939+00:00,2026-06-04 00:28:42,Anllia,plug_1,Tapo P110,P110,iron,262d5eb8,multi_cycle,1.0,0.0,244.573,0.0,0.201,0.232,,on,-72,,30 minute NILM iron session
2026-06-03T18:28:44.140670+00:00,2026-06-04 00:28:44,Anllia,plug_1,Tapo P110,P110,iron,262d5eb8,multi_cycle,1.0,0.0,244.573,0.0,0.201,0.232,,on,-71,,30 minute NILM iron session
2026-06-03T18:28:45.494548+00:00,2026-06-04 00:28:45,Anllia,plug_1,Tapo P110,P110,iron,262d5eb8,multi_cycle,1.0,0.0,244.573,0.0,0.201,0.232,,on,-72,,30 minute NILM iron session
2026-06-03T18:28:46.808036+00:00,2026-06-04 00:28:46,Anllia,plug_1,Tapo P110,P110,iron,262d5eb8,multi_cycle,1.0,0.0,244.573,0.0,0.201,0.232,,on,-71,,30 minute NILM iron session
2026-06-03T18:28:48.058313+00:00,2026-06-04 00:28:48,Anllia,plug_1,Tapo P110,P110,iron,262d5eb8,multi_cycle,1.0,0.0,244.573,0.0,0.201,0.232,,on,-72,,30 minute NILM iron session
2026-06-03T18:28:49.356629+00:00,2026-06-04 00:28:49,Anllia,plug_1,Tapo P110,P110,iron,262d5eb8,multi_cycle,1.0,0.0,244.573,0.0,0.201,0.232,,on,-71,,30 minute NILM iron session
2026-06-03T18:28:50.603993+00:00,2026-06-04 00:28:50,Anllia,plug_1,Tapo P110,P110,iron,262d5eb8,multi_cycle,1.0,0.0,244.573,0.0,0.201,0.232,,on,-71,,30 minute NILM iron session
2026-06-03T18:28:51.912939+00:00,2026-06-04 00:28:51,Anllia,plug_1,Tapo P110,P110,iron,262d5eb8,multi_cycle,1.0,0.0,244.573,0.0,0.201,0.232,,on,-72,,30 minute NILM iron session
2026-06-03T18:28:54.045868+00:00,2026-06-04 00:28:54,Anllia,plug_1,Tapo P110,P110,iron,262d5eb8,multi_cycle,1.0,0.0,244.573,0.0,0.201,0.232,,on,-72,,30 minute NILM iron session
2026-06-03T18:28:55.303952+00:00,2026-06-04 00:28:55,Anllia,plug_1,Tapo P110,P110,iron,262d5eb8,multi_cycle,1.0,0.0,244.573,0.0,0.201,0.232,,on,-72,,30 minute NILM iron session
2026-06-03T18:28:56.643954+00:00,2026-06-04 00:28:56,Anllia,plug_1,Tapo P110,P110,iron,262d5eb8,multi_cycle,1.0,0.0,243.994,0.0,0.201,0.232,,on,-71,,30 minute NILM iron session
2026-06-03T18:28:57.912020+00:00,2026-06-04 00:28:57,Anllia,plug_1,Tapo P110,P110,iron,262d5eb8,multi_cycle,1.0,0.0,243.994,0.0,0.201,0.232,,on,-72,,30 minute NILM iron session
2026-06-03T18:28:59.440567+00:00,2026-06-04 00:28:59,Anllia,plug_1,Tapo P110,P110,iron,262d5eb8,multi_cycle,1.0,0.0,243.994,0.0,0.201,0.232,,on,-71,,30 minute NILM iron session
2026-06-03T18:29:00.706755+00:00,2026-06-04 00:29:00,Anllia,plug_1,Tapo P110,P110,iron,262d5eb8,multi_cycle,1.0,0.0,243.994,0.0,0.201,0.232,,on,-72,,30 minute NILM iron session
2026-06-03T18:29:01.948610+00:00,2026-06-04 00:29:01,Anllia,plug_1,Tapo P110,P110,iron,262d5eb8,multi_cycle,1.0,0.0,243.994,0.0,0.201,0.232,,on,-72,,30 minute NILM iron session
2026-06-03T18:29:03.193308+00:00,2026-06-04 00:29:03,Anllia,plug_1,Tapo P110,P110,iron,262d5eb8,multi_cycle,1.0,0.0,243.994,0.0,0.201,0.232,,on,-71,,30 minute NILM iron session
2026-06-03T18:29:04.539935+00:00,2026-06-04 00:29:04,Anllia,plug_1,Tapo P110,P110,iron,262d5eb8,multi_cycle,1.0,0.0,243.994,0.0,0.201,0.232,,on,-72,,30 minute NILM iron session
2026-06-03T18:29:05.887905+00:00,2026-06-04 00:29:05,Anllia,plug_1,Tapo P110,P110,iron,262d5eb8,multi_cycle,1.0,0.0,243.994,0.0,0.201,0.232,,on,-72,,30 minute NILM iron session
2026-06-03T18:29:07.204467+00:00,2026-06-04 00:29:07,Anllia,plug_1,Tapo P110,P110,iron,262d5eb8,multi_cycle,1.0,0.0,243.994,0.0,0.201,0.232,,on,-72,,30 minute NILM iron session
2026-06-03T18:29:08.708301+00:00,2026-06-04 00:29:08,Anllia,plug_1,Tapo P110,P110,iron,262d5eb8,multi_cycle,1.0,0.0,243.994,0.0,0.201,0.232,,on,-72,,30 minute NILM iron session
2026-06-03T18:29:10.094542+00:00,2026-06-04 00:29:10,Anllia,plug_1,Tapo P110,P110,iron,262d5eb8,multi_cycle,1.0,0.0,243.994,0.0,0.201,0.232,,on,-73,,30 minute NILM iron session
2026-06-03T18:29:11.490502+00:00,2026-06-04 00:29:11,Anllia,plug_1,Tapo P110,P110,iron,262d5eb8,multi_cycle,1.0,0.0,244.321,0.0,0.201,0.232,,on,-72,,30 minute NILM iron session
2026-06-03T18:29:12.736676+00:00,2026-06-04 00:29:12,Anllia,plug_1,Tapo P110,P110,iron,262d5eb8,multi_cycle,1.0,0.0,244.321,0.0,0.201,0.232,,on,-72,,30 minute NILM iron session
2026-06-03T18:29:13.986128+00:00,2026-06-04 00:29:13,Anllia,plug_1,Tapo P110,P110,iron,262d5eb8,multi_cycle,1.0,0.0,244.321,0.0,0.201,0.232,,on,-72,,30 minute NILM iron session
2026-06-03T18:29:15.355472+00:00,2026-06-04 00:29:15,Anllia,plug_1,Tapo P110,P110,iron,262d5eb8,multi_cycle,1.0,0.0,244.321,0.0,0.201,0.232,,on,-71,,30 minute NILM iron session
2026-06-03T18:29:16.723050+00:00,2026-06-04 00:29:16,Anllia,plug_1,Tapo P110,P110,iron,262d5eb8,multi_cycle,1.0,0.0,244.321,0.0,0.201,0.232,,on,-71,,30 minute NILM iron session
2026-06-03T18:29:18.038821+00:00,2026-06-04 00:29:18,Anllia,plug_1,Tapo P110,P110,iron,262d5eb8,multi_cycle,1.0,0.0,244.321,0.0,0.201,0.232,,on,-71,,30 minute NILM iron session
2026-06-03T18:29:19.464480+00:00,2026-06-04 00:29:19,Anllia,plug_1,Tapo P110,P110,iron,262d5eb8,multi_cycle,1.0,0.0,244.321,0.0,0.201,0.232,,on,-73,,30 minute NILM iron session
2026-06-03T18:29:20.729684+00:00,2026-06-04 00:29:20,Anllia,plug_1,Tapo P110,P110,iron,262d5eb8,multi_cycle,1.0,0.0,244.321,0.0,0.201,0.232,,on,-71,,30 minute NILM iron session
2026-06-03T18:29:22.096722+00:00,2026-06-04 00:29:22,Anllia,plug_1,Tapo P110,P110,iron,262d5eb8,multi_cycle,1.0,0.0,244.321,0.0,0.201,0.232,,on,-71,,30 minute NILM iron session
2026-06-03T18:29:23.713342+00:00,2026-06-04 00:29:23,Anllia,plug_1,Tapo P110,P110,iron,262d5eb8,multi_cycle,1.0,0.0,244.321,0.0,0.201,0.232,,on,-72,,30 minute NILM iron session
2026-06-03T18:29:25.141293+00:00,2026-06-04 00:29:25,Anllia,plug_1,Tapo P110,P110,iron,262d5eb8,multi_cycle,1.0,0.0,243.893,0.0,0.201,0.232,,on,-70,,30 minute NILM iron session
2026-06-03T18:29:26.417074+00:00,2026-06-04 00:29:26,Anllia,plug_1,Tapo P110,P110,iron,262d5eb8,multi_cycle,1.0,0.0,243.893,0.0,0.201,0.232,,on,-72,,30 minute NILM iron session
2026-06-03T18:29:27.729076+00:00,2026-06-04 00:29:27,Anllia,plug_1,Tapo P110,P110,iron,262d5eb8,multi_cycle,1.0,0.0,243.893,0.0,0.201,0.232,,on,-72,,30 minute NILM iron session
2026-06-03T18:29:29.093085+00:00,2026-06-04 00:29:29,Anllia,plug_1,Tapo P110,P110,iron,262d5eb8,multi_cycle,1.0,0.0,243.893,0.0,0.201,0.232,,on,-72,,30 minute NILM iron session
2026-06-03T18:29:30.409342+00:00,2026-06-04 00:29:30,Anllia,plug_1,Tapo P110,P110,iron,262d5eb8,multi_cycle,1.0,0.0,243.893,0.0,0.201,0.232,,on,-72,,30 minute NILM iron session
2026-06-03T18:29:31.778836+00:00,2026-06-04 00:29:31,Anllia,plug_1,Tapo P110,P110,iron,262d5eb8,multi_cycle,1.0,0.0,243.893,0.0,0.201,0.232,,on,-71,,30 minute NILM iron session
2026-06-03T18:29:33.241573+00:00,2026-06-04 00:29:33,Anllia,plug_1,Tapo P110,P110,iron,262d5eb8,multi_cycle,1.0,0.0,243.893,0.0,0.201,0.232,,on,-71,,30 minute NILM iron session
2026-06-03T18:29:34.617851+00:00,2026-06-04 00:29:34,Anllia,plug_1,Tapo P110,P110,iron,262d5eb8,multi_cycle,1.0,0.0,243.893,0.0,0.201,0.232,,on,-71,,30 minute NILM iron session
2026-06-03T18:29:35.884742+00:00,2026-06-04 00:29:35,Anllia,plug_1,Tapo P110,P110,iron,262d5eb8,multi_cycle,1.0,0.0,243.893,0.0,0.201,0.232,,on,-71,,30 minute NILM iron session
2026-06-03T18:29:37.140243+00:00,2026-06-04 00:29:37,Anllia,plug_1,Tapo P110,P110,iron,262d5eb8,multi_cycle,1.0,0.0,243.893,0.0,0.201,0.232,,on,-71,,30 minute NILM iron session
2026-06-03T18:29:38.404490+00:00,2026-06-04 00:29:38,Anllia,plug_1,Tapo P110,P110,iron,262d5eb8,multi_cycle,1.0,0.0,243.893,0.0,0.201,0.232,,on,-71,,30 minute NILM iron session
2026-06-03T18:29:40.330764+00:00,2026-06-04 00:29:40,Anllia,plug_1,Tapo P110,P110,iron,262d5eb8,multi_cycle,1.0,0.0,244.228,0.0,0.201,0.232,,on,-71,,30 minute NILM iron session
2026-06-03T18:29:41.588905+00:00,2026-06-04 00:29:41,Anllia,plug_1,Tapo P110,P110,iron,262d5eb8,multi_cycle,1.0,0.0,244.228,0.0,0.201,0.232,,on,-71,,30 minute NILM iron session
2026-06-03T18:29:42.877844+00:00,2026-06-04 00:29:42,Anllia,plug_1,Tapo P110,P110,iron,262d5eb8,multi_cycle,1.0,0.0,244.228,0.0,0.201,0.232,,on,-72,,30 minute NILM iron session
2026-06-03T18:29:44.205786+00:00,2026-06-04 00:29:44,Anllia,plug_1,Tapo P110,P110,iron,262d5eb8,multi_cycle,1.0,0.0,244.228,0.0,0.201,0.232,,on,-71,,30 minute NILM iron session
2026-06-03T18:29:45.610121+00:00,2026-06-04 00:29:45,Anllia,plug_1,Tapo P110,P110,iron,262d5eb8,multi_cycle,1.0,0.0,244.228,0.0,0.201,0.232,,on,-71,,30 minute NILM iron session
2026-06-03T18:29:46.853436+00:00,2026-06-04 00:29:46,Anllia,plug_1,Tapo P110,P110,iron,262d5eb8,multi_cycle,1.0,0.0,244.228,0.0,0.201,0.232,,on,-72,,30 minute NILM iron session
2026-06-03T18:29:48.206651+00:00,2026-06-04 00:29:48,Anllia,plug_1,Tapo P110,P110,iron,262d5eb8,multi_cycle,1.0,0.0,244.228,0.0,0.201,0.232,,on,-72,,30 minute NILM iron session
2026-06-03T18:29:49.598444+00:00,2026-06-04 00:29:49,Anllia,plug_1,Tapo P110,P110,iron,262d5eb8,multi_cycle,1.0,0.0,244.228,0.0,0.201,0.232,,on,-72,,30 minute NILM iron session
2026-06-03T18:29:50.863463+00:00,2026-06-04 00:29:50,Anllia,plug_1,Tapo P110,P110,iron,262d5eb8,multi_cycle,1.0,0.0,244.228,0.0,0.201,0.232,,on,-72,,30 minute NILM iron session
2026-06-03T18:29:52.122661+00:00,2026-06-04 00:29:52,Anllia,plug_1,Tapo P110,P110,iron,262d5eb8,multi_cycle,1.0,0.0,244.228,0.0,0.201,0.232,,on,-71,,30 minute NILM iron session
2026-06-03T18:29:54.461932+00:00,2026-06-04 00:29:54,Anllia,plug_1,Tapo P110,P110,iron,262d5eb8,multi_cycle,1.0,0.0,244.245,0.0,0.201,0.232,,on,-72,,30 minute NILM iron session
2026-06-03T18:29:55.803466+00:00,2026-06-04 00:29:55,Anllia,plug_1,Tapo P110,P110,iron,262d5eb8,multi_cycle,1.0,0.0,244.245,0.0,0.201,0.232,,on,-72,,30 minute NILM iron session
2026-06-03T18:29:57.089801+00:00,2026-06-04 00:29:57,Anllia,plug_1,Tapo P110,P110,iron,262d5eb8,multi_cycle,1.0,0.0,244.245,0.0,0.201,0.232,,on,-71,,30 minute NILM iron session
2026-06-03T18:29:58.402445+00:00,2026-06-04 00:29:58,Anllia,plug_1,Tapo P110,P110,iron,262d5eb8,multi_cycle,1.0,0.0,244.245,0.0,0.201,0.232,,on,-72,,30 minute NILM iron session
2026-06-03T18:30:01.779733+00:00,2026-06-04 00:30:01,Anllia,plug_1,Tapo P110,P110,iron,262d5eb8,multi_cycle,1.0,0.0,244.245,0.0,0.201,0.232,,on,-71,,30 minute NILM iron session
2026-06-03T18:30:03.059256+00:00,2026-06-04 00:30:03,Anllia,plug_1,Tapo P110,P110,iron,262d5eb8,multi_cycle,1.0,0.0,244.245,0.0,0.0,0.232,,on,-71,,30 minute NILM iron session
2026-06-03T18:30:04.448020+00:00,2026-06-04 00:30:04,Anllia,plug_1,Tapo P110,P110,iron,262d5eb8,multi_cycle,1.0,0.0,244.245,0.0,0.0,0.232,,on,-72,,30 minute NILM iron session
2026-06-03T18:30:05.772505+00:00,2026-06-04 00:30:05,Anllia,plug_1,Tapo P110,P110,iron,262d5eb8,multi_cycle,1.0,0.0,244.245,0.0,0.0,0.232,,on,-72,,30 minute NILM iron session
2026-06-03T18:30:07.221344+00:00,2026-06-04 00:30:07,Anllia,plug_1,Tapo P110,P110,iron,262d5eb8,multi_cycle,1.0,0.0,244.121,0.0,0.0,0.232,,on,-72,,30 minute NILM iron session
2026-06-03T18:30:08.488545+00:00,2026-06-04 00:30:08,Anllia,plug_1,Tapo P110,P110,iron,262d5eb8,multi_cycle,1.0,0.0,244.121,0.0,0.0,0.232,,on,-72,,30 minute NILM iron session
2026-06-03T18:30:09.810416+00:00,2026-06-04 00:30:09,Anllia,plug_1,Tapo P110,P110,iron,262d5eb8,multi_cycle,1.0,0.0,244.121,0.0,0.0,0.232,,on,-71,,30 minute NILM iron session
2026-06-03T18:30:11.174529+00:00,2026-06-04 00:30:11,Anllia,plug_1,Tapo P110,P110,iron,262d5eb8,multi_cycle,1.0,0.0,244.121,0.0,0.0,0.232,,on,-71,,30 minute NILM iron session
2026-06-03T18:30:12.524377+00:00,2026-06-04 00:30:12,Anllia,plug_1,Tapo P110,P110,iron,262d5eb8,multi_cycle,1.0,0.0,244.121,0.0,0.0,0.232,,on,-72,,30 minute NILM iron session
2026-06-03T18:30:13.806514+00:00,2026-06-04 00:30:13,Anllia,plug_1,Tapo P110,P110,iron,262d5eb8,multi_cycle,1.0,0.0,244.121,0.0,0.0,0.232,,on,-71,,30 minute NILM iron session
2026-06-03T18:30:15.072850+00:00,2026-06-04 00:30:15,Anllia,plug_1,Tapo P110,P110,iron,262d5eb8,multi_cycle,1.0,0.0,244.121,0.0,0.0,0.232,,on,-71,,30 minute NILM iron session
2026-06-03T18:30:16.313389+00:00,2026-06-04 00:30:16,Anllia,plug_1,Tapo P110,P110,iron,262d5eb8,multi_cycle,1.0,0.0,244.121,0.0,0.0,0.232,,on,-71,,30 minute NILM iron session
2026-06-03T18:30:17.674297+00:00,2026-06-04 00:30:17,Anllia,plug_1,Tapo P110,P110,iron,262d5eb8,multi_cycle,1.0,0.0,244.121,0.0,0.0,0.232,,on,-72,,30 minute NILM iron session
2026-06-03T18:30:19.026571+00:00,2026-06-04 00:30:19,Anllia,plug_1,Tapo P110,P110,iron,262d5eb8,multi_cycle,1.0,0.0,244.121,0.0,0.0,0.232,,on,-72,,30 minute NILM iron session
2026-06-03T18:30:20.401157+00:00,2026-06-04 00:30:20,Anllia,plug_1,Tapo P110,P110,iron,262d5eb8,multi_cycle,1.0,0.0,244.121,0.0,0.0,0.232,,on,-71,,30 minute NILM iron session
2026-06-03T18:30:21.705237+00:00,2026-06-04 00:30:21,Anllia,plug_1,Tapo P110,P110,iron,262d5eb8,multi_cycle,1.0,0.0,244.04,0.0,0.0,0.232,,on,-71,,30 minute NILM iron session
2026-06-03T18:30:23.063112+00:00,2026-06-04 00:30:23,Anllia,plug_1,Tapo P110,P110,iron,262d5eb8,multi_cycle,1.0,0.0,244.04,0.0,0.0,0.232,,on,-73,,30 minute NILM iron session
2026-06-03T18:30:25.109241+00:00,2026-06-04 00:30:25,Anllia,plug_1,Tapo P110,P110,iron,262d5eb8,multi_cycle,1.0,0.0,244.04,0.0,0.0,0.232,,on,-71,,30 minute NILM iron session
2026-06-03T18:30:26.379644+00:00,2026-06-04 00:30:26,Anllia,plug_1,Tapo P110,P110,iron,262d5eb8,multi_cycle,1.0,0.0,244.04,0.0,0.0,0.232,,on,-71,,30 minute NILM iron session
2026-06-03T18:30:27.640277+00:00,2026-06-04 00:30:27,Anllia,plug_1,Tapo P110,P110,iron,262d5eb8,multi_cycle,1.0,0.0,244.04,0.0,0.0,0.232,,on,-73,,30 minute NILM iron session
2026-06-03T18:30:28.952402+00:00,2026-06-04 00:30:28,Anllia,plug_1,Tapo P110,P110,iron,262d5eb8,multi_cycle,1.0,0.0,244.04,0.0,0.0,0.232,,on,-72,,30 minute NILM iron session
2026-06-03T18:30:30.222037+00:00,2026-06-04 00:30:30,Anllia,plug_1,Tapo P110,P110,iron,262d5eb8,multi_cycle,1.0,0.0,244.04,0.0,0.0,0.232,,on,-72,,30 minute NILM iron session
2026-06-03T18:30:31.590754+00:00,2026-06-04 00:30:31,Anllia,plug_1,Tapo P110,P110,iron,262d5eb8,multi_cycle,1.0,0.0,244.04,0.0,0.0,0.232,,on,-72,,30 minute NILM iron session
2026-06-03T18:30:32.986713+00:00,2026-06-04 00:30:32,Anllia,plug_1,Tapo P110,P110,iron,262d5eb8,multi_cycle,1.0,0.0,244.04,0.0,0.0,0.232,,on,-73,,30 minute NILM iron session
2026-06-03T18:30:34.304194+00:00,2026-06-04 00:30:34,Anllia,plug_1,Tapo P110,P110,iron,262d5eb8,multi_cycle,1.0,0.0,244.04,0.0,0.0,0.232,,on,-72,,30 minute NILM iron session
2026-06-03T18:30:35.600385+00:00,2026-06-04 00:30:35,Anllia,plug_1,Tapo P110,P110,iron,262d5eb8,multi_cycle,1.0,0.0,244.195,0.0,0.0,0.232,,on,-72,,30 minute NILM iron session
2026-06-03T18:30:36.945947+00:00,2026-06-04 00:30:36,Anllia,plug_1,Tapo P110,P110,iron,262d5eb8,multi_cycle,1.0,0.0,244.195,0.0,0.0,0.232,,on,-72,,30 minute NILM iron session
2026-06-03T18:30:38.343899+00:00,2026-06-04 00:30:38,Anllia,plug_1,Tapo P110,P110,iron,262d5eb8,multi_cycle,1.0,0.0,244.195,0.0,0.0,0.232,,on,-72,,30 minute NILM iron session
2026-06-03T18:30:40.018012+00:00,2026-06-04 00:30:40,Anllia,plug_1,Tapo P110,P110,iron,262d5eb8,multi_cycle,1.0,0.0,244.195,0.0,0.0,0.232,,on,-71,,30 minute NILM iron session
2026-06-03T18:30:41.395015+00:00,2026-06-04 00:30:41,Anllia,plug_1,Tapo P110,P110,iron,262d5eb8,multi_cycle,1.0,0.0,244.195,0.0,0.0,0.232,,on,-71,,30 minute NILM iron session
2026-06-03T18:30:42.738752+00:00,2026-06-04 00:30:42,Anllia,plug_1,Tapo P110,P110,iron,262d5eb8,multi_cycle,1.0,0.0,244.195,0.0,0.0,0.232,,on,-71,,30 minute NILM iron session
2026-06-03T18:30:44.103303+00:00,2026-06-04 00:30:44,Anllia,plug_1,Tapo P110,P110,iron,262d5eb8,multi_cycle,1.0,0.0,244.195,0.0,0.0,0.232,,on,-71,,30 minute NILM iron session
2026-06-03T18:30:45.453438+00:00,2026-06-04 00:30:45,Anllia,plug_1,Tapo P110,P110,iron,262d5eb8,multi_cycle,1.0,0.0,244.195,0.0,0.0,0.232,,on,-72,,30 minute NILM iron session
2026-06-03T18:30:46.742538+00:00,2026-06-04 00:30:46,Anllia,plug_1,Tapo P110,P110,iron,262d5eb8,multi_cycle,1.0,0.0,244.195,0.0,0.0,0.232,,on,-72,,30 minute NILM iron session
2026-06-03T18:30:48.054418+00:00,2026-06-04 00:30:48,Anllia,plug_1,Tapo P110,P110,iron,262d5eb8,multi_cycle,1.0,0.0,244.195,0.0,0.0,0.232,,on,-72,,30 minute NILM iron session
2026-06-03T18:30:49.296935+00:00,2026-06-04 00:30:49,Anllia,plug_1,Tapo P110,P110,iron,262d5eb8,multi_cycle,1.0,0.0,244.117,0.0,0.0,0.232,,on,-71,,30 minute NILM iron session
2026-06-03T18:30:50.778127+00:00,2026-06-04 00:30:50,Anllia,plug_1,Tapo P110,P110,iron,262d5eb8,multi_cycle,1.0,1372.028,244.117,5.824,0.001,0.233,,on,-72,,30 minute NILM iron session
2026-06-03T18:30:52.167852+00:00,2026-06-04 00:30:52,Anllia,plug_1,Tapo P110,P110,iron,262d5eb8,multi_cycle,1.0,1415.403,236.686,5.824,0.001,0.233,,on,-72,,30 minute NILM iron session
2026-06-03T18:30:53.429379+00:00,2026-06-04 00:30:53,Anllia,plug_1,Tapo P110,P110,iron,262d5eb8,multi_cycle,1.0,1410.879,236.686,5.952,0.002,0.234,,on,-72,,30 minute NILM iron session
2026-06-03T18:30:54.924645+00:00,2026-06-04 00:30:54,Anllia,plug_1,Tapo P110,P110,iron,262d5eb8,multi_cycle,1.0,1410.879,237.027,5.952,0.002,0.235,,on,-71,,30 minute NILM iron session
2026-06-03T18:30:56.186745+00:00,2026-06-04 00:30:56,Anllia,plug_1,Tapo P110,P110,iron,262d5eb8,multi_cycle,1.0,1411.284,237.027,5.939,0.003,0.235,,on,-72,,30 minute NILM iron session
2026-06-03T18:30:57.439346+00:00,2026-06-04 00:30:57,Anllia,plug_1,Tapo P110,P110,iron,262d5eb8,multi_cycle,1.0,1409.89,237.027,5.939,0.003,0.236,,on,-71,,30 minute NILM iron session
2026-06-03T18:30:58.877529+00:00,2026-06-04 00:30:58,Anllia,plug_1,Tapo P110,P110,iron,262d5eb8,multi_cycle,1.0,1407.009,236.95,5.939,0.004,0.236,,on,-71,,30 minute NILM iron session
2026-06-03T18:31:00.188377+00:00,2026-06-04 00:31:00,Anllia,plug_1,Tapo P110,P110,iron,262d5eb8,multi_cycle,1.0,1403.603,236.95,5.921,0.004,0.237,,on,-71,,30 minute NILM iron session
2026-06-03T18:31:01.469923+00:00,2026-06-04 00:31:01,Anllia,plug_1,Tapo P110,P110,iron,262d5eb8,multi_cycle,1.0,1403.349,236.849,5.921,0.005,0.237,,on,-72,,30 minute NILM iron session
2026-06-03T18:31:02.903068+00:00,2026-06-04 00:31:02,Anllia,plug_1,Tapo P110,P110,iron,262d5eb8,multi_cycle,1.0,1403.349,236.849,0.0,0.005,0.237,,on,-72,,30 minute NILM iron session
2026-06-03T18:31:04.229427+00:00,2026-06-04 00:31:04,Anllia,plug_1,Tapo P110,P110,iron,262d5eb8,multi_cycle,1.0,1403.349,236.849,0.0,0.005,0.237,,on,-72,,30 minute NILM iron session
2026-06-03T18:31:05.486103+00:00,2026-06-04 00:31:05,Anllia,plug_1,Tapo P110,P110,iron,262d5eb8,multi_cycle,1.0,0.0,244.243,0.0,0.005,0.237,,on,-72,,30 minute NILM iron session
2026-06-03T18:31:06.741699+00:00,2026-06-04 00:31:06,Anllia,plug_1,Tapo P110,P110,iron,262d5eb8,multi_cycle,1.0,0.0,244.243,0.0,0.005,0.237,,on,-72,,30 minute NILM iron session
2026-06-03T18:31:08.017043+00:00,2026-06-04 00:31:08,Anllia,plug_1,Tapo P110,P110,iron,262d5eb8,multi_cycle,1.0,0.0,244.243,0.0,0.005,0.237,,on,-72,,30 minute NILM iron session
2026-06-03T18:31:09.304213+00:00,2026-06-04 00:31:09,Anllia,plug_1,Tapo P110,P110,iron,262d5eb8,multi_cycle,1.0,0.0,244.243,0.0,0.005,0.237,,on,-72,,30 minute NILM iron session
2026-06-03T18:31:10.590940+00:00,2026-06-04 00:31:10,Anllia,plug_1,Tapo P110,P110,iron,262d5eb8,multi_cycle,1.0,0.0,244.243,0.0,0.005,0.237,,on,-72,,30 minute NILM iron session
2026-06-03T18:31:11.880719+00:00,2026-06-04 00:31:11,Anllia,plug_1,Tapo P110,P110,iron,262d5eb8,multi_cycle,1.0,0.0,244.243,0.0,0.005,0.237,,on,-71,,30 minute NILM iron session
2026-06-03T18:31:13.134280+00:00,2026-06-04 00:31:13,Anllia,plug_1,Tapo P110,P110,iron,262d5eb8,multi_cycle,1.0,0.0,244.243,0.0,0.005,0.237,,on,-71,,30 minute NILM iron session
2026-06-03T18:31:14.397453+00:00,2026-06-04 00:31:14,Anllia,plug_1,Tapo P110,P110,iron,262d5eb8,multi_cycle,1.0,0.0,244.243,0.0,0.005,0.237,,on,-71,,30 minute NILM iron session
2026-06-03T18:31:15.664701+00:00,2026-06-04 00:31:15,Anllia,plug_1,Tapo P110,P110,iron,262d5eb8,multi_cycle,1.0,0.0,244.243,0.0,0.005,0.237,,on,-71,,30 minute NILM iron session
2026-06-03T18:31:16.918944+00:00,2026-06-04 00:31:16,Anllia,plug_1,Tapo P110,P110,iron,262d5eb8,multi_cycle,1.0,0.0,244.243,0.0,0.005,0.237,,on,-72,,30 minute NILM iron session
2026-06-03T18:31:18.268104+00:00,2026-06-04 00:31:18,Anllia,plug_1,Tapo P110,P110,iron,262d5eb8,multi_cycle,1.0,0.0,244.243,0.0,0.005,0.237,,on,-72,,30 minute NILM iron session
2026-06-03T18:31:19.537606+00:00,2026-06-04 00:31:19,Anllia,plug_1,Tapo P110,P110,iron,262d5eb8,multi_cycle,1.0,0.0,244.428,0.0,0.005,0.237,,on,-72,,30 minute NILM iron session
2026-06-03T18:31:20.813352+00:00,2026-06-04 00:31:20,Anllia,plug_1,Tapo P110,P110,iron,262d5eb8,multi_cycle,1.0,0.0,244.428,0.0,0.005,0.237,,on,-71,,30 minute NILM iron session
2026-06-03T18:31:22.167099+00:00,2026-06-04 00:31:22,Anllia,plug_1,Tapo P110,P110,iron,262d5eb8,multi_cycle,1.0,0.0,244.428,0.0,0.005,0.237,,on,-72,,30 minute NILM iron session
2026-06-03T18:31:23.449937+00:00,2026-06-04 00:31:23,Anllia,plug_1,Tapo P110,P110,iron,262d5eb8,multi_cycle,1.0,0.0,244.428,0.0,0.005,0.237,,on,-72,,30 minute NILM iron session
2026-06-03T18:31:24.703406+00:00,2026-06-04 00:31:24,Anllia,plug_1,Tapo P110,P110,iron,262d5eb8,multi_cycle,1.0,0.0,244.428,0.0,0.005,0.237,,on,-73,,30 minute NILM iron session
2026-06-03T18:31:25.997569+00:00,2026-06-04 00:31:25,Anllia,plug_1,Tapo P110,P110,iron,262d5eb8,multi_cycle,1.0,0.0,244.428,0.0,0.005,0.237,,on,-72,,30 minute NILM iron session
2026-06-03T18:31:27.270841+00:00,2026-06-04 00:31:27,Anllia,plug_1,Tapo P110,P110,iron,262d5eb8,multi_cycle,1.0,0.0,244.428,0.0,0.005,0.237,,on,-72,,30 minute NILM iron session
2026-06-03T18:31:28.530230+00:00,2026-06-04 00:31:28,Anllia,plug_1,Tapo P110,P110,iron,262d5eb8,multi_cycle,1.0,0.0,244.428,0.0,0.005,0.237,,on,-72,,30 minute NILM iron session
2026-06-03T18:31:29.773589+00:00,2026-06-04 00:31:29,Anllia,plug_1,Tapo P110,P110,iron,262d5eb8,multi_cycle,1.0,0.0,244.428,0.0,0.005,0.237,,on,-71,,30 minute NILM iron session
2026-06-03T18:31:31.134395+00:00,2026-06-04 00:31:31,Anllia,plug_1,Tapo P110,P110,iron,262d5eb8,multi_cycle,1.0,0.0,244.428,0.0,0.005,0.237,,on,-71,,30 minute NILM iron session
2026-06-03T18:31:32.499252+00:00,2026-06-04 00:31:32,Anllia,plug_1,Tapo P110,P110,iron,262d5eb8,multi_cycle,1.0,0.0,244.428,0.0,0.005,0.237,,on,-73,,30 minute NILM iron session
2026-06-03T18:31:33.766082+00:00,2026-06-04 00:31:33,Anllia,plug_1,Tapo P110,P110,iron,262d5eb8,multi_cycle,1.0,0.0,244.268,0.0,0.005,0.237,,on,-73,,30 minute NILM iron session
2026-06-03T18:31:35.026943+00:00,2026-06-04 00:31:35,Anllia,plug_1,Tapo P110,P110,iron,262d5eb8,multi_cycle,1.0,0.0,244.268,0.0,0.005,0.237,,on,-72,,30 minute NILM iron session
2026-06-03T18:31:36.287809+00:00,2026-06-04 00:31:36,Anllia,plug_1,Tapo P110,P110,iron,262d5eb8,multi_cycle,1.0,0.0,244.268,0.0,0.005,0.237,,on,-71,,30 minute NILM iron session
2026-06-03T18:31:37.599772+00:00,2026-06-04 00:31:37,Anllia,plug_1,Tapo P110,P110,iron,262d5eb8,multi_cycle,1.0,0.0,244.268,0.0,0.005,0.237,,on,-71,,30 minute NILM iron session
2026-06-03T18:31:38.854476+00:00,2026-06-04 00:31:38,Anllia,plug_1,Tapo P110,P110,iron,262d5eb8,multi_cycle,1.0,0.0,244.268,0.0,0.005,0.237,,on,-72,,30 minute NILM iron session
2026-06-03T18:31:40.314671+00:00,2026-06-04 00:31:40,Anllia,plug_1,Tapo P110,P110,iron,262d5eb8,multi_cycle,1.0,0.0,244.268,0.0,0.005,0.237,,on,-73,,30 minute NILM iron session
2026-06-03T18:31:41.577796+00:00,2026-06-04 00:31:41,Anllia,plug_1,Tapo P110,P110,iron,262d5eb8,multi_cycle,1.0,0.0,244.268,0.0,0.005,0.237,,on,-73,,30 minute NILM iron session
2026-06-03T18:31:42.801790+00:00,2026-06-04 00:31:42,Anllia,plug_1,Tapo P110,P110,iron,262d5eb8,multi_cycle,1.0,0.0,244.268,0.0,0.005,0.237,,on,-72,,30 minute NILM iron session
2026-06-03T18:31:44.096261+00:00,2026-06-04 00:31:44,Anllia,plug_1,Tapo P110,P110,iron,262d5eb8,multi_cycle,1.0,0.0,244.268,0.0,0.005,0.237,,on,-72,,30 minute NILM iron session
2026-06-03T18:31:45.577412+00:00,2026-06-04 00:31:45,Anllia,plug_1,Tapo P110,P110,iron,262d5eb8,multi_cycle,1.0,0.0,244.268,0.0,0.005,0.237,,on,-72,,30 minute NILM iron session
2026-06-03T18:31:46.936488+00:00,2026-06-04 00:31:46,Anllia,plug_1,Tapo P110,P110,iron,262d5eb8,multi_cycle,1.0,0.0,244.268,0.0,0.005,0.237,,on,-72,,30 minute NILM iron session
2026-06-03T18:31:48.206354+00:00,2026-06-04 00:31:48,Anllia,plug_1,Tapo P110,P110,iron,262d5eb8,multi_cycle,1.0,0.0,244.26,0.0,0.005,0.237,,on,-71,,30 minute NILM iron session
2026-06-03T18:31:49.475935+00:00,2026-06-04 00:31:49,Anllia,plug_1,Tapo P110,P110,iron,262d5eb8,multi_cycle,1.0,0.0,244.26,0.0,0.005,0.237,,on,-72,,30 minute NILM iron session
2026-06-03T18:31:50.765764+00:00,2026-06-04 00:31:50,Anllia,plug_1,Tapo P110,P110,iron,262d5eb8,multi_cycle,1.0,0.0,244.26,0.0,0.005,0.237,,on,-71,,30 minute NILM iron session
2026-06-03T18:31:52.160798+00:00,2026-06-04 00:31:52,Anllia,plug_1,Tapo P110,P110,iron,262d5eb8,multi_cycle,1.0,0.0,244.26,0.0,0.005,0.237,,on,-72,,30 minute NILM iron session
2026-06-03T18:31:53.431417+00:00,2026-06-04 00:31:53,Anllia,plug_1,Tapo P110,P110,iron,262d5eb8,multi_cycle,1.0,0.0,244.26,0.0,0.005,0.237,,on,-72,,30 minute NILM iron session
2026-06-03T18:31:54.880219+00:00,2026-06-04 00:31:54,Anllia,plug_1,Tapo P110,P110,iron,262d5eb8,multi_cycle,1.0,0.0,244.26,0.0,0.005,0.237,,on,-71,,30 minute NILM iron session
2026-06-03T18:31:56.140064+00:00,2026-06-04 00:31:56,Anllia,plug_1,Tapo P110,P110,iron,262d5eb8,multi_cycle,1.0,0.0,244.26,0.0,0.005,0.237,,on,-72,,30 minute NILM iron session
2026-06-03T18:31:57.395329+00:00,2026-06-04 00:31:57,Anllia,plug_1,Tapo P110,P110,iron,262d5eb8,multi_cycle,1.0,0.0,244.26,0.0,0.005,0.237,,on,-71,,30 minute NILM iron session
2026-06-03T18:31:58.695123+00:00,2026-06-04 00:31:58,Anllia,plug_1,Tapo P110,P110,iron,262d5eb8,multi_cycle,1.0,0.0,244.26,0.0,0.005,0.237,,on,-72,,30 minute NILM iron session
2026-06-03T18:32:00.337670+00:00,2026-06-04 00:32:00,Anllia,plug_1,Tapo P110,P110,iron,262d5eb8,multi_cycle,1.0,0.0,244.26,0.0,0.005,0.237,,on,-72,,30 minute NILM iron session
2026-06-03T18:32:01.704286+00:00,2026-06-04 00:32:01,Anllia,plug_1,Tapo P110,P110,iron,262d5eb8,multi_cycle,1.0,0.0,244.318,0.0,0.005,0.237,,on,-72,,30 minute NILM iron session
2026-06-03T18:32:02.970360+00:00,2026-06-04 00:32:02,Anllia,plug_1,Tapo P110,P110,iron,262d5eb8,multi_cycle,1.0,0.0,244.318,0.0,0.005,0.237,,on,-73,,30 minute NILM iron session
2026-06-03T18:32:04.336070+00:00,2026-06-04 00:32:04,Anllia,plug_1,Tapo P110,P110,iron,262d5eb8,multi_cycle,1.0,0.0,244.318,0.0,0.005,0.237,,on,-71,,30 minute NILM iron session
2026-06-03T18:32:05.602185+00:00,2026-06-04 00:32:05,Anllia,plug_1,Tapo P110,P110,iron,262d5eb8,multi_cycle,1.0,0.0,244.318,0.0,0.005,0.237,,on,-71,,30 minute NILM iron session
2026-06-03T18:32:06.845173+00:00,2026-06-04 00:32:06,Anllia,plug_1,Tapo P110,P110,iron,262d5eb8,multi_cycle,1.0,0.0,244.318,0.0,0.005,0.237,,on,-72,,30 minute NILM iron session
2026-06-03T18:32:08.092507+00:00,2026-06-04 00:32:08,Anllia,plug_1,Tapo P110,P110,iron,262d5eb8,multi_cycle,1.0,0.0,244.318,0.0,0.005,0.237,,on,-71,,30 minute NILM iron session
2026-06-03T18:32:09.520888+00:00,2026-06-04 00:32:09,Anllia,plug_1,Tapo P110,P110,iron,262d5eb8,multi_cycle,1.0,0.0,244.318,0.0,0.005,0.237,,on,-72,,30 minute NILM iron session
2026-06-03T18:32:11.001528+00:00,2026-06-04 00:32:11,Anllia,plug_1,Tapo P110,P110,iron,262d5eb8,multi_cycle,1.0,0.0,244.318,0.0,0.005,0.237,,on,-72,,30 minute NILM iron session
2026-06-03T18:32:12.275990+00:00,2026-06-04 00:32:12,Anllia,plug_1,Tapo P110,P110,iron,262d5eb8,multi_cycle,1.0,0.0,244.318,0.0,0.005,0.237,,on,-72,,30 minute NILM iron session
2026-06-03T18:32:13.548946+00:00,2026-06-04 00:32:13,Anllia,plug_1,Tapo P110,P110,iron,262d5eb8,multi_cycle,1.0,0.0,244.318,0.0,0.005,0.237,,on,-72,,30 minute NILM iron session
2026-06-03T18:32:14.819198+00:00,2026-06-04 00:32:14,Anllia,plug_1,Tapo P110,P110,iron,262d5eb8,multi_cycle,1.0,0.0,244.318,0.0,0.005,0.237,,on,-71,,30 minute NILM iron session
2026-06-03T18:32:16.095062+00:00,2026-06-04 00:32:16,Anllia,plug_1,Tapo P110,P110,iron,262d5eb8,multi_cycle,1.0,0.0,244.296,0.0,0.005,0.237,,on,-72,,30 minute NILM iron session
2026-06-03T18:32:17.352939+00:00,2026-06-04 00:32:17,Anllia,plug_1,Tapo P110,P110,iron,262d5eb8,multi_cycle,1.0,0.0,244.296,0.0,0.005,0.237,,on,-72,,30 minute NILM iron session
2026-06-03T18:32:18.692109+00:00,2026-06-04 00:32:18,Anllia,plug_1,Tapo P110,P110,iron,262d5eb8,multi_cycle,1.0,0.0,244.296,0.0,0.005,0.237,,on,-72,,30 minute NILM iron session
2026-06-03T18:32:20.132940+00:00,2026-06-04 00:32:20,Anllia,plug_1,Tapo P110,P110,iron,262d5eb8,multi_cycle,1.0,0.0,244.296,0.0,0.005,0.237,,on,-72,,30 minute NILM iron session
2026-06-03T18:32:21.448799+00:00,2026-06-04 00:32:21,Anllia,plug_1,Tapo P110,P110,iron,262d5eb8,multi_cycle,1.0,0.0,244.296,0.0,0.005,0.237,,on,-72,,30 minute NILM iron session
2026-06-03T18:32:22.717985+00:00,2026-06-04 00:32:22,Anllia,plug_1,Tapo P110,P110,iron,262d5eb8,multi_cycle,1.0,0.0,244.296,0.0,0.005,0.237,,on,-72,,30 minute NILM iron session
2026-06-03T18:32:24.990265+00:00,2026-06-04 00:32:24,Anllia,plug_1,Tapo P110,P110,iron,262d5eb8,multi_cycle,1.0,0.0,244.296,0.0,0.005,0.237,,on,-72,,30 minute NILM iron session
2026-06-03T18:32:26.236595+00:00,2026-06-04 00:32:26,Anllia,plug_1,Tapo P110,P110,iron,262d5eb8,multi_cycle,1.0,0.0,244.296,0.0,0.005,0.237,,on,-72,,30 minute NILM iron session
