timestamp_utc,timestamp_local,team_member,plug_id,plug_alias,plug_model,appliance,session_id,mode,sample_interval_sec,power_w,voltage_v,current_a,energy_today_kwh,energy_this_month_kwh,energy_total_kwh,state,rssi,signal_level,notes
2026-06-11T08:50:45.134651+00:00,2026-06-11 14:20:45,Anllia,plug_1,Tapo P110,P110,fridge,a7c73018,multi_cycle,1.0,1.899,240.853,0.018,0.002,0.234,,on,-64,,2 hour NILM fridge session
2026-06-11T08:50:46.395263+00:00,2026-06-11 14:20:46,Anllia,plug_1,Tapo P110,P110,fridge,a7c73018,multi_cycle,1.0,2.02,240.853,0.02,0.002,0.234,,on,-64,,2 hour NILM fridge session
2026-06-11T08:50:47.649121+00:00,2026-06-11 14:20:47,Anllia,plug_1,Tapo P110,P110,fridge,a7c73018,multi_cycle,1.0,1.87,240.956,0.02,0.002,0.234,,on,-65,,2 hour NILM fridge session
2026-06-11T08:50:48.915573+00:00,2026-06-11 14:20:48,Anllia,plug_1,Tapo P110,P110,fridge,a7c73018,multi_cycle,1.0,1.87,240.956,0.019,0.002,0.234,,on,-65,,2 hour NILM fridge session
2026-06-11T08:50:50.348957+00:00,2026-06-11 14:20:50,Anllia,plug_1,Tapo P110,P110,fridge,a7c73018,multi_cycle,1.0,1.955,240.956,0.019,0.002,0.234,,on,-64,,2 hour NILM fridge session
2026-06-11T08:50:51.597352+00:00,2026-06-11 14:20:51,Anllia,plug_1,Tapo P110,P110,fridge,a7c73018,multi_cycle,1.0,1.934,240.872,0.019,0.002,0.234,,on,-64,,2 hour NILM fridge session
2026-06-11T08:50:52.946998+00:00,2026-06-11 14:20:52,Anllia,plug_1,Tapo P110,P110,fridge,a7c73018,multi_cycle,1.0,1.934,240.872,0.018,0.002,0.234,,on,-65,,2 hour NILM fridge session
2026-06-11T08:50:54.248721+00:00,2026-06-11 14:20:54,Anllia,plug_1,Tapo P110,P110,fridge,a7c73018,multi_cycle,1.0,1.868,240.767,0.018,0.002,0.234,,on,-64,,2 hour NILM fridge session
2026-06-11T08:50:55.580961+00:00,2026-06-11 14:20:55,Anllia,plug_1,Tapo P110,P110,fridge,a7c73018,multi_cycle,1.0,1.931,240.767,0.018,0.002,0.234,,on,-64,,2 hour NILM fridge session
2026-06-11T08:50:56.932391+00:00,2026-06-11 14:20:56,Anllia,plug_1,Tapo P110,P110,fridge,a7c73018,multi_cycle,1.0,1.931,240.518,0.018,0.002,0.234,,on,-65,,2 hour NILM fridge session
2026-06-11T08:50:58.412537+00:00,2026-06-11 14:20:58,Anllia,plug_1,Tapo P110,P110,fridge,a7c73018,multi_cycle,1.0,1.886,240.518,0.018,0.002,0.234,,on,-64,,2 hour NILM fridge session
2026-06-11T08:50:59.681328+00:00,2026-06-11 14:20:59,Anllia,plug_1,Tapo P110,P110,fridge,a7c73018,multi_cycle,1.0,2.038,240.665,0.018,0.002,0.234,,on,-64,,2 hour NILM fridge session
2026-06-11T08:51:01.010496+00:00,2026-06-11 14:21:01,Anllia,plug_1,Tapo P110,P110,fridge,a7c73018,multi_cycle,1.0,2.038,240.665,0.018,0.002,0.234,,on,-64,,2 hour NILM fridge session
2026-06-11T08:51:02.487440+00:00,2026-06-11 14:21:02,Anllia,plug_1,Tapo P110,P110,fridge,a7c73018,multi_cycle,1.0,1.954,240.821,0.018,0.002,0.234,,on,-64,,2 hour NILM fridge session
2026-06-11T08:51:03.753848+00:00,2026-06-11 14:21:03,Anllia,plug_1,Tapo P110,P110,fridge,a7c73018,multi_cycle,1.0,2.025,240.821,0.018,0.002,0.234,,on,-64,,2 hour NILM fridge session
2026-06-11T08:51:05.046994+00:00,2026-06-11 14:21:05,Anllia,plug_1,Tapo P110,P110,fridge,a7c73018,multi_cycle,1.0,2.025,240.821,0.02,0.002,0.234,,on,-65,,2 hour NILM fridge session
2026-06-11T08:51:06.602094+00:00,2026-06-11 14:21:06,Anllia,plug_1,Tapo P110,P110,fridge,a7c73018,multi_cycle,1.0,1.937,241.197,0.02,0.002,0.234,,on,-64,,2 hour NILM fridge session
2026-06-11T08:51:07.916541+00:00,2026-06-11 14:21:07,Anllia,plug_1,Tapo P110,P110,fridge,a7c73018,multi_cycle,1.0,1.911,241.197,0.019,0.002,0.234,,on,-65,,2 hour NILM fridge session
2026-06-11T08:51:09.193392+00:00,2026-06-11 14:21:09,Anllia,plug_1,Tapo P110,P110,fridge,a7c73018,multi_cycle,1.0,1.911,241.123,0.019,0.002,0.234,,on,-64,,2 hour NILM fridge session
2026-06-11T08:51:10.658214+00:00,2026-06-11 14:21:10,Anllia,plug_1,Tapo P110,P110,fridge,a7c73018,multi_cycle,1.0,1.941,241.123,0.018,0.002,0.234,,on,-64,,2 hour NILM fridge session
2026-06-11T08:51:11.946235+00:00,2026-06-11 14:21:11,Anllia,plug_1,Tapo P110,P110,fridge,a7c73018,multi_cycle,1.0,1.863,241.056,0.018,0.002,0.234,,on,-64,,2 hour NILM fridge session
2026-06-11T08:51:13.377402+00:00,2026-06-11 14:21:13,Anllia,plug_1,Tapo P110,P110,fridge,a7c73018,multi_cycle,1.0,1.863,241.056,0.018,0.002,0.234,,on,-64,,2 hour NILM fridge session
2026-06-11T08:51:14.631375+00:00,2026-06-11 14:21:14,Anllia,plug_1,Tapo P110,P110,fridge,a7c73018,multi_cycle,1.0,1.968,241.056,0.021,0.002,0.234,,on,-64,,2 hour NILM fridge session
2026-06-11T08:51:15.976490+00:00,2026-06-11 14:21:15,Anllia,plug_1,Tapo P110,P110,fridge,a7c73018,multi_cycle,1.0,1.921,240.985,0.021,0.002,0.234,,on,-64,,2 hour NILM fridge session
2026-06-11T08:51:17.243541+00:00,2026-06-11 14:21:17,Anllia,plug_1,Tapo P110,P110,fridge,a7c73018,multi_cycle,1.0,1.921,240.985,0.02,0.002,0.234,,on,-64,,2 hour NILM fridge session
2026-06-11T08:51:18.500437+00:00,2026-06-11 14:21:18,Anllia,plug_1,Tapo P110,P110,fridge,a7c73018,multi_cycle,1.0,2.014,240.927,0.02,0.002,0.234,,on,-64,,2 hour NILM fridge session
2026-06-11T08:51:19.795695+00:00,2026-06-11 14:21:19,Anllia,plug_1,Tapo P110,P110,fridge,a7c73018,multi_cycle,1.0,1.908,240.927,0.018,0.002,0.234,,on,-64,,2 hour NILM fridge session
2026-06-11T08:51:21.080071+00:00,2026-06-11 14:21:21,Anllia,plug_1,Tapo P110,P110,fridge,a7c73018,multi_cycle,1.0,1.908,241.058,0.018,0.002,0.234,,on,-64,,2 hour NILM fridge session
2026-06-11T08:51:22.392148+00:00,2026-06-11 14:21:22,Anllia,plug_1,Tapo P110,P110,fridge,a7c73018,multi_cycle,1.0,1.983,241.058,0.018,0.002,0.234,,on,-64,,2 hour NILM fridge session
2026-06-11T08:51:23.954899+00:00,2026-06-11 14:21:23,Anllia,plug_1,Tapo P110,P110,fridge,a7c73018,multi_cycle,1.0,1.809,241.058,0.02,0.002,0.234,,on,-64,,2 hour NILM fridge session
2026-06-11T08:51:25.222072+00:00,2026-06-11 14:21:25,Anllia,plug_1,Tapo P110,P110,fridge,a7c73018,multi_cycle,1.0,1.876,240.768,0.02,0.002,0.234,,on,-64,,2 hour NILM fridge session
2026-06-11T08:51:26.513591+00:00,2026-06-11 14:21:26,Anllia,plug_1,Tapo P110,P110,fridge,a7c73018,multi_cycle,1.0,1.876,240.768,0.02,0.002,0.234,,on,-64,,2 hour NILM fridge session
2026-06-11T08:51:27.821437+00:00,2026-06-11 14:21:27,Anllia,plug_1,Tapo P110,P110,fridge,a7c73018,multi_cycle,1.0,1.932,240.642,0.02,0.002,0.234,,on,-64,,2 hour NILM fridge session
2026-06-11T08:51:29.089498+00:00,2026-06-11 14:21:29,Anllia,plug_1,Tapo P110,P110,fridge,a7c73018,multi_cycle,1.0,1.874,240.642,0.018,0.002,0.234,,on,-64,,2 hour NILM fridge session
2026-06-11T08:51:30.409449+00:00,2026-06-11 14:21:30,Anllia,plug_1,Tapo P110,P110,fridge,a7c73018,multi_cycle,1.0,1.95,240.783,0.018,0.002,0.234,,on,-64,,2 hour NILM fridge session
2026-06-11T08:51:31.860269+00:00,2026-06-11 14:21:31,Anllia,plug_1,Tapo P110,P110,fridge,a7c73018,multi_cycle,1.0,1.95,240.783,0.018,0.002,0.234,,on,-64,,2 hour NILM fridge session
2026-06-11T08:51:33.321218+00:00,2026-06-11 14:21:33,Anllia,plug_1,Tapo P110,P110,fridge,a7c73018,multi_cycle,1.0,1.838,240.783,0.021,0.002,0.234,,on,-64,,2 hour NILM fridge session
2026-06-11T08:51:34.658160+00:00,2026-06-11 14:21:34,Anllia,plug_1,Tapo P110,P110,fridge,a7c73018,multi_cycle,1.0,2.065,240.772,0.021,0.002,0.234,,on,-64,,2 hour NILM fridge session
2026-06-11T08:51:36.009594+00:00,2026-06-11 14:21:36,Anllia,plug_1,Tapo P110,P110,fridge,a7c73018,multi_cycle,1.0,2.065,240.772,0.02,0.002,0.234,,on,-64,,2 hour NILM fridge session
2026-06-11T08:51:37.400777+00:00,2026-06-11 14:21:37,Anllia,plug_1,Tapo P110,P110,fridge,a7c73018,multi_cycle,1.0,2.016,240.537,0.02,0.002,0.234,,on,-64,,2 hour NILM fridge session
2026-06-11T08:51:38.734885+00:00,2026-06-11 14:21:38,Anllia,plug_1,Tapo P110,P110,fridge,a7c73018,multi_cycle,1.0,1.851,240.537,0.019,0.002,0.234,,on,-64,,2 hour NILM fridge session
2026-06-11T08:51:40.120981+00:00,2026-06-11 14:21:40,Anllia,plug_1,Tapo P110,P110,fridge,a7c73018,multi_cycle,1.0,1.851,240.732,0.019,0.002,0.234,,on,-65,,2 hour NILM fridge session
2026-06-11T08:51:42.621059+00:00,2026-06-11 14:21:42,Anllia,plug_1,Tapo P110,P110,fridge,a7c73018,multi_cycle,1.0,2.006,240.732,0.019,0.002,0.234,,on,-68,,2 hour NILM fridge session
2026-06-11T08:51:43.997316+00:00,2026-06-11 14:21:43,Anllia,plug_1,Tapo P110,P110,fridge,a7c73018,multi_cycle,1.0,2.031,241.051,0.019,0.002,0.234,,on,-69,,2 hour NILM fridge session
2026-06-11T08:51:45.376162+00:00,2026-06-11 14:21:45,Anllia,plug_1,Tapo P110,P110,fridge,a7c73018,multi_cycle,1.0,2.031,241.051,0.02,0.002,0.234,,on,-66,,2 hour NILM fridge session
2026-06-11T08:51:46.638720+00:00,2026-06-11 14:21:46,Anllia,plug_1,Tapo P110,P110,fridge,a7c73018,multi_cycle,1.0,1.98,240.904,0.02,0.002,0.234,,on,-64,,2 hour NILM fridge session
2026-06-11T08:51:51.964371+00:00,2026-06-11 14:21:51,Anllia,plug_1,Tapo P110,P110,fridge,a7c73018,multi_cycle,1.0,1.891,240.904,0.019,0.002,0.234,,on,-65,,2 hour NILM fridge session
2026-06-11T08:51:53.367111+00:00,2026-06-11 14:21:53,Anllia,plug_1,Tapo P110,P110,fridge,a7c73018,multi_cycle,1.0,1.934,240.169,0.02,0.002,0.234,,on,-67,,2 hour NILM fridge session
2026-06-11T08:51:54.759587+00:00,2026-06-11 14:21:54,Anllia,plug_1,Tapo P110,P110,fridge,a7c73018,multi_cycle,1.0,2.068,240.169,0.021,0.002,0.234,,on,-67,,2 hour NILM fridge session
2026-06-11T08:51:56.170525+00:00,2026-06-11 14:21:56,Anllia,plug_1,Tapo P110,P110,fridge,a7c73018,multi_cycle,1.0,1.835,240.274,0.021,0.002,0.234,,on,-66,,2 hour NILM fridge session
2026-06-11T08:51:57.654207+00:00,2026-06-11 14:21:57,Anllia,plug_1,Tapo P110,P110,fridge,a7c73018,multi_cycle,1.0,1.835,240.274,0.018,0.002,0.234,,on,-66,,2 hour NILM fridge session
2026-06-11T08:51:59.055823+00:00,2026-06-11 14:21:59,Anllia,plug_1,Tapo P110,P110,fridge,a7c73018,multi_cycle,1.0,1.943,239.735,0.018,0.002,0.234,,on,-66,,2 hour NILM fridge session
2026-06-11T08:52:00.406303+00:00,2026-06-11 14:22:00,Anllia,plug_1,Tapo P110,P110,fridge,a7c73018,multi_cycle,1.0,2.125,239.735,0.019,0.002,0.234,,on,-68,,2 hour NILM fridge session
2026-06-11T08:52:01.685752+00:00,2026-06-11 14:22:01,Anllia,plug_1,Tapo P110,P110,fridge,a7c73018,multi_cycle,1.0,1.797,241.192,0.019,0.002,0.234,,on,-68,,2 hour NILM fridge session
2026-06-11T08:52:02.924967+00:00,2026-06-11 14:22:02,Anllia,plug_1,Tapo P110,P110,fridge,a7c73018,multi_cycle,1.0,1.797,241.192,0.024,0.002,0.234,,on,-63,,2 hour NILM fridge session
2026-06-11T08:52:04.235874+00:00,2026-06-11 14:22:04,Anllia,plug_1,Tapo P110,P110,fridge,a7c73018,multi_cycle,1.0,2.02,240.515,0.024,0.002,0.234,,on,-68,,2 hour NILM fridge session
2026-06-11T08:52:05.493840+00:00,2026-06-11 14:22:05,Anllia,plug_1,Tapo P110,P110,fridge,a7c73018,multi_cycle,1.0,2.191,240.515,0.024,0.002,0.234,,on,-65,,2 hour NILM fridge session
2026-06-11T08:52:06.873287+00:00,2026-06-11 14:22:06,Anllia,plug_1,Tapo P110,P110,fridge,a7c73018,multi_cycle,1.0,2.191,240.515,0.019,0.002,0.234,,on,-64,,2 hour NILM fridge session
2026-06-11T08:52:08.143743+00:00,2026-06-11 14:22:08,Anllia,plug_1,Tapo P110,P110,fridge,a7c73018,multi_cycle,1.0,2.024,240.576,0.019,0.002,0.234,,on,-64,,2 hour NILM fridge session
2026-06-11T08:52:09.536066+00:00,2026-06-11 14:22:09,Anllia,plug_1,Tapo P110,P110,fridge,a7c73018,multi_cycle,1.0,2.344,240.576,0.019,0.002,0.234,,on,-66,,2 hour NILM fridge session
2026-06-11T08:52:10.921082+00:00,2026-06-11 14:22:10,Anllia,plug_1,Tapo P110,P110,fridge,a7c73018,multi_cycle,1.0,2.179,241.307,0.019,0.002,0.234,,on,-66,,2 hour NILM fridge session
2026-06-11T08:52:12.254405+00:00,2026-06-11 14:22:12,Anllia,plug_1,Tapo P110,P110,fridge,a7c73018,multi_cycle,1.0,2.179,241.307,0.025,0.002,0.234,,on,-64,,2 hour NILM fridge session
2026-06-11T08:52:13.622896+00:00,2026-06-11 14:22:13,Anllia,plug_1,Tapo P110,P110,fridge,a7c73018,multi_cycle,1.0,2.296,241.307,0.025,0.002,0.234,,on,-63,,2 hour NILM fridge session
2026-06-11T08:52:15.015098+00:00,2026-06-11 14:22:15,Anllia,plug_1,Tapo P110,P110,fridge,a7c73018,multi_cycle,1.0,2.129,239.716,0.025,0.002,0.234,,on,-68,,2 hour NILM fridge session
2026-06-11T08:52:16.413707+00:00,2026-06-11 14:22:16,Anllia,plug_1,Tapo P110,P110,fridge,a7c73018,multi_cycle,1.0,2.025,239.716,0.02,0.002,0.234,,on,-67,,2 hour NILM fridge session
2026-06-11T08:52:17.729821+00:00,2026-06-11 14:22:17,Anllia,plug_1,Tapo P110,P110,fridge,a7c73018,multi_cycle,1.0,2.025,241.013,0.02,0.002,0.234,,on,-64,,2 hour NILM fridge session
2026-06-11T08:52:19.243707+00:00,2026-06-11 14:22:19,Anllia,plug_1,Tapo P110,P110,fridge,a7c73018,multi_cycle,1.0,1.896,241.013,0.019,0.002,0.234,,on,-65,,2 hour NILM fridge session
2026-06-11T08:52:20.608283+00:00,2026-06-11 14:22:20,Anllia,plug_1,Tapo P110,P110,fridge,a7c73018,multi_cycle,1.0,1.865,241.59,0.019,0.002,0.234,,on,-65,,2 hour NILM fridge session
2026-06-11T08:52:21.873583+00:00,2026-06-11 14:22:21,Anllia,plug_1,Tapo P110,P110,fridge,a7c73018,multi_cycle,1.0,1.82,241.59,0.019,0.002,0.234,,on,-65,,2 hour NILM fridge session
2026-06-11T08:52:23.228041+00:00,2026-06-11 14:22:23,Anllia,plug_1,Tapo P110,P110,fridge,a7c73018,multi_cycle,1.0,1.82,241.208,0.019,0.002,0.234,,on,-65,,2 hour NILM fridge session
2026-06-11T08:52:26.963257+00:00,2026-06-11 14:22:26,Anllia,plug_1,Tapo P110,P110,fridge,a7c73018,multi_cycle,1.0,1.864,241.208,0.019,0.002,0.234,,on,-64,,2 hour NILM fridge session
2026-06-11T08:52:28.343052+00:00,2026-06-11 14:22:28,Anllia,plug_1,Tapo P110,P110,fridge,a7c73018,multi_cycle,1.0,1.893,241.25,0.018,0.002,0.234,,on,-64,,2 hour NILM fridge session
2026-06-11T08:52:29.610380+00:00,2026-06-11 14:22:29,Anllia,plug_1,Tapo P110,P110,fridge,a7c73018,multi_cycle,1.0,1.866,240.877,0.018,0.002,0.234,,on,-64,,2 hour NILM fridge session
2026-06-11T08:52:30.861156+00:00,2026-06-11 14:22:30,Anllia,plug_1,Tapo P110,P110,fridge,a7c73018,multi_cycle,1.0,2.021,240.877,0.02,0.002,0.234,,on,-64,,2 hour NILM fridge session
2026-06-11T08:52:32.209820+00:00,2026-06-11 14:22:32,Anllia,plug_1,Tapo P110,P110,fridge,a7c73018,multi_cycle,1.0,2.021,241.323,0.02,0.002,0.234,,on,-64,,2 hour NILM fridge session
2026-06-11T08:52:33.486014+00:00,2026-06-11 14:22:33,Anllia,plug_1,Tapo P110,P110,fridge,a7c73018,multi_cycle,1.0,1.907,241.323,0.019,0.002,0.234,,on,-64,,2 hour NILM fridge session
2026-06-11T08:52:34.841156+00:00,2026-06-11 14:22:34,Anllia,plug_1,Tapo P110,P110,fridge,a7c73018,multi_cycle,1.0,1.907,240.597,0.019,0.002,0.234,,on,-64,,2 hour NILM fridge session
2026-06-11T08:52:37.740317+00:00,2026-06-11 14:22:37,Anllia,plug_1,Tapo P110,P110,fridge,a7c73018,multi_cycle,1.0,1.887,240.597,0.019,0.002,0.234,,on,-64,,2 hour NILM fridge session
2026-06-11T08:52:39.107829+00:00,2026-06-11 14:22:39,Anllia,plug_1,Tapo P110,P110,fridge,a7c73018,multi_cycle,1.0,1.957,240.733,0.019,0.002,0.234,,on,-64,,2 hour NILM fridge session
2026-06-11T08:52:40.438432+00:00,2026-06-11 14:22:40,Anllia,plug_1,Tapo P110,P110,fridge,a7c73018,multi_cycle,1.0,1.957,240.733,0.02,0.002,0.234,,on,-65,,2 hour NILM fridge session
2026-06-11T08:52:41.708407+00:00,2026-06-11 14:22:41,Anllia,plug_1,Tapo P110,P110,fridge,a7c73018,multi_cycle,1.0,1.811,240.645,0.02,0.002,0.234,,on,-64,,2 hour NILM fridge session
2026-06-11T08:52:43.022015+00:00,2026-06-11 14:22:43,Anllia,plug_1,Tapo P110,P110,fridge,a7c73018,multi_cycle,1.0,2.206,240.645,0.02,0.002,0.234,,on,-64,,2 hour NILM fridge session
2026-06-11T08:52:44.308093+00:00,2026-06-11 14:22:44,Anllia,plug_1,Tapo P110,P110,fridge,a7c73018,multi_cycle,1.0,2.206,241.241,0.02,0.002,0.234,,on,-65,,2 hour NILM fridge session
2026-06-11T08:52:45.649885+00:00,2026-06-11 14:22:45,Anllia,plug_1,Tapo P110,P110,fridge,a7c73018,multi_cycle,1.0,1.756,241.241,0.02,0.002,0.234,,on,-66,,2 hour NILM fridge session
2026-06-11T08:52:46.967740+00:00,2026-06-11 14:22:46,Anllia,plug_1,Tapo P110,P110,fridge,a7c73018,multi_cycle,1.0,1.86,240.72,0.02,0.002,0.234,,on,-64,,2 hour NILM fridge session
2026-06-11T08:52:48.214519+00:00,2026-06-11 14:22:48,Anllia,plug_1,Tapo P110,P110,fridge,a7c73018,multi_cycle,1.0,1.86,240.72,0.02,0.002,0.234,,on,-70,,2 hour NILM fridge session
2026-06-11T08:52:49.487038+00:00,2026-06-11 14:22:49,Anllia,plug_1,Tapo P110,P110,fridge,a7c73018,multi_cycle,1.0,1.81,240.72,0.019,0.002,0.234,,on,-68,,2 hour NILM fridge session
2026-06-11T08:52:50.828661+00:00,2026-06-11 14:22:50,Anllia,plug_1,Tapo P110,P110,fridge,a7c73018,multi_cycle,1.0,1.81,240.204,0.019,0.002,0.234,,on,-68,,2 hour NILM fridge session
2026-06-11T08:52:52.075330+00:00,2026-06-11 14:22:52,Anllia,plug_1,Tapo P110,P110,fridge,a7c73018,multi_cycle,1.0,1.878,240.204,0.019,0.002,0.234,,on,-66,,2 hour NILM fridge session
2026-06-11T08:52:53.324736+00:00,2026-06-11 14:22:53,Anllia,plug_1,Tapo P110,P110,fridge,a7c73018,multi_cycle,1.0,1.878,240.544,0.019,0.002,0.234,,on,-69,,2 hour NILM fridge session
2026-06-11T08:52:54.597104+00:00,2026-06-11 14:22:54,Anllia,plug_1,Tapo P110,P110,fridge,a7c73018,multi_cycle,1.0,1.912,240.544,0.019,0.002,0.234,,on,-70,,2 hour NILM fridge session
2026-06-11T08:52:55.934833+00:00,2026-06-11 14:22:55,Anllia,plug_1,Tapo P110,P110,fridge,a7c73018,multi_cycle,1.0,2.124,241.293,0.019,0.002,0.234,,on,-70,,2 hour NILM fridge session
2026-06-11T08:52:57.230306+00:00,2026-06-11 14:22:57,Anllia,plug_1,Tapo P110,P110,fridge,a7c73018,multi_cycle,1.0,2.034,241.293,0.019,0.002,0.234,,on,-66,,2 hour NILM fridge session
2026-06-11T08:52:58.504708+00:00,2026-06-11 14:22:58,Anllia,plug_1,Tapo P110,P110,fridge,a7c73018,multi_cycle,1.0,2.034,241.293,0.02,0.002,0.234,,on,-63,,2 hour NILM fridge session
2026-06-11T08:52:59.851214+00:00,2026-06-11 14:22:59,Anllia,plug_1,Tapo P110,P110,fridge,a7c73018,multi_cycle,1.0,1.792,241.146,0.02,0.002,0.234,,on,-64,,2 hour NILM fridge session
2026-06-11T08:53:01.122524+00:00,2026-06-11 14:23:01,Anllia,plug_1,Tapo P110,P110,fridge,a7c73018,multi_cycle,1.0,1.952,241.146,0.02,0.002,0.234,,on,-66,,2 hour NILM fridge session
2026-06-11T08:53:02.438971+00:00,2026-06-11 14:23:02,Anllia,plug_1,Tapo P110,P110,fridge,a7c73018,multi_cycle,1.0,1.952,241.19,0.02,0.002,0.234,,on,-64,,2 hour NILM fridge session
2026-06-11T08:53:03.837664+00:00,2026-06-11 14:23:03,Anllia,plug_1,Tapo P110,P110,fridge,a7c73018,multi_cycle,1.0,1.971,241.19,0.018,0.002,0.234,,on,-64,,2 hour NILM fridge session
2026-06-11T08:53:05.152015+00:00,2026-06-11 14:23:05,Anllia,plug_1,Tapo P110,P110,fridge,a7c73018,multi_cycle,1.0,2.016,241.409,0.018,0.002,0.234,,on,-64,,2 hour NILM fridge session
2026-06-11T08:53:06.529127+00:00,2026-06-11 14:23:06,Anllia,plug_1,Tapo P110,P110,fridge,a7c73018,multi_cycle,1.0,2.016,241.409,0.018,0.002,0.234,,on,-63,,2 hour NILM fridge session
2026-06-11T08:53:07.833964+00:00,2026-06-11 14:23:07,Anllia,plug_1,Tapo P110,P110,fridge,a7c73018,multi_cycle,1.0,2.071,241.409,0.019,0.002,0.234,,on,-64,,2 hour NILM fridge session
2026-06-11T08:53:09.155146+00:00,2026-06-11 14:23:09,Anllia,plug_1,Tapo P110,P110,fridge,a7c73018,multi_cycle,1.0,1.887,241.194,0.019,0.002,0.234,,on,-64,,2 hour NILM fridge session
2026-06-11T08:53:10.421420+00:00,2026-06-11 14:23:10,Anllia,plug_1,Tapo P110,P110,fridge,a7c73018,multi_cycle,1.0,1.887,241.194,0.02,0.002,0.234,,on,-64,,2 hour NILM fridge session
2026-06-11T08:53:11.786556+00:00,2026-06-11 14:23:11,Anllia,plug_1,Tapo P110,P110,fridge,a7c73018,multi_cycle,1.0,1.929,241.115,0.02,0.002,0.234,,on,-64,,2 hour NILM fridge session
2026-06-11T08:53:13.154551+00:00,2026-06-11 14:23:13,Anllia,plug_1,Tapo P110,P110,fridge,a7c73018,multi_cycle,1.0,1.981,241.115,0.019,0.002,0.234,,on,-64,,2 hour NILM fridge session
2026-06-11T08:53:14.451580+00:00,2026-06-11 14:23:14,Anllia,plug_1,Tapo P110,P110,fridge,a7c73018,multi_cycle,1.0,1.981,241.242,0.019,0.002,0.234,,on,-64,,2 hour NILM fridge session
2026-06-11T08:53:15.735031+00:00,2026-06-11 14:23:15,Anllia,plug_1,Tapo P110,P110,fridge,a7c73018,multi_cycle,1.0,1.931,241.242,0.019,0.002,0.234,,on,-64,,2 hour NILM fridge session
2026-06-11T08:53:17.051162+00:00,2026-06-11 14:23:17,Anllia,plug_1,Tapo P110,P110,fridge,a7c73018,multi_cycle,1.0,1.907,241.242,0.019,0.002,0.234,,on,-65,,2 hour NILM fridge session
2026-06-11T08:53:18.306959+00:00,2026-06-11 14:23:18,Anllia,plug_1,Tapo P110,P110,fridge,a7c73018,multi_cycle,1.0,1.907,241.265,0.019,0.002,0.234,,on,-64,,2 hour NILM fridge session
2026-06-11T08:53:19.605481+00:00,2026-06-11 14:23:19,Anllia,plug_1,Tapo P110,P110,fridge,a7c73018,multi_cycle,1.0,2.038,241.265,0.021,0.002,0.234,,on,-65,,2 hour NILM fridge session
2026-06-11T08:53:20.878190+00:00,2026-06-11 14:23:20,Anllia,plug_1,Tapo P110,P110,fridge,a7c73018,multi_cycle,1.0,1.919,241.612,0.021,0.002,0.234,,on,-65,,2 hour NILM fridge session
2026-06-11T08:53:22.233752+00:00,2026-06-11 14:23:22,Anllia,plug_1,Tapo P110,P110,fridge,a7c73018,multi_cycle,1.0,1.902,241.612,0.019,0.002,0.234,,on,-65,,2 hour NILM fridge session
2026-06-11T08:53:23.521575+00:00,2026-06-11 14:23:23,Anllia,plug_1,Tapo P110,P110,fridge,a7c73018,multi_cycle,1.0,1.902,241.299,0.019,0.002,0.234,,on,-65,,2 hour NILM fridge session
2026-06-11T08:53:24.778643+00:00,2026-06-11 14:23:24,Anllia,plug_1,Tapo P110,P110,fridge,a7c73018,multi_cycle,1.0,1.938,241.299,0.019,0.002,0.234,,on,-65,,2 hour NILM fridge session
2026-06-11T08:53:26.132150+00:00,2026-06-11 14:23:26,Anllia,plug_1,Tapo P110,P110,fridge,a7c73018,multi_cycle,1.0,1.889,241.299,0.019,0.002,0.234,,on,-65,,2 hour NILM fridge session
2026-06-11T08:53:27.424502+00:00,2026-06-11 14:23:27,Anllia,plug_1,Tapo P110,P110,fridge,a7c73018,multi_cycle,1.0,1.889,241.258,0.019,0.002,0.234,,on,-64,,2 hour NILM fridge session
2026-06-11T08:53:31.156679+00:00,2026-06-11 14:23:31,Anllia,plug_1,Tapo P110,P110,fridge,a7c73018,multi_cycle,1.0,1.983,241.374,0.02,0.002,0.234,,on,-65,,2 hour NILM fridge session
2026-06-11T08:53:32.475949+00:00,2026-06-11 14:23:32,Anllia,plug_1,Tapo P110,P110,fridge,a7c73018,multi_cycle,1.0,1.95,241.567,0.02,0.002,0.234,,on,-65,,2 hour NILM fridge session
2026-06-11T08:53:33.741687+00:00,2026-06-11 14:23:33,Anllia,plug_1,Tapo P110,P110,fridge,a7c73018,multi_cycle,1.0,1.867,241.567,0.02,0.002,0.234,,on,-64,,2 hour NILM fridge session
2026-06-11T08:53:35.018394+00:00,2026-06-11 14:23:35,Anllia,plug_1,Tapo P110,P110,fridge,a7c73018,multi_cycle,1.0,1.819,241.567,0.018,0.002,0.234,,on,-65,,2 hour NILM fridge session
2026-06-11T08:53:36.268648+00:00,2026-06-11 14:23:36,Anllia,plug_1,Tapo P110,P110,fridge,a7c73018,multi_cycle,1.0,1.819,240.455,0.018,0.002,0.234,,on,-64,,2 hour NILM fridge session
2026-06-11T08:53:37.516113+00:00,2026-06-11 14:23:37,Anllia,plug_1,Tapo P110,P110,fridge,a7c73018,multi_cycle,1.0,1.828,240.455,0.018,0.002,0.234,,on,-64,,2 hour NILM fridge session
2026-06-11T08:53:38.806477+00:00,2026-06-11 14:23:38,Anllia,plug_1,Tapo P110,P110,fridge,a7c73018,multi_cycle,1.0,1.828,240.455,0.02,0.002,0.234,,on,-65,,2 hour NILM fridge session
2026-06-11T08:53:40.096684+00:00,2026-06-11 14:23:40,Anllia,plug_1,Tapo P110,P110,fridge,a7c73018,multi_cycle,1.0,1.72,240.42,0.02,0.002,0.234,,on,-65,,2 hour NILM fridge session
2026-06-11T08:53:42.695908+00:00,2026-06-11 14:23:42,Anllia,plug_1,Tapo P110,P110,fridge,a7c73018,multi_cycle,1.0,1.961,240.442,0.02,0.002,0.234,,on,-64,,2 hour NILM fridge session
2026-06-11T08:53:44.197393+00:00,2026-06-11 14:23:44,Anllia,plug_1,Tapo P110,P110,fridge,a7c73018,multi_cycle,1.0,1.959,240.442,0.02,0.002,0.234,,on,-65,,2 hour NILM fridge session
2026-06-11T08:53:45.452118+00:00,2026-06-11 14:23:45,Anllia,plug_1,Tapo P110,P110,fridge,a7c73018,multi_cycle,1.0,2.137,240.442,0.018,0.002,0.234,,on,-64,,2 hour NILM fridge session
2026-06-11T08:53:46.830463+00:00,2026-06-11 14:23:46,Anllia,plug_1,Tapo P110,P110,fridge,a7c73018,multi_cycle,1.0,2.137,240.741,0.018,0.002,0.234,,on,-64,,2 hour NILM fridge session
2026-06-11T08:53:48.310355+00:00,2026-06-11 14:23:48,Anllia,plug_1,Tapo P110,P110,fridge,a7c73018,multi_cycle,1.0,1.912,240.741,0.021,0.002,0.234,,on,-65,,2 hour NILM fridge session
2026-06-11T08:53:49.635502+00:00,2026-06-11 14:23:49,Anllia,plug_1,Tapo P110,P110,fridge,a7c73018,multi_cycle,1.0,1.893,241.393,0.021,0.002,0.234,,on,-64,,2 hour NILM fridge session
2026-06-11T08:53:50.879983+00:00,2026-06-11 14:23:50,Anllia,plug_1,Tapo P110,P110,fridge,a7c73018,multi_cycle,1.0,2.279,241.393,0.023,0.002,0.234,,on,-64,,2 hour NILM fridge session
2026-06-11T08:53:52.178709+00:00,2026-06-11 14:23:52,Anllia,plug_1,Tapo P110,P110,fridge,a7c73018,multi_cycle,1.0,2.279,240.001,0.023,0.002,0.234,,on,-64,,2 hour NILM fridge session
2026-06-11T08:53:53.443712+00:00,2026-06-11 14:23:53,Anllia,plug_1,Tapo P110,P110,fridge,a7c73018,multi_cycle,1.0,1.866,240.001,0.023,0.002,0.234,,on,-64,,2 hour NILM fridge session
2026-06-11T08:53:54.690064+00:00,2026-06-11 14:23:54,Anllia,plug_1,Tapo P110,P110,fridge,a7c73018,multi_cycle,1.0,1.934,240.001,0.022,0.002,0.234,,on,-64,,2 hour NILM fridge session
2026-06-11T08:53:55.976200+00:00,2026-06-11 14:23:55,Anllia,plug_1,Tapo P110,P110,fridge,a7c73018,multi_cycle,1.0,1.934,240.157,0.022,0.002,0.234,,on,-65,,2 hour NILM fridge session
2026-06-11T08:53:57.231960+00:00,2026-06-11 14:23:57,Anllia,plug_1,Tapo P110,P110,fridge,a7c73018,multi_cycle,1.0,1.537,240.157,0.018,0.002,0.234,,on,-64,,2 hour NILM fridge session
2026-06-11T08:53:58.513164+00:00,2026-06-11 14:23:58,Anllia,plug_1,Tapo P110,P110,fridge,a7c73018,multi_cycle,1.0,1.947,240.157,0.018,0.002,0.234,,on,-64,,2 hour NILM fridge session
2026-06-11T08:53:59.926560+00:00,2026-06-11 14:23:59,Anllia,plug_1,Tapo P110,P110,fridge,a7c73018,multi_cycle,1.0,1.993,240.525,0.018,0.002,0.234,,on,-64,,2 hour NILM fridge session
2026-06-11T08:54:01.258953+00:00,2026-06-11 14:24:01,Anllia,plug_1,Tapo P110,P110,fridge,a7c73018,multi_cycle,1.0,1.993,240.525,0.019,0.002,0.234,,on,-64,,2 hour NILM fridge session
2026-06-11T08:54:02.505614+00:00,2026-06-11 14:24:02,Anllia,plug_1,Tapo P110,P110,fridge,a7c73018,multi_cycle,1.0,2.021,240.718,0.019,0.002,0.234,,on,-65,,2 hour NILM fridge session
2026-06-11T08:54:03.900053+00:00,2026-06-11 14:24:03,Anllia,plug_1,Tapo P110,P110,fridge,a7c73018,multi_cycle,1.0,1.416,240.718,0.016,0.002,0.234,,on,-64,,2 hour NILM fridge session
2026-06-11T08:54:05.182442+00:00,2026-06-11 14:24:05,Anllia,plug_1,Tapo P110,P110,fridge,a7c73018,multi_cycle,1.0,1.416,239.387,0.016,0.002,0.234,,on,-64,,2 hour NILM fridge session
2026-06-11T08:54:06.502382+00:00,2026-06-11 14:24:06,Anllia,plug_1,Tapo P110,P110,fridge,a7c73018,multi_cycle,1.0,1.806,239.387,0.016,0.002,0.234,,on,-65,,2 hour NILM fridge session
2026-06-11T08:54:07.790844+00:00,2026-06-11 14:24:07,Anllia,plug_1,Tapo P110,P110,fridge,a7c73018,multi_cycle,1.0,1.914,239.387,0.019,0.002,0.234,,on,-64,,2 hour NILM fridge session
2026-06-11T08:54:09.135313+00:00,2026-06-11 14:24:09,Anllia,plug_1,Tapo P110,P110,fridge,a7c73018,multi_cycle,1.0,1.814,240.956,0.019,0.002,0.234,,on,-65,,2 hour NILM fridge session
2026-06-11T08:54:10.422412+00:00,2026-06-11 14:24:10,Anllia,plug_1,Tapo P110,P110,fridge,a7c73018,multi_cycle,1.0,1.814,240.956,0.022,0.002,0.234,,on,-64,,2 hour NILM fridge session
2026-06-11T08:54:11.713615+00:00,2026-06-11 14:24:11,Anllia,plug_1,Tapo P110,P110,fridge,a7c73018,multi_cycle,1.0,1.772,239.529,0.022,0.002,0.234,,on,-64,,2 hour NILM fridge session
2026-06-11T08:54:15.491565+00:00,2026-06-11 14:24:15,Anllia,plug_1,Tapo P110,P110,fridge,a7c73018,multi_cycle,1.0,1.772,239.529,0.022,0.002,0.234,,on,-64,,2 hour NILM fridge session
2026-06-11T08:54:17.135993+00:00,2026-06-11 14:24:17,Anllia,plug_1,Tapo P110,P110,fridge,a7c73018,multi_cycle,1.0,1.945,239.887,0.019,0.002,0.234,,on,-64,,2 hour NILM fridge session
2026-06-11T08:54:18.452441+00:00,2026-06-11 14:24:18,Anllia,plug_1,Tapo P110,P110,fridge,a7c73018,multi_cycle,1.0,1.949,239.79,0.019,0.002,0.234,,on,-64,,2 hour NILM fridge session
2026-06-11T08:54:19.725695+00:00,2026-06-11 14:24:19,Anllia,plug_1,Tapo P110,P110,fridge,a7c73018,multi_cycle,1.0,1.949,239.79,0.021,0.002,0.234,,on,-64,,2 hour NILM fridge session
2026-06-11T08:54:21.011853+00:00,2026-06-11 14:24:21,Anllia,plug_1,Tapo P110,P110,fridge,a7c73018,multi_cycle,1.0,1.786,240.038,0.021,0.002,0.234,,on,-64,,2 hour NILM fridge session
2026-06-11T08:54:22.318628+00:00,2026-06-11 14:24:22,Anllia,plug_1,Tapo P110,P110,fridge,a7c73018,multi_cycle,1.0,1.786,240.038,0.021,0.002,0.234,,on,-64,,2 hour NILM fridge session
2026-06-11T08:54:23.585383+00:00,2026-06-11 14:24:23,Anllia,plug_1,Tapo P110,P110,fridge,a7c73018,multi_cycle,1.0,1.863,240.038,0.018,0.002,0.234,,on,-65,,2 hour NILM fridge session
2026-06-11T08:54:25.033839+00:00,2026-06-11 14:24:25,Anllia,plug_1,Tapo P110,P110,fridge,a7c73018,multi_cycle,1.0,1.863,240.128,0.018,0.002,0.234,,on,-64,,2 hour NILM fridge session
2026-06-11T08:54:26.385739+00:00,2026-06-11 14:24:26,Anllia,plug_1,Tapo P110,P110,fridge,a7c73018,multi_cycle,1.0,1.871,240.128,0.019,0.002,0.234,,on,-64,,2 hour NILM fridge session
2026-06-11T08:54:28.983936+00:00,2026-06-11 14:24:28,Anllia,plug_1,Tapo P110,P110,fridge,a7c73018,multi_cycle,1.0,1.903,239.65,0.019,0.002,0.234,,on,-64,,2 hour NILM fridge session
2026-06-11T08:54:31.575275+00:00,2026-06-11 14:24:31,Anllia,plug_1,Tapo P110,P110,fridge,a7c73018,multi_cycle,1.0,1.817,240.044,0.019,0.002,0.234,,on,-65,,2 hour NILM fridge session
2026-06-11T08:54:32.886611+00:00,2026-06-11 14:24:32,Anllia,plug_1,Tapo P110,P110,fridge,a7c73018,multi_cycle,1.0,1.838,240.044,0.018,0.002,0.234,,on,-66,,2 hour NILM fridge session
2026-06-11T08:54:34.168216+00:00,2026-06-11 14:24:34,Anllia,plug_1,Tapo P110,P110,fridge,a7c73018,multi_cycle,1.0,1.847,241.257,0.018,0.002,0.234,,on,-64,,2 hour NILM fridge session
2026-06-11T08:54:35.483610+00:00,2026-06-11 14:24:35,Anllia,plug_1,Tapo P110,P110,fridge,a7c73018,multi_cycle,1.0,1.847,241.257,0.018,0.002,0.234,,on,-64,,2 hour NILM fridge session
2026-06-11T08:54:36.816634+00:00,2026-06-11 14:24:36,Anllia,plug_1,Tapo P110,P110,fridge,a7c73018,multi_cycle,1.0,1.881,240.834,0.018,0.002,0.234,,on,-64,,2 hour NILM fridge session
2026-06-11T08:54:38.153305+00:00,2026-06-11 14:24:38,Anllia,plug_1,Tapo P110,P110,fridge,a7c73018,multi_cycle,1.0,1.881,240.834,0.018,0.002,0.234,,on,-65,,2 hour NILM fridge session
2026-06-11T08:54:39.477521+00:00,2026-06-11 14:24:39,Anllia,plug_1,Tapo P110,P110,fridge,a7c73018,multi_cycle,1.0,1.871,240.834,0.019,0.002,0.234,,on,-64,,2 hour NILM fridge session
2026-06-11T08:54:41.660321+00:00,2026-06-11 14:24:41,Anllia,plug_1,Tapo P110,P110,fridge,a7c73018,multi_cycle,1.0,1.891,240.753,0.018,0.002,0.234,,on,-64,,2 hour NILM fridge session
2026-06-11T08:54:43.007755+00:00,2026-06-11 14:24:43,Anllia,plug_1,Tapo P110,P110,fridge,a7c73018,multi_cycle,1.0,1.842,238.556,0.018,0.002,0.234,,on,-64,,2 hour NILM fridge session
2026-06-11T08:54:44.251888+00:00,2026-06-11 14:24:44,Anllia,plug_1,Tapo P110,P110,fridge,a7c73018,multi_cycle,1.0,1.99,238.556,0.018,0.002,0.234,,on,-65,,2 hour NILM fridge session
2026-06-11T08:54:45.601584+00:00,2026-06-11 14:24:45,Anllia,plug_1,Tapo P110,P110,fridge,a7c73018,multi_cycle,1.0,1.99,238.556,0.019,0.002,0.234,,on,-65,,2 hour NILM fridge session
2026-06-11T08:54:46.917395+00:00,2026-06-11 14:24:46,Anllia,plug_1,Tapo P110,P110,fridge,a7c73018,multi_cycle,1.0,1.888,240.334,0.019,0.002,0.234,,on,-64,,2 hour NILM fridge session
2026-06-11T08:54:48.207004+00:00,2026-06-11 14:24:48,Anllia,plug_1,Tapo P110,P110,fridge,a7c73018,multi_cycle,1.0,1.797,240.334,0.019,0.002,0.234,,on,-65,,2 hour NILM fridge session
2026-06-11T08:54:49.494156+00:00,2026-06-11 14:24:49,Anllia,plug_1,Tapo P110,P110,fridge,a7c73018,multi_cycle,1.0,1.797,239.746,0.019,0.002,0.234,,on,-65,,2 hour NILM fridge session
2026-06-11T08:54:50.739475+00:00,2026-06-11 14:24:50,Anllia,plug_1,Tapo P110,P110,fridge,a7c73018,multi_cycle,1.0,1.913,239.746,0.019,0.002,0.234,,on,-65,,2 hour NILM fridge session
2026-06-11T08:54:52.022808+00:00,2026-06-11 14:24:52,Anllia,plug_1,Tapo P110,P110,fridge,a7c73018,multi_cycle,1.0,1.909,239.746,0.019,0.002,0.234,,on,-64,,2 hour NILM fridge session
2026-06-11T08:54:53.360269+00:00,2026-06-11 14:24:53,Anllia,plug_1,Tapo P110,P110,fridge,a7c73018,multi_cycle,1.0,1.909,239.711,0.019,0.002,0.234,,on,-65,,2 hour NILM fridge session
2026-06-11T08:54:54.609969+00:00,2026-06-11 14:24:54,Anllia,plug_1,Tapo P110,P110,fridge,a7c73018,multi_cycle,1.0,1.983,239.711,0.022,0.002,0.234,,on,-64,,2 hour NILM fridge session
2026-06-11T08:54:55.963737+00:00,2026-06-11 14:24:55,Anllia,plug_1,Tapo P110,P110,fridge,a7c73018,multi_cycle,1.0,1.853,239.931,0.022,0.002,0.234,,on,-65,,2 hour NILM fridge session
2026-06-11T08:54:57.216683+00:00,2026-06-11 14:24:57,Anllia,plug_1,Tapo P110,P110,fridge,a7c73018,multi_cycle,1.0,1.853,239.931,0.02,0.002,0.234,,on,-65,,2 hour NILM fridge session
2026-06-11T08:54:58.593394+00:00,2026-06-11 14:24:58,Anllia,plug_1,Tapo P110,P110,fridge,a7c73018,multi_cycle,1.0,1.886,239.951,0.02,0.002,0.234,,on,-64,,2 hour NILM fridge session
2026-06-11T08:54:59.911296+00:00,2026-06-11 14:24:59,Anllia,plug_1,Tapo P110,P110,fridge,a7c73018,multi_cycle,1.0,1.681,239.951,0.02,0.002,0.234,,on,-64,,2 hour NILM fridge session
2026-06-11T08:55:01.178086+00:00,2026-06-11 14:25:01,Anllia,plug_1,Tapo P110,P110,fridge,a7c73018,multi_cycle,1.0,1.901,239.951,0.019,0.002,0.234,,on,-64,,2 hour NILM fridge session
2026-06-11T08:55:02.625170+00:00,2026-06-11 14:25:02,Anllia,plug_1,Tapo P110,P110,fridge,a7c73018,multi_cycle,1.0,1.901,239.814,0.019,0.002,0.234,,on,-64,,2 hour NILM fridge session
2026-06-11T08:55:03.957873+00:00,2026-06-11 14:25:03,Anllia,plug_1,Tapo P110,P110,fridge,a7c73018,multi_cycle,1.0,1.831,239.814,0.017,0.002,0.234,,on,-65,,2 hour NILM fridge session
2026-06-11T08:55:05.209843+00:00,2026-06-11 14:25:05,Anllia,plug_1,Tapo P110,P110,fridge,a7c73018,multi_cycle,1.0,1.876,239.622,0.017,0.002,0.234,,on,-64,,2 hour NILM fridge session
2026-06-11T08:55:06.499047+00:00,2026-06-11 14:25:06,Anllia,plug_1,Tapo P110,P110,fridge,a7c73018,multi_cycle,1.0,1.895,239.622,0.019,0.002,0.234,,on,-64,,2 hour NILM fridge session
2026-06-11T08:55:07.750214+00:00,2026-06-11 14:25:07,Anllia,plug_1,Tapo P110,P110,fridge,a7c73018,multi_cycle,1.0,1.895,239.622,0.019,0.002,0.234,,on,-64,,2 hour NILM fridge session
2026-06-11T08:55:10.135245+00:00,2026-06-11 14:25:10,Anllia,plug_1,Tapo P110,P110,fridge,a7c73018,multi_cycle,1.0,1.777,240.248,0.019,0.002,0.234,,on,-64,,2 hour NILM fridge session
2026-06-11T08:55:11.615737+00:00,2026-06-11 14:25:11,Anllia,plug_1,Tapo P110,P110,fridge,a7c73018,multi_cycle,1.0,1.759,239.66,0.019,0.002,0.234,,on,-64,,2 hour NILM fridge session
2026-06-11T08:55:12.887996+00:00,2026-06-11 14:25:12,Anllia,plug_1,Tapo P110,P110,fridge,a7c73018,multi_cycle,1.0,2.071,239.66,0.019,0.002,0.234,,on,-64,,2 hour NILM fridge session
2026-06-11T08:55:14.246535+00:00,2026-06-11 14:25:14,Anllia,plug_1,Tapo P110,P110,fridge,a7c73018,multi_cycle,1.0,1.619,239.888,0.019,0.002,0.234,,on,-64,,2 hour NILM fridge session
2026-06-11T08:55:15.511557+00:00,2026-06-11 14:25:15,Anllia,plug_1,Tapo P110,P110,fridge,a7c73018,multi_cycle,1.0,1.619,239.888,0.019,0.002,0.234,,on,-64,,2 hour NILM fridge session
2026-06-11T08:55:16.751401+00:00,2026-06-11 14:25:16,Anllia,plug_1,Tapo P110,P110,fridge,a7c73018,multi_cycle,1.0,1.888,239.888,0.019,0.002,0.234,,on,-64,,2 hour NILM fridge session
2026-06-11T08:55:18.120102+00:00,2026-06-11 14:25:18,Anllia,plug_1,Tapo P110,P110,fridge,a7c73018,multi_cycle,1.0,1.957,239.471,0.019,0.002,0.234,,on,-64,,2 hour NILM fridge session
2026-06-11T08:55:19.380823+00:00,2026-06-11 14:25:19,Anllia,plug_1,Tapo P110,P110,fridge,a7c73018,multi_cycle,1.0,1.957,239.471,0.019,0.002,0.234,,on,-65,,2 hour NILM fridge session
2026-06-11T08:55:20.635545+00:00,2026-06-11 14:25:20,Anllia,plug_1,Tapo P110,P110,fridge,a7c73018,multi_cycle,1.0,2.003,240.191,0.019,0.002,0.234,,on,-64,,2 hour NILM fridge session
2026-06-11T08:55:21.931230+00:00,2026-06-11 14:25:21,Anllia,plug_1,Tapo P110,P110,fridge,a7c73018,multi_cycle,1.0,2.003,240.191,0.02,0.002,0.234,,on,-64,,2 hour NILM fridge session
2026-06-11T08:55:23.171813+00:00,2026-06-11 14:25:23,Anllia,plug_1,Tapo P110,P110,fridge,a7c73018,multi_cycle,1.0,1.948,240.052,0.02,0.002,0.234,,on,-64,,2 hour NILM fridge session
2026-06-11T08:55:24.450090+00:00,2026-06-11 14:25:24,Anllia,plug_1,Tapo P110,P110,fridge,a7c73018,multi_cycle,1.0,1.928,240.052,0.018,0.002,0.234,,on,-65,,2 hour NILM fridge session
2026-06-11T08:55:25.796400+00:00,2026-06-11 14:25:25,Anllia,plug_1,Tapo P110,P110,fridge,a7c73018,multi_cycle,1.0,1.942,240.052,0.018,0.002,0.234,,on,-64,,2 hour NILM fridge session
2026-06-11T08:55:27.115590+00:00,2026-06-11 14:25:27,Anllia,plug_1,Tapo P110,P110,fridge,a7c73018,multi_cycle,1.0,1.942,240.447,0.018,0.002,0.234,,on,-65,,2 hour NILM fridge session
2026-06-11T08:55:28.357906+00:00,2026-06-11 14:25:28,Anllia,plug_1,Tapo P110,P110,fridge,a7c73018,multi_cycle,1.0,1.687,240.447,0.017,0.002,0.234,,on,-64,,2 hour NILM fridge session
2026-06-11T08:55:29.720476+00:00,2026-06-11 14:25:29,Anllia,plug_1,Tapo P110,P110,fridge,a7c73018,multi_cycle,1.0,1.91,239.321,0.017,0.002,0.234,,on,-64,,2 hour NILM fridge session
2026-06-11T08:55:32.073739+00:00,2026-06-11 14:25:32,Anllia,plug_1,Tapo P110,P110,fridge,a7c73018,multi_cycle,1.0,1.91,239.321,0.02,0.002,0.234,,on,-64,,2 hour NILM fridge session
2026-06-11T08:55:33.319637+00:00,2026-06-11 14:25:33,Anllia,plug_1,Tapo P110,P110,fridge,a7c73018,multi_cycle,1.0,2.069,239.779,0.02,0.002,0.234,,on,-65,,2 hour NILM fridge session
2026-06-11T08:55:34.566147+00:00,2026-06-11 14:25:34,Anllia,plug_1,Tapo P110,P110,fridge,a7c73018,multi_cycle,1.0,2.004,239.779,0.019,0.002,0.234,,on,-64,,2 hour NILM fridge session
2026-06-11T08:55:35.826151+00:00,2026-06-11 14:25:35,Anllia,plug_1,Tapo P110,P110,fridge,a7c73018,multi_cycle,1.0,1.865,239.816,0.019,0.002,0.234,,on,-64,,2 hour NILM fridge session
2026-06-11T08:55:37.098019+00:00,2026-06-11 14:25:37,Anllia,plug_1,Tapo P110,P110,fridge,a7c73018,multi_cycle,1.0,2.053,239.816,0.017,0.002,0.234,,on,-64,,2 hour NILM fridge session
2026-06-11T08:55:38.413104+00:00,2026-06-11 14:25:38,Anllia,plug_1,Tapo P110,P110,fridge,a7c73018,multi_cycle,1.0,2.053,239.816,0.017,0.002,0.234,,on,-64,,2 hour NILM fridge session
2026-06-11T08:55:39.652836+00:00,2026-06-11 14:25:39,Anllia,plug_1,Tapo P110,P110,fridge,a7c73018,multi_cycle,1.0,1.924,239.931,0.017,0.002,0.234,,on,-64,,2 hour NILM fridge session
2026-06-11T08:55:40.938947+00:00,2026-06-11 14:25:40,Anllia,plug_1,Tapo P110,P110,fridge,a7c73018,multi_cycle,1.0,1.924,239.931,0.019,0.002,0.234,,on,-64,,2 hour NILM fridge session
2026-06-11T08:55:42.272909+00:00,2026-06-11 14:25:42,Anllia,plug_1,Tapo P110,P110,fridge,a7c73018,multi_cycle,1.0,1.89,240.171,0.019,0.002,0.234,,on,-64,,2 hour NILM fridge session
2026-06-11T08:55:43.570610+00:00,2026-06-11 14:25:43,Anllia,plug_1,Tapo P110,P110,fridge,a7c73018,multi_cycle,1.0,1.997,240.171,0.02,0.002,0.234,,on,-65,,2 hour NILM fridge session
2026-06-11T08:55:44.925045+00:00,2026-06-11 14:25:44,Anllia,plug_1,Tapo P110,P110,fridge,a7c73018,multi_cycle,1.0,2.12,241.06,0.02,0.002,0.234,,on,-64,,2 hour NILM fridge session
2026-06-11T08:55:46.191013+00:00,2026-06-11 14:25:46,Anllia,plug_1,Tapo P110,P110,fridge,a7c73018,multi_cycle,1.0,2.12,241.06,0.017,0.002,0.234,,on,-64,,2 hour NILM fridge session
2026-06-11T08:55:47.523754+00:00,2026-06-11 14:25:47,Anllia,plug_1,Tapo P110,P110,fridge,a7c73018,multi_cycle,1.0,1.789,241.06,0.017,0.002,0.234,,on,-64,,2 hour NILM fridge session
2026-06-11T08:55:48.780734+00:00,2026-06-11 14:25:48,Anllia,plug_1,Tapo P110,P110,fridge,a7c73018,multi_cycle,1.0,1.822,239.456,0.017,0.002,0.234,,on,-64,,2 hour NILM fridge session
2026-06-11T08:55:50.140179+00:00,2026-06-11 14:25:50,Anllia,plug_1,Tapo P110,P110,fridge,a7c73018,multi_cycle,1.0,1.822,239.456,0.019,0.002,0.234,,on,-64,,2 hour NILM fridge session
2026-06-11T08:55:51.487427+00:00,2026-06-11 14:25:51,Anllia,plug_1,Tapo P110,P110,fridge,a7c73018,multi_cycle,1.0,1.91,239.482,0.019,0.002,0.234,,on,-64,,2 hour NILM fridge session
2026-06-11T08:55:52.852636+00:00,2026-06-11 14:25:52,Anllia,plug_1,Tapo P110,P110,fridge,a7c73018,multi_cycle,1.0,1.936,239.482,0.022,0.002,0.234,,on,-64,,2 hour NILM fridge session
2026-06-11T08:55:54.205005+00:00,2026-06-11 14:25:54,Anllia,plug_1,Tapo P110,P110,fridge,a7c73018,multi_cycle,1.0,1.936,239.836,0.022,0.002,0.234,,on,-64,,2 hour NILM fridge session
2026-06-11T08:55:55.490618+00:00,2026-06-11 14:25:55,Anllia,plug_1,Tapo P110,P110,fridge,a7c73018,multi_cycle,1.0,1.94,239.836,0.016,0.002,0.234,,on,-65,,2 hour NILM fridge session
2026-06-11T08:55:56.738110+00:00,2026-06-11 14:25:56,Anllia,plug_1,Tapo P110,P110,fridge,a7c73018,multi_cycle,1.0,1.94,239.841,0.016,0.002,0.234,,on,-64,,2 hour NILM fridge session
2026-06-11T08:55:58.149077+00:00,2026-06-11 14:25:58,Anllia,plug_1,Tapo P110,P110,fridge,a7c73018,multi_cycle,1.0,1.841,239.841,0.016,0.002,0.234,,on,-64,,2 hour NILM fridge session
2026-06-11T08:55:59.465902+00:00,2026-06-11 14:25:59,Anllia,plug_1,Tapo P110,P110,fridge,a7c73018,multi_cycle,1.0,1.884,239.841,0.02,0.002,0.234,,on,-64,,2 hour NILM fridge session
2026-06-11T08:56:00.769548+00:00,2026-06-11 14:26:00,Anllia,plug_1,Tapo P110,P110,fridge,a7c73018,multi_cycle,1.0,8.459,239.119,0.02,0.002,0.234,,on,-64,,2 hour NILM fridge session
2026-06-11T08:56:02.148537+00:00,2026-06-11 14:26:02,Anllia,plug_1,Tapo P110,P110,fridge,a7c73018,multi_cycle,1.0,60.805,239.119,0.436,0.002,0.234,,on,-64,,2 hour NILM fridge session
2026-06-11T08:56:03.387334+00:00,2026-06-11 14:26:03,Anllia,plug_1,Tapo P110,P110,fridge,a7c73018,multi_cycle,1.0,59.622,239.242,0.436,0.002,0.234,,on,-64,,2 hour NILM fridge session
2026-06-11T08:56:05.998543+00:00,2026-06-11 14:26:05,Anllia,plug_1,Tapo P110,P110,fridge,a7c73018,multi_cycle,1.0,59.622,239.242,0.467,0.002,0.234,,on,-64,,2 hour NILM fridge session
2026-06-11T08:56:07.837333+00:00,2026-06-11 14:26:07,Anllia,plug_1,Tapo P110,P110,fridge,a7c73018,multi_cycle,1.0,61.464,240.301,0.445,0.002,0.234,,on,-65,,2 hour NILM fridge session
2026-06-11T08:56:09.615381+00:00,2026-06-11 14:26:09,Anllia,plug_1,Tapo P110,P110,fridge,a7c73018,multi_cycle,1.0,57.543,240.624,0.445,0.002,0.234,,on,-65,,2 hour NILM fridge session
2026-06-11T08:56:11.091737+00:00,2026-06-11 14:26:11,Anllia,plug_1,Tapo P110,P110,fridge,a7c73018,multi_cycle,1.0,55.825,240.624,0.431,0.002,0.235,,on,-65,,2 hour NILM fridge session
2026-06-11T08:56:13.468178+00:00,2026-06-11 14:26:13,Anllia,plug_1,Tapo P110,P110,fridge,a7c73018,multi_cycle,1.0,55.987,240.215,0.431,0.002,0.235,,on,-65,,2 hour NILM fridge session
2026-06-11T08:56:14.814702+00:00,2026-06-11 14:26:14,Anllia,plug_1,Tapo P110,P110,fridge,a7c73018,multi_cycle,1.0,55.981,240.463,0.429,0.002,0.235,,on,-64,,2 hour NILM fridge session
2026-06-11T08:56:16.193432+00:00,2026-06-11 14:26:16,Anllia,plug_1,Tapo P110,P110,fridge,a7c73018,multi_cycle,1.0,55.552,240.463,0.429,0.002,0.235,,on,-64,,2 hour NILM fridge session
2026-06-11T08:56:20.287360+00:00,2026-06-11 14:26:20,Anllia,plug_1,Tapo P110,P110,fridge,a7c73018,multi_cycle,1.0,54.706,241.031,0.425,0.002,0.235,,on,-64,,2 hour NILM fridge session
2026-06-11T08:56:21.592135+00:00,2026-06-11 14:26:21,Anllia,plug_1,Tapo P110,P110,fridge,a7c73018,multi_cycle,1.0,45.418,241.495,0.404,0.002,0.235,,on,-64,,2 hour NILM fridge session
2026-06-11T08:56:23.126260+00:00,2026-06-11 14:26:23,Anllia,plug_1,Tapo P110,P110,fridge,a7c73018,multi_cycle,1.0,44.734,241.495,0.357,0.002,0.235,,on,-65,,2 hour NILM fridge session
2026-06-11T08:56:24.387354+00:00,2026-06-11 14:26:24,Anllia,plug_1,Tapo P110,P110,fridge,a7c73018,multi_cycle,1.0,44.689,239.394,0.357,0.002,0.235,,on,-65,,2 hour NILM fridge session
2026-06-11T08:56:27.651757+00:00,2026-06-11 14:26:27,Anllia,plug_1,Tapo P110,P110,fridge,a7c73018,multi_cycle,1.0,44.689,241.044,0.346,0.002,0.235,,on,-65,,2 hour NILM fridge session
2026-06-11T08:56:29.169759+00:00,2026-06-11 14:26:29,Anllia,plug_1,Tapo P110,P110,fridge,a7c73018,multi_cycle,1.0,40.843,241.044,0.338,0.002,0.235,,on,-64,,2 hour NILM fridge session
2026-06-11T08:56:30.420732+00:00,2026-06-11 14:26:30,Anllia,plug_1,Tapo P110,P110,fridge,a7c73018,multi_cycle,1.0,39.507,240.998,0.338,0.002,0.235,,on,-65,,2 hour NILM fridge session
2026-06-11T08:56:31.678472+00:00,2026-06-11 14:26:31,Anllia,plug_1,Tapo P110,P110,fridge,a7c73018,multi_cycle,1.0,39.507,240.998,0.32,0.002,0.235,,on,-64,,2 hour NILM fridge session
2026-06-11T08:56:33.045369+00:00,2026-06-11 14:26:33,Anllia,plug_1,Tapo P110,P110,fridge,a7c73018,multi_cycle,1.0,40.14,241.324,0.32,0.003,0.235,,on,-64,,2 hour NILM fridge session
2026-06-11T08:56:35.697481+00:00,2026-06-11 14:26:35,Anllia,plug_1,Tapo P110,P110,fridge,a7c73018,multi_cycle,1.0,40.421,241.324,0.326,0.003,0.235,,on,-65,,2 hour NILM fridge session
2026-06-11T08:56:37.309168+00:00,2026-06-11 14:26:37,Anllia,plug_1,Tapo P110,P110,fridge,a7c73018,multi_cycle,1.0,40.313,241.3,0.326,0.003,0.235,,on,-64,,2 hour NILM fridge session
2026-06-11T08:56:38.566574+00:00,2026-06-11 14:26:38,Anllia,plug_1,Tapo P110,P110,fridge,a7c73018,multi_cycle,1.0,40.405,241.3,0.322,0.003,0.235,,on,-65,,2 hour NILM fridge session
2026-06-11T08:56:41.078740+00:00,2026-06-11 14:26:41,Anllia,plug_1,Tapo P110,P110,fridge,a7c73018,multi_cycle,1.0,40.465,241.308,0.321,0.003,0.235,,on,-65,,2 hour NILM fridge session
2026-06-11T08:56:42.385983+00:00,2026-06-11 14:26:42,Anllia,plug_1,Tapo P110,P110,fridge,a7c73018,multi_cycle,1.0,40.345,241.196,0.321,0.003,0.235,,on,-65,,2 hour NILM fridge session
2026-06-11T08:56:43.652095+00:00,2026-06-11 14:26:43,Anllia,plug_1,Tapo P110,P110,fridge,a7c73018,multi_cycle,1.0,41.143,241.196,0.324,0.003,0.235,,on,-64,,2 hour NILM fridge session
2026-06-11T08:56:45.023215+00:00,2026-06-11 14:26:45,Anllia,plug_1,Tapo P110,P110,fridge,a7c73018,multi_cycle,1.0,40.147,240.86,0.324,0.003,0.235,,on,-65,,2 hour NILM fridge session
2026-06-11T08:56:46.286345+00:00,2026-06-11 14:26:46,Anllia,plug_1,Tapo P110,P110,fridge,a7c73018,multi_cycle,1.0,40.141,240.86,0.324,0.003,0.235,,on,-64,,2 hour NILM fridge session
2026-06-11T08:56:47.670117+00:00,2026-06-11 14:26:47,Anllia,plug_1,Tapo P110,P110,fridge,a7c73018,multi_cycle,1.0,40.866,240.86,0.322,0.003,0.235,,on,-64,,2 hour NILM fridge session
2026-06-11T08:56:48.972941+00:00,2026-06-11 14:26:48,Anllia,plug_1,Tapo P110,P110,fridge,a7c73018,multi_cycle,1.0,41.436,241.223,0.322,0.003,0.235,,on,-65,,2 hour NILM fridge session
2026-06-11T08:56:50.239885+00:00,2026-06-11 14:26:50,Anllia,plug_1,Tapo P110,P110,fridge,a7c73018,multi_cycle,1.0,37.783,241.223,0.31,0.003,0.235,,on,-64,,2 hour NILM fridge session
2026-06-11T08:56:53.468947+00:00,2026-06-11 14:26:53,Anllia,plug_1,Tapo P110,P110,fridge,a7c73018,multi_cycle,1.0,38.353,241.399,0.31,0.003,0.235,,on,-64,,2 hour NILM fridge session
2026-06-11T08:56:54.915084+00:00,2026-06-11 14:26:54,Anllia,plug_1,Tapo P110,P110,fridge,a7c73018,multi_cycle,1.0,38.755,241.051,0.306,0.003,0.235,,on,-64,,2 hour NILM fridge session
2026-06-11T08:56:56.288318+00:00,2026-06-11 14:26:56,Anllia,plug_1,Tapo P110,P110,fridge,a7c73018,multi_cycle,1.0,38.795,241.051,0.311,0.003,0.235,,on,-65,,2 hour NILM fridge session
2026-06-11T08:56:57.726046+00:00,2026-06-11 14:26:57,Anllia,plug_1,Tapo P110,P110,fridge,a7c73018,multi_cycle,1.0,38.909,240.723,0.311,0.003,0.235,,on,-64,,2 hour NILM fridge session
2026-06-11T08:56:58.971913+00:00,2026-06-11 14:26:58,Anllia,plug_1,Tapo P110,P110,fridge,a7c73018,multi_cycle,1.0,38.909,240.723,0.311,0.003,0.235,,on,-65,,2 hour NILM fridge session
2026-06-11T08:57:00.272757+00:00,2026-06-11 14:27:00,Anllia,plug_1,Tapo P110,P110,fridge,a7c73018,multi_cycle,1.0,40.302,241.016,0.311,0.003,0.235,,on,-64,,2 hour NILM fridge session
2026-06-11T08:57:01.591054+00:00,2026-06-11 14:27:01,Anllia,plug_1,Tapo P110,P110,fridge,a7c73018,multi_cycle,1.0,39.5,241.016,0.301,0.003,0.235,,on,-64,,2 hour NILM fridge session
2026-06-11T08:57:02.887457+00:00,2026-06-11 14:27:02,Anllia,plug_1,Tapo P110,P110,fridge,a7c73018,multi_cycle,1.0,37.512,241.016,0.301,0.003,0.235,,on,-64,,2 hour NILM fridge session
2026-06-11T08:57:04.221125+00:00,2026-06-11 14:27:04,Anllia,plug_1,Tapo P110,P110,fridge,a7c73018,multi_cycle,1.0,37.923,241.243,0.301,0.003,0.235,,on,-64,,2 hour NILM fridge session
2026-06-11T08:57:05.513198+00:00,2026-06-11 14:27:05,Anllia,plug_1,Tapo P110,P110,fridge,a7c73018,multi_cycle,1.0,38.813,241.243,0.309,0.003,0.235,,on,-65,,2 hour NILM fridge session
2026-06-11T08:57:06.770423+00:00,2026-06-11 14:27:06,Anllia,plug_1,Tapo P110,P110,fridge,a7c73018,multi_cycle,1.0,40.535,241.864,0.309,0.003,0.235,,on,-64,,2 hour NILM fridge session
2026-06-11T08:57:09.823795+00:00,2026-06-11 14:27:09,Anllia,plug_1,Tapo P110,P110,fridge,a7c73018,multi_cycle,1.0,38.229,241.597,0.317,0.003,0.235,,on,-64,,2 hour NILM fridge session
2026-06-11T08:57:11.197644+00:00,2026-06-11 14:27:11,Anllia,plug_1,Tapo P110,P110,fridge,a7c73018,multi_cycle,1.0,37.518,241.597,0.302,0.003,0.235,,on,-64,,2 hour NILM fridge session
2026-06-11T08:57:12.629500+00:00,2026-06-11 14:27:12,Anllia,plug_1,Tapo P110,P110,fridge,a7c73018,multi_cycle,1.0,37.518,241.572,0.302,0.003,0.235,,on,-64,,2 hour NILM fridge session
2026-06-11T08:57:13.948483+00:00,2026-06-11 14:27:13,Anllia,plug_1,Tapo P110,P110,fridge,a7c73018,multi_cycle,1.0,38.149,241.572,0.31,0.003,0.235,,on,-64,,2 hour NILM fridge session
2026-06-11T08:57:15.259703+00:00,2026-06-11 14:27:15,Anllia,plug_1,Tapo P110,P110,fridge,a7c73018,multi_cycle,1.0,38.739,241.394,0.31,0.003,0.235,,on,-64,,2 hour NILM fridge session
2026-06-11T08:57:19.012201+00:00,2026-06-11 14:27:19,Anllia,plug_1,Tapo P110,P110,fridge,a7c73018,multi_cycle,1.0,38.769,241.261,0.311,0.003,0.235,,on,-65,,2 hour NILM fridge session
2026-06-11T08:57:20.276741+00:00,2026-06-11 14:27:20,Anllia,plug_1,Tapo P110,P110,fridge,a7c73018,multi_cycle,1.0,38.905,241.261,0.312,0.003,0.235,,on,-64,,2 hour NILM fridge session
2026-06-11T08:57:21.643853+00:00,2026-06-11 14:27:21,Anllia,plug_1,Tapo P110,P110,fridge,a7c73018,multi_cycle,1.0,38.905,241.336,0.312,0.003,0.235,,on,-65,,2 hour NILM fridge session
2026-06-11T08:57:22.914347+00:00,2026-06-11 14:27:22,Anllia,plug_1,Tapo P110,P110,fridge,a7c73018,multi_cycle,1.0,39.316,241.336,0.313,0.003,0.235,,on,-64,,2 hour NILM fridge session
2026-06-11T08:57:24.160573+00:00,2026-06-11 14:27:24,Anllia,plug_1,Tapo P110,P110,fridge,a7c73018,multi_cycle,1.0,39.333,241.272,0.313,0.003,0.235,,on,-64,,2 hour NILM fridge session
2026-06-11T08:57:25.410679+00:00,2026-06-11 14:27:25,Anllia,plug_1,Tapo P110,P110,fridge,a7c73018,multi_cycle,1.0,38.862,241.272,0.313,0.003,0.235,,on,-64,,2 hour NILM fridge session
2026-06-11T08:57:26.697901+00:00,2026-06-11 14:27:26,Anllia,plug_1,Tapo P110,P110,fridge,a7c73018,multi_cycle,1.0,38.895,241.272,0.31,0.003,0.235,,on,-64,,2 hour NILM fridge session
2026-06-11T08:57:28.021680+00:00,2026-06-11 14:27:28,Anllia,plug_1,Tapo P110,P110,fridge,a7c73018,multi_cycle,1.0,39.422,241.156,0.31,0.003,0.235,,on,-64,,2 hour NILM fridge session
2026-06-11T08:57:29.382421+00:00,2026-06-11 14:27:29,Anllia,plug_1,Tapo P110,P110,fridge,a7c73018,multi_cycle,1.0,40.717,241.156,0.318,0.003,0.235,,on,-64,,2 hour NILM fridge session
2026-06-11T08:57:30.652846+00:00,2026-06-11 14:27:30,Anllia,plug_1,Tapo P110,P110,fridge,a7c73018,multi_cycle,1.0,40.717,241.315,0.318,0.003,0.235,,on,-64,,2 hour NILM fridge session
2026-06-11T08:57:31.928227+00:00,2026-06-11 14:27:31,Anllia,plug_1,Tapo P110,P110,fridge,a7c73018,multi_cycle,1.0,37.946,241.315,0.3,0.003,0.235,,on,-64,,2 hour NILM fridge session
2026-06-11T08:57:33.179487+00:00,2026-06-11 14:27:33,Anllia,plug_1,Tapo P110,P110,fridge,a7c73018,multi_cycle,1.0,37.769,241.606,0.3,0.003,0.235,,on,-64,,2 hour NILM fridge session
2026-06-11T08:57:34.517359+00:00,2026-06-11 14:27:34,Anllia,plug_1,Tapo P110,P110,fridge,a7c73018,multi_cycle,1.0,38.185,241.606,0.3,0.003,0.235,,on,-64,,2 hour NILM fridge session
2026-06-11T08:57:35.766299+00:00,2026-06-11 14:27:35,Anllia,plug_1,Tapo P110,P110,fridge,a7c73018,multi_cycle,1.0,38.722,241.606,0.309,0.003,0.235,,on,-65,,2 hour NILM fridge session
2026-06-11T08:57:37.042777+00:00,2026-06-11 14:27:37,Anllia,plug_1,Tapo P110,P110,fridge,a7c73018,multi_cycle,1.0,38.83,241.572,0.309,0.003,0.235,,on,-65,,2 hour NILM fridge session
2026-06-11T08:57:38.300239+00:00,2026-06-11 14:27:38,Anllia,plug_1,Tapo P110,P110,fridge,a7c73018,multi_cycle,1.0,38.988,241.572,0.314,0.003,0.236,,on,-65,,2 hour NILM fridge session
2026-06-11T08:57:41.317837+00:00,2026-06-11 14:27:41,Anllia,plug_1,Tapo P110,P110,fridge,a7c73018,multi_cycle,1.0,38.988,241.326,0.314,0.003,0.236,,on,-69,,2 hour NILM fridge session
2026-06-11T08:57:42.648424+00:00,2026-06-11 14:27:42,Anllia,plug_1,Tapo P110,P110,fridge,a7c73018,multi_cycle,1.0,39.132,241.311,0.314,0.003,0.236,,on,-68,,2 hour NILM fridge session
2026-06-11T08:57:44.035306+00:00,2026-06-11 14:27:44,Anllia,plug_1,Tapo P110,P110,fridge,a7c73018,multi_cycle,1.0,38.931,241.311,0.312,0.003,0.236,,on,-65,,2 hour NILM fridge session
2026-06-11T08:57:45.367349+00:00,2026-06-11 14:27:45,Anllia,plug_1,Tapo P110,P110,fridge,a7c73018,multi_cycle,1.0,39.425,241.481,0.312,0.003,0.236,,on,-65,,2 hour NILM fridge session
2026-06-11T08:57:46.625146+00:00,2026-06-11 14:27:46,Anllia,plug_1,Tapo P110,P110,fridge,a7c73018,multi_cycle,1.0,39.419,241.481,0.312,0.003,0.236,,on,-65,,2 hour NILM fridge session
2026-06-11T08:57:49.366612+00:00,2026-06-11 14:27:49,Anllia,plug_1,Tapo P110,P110,fridge,a7c73018,multi_cycle,1.0,39.306,241.415,0.311,0.003,0.236,,on,-65,,2 hour NILM fridge session
2026-06-11T08:57:50.683858+00:00,2026-06-11 14:27:50,Anllia,plug_1,Tapo P110,P110,fridge,a7c73018,multi_cycle,1.0,39.209,241.415,0.314,0.003,0.236,,on,-64,,2 hour NILM fridge session
2026-06-11T08:57:51.924745+00:00,2026-06-11 14:27:51,Anllia,plug_1,Tapo P110,P110,fridge,a7c73018,multi_cycle,1.0,39.916,241.549,0.314,0.003,0.236,,on,-63,,2 hour NILM fridge session
2026-06-11T08:57:53.356236+00:00,2026-06-11 14:27:53,Anllia,plug_1,Tapo P110,P110,fridge,a7c73018,multi_cycle,1.0,39.916,241.549,0.32,0.003,0.236,,on,-69,,2 hour NILM fridge session
2026-06-11T08:57:54.677967+00:00,2026-06-11 14:27:54,Anllia,plug_1,Tapo P110,P110,fridge,a7c73018,multi_cycle,1.0,40.068,241.901,0.32,0.003,0.236,,on,-72,,2 hour NILM fridge session
2026-06-11T08:57:56.003389+00:00,2026-06-11 14:27:56,Anllia,plug_1,Tapo P110,P110,fridge,a7c73018,multi_cycle,1.0,38.426,241.901,0.309,0.003,0.236,,on,-67,,2 hour NILM fridge session
2026-06-11T08:57:57.323118+00:00,2026-06-11 14:27:57,Anllia,plug_1,Tapo P110,P110,fridge,a7c73018,multi_cycle,1.0,38.817,242.162,0.309,0.003,0.236,,on,-64,,2 hour NILM fridge session
2026-06-11T08:57:58.602139+00:00,2026-06-11 14:27:58,Anllia,plug_1,Tapo P110,P110,fridge,a7c73018,multi_cycle,1.0,39.158,242.162,0.309,0.003,0.236,,on,-68,,2 hour NILM fridge session
2026-06-11T08:57:59.858071+00:00,2026-06-11 14:27:59,Anllia,plug_1,Tapo P110,P110,fridge,a7c73018,multi_cycle,1.0,39.558,242.162,0.315,0.003,0.236,,on,-67,,2 hour NILM fridge session
2026-06-11T08:58:01.145809+00:00,2026-06-11 14:28:01,Anllia,plug_1,Tapo P110,P110,fridge,a7c73018,multi_cycle,1.0,39.029,241.987,0.315,0.003,0.236,,on,-64,,2 hour NILM fridge session
2026-06-11T08:58:02.422046+00:00,2026-06-11 14:28:02,Anllia,plug_1,Tapo P110,P110,fridge,a7c73018,multi_cycle,1.0,39.019,241.987,0.309,0.003,0.236,,on,-72,,2 hour NILM fridge session
2026-06-11T08:58:03.785577+00:00,2026-06-11 14:28:03,Anllia,plug_1,Tapo P110,P110,fridge,a7c73018,multi_cycle,1.0,39.019,241.565,0.309,0.004,0.236,,on,-68,,2 hour NILM fridge session
2026-06-11T08:58:05.028348+00:00,2026-06-11 14:28:05,Anllia,plug_1,Tapo P110,P110,fridge,a7c73018,multi_cycle,1.0,40.948,241.565,0.32,0.004,0.236,,on,-65,,2 hour NILM fridge session
2026-06-11T08:58:06.279778+00:00,2026-06-11 14:28:06,Anllia,plug_1,Tapo P110,P110,fridge,a7c73018,multi_cycle,1.0,40.661,241.546,0.32,0.004,0.236,,on,-71,,2 hour NILM fridge session
2026-06-11T08:58:07.643843+00:00,2026-06-11 14:28:07,Anllia,plug_1,Tapo P110,P110,fridge,a7c73018,multi_cycle,1.0,40.963,241.546,0.32,0.004,0.236,,on,-68,,2 hour NILM fridge session
2026-06-11T08:58:08.998238+00:00,2026-06-11 14:28:08,Anllia,plug_1,Tapo P110,P110,fridge,a7c73018,multi_cycle,1.0,41.191,241.546,0.322,0.004,0.236,,on,-64,,2 hour NILM fridge session
2026-06-11T08:58:10.270847+00:00,2026-06-11 14:28:10,Anllia,plug_1,Tapo P110,P110,fridge,a7c73018,multi_cycle,1.0,41.065,240.978,0.322,0.004,0.236,,on,-65,,2 hour NILM fridge session
2026-06-11T08:58:11.516682+00:00,2026-06-11 14:28:11,Anllia,plug_1,Tapo P110,P110,fridge,a7c73018,multi_cycle,1.0,40.68,240.978,0.325,0.004,0.236,,on,-64,,2 hour NILM fridge session
2026-06-11T08:58:12.865980+00:00,2026-06-11 14:28:12,Anllia,plug_1,Tapo P110,P110,fridge,a7c73018,multi_cycle,1.0,40.68,240.927,0.325,0.004,0.236,,on,-68,,2 hour NILM fridge session
2026-06-11T08:58:14.159955+00:00,2026-06-11 14:28:14,Anllia,plug_1,Tapo P110,P110,fridge,a7c73018,multi_cycle,1.0,41.196,240.927,0.329,0.004,0.236,,on,-64,,2 hour NILM fridge session
2026-06-11T08:58:15.469025+00:00,2026-06-11 14:28:15,Anllia,plug_1,Tapo P110,P110,fridge,a7c73018,multi_cycle,1.0,42.433,241.905,0.329,0.004,0.236,,on,-68,,2 hour NILM fridge session
2026-06-11T08:58:16.733758+00:00,2026-06-11 14:28:16,Anllia,plug_1,Tapo P110,P110,fridge,a7c73018,multi_cycle,1.0,44.387,241.905,0.329,0.004,0.236,,on,-63,,2 hour NILM fridge session
2026-06-11T08:58:18.002849+00:00,2026-06-11 14:28:18,Anllia,plug_1,Tapo P110,P110,fridge,a7c73018,multi_cycle,1.0,47.231,241.905,0.363,0.004,0.236,,on,-66,,2 hour NILM fridge session
2026-06-11T08:58:19.279626+00:00,2026-06-11 14:28:19,Anllia,plug_1,Tapo P110,P110,fridge,a7c73018,multi_cycle,1.0,46.249,241.4,0.363,0.004,0.236,,on,-65,,2 hour NILM fridge session
2026-06-11T08:58:20.524963+00:00,2026-06-11 14:28:20,Anllia,plug_1,Tapo P110,P110,fridge,a7c73018,multi_cycle,1.0,46.275,241.4,0.363,0.004,0.236,,on,-64,,2 hour NILM fridge session
2026-06-11T08:58:21.774941+00:00,2026-06-11 14:28:21,Anllia,plug_1,Tapo P110,P110,fridge,a7c73018,multi_cycle,1.0,46.275,241.335,0.363,0.004,0.236,,on,-64,,2 hour NILM fridge session
2026-06-11T08:58:25.318870+00:00,2026-06-11 14:28:25,Anllia,plug_1,Tapo P110,P110,fridge,a7c73018,multi_cycle,1.0,47.026,241.335,0.369,0.004,0.236,,on,-66,,2 hour NILM fridge session
2026-06-11T08:58:26.571440+00:00,2026-06-11 14:28:26,Anllia,plug_1,Tapo P110,P110,fridge,a7c73018,multi_cycle,1.0,47.087,240.829,0.37,0.004,0.236,,on,-64,,2 hour NILM fridge session
2026-06-11T08:58:27.813798+00:00,2026-06-11 14:28:27,Anllia,plug_1,Tapo P110,P110,fridge,a7c73018,multi_cycle,1.0,47.087,241.211,0.37,0.004,0.236,,on,-64,,2 hour NILM fridge session
2026-06-11T08:58:29.201383+00:00,2026-06-11 14:28:29,Anllia,plug_1,Tapo P110,P110,fridge,a7c73018,multi_cycle,1.0,47.828,241.211,0.369,0.004,0.236,,on,-64,,2 hour NILM fridge session
2026-06-11T08:58:30.600653+00:00,2026-06-11 14:28:30,Anllia,plug_1,Tapo P110,P110,fridge,a7c73018,multi_cycle,1.0,47.469,240.97,0.369,0.004,0.236,,on,-64,,2 hour NILM fridge session
2026-06-11T08:58:31.868107+00:00,2026-06-11 14:28:31,Anllia,plug_1,Tapo P110,P110,fridge,a7c73018,multi_cycle,1.0,49.285,240.97,0.397,0.004,0.236,,on,-63,,2 hour NILM fridge session
2026-06-11T08:58:33.150410+00:00,2026-06-11 14:28:33,Anllia,plug_1,Tapo P110,P110,fridge,a7c73018,multi_cycle,1.0,52.326,240.97,0.397,0.004,0.236,,on,-61,,2 hour NILM fridge session
2026-06-11T08:58:34.466213+00:00,2026-06-11 14:28:34,Anllia,plug_1,Tapo P110,P110,fridge,a7c73018,multi_cycle,1.0,55.885,241.092,0.397,0.004,0.236,,on,-72,,2 hour NILM fridge session
2026-06-11T08:58:35.733586+00:00,2026-06-11 14:28:35,Anllia,plug_1,Tapo P110,P110,fridge,a7c73018,multi_cycle,1.0,56.693,241.092,0.433,0.004,0.236,,on,-70,,2 hour NILM fridge session
2026-06-11T08:58:37.028064+00:00,2026-06-11 14:28:37,Anllia,plug_1,Tapo P110,P110,fridge,a7c73018,multi_cycle,1.0,56.303,241.076,0.433,0.004,0.236,,on,-65,,2 hour NILM fridge session
2026-06-11T08:58:38.296159+00:00,2026-06-11 14:28:38,Anllia,plug_1,Tapo P110,P110,fridge,a7c73018,multi_cycle,1.0,56.303,241.076,0.428,0.004,0.236,,on,-63,,2 hour NILM fridge session
2026-06-11T08:58:39.573678+00:00,2026-06-11 14:28:39,Anllia,plug_1,Tapo P110,P110,fridge,a7c73018,multi_cycle,1.0,56.384,241.306,0.428,0.004,0.236,,on,-69,,2 hour NILM fridge session
2026-06-11T08:58:40.832968+00:00,2026-06-11 14:28:40,Anllia,plug_1,Tapo P110,P110,fridge,a7c73018,multi_cycle,1.0,56.715,241.306,0.425,0.004,0.236,,on,-67,,2 hour NILM fridge session
2026-06-11T08:58:42.198659+00:00,2026-06-11 14:28:42,Anllia,plug_1,Tapo P110,P110,fridge,a7c73018,multi_cycle,1.0,56.895,241.306,0.425,0.004,0.236,,on,-67,,2 hour NILM fridge session
2026-06-11T08:58:43.468036+00:00,2026-06-11 14:28:43,Anllia,plug_1,Tapo P110,P110,fridge,a7c73018,multi_cycle,1.0,56.892,240.987,0.425,0.004,0.236,,on,-64,,2 hour NILM fridge session
2026-06-11T08:58:44.828819+00:00,2026-06-11 14:28:44,Anllia,plug_1,Tapo P110,P110,fridge,a7c73018,multi_cycle,1.0,58.156,240.987,0.438,0.004,0.236,,on,-64,,2 hour NILM fridge session
2026-06-11T08:58:46.113864+00:00,2026-06-11 14:28:46,Anllia,plug_1,Tapo P110,P110,fridge,a7c73018,multi_cycle,1.0,60.105,241.381,0.438,0.004,0.236,,on,-65,,2 hour NILM fridge session
2026-06-11T08:58:47.364562+00:00,2026-06-11 14:28:47,Anllia,plug_1,Tapo P110,P110,fridge,a7c73018,multi_cycle,1.0,60.105,241.381,0.473,0.004,0.236,,on,-64,,2 hour NILM fridge session
2026-06-11T08:58:48.706337+00:00,2026-06-11 14:28:48,Anllia,plug_1,Tapo P110,P110,fridge,a7c73018,multi_cycle,1.0,65.68,240.434,0.473,0.004,0.236,,on,-64,,2 hour NILM fridge session
2026-06-11T08:58:50.092475+00:00,2026-06-11 14:28:50,Anllia,plug_1,Tapo P110,P110,fridge,a7c73018,multi_cycle,1.0,69.762,240.434,0.514,0.004,0.236,,on,-64,,2 hour NILM fridge session
2026-06-11T08:58:51.494203+00:00,2026-06-11 14:28:51,Anllia,plug_1,Tapo P110,P110,fridge,a7c73018,multi_cycle,1.0,69.205,240.683,0.514,0.004,0.236,,on,-64,,2 hour NILM fridge session
2026-06-11T08:58:52.743043+00:00,2026-06-11 14:28:52,Anllia,plug_1,Tapo P110,P110,fridge,a7c73018,multi_cycle,1.0,68.803,240.683,0.514,0.004,0.236,,on,-65,,2 hour NILM fridge session
2026-06-11T08:58:54.140991+00:00,2026-06-11 14:28:54,Anllia,plug_1,Tapo P110,P110,fridge,a7c73018,multi_cycle,1.0,69.504,240.683,0.508,0.004,0.237,,on,-65,,2 hour NILM fridge session
2026-06-11T08:58:55.521054+00:00,2026-06-11 14:28:55,Anllia,plug_1,Tapo P110,P110,fridge,a7c73018,multi_cycle,1.0,69.812,241.013,0.508,0.004,0.237,,on,-65,,2 hour NILM fridge session
2026-06-11T08:58:56.790016+00:00,2026-06-11 14:28:56,Anllia,plug_1,Tapo P110,P110,fridge,a7c73018,multi_cycle,1.0,69.739,241.013,0.508,0.004,0.237,,on,-65,,2 hour NILM fridge session
2026-06-11T08:58:58.042377+00:00,2026-06-11 14:28:58,Anllia,plug_1,Tapo P110,P110,fridge,a7c73018,multi_cycle,1.0,70.131,241.255,0.508,0.004,0.237,,on,-65,,2 hour NILM fridge session
2026-06-11T08:58:59.430929+00:00,2026-06-11 14:28:59,Anllia,plug_1,Tapo P110,P110,fridge,a7c73018,multi_cycle,1.0,70.131,241.255,0.515,0.004,0.237,,on,-65,,2 hour NILM fridge session
2026-06-11T08:59:00.739526+00:00,2026-06-11 14:29:00,Anllia,plug_1,Tapo P110,P110,fridge,a7c73018,multi_cycle,1.0,71.675,241.497,0.515,0.004,0.237,,on,-65,,2 hour NILM fridge session
2026-06-11T08:59:01.999599+00:00,2026-06-11 14:29:01,Anllia,plug_1,Tapo P110,P110,fridge,a7c73018,multi_cycle,1.0,72.09,241.497,0.534,0.004,0.237,,on,-64,,2 hour NILM fridge session
2026-06-11T08:59:03.367881+00:00,2026-06-11 14:29:03,Anllia,plug_1,Tapo P110,P110,fridge,a7c73018,multi_cycle,1.0,73.421,241.497,0.534,0.004,0.237,,on,-64,,2 hour NILM fridge session
2026-06-11T08:59:04.613580+00:00,2026-06-11 14:29:04,Anllia,plug_1,Tapo P110,P110,fridge,a7c73018,multi_cycle,1.0,73.215,241.489,0.534,0.004,0.237,,on,-64,,2 hour NILM fridge session
2026-06-11T08:59:05.860973+00:00,2026-06-11 14:29:05,Anllia,plug_1,Tapo P110,P110,fridge,a7c73018,multi_cycle,1.0,75.483,241.489,0.546,0.004,0.237,,on,-64,,2 hour NILM fridge session
2026-06-11T08:59:07.148907+00:00,2026-06-11 14:29:07,Anllia,plug_1,Tapo P110,P110,fridge,a7c73018,multi_cycle,1.0,76.844,242.318,0.546,0.004,0.237,,on,-65,,2 hour NILM fridge session
2026-06-11T08:59:08.447285+00:00,2026-06-11 14:29:08,Anllia,plug_1,Tapo P110,P110,fridge,a7c73018,multi_cycle,1.0,76.844,242.318,0.577,0.005,0.237,,on,-65,,2 hour NILM fridge session
2026-06-11T08:59:09.751536+00:00,2026-06-11 14:29:09,Anllia,plug_1,Tapo P110,P110,fridge,a7c73018,multi_cycle,1.0,80.571,241.472,0.577,0.005,0.237,,on,-65,,2 hour NILM fridge session
2026-06-11T08:59:11.021008+00:00,2026-06-11 14:29:11,Anllia,plug_1,Tapo P110,P110,fridge,a7c73018,multi_cycle,1.0,84.185,241.472,0.632,0.005,0.237,,on,-64,,2 hour NILM fridge session
2026-06-11T08:59:12.311871+00:00,2026-06-11 14:29:12,Anllia,plug_1,Tapo P110,P110,fridge,a7c73018,multi_cycle,1.0,87.784,241.472,0.632,0.005,0.237,,on,-65,,2 hour NILM fridge session
2026-06-11T08:59:13.654992+00:00,2026-06-11 14:29:13,Anllia,plug_1,Tapo P110,P110,fridge,a7c73018,multi_cycle,1.0,87.439,241.698,0.632,0.005,0.237,,on,-65,,2 hour NILM fridge session
2026-06-11T08:59:14.948257+00:00,2026-06-11 14:29:14,Anllia,plug_1,Tapo P110,P110,fridge,a7c73018,multi_cycle,1.0,86.583,241.698,0.626,0.005,0.237,,on,-64,,2 hour NILM fridge session
2026-06-11T08:59:16.330412+00:00,2026-06-11 14:29:16,Anllia,plug_1,Tapo P110,P110,fridge,a7c73018,multi_cycle,1.0,86.152,240.465,0.626,0.005,0.237,,on,-64,,2 hour NILM fridge session
2026-06-11T08:59:17.598387+00:00,2026-06-11 14:29:17,Anllia,plug_1,Tapo P110,P110,fridge,a7c73018,multi_cycle,1.0,86.293,240.465,0.627,0.005,0.237,,on,-65,,2 hour NILM fridge session
2026-06-11T08:59:18.891286+00:00,2026-06-11 14:29:18,Anllia,plug_1,Tapo P110,P110,fridge,a7c73018,multi_cycle,1.0,86.293,241.007,0.627,0.005,0.237,,on,-64,,2 hour NILM fridge session
2026-06-11T08:59:20.228820+00:00,2026-06-11 14:29:20,Anllia,plug_1,Tapo P110,P110,fridge,a7c73018,multi_cycle,1.0,86.239,241.007,0.635,0.005,0.237,,on,-66,,2 hour NILM fridge session
2026-06-11T08:59:21.791533+00:00,2026-06-11 14:29:21,Anllia,plug_1,Tapo P110,P110,fridge,a7c73018,multi_cycle,1.0,85.076,240.07,0.635,0.005,0.237,,on,-70,,2 hour NILM fridge session
2026-06-11T08:59:23.083144+00:00,2026-06-11 14:29:23,Anllia,plug_1,Tapo P110,P110,fridge,a7c73018,multi_cycle,1.0,87.17,240.07,0.635,0.005,0.237,,on,-65,,2 hour NILM fridge session
2026-06-11T08:59:24.472877+00:00,2026-06-11 14:29:24,Anllia,plug_1,Tapo P110,P110,fridge,a7c73018,multi_cycle,1.0,87.152,240.07,0.635,0.005,0.237,,on,-64,,2 hour NILM fridge session
2026-06-11T08:59:25.764096+00:00,2026-06-11 14:29:25,Anllia,plug_1,Tapo P110,P110,fridge,a7c73018,multi_cycle,1.0,87.13,240.969,0.635,0.005,0.237,,on,-64,,2 hour NILM fridge session
2026-06-11T08:59:27.037231+00:00,2026-06-11 14:29:27,Anllia,plug_1,Tapo P110,P110,fridge,a7c73018,multi_cycle,1.0,87.208,240.969,0.63,0.005,0.237,,on,-66,,2 hour NILM fridge session
2026-06-11T08:59:28.301352+00:00,2026-06-11 14:29:28,Anllia,plug_1,Tapo P110,P110,fridge,a7c73018,multi_cycle,1.0,87.632,240.501,0.63,0.005,0.237,,on,-64,,2 hour NILM fridge session
2026-06-11T08:59:29.733744+00:00,2026-06-11 14:29:29,Anllia,plug_1,Tapo P110,P110,fridge,a7c73018,multi_cycle,1.0,87.632,240.501,0.637,0.005,0.237,,on,-65,,2 hour NILM fridge session
2026-06-11T08:59:31.000404+00:00,2026-06-11 14:29:31,Anllia,plug_1,Tapo P110,P110,fridge,a7c73018,multi_cycle,1.0,87.744,240.965,0.637,0.005,0.237,,on,-65,,2 hour NILM fridge session
2026-06-11T08:59:32.345723+00:00,2026-06-11 14:29:32,Anllia,plug_1,Tapo P110,P110,fridge,a7c73018,multi_cycle,1.0,86.686,240.965,0.635,0.005,0.237,,on,-64,,2 hour NILM fridge session
2026-06-11T08:59:33.647320+00:00,2026-06-11 14:29:33,Anllia,plug_1,Tapo P110,P110,fridge,a7c73018,multi_cycle,1.0,86.763,240.965,0.635,0.005,0.237,,on,-64,,2 hour NILM fridge session
2026-06-11T08:59:34.909129+00:00,2026-06-11 14:29:34,Anllia,plug_1,Tapo P110,P110,fridge,a7c73018,multi_cycle,1.0,86.781,241.598,0.635,0.005,0.237,,on,-65,,2 hour NILM fridge session
2026-06-11T08:59:36.248615+00:00,2026-06-11 14:29:36,Anllia,plug_1,Tapo P110,P110,fridge,a7c73018,multi_cycle,1.0,87.441,241.598,0.624,0.005,0.237,,on,-65,,2 hour NILM fridge session
2026-06-11T08:59:37.543463+00:00,2026-06-11 14:29:37,Anllia,plug_1,Tapo P110,P110,fridge,a7c73018,multi_cycle,1.0,88.642,241.161,0.624,0.005,0.238,,on,-66,,2 hour NILM fridge session
2026-06-11T08:59:38.822980+00:00,2026-06-11 14:29:38,Anllia,plug_1,Tapo P110,P110,fridge,a7c73018,multi_cycle,1.0,89.189,241.161,0.639,0.005,0.238,,on,-67,,2 hour NILM fridge session
2026-06-11T08:59:40.153878+00:00,2026-06-11 14:29:40,Anllia,plug_1,Tapo P110,P110,fridge,a7c73018,multi_cycle,1.0,89.189,241.544,0.639,0.005,0.238,,on,-65,,2 hour NILM fridge session
2026-06-11T08:59:41.426889+00:00,2026-06-11 14:29:41,Anllia,plug_1,Tapo P110,P110,fridge,a7c73018,multi_cycle,1.0,88.683,241.544,0.624,0.005,0.238,,on,-63,,2 hour NILM fridge session
2026-06-11T08:59:42.707776+00:00,2026-06-11 14:29:42,Anllia,plug_1,Tapo P110,P110,fridge,a7c73018,multi_cycle,1.0,87.291,240.96,0.624,0.005,0.238,,on,-65,,2 hour NILM fridge session
2026-06-11T08:59:44.019765+00:00,2026-06-11 14:29:44,Anllia,plug_1,Tapo P110,P110,fridge,a7c73018,multi_cycle,1.0,88.346,240.96,0.624,0.005,0.238,,on,-64,,2 hour NILM fridge session
2026-06-11T08:59:45.329079+00:00,2026-06-11 14:29:45,Anllia,plug_1,Tapo P110,P110,fridge,a7c73018,multi_cycle,1.0,88.832,240.96,0.638,0.005,0.238,,on,-64,,2 hour NILM fridge session
2026-06-11T08:59:46.574420+00:00,2026-06-11 14:29:46,Anllia,plug_1,Tapo P110,P110,fridge,a7c73018,multi_cycle,1.0,88.431,240.788,0.638,0.005,0.238,,on,-65,,2 hour NILM fridge session
2026-06-11T08:59:47.998851+00:00,2026-06-11 14:29:47,Anllia,plug_1,Tapo P110,P110,fridge,a7c73018,multi_cycle,1.0,87.616,240.788,0.63,0.005,0.238,,on,-66,,2 hour NILM fridge session
2026-06-11T08:59:49.302651+00:00,2026-06-11 14:29:49,Anllia,plug_1,Tapo P110,P110,fridge,a7c73018,multi_cycle,1.0,88.904,242.15,0.63,0.006,0.238,,on,-65,,2 hour NILM fridge session
2026-06-11T08:59:50.641142+00:00,2026-06-11 14:29:50,Anllia,plug_1,Tapo P110,P110,fridge,a7c73018,multi_cycle,1.0,88.904,242.15,0.638,0.006,0.238,,on,-65,,2 hour NILM fridge session
2026-06-11T08:59:52.117058+00:00,2026-06-11 14:29:52,Anllia,plug_1,Tapo P110,P110,fridge,a7c73018,multi_cycle,1.0,89.094,240.342,0.638,0.006,0.238,,on,-65,,2 hour NILM fridge session
2026-06-11T08:59:53.369667+00:00,2026-06-11 14:29:53,Anllia,plug_1,Tapo P110,P110,fridge,a7c73018,multi_cycle,1.0,89.806,240.342,0.643,0.006,0.238,,on,-65,,2 hour NILM fridge session
2026-06-11T08:59:54.639523+00:00,2026-06-11 14:29:54,Anllia,plug_1,Tapo P110,P110,fridge,a7c73018,multi_cycle,1.0,89.302,240.342,0.643,0.006,0.238,,on,-65,,2 hour NILM fridge session
2026-06-11T08:59:56.019301+00:00,2026-06-11 14:29:56,Anllia,plug_1,Tapo P110,P110,fridge,a7c73018,multi_cycle,1.0,88.994,241.229,0.643,0.006,0.238,,on,-65,,2 hour NILM fridge session
2026-06-11T08:59:57.443389+00:00,2026-06-11 14:29:57,Anllia,plug_1,Tapo P110,P110,fridge,a7c73018,multi_cycle,1.0,87.799,241.229,0.63,0.006,0.238,,on,-65,,2 hour NILM fridge session
2026-06-11T08:59:58.692147+00:00,2026-06-11 14:29:58,Anllia,plug_1,Tapo P110,P110,fridge,a7c73018,multi_cycle,1.0,88.132,241.038,0.63,0.006,0.238,,on,-66,,2 hour NILM fridge session
2026-06-11T08:59:59.976135+00:00,2026-06-11 14:29:59,Anllia,plug_1,Tapo P110,P110,fridge,a7c73018,multi_cycle,1.0,87.385,241.038,0.628,0.006,0.238,,on,-65,,2 hour NILM fridge session
2026-06-11T09:00:01.316198+00:00,2026-06-11 14:30:01,Anllia,plug_1,Tapo P110,P110,fridge,a7c73018,multi_cycle,1.0,87.385,241.075,0.628,0.006,0.238,,on,-64,,2 hour NILM fridge session
2026-06-11T09:00:02.818862+00:00,2026-06-11 14:30:02,Anllia,plug_1,Tapo P110,P110,fridge,a7c73018,multi_cycle,1.0,87.753,241.075,0.628,0.006,0.238,,on,-65,,2 hour NILM fridge session
2026-06-11T09:00:04.081806+00:00,2026-06-11 14:30:04,Anllia,plug_1,Tapo P110,P110,fridge,a7c73018,multi_cycle,1.0,88.318,240.656,0.628,0.006,0.238,,on,-65,,2 hour NILM fridge session
2026-06-11T09:00:05.408058+00:00,2026-06-11 14:30:05,Anllia,plug_1,Tapo P110,P110,fridge,a7c73018,multi_cycle,1.0,87.343,240.656,0.639,0.006,0.238,,on,-66,,2 hour NILM fridge session
2026-06-11T09:00:06.725200+00:00,2026-06-11 14:30:06,Anllia,plug_1,Tapo P110,P110,fridge,a7c73018,multi_cycle,1.0,88.57,240.656,0.639,0.006,0.238,,on,-65,,2 hour NILM fridge session
2026-06-11T09:00:08.035466+00:00,2026-06-11 14:30:08,Anllia,plug_1,Tapo P110,P110,fridge,a7c73018,multi_cycle,1.0,89.858,241.713,0.639,0.006,0.238,,on,-65,,2 hour NILM fridge session
2026-06-11T09:00:09.289527+00:00,2026-06-11 14:30:09,Anllia,plug_1,Tapo P110,P110,fridge,a7c73018,multi_cycle,1.0,90.264,241.713,0.642,0.006,0.238,,on,-65,,2 hour NILM fridge session
2026-06-11T09:00:10.668580+00:00,2026-06-11 14:30:10,Anllia,plug_1,Tapo P110,P110,fridge,a7c73018,multi_cycle,1.0,89.384,241.839,0.642,0.006,0.238,,on,-65,,2 hour NILM fridge session
2026-06-11T09:00:12.009061+00:00,2026-06-11 14:30:12,Anllia,plug_1,Tapo P110,P110,fridge,a7c73018,multi_cycle,1.0,88.544,241.839,0.642,0.006,0.238,,on,-65,,2 hour NILM fridge session
2026-06-11T09:00:13.353392+00:00,2026-06-11 14:30:13,Anllia,plug_1,Tapo P110,P110,fridge,a7c73018,multi_cycle,1.0,88.544,242.178,0.642,0.006,0.238,,on,-65,,2 hour NILM fridge session
2026-06-11T09:00:14.759511+00:00,2026-06-11 14:30:14,Anllia,plug_1,Tapo P110,P110,fridge,a7c73018,multi_cycle,1.0,89.044,242.178,0.65,0.006,0.238,,on,-65,,2 hour NILM fridge session
2026-06-11T09:00:16.112115+00:00,2026-06-11 14:30:16,Anllia,plug_1,Tapo P110,P110,fridge,a7c73018,multi_cycle,1.0,90.021,242.362,0.65,0.006,0.238,,on,-65,,2 hour NILM fridge session
2026-06-11T09:00:17.415226+00:00,2026-06-11 14:30:17,Anllia,plug_1,Tapo P110,P110,fridge,a7c73018,multi_cycle,1.0,90.649,242.362,0.657,0.006,0.238,,on,-65,,2 hour NILM fridge session
2026-06-11T09:00:18.778578+00:00,2026-06-11 14:30:18,Anllia,plug_1,Tapo P110,P110,fridge,a7c73018,multi_cycle,1.0,91.435,242.362,0.657,0.006,0.239,,on,-65,,2 hour NILM fridge session
2026-06-11T09:00:20.043664+00:00,2026-06-11 14:30:20,Anllia,plug_1,Tapo P110,P110,fridge,a7c73018,multi_cycle,1.0,92.784,241.872,0.657,0.006,0.239,,on,-65,,2 hour NILM fridge session
2026-06-11T09:00:21.387929+00:00,2026-06-11 14:30:21,Anllia,plug_1,Tapo P110,P110,fridge,a7c73018,multi_cycle,1.0,93.754,241.872,0.669,0.006,0.239,,on,-65,,2 hour NILM fridge session
2026-06-11T09:00:22.731077+00:00,2026-06-11 14:30:22,Anllia,plug_1,Tapo P110,P110,fridge,a7c73018,multi_cycle,1.0,93.78,241.988,0.669,0.006,0.239,,on,-65,,2 hour NILM fridge session
2026-06-11T09:00:24.000225+00:00,2026-06-11 14:30:24,Anllia,plug_1,Tapo P110,P110,fridge,a7c73018,multi_cycle,1.0,95.294,241.988,0.679,0.006,0.239,,on,-66,,2 hour NILM fridge session
2026-06-11T09:00:25.362157+00:00,2026-06-11 14:30:25,Anllia,plug_1,Tapo P110,P110,fridge,a7c73018,multi_cycle,1.0,95.294,241.97,0.679,0.006,0.239,,on,-65,,2 hour NILM fridge session
2026-06-11T09:00:26.646668+00:00,2026-06-11 14:30:26,Anllia,plug_1,Tapo P110,P110,fridge,a7c73018,multi_cycle,1.0,95.663,241.97,0.68,0.006,0.239,,on,-66,,2 hour NILM fridge session
2026-06-11T09:00:27.948520+00:00,2026-06-11 14:30:27,Anllia,plug_1,Tapo P110,P110,fridge,a7c73018,multi_cycle,1.0,96.841,242.296,0.68,0.006,0.239,,on,-66,,2 hour NILM fridge session
2026-06-11T09:00:29.195531+00:00,2026-06-11 14:30:29,Anllia,plug_1,Tapo P110,P110,fridge,a7c73018,multi_cycle,1.0,98.595,242.296,0.68,0.007,0.239,,on,-65,,2 hour NILM fridge session
2026-06-11T09:00:30.502308+00:00,2026-06-11 14:30:30,Anllia,plug_1,Tapo P110,P110,fridge,a7c73018,multi_cycle,1.0,98.941,242.296,0.698,0.007,0.239,,on,-65,,2 hour NILM fridge session
2026-06-11T09:00:31.823781+00:00,2026-06-11 14:30:31,Anllia,plug_1,Tapo P110,P110,fridge,a7c73018,multi_cycle,1.0,102.938,242.659,0.698,0.007,0.239,,on,-65,,2 hour NILM fridge session
2026-06-11T09:00:33.131253+00:00,2026-06-11 14:30:33,Anllia,plug_1,Tapo P110,P110,fridge,a7c73018,multi_cycle,1.0,104.932,242.659,0.747,0.007,0.239,,on,-65,,2 hour NILM fridge session
2026-06-11T09:00:34.496740+00:00,2026-06-11 14:30:34,Anllia,plug_1,Tapo P110,P110,fridge,a7c73018,multi_cycle,1.0,104.932,242.946,0.747,0.007,0.239,,on,-65,,2 hour NILM fridge session
2026-06-11T09:00:35.814179+00:00,2026-06-11 14:30:35,Anllia,plug_1,Tapo P110,P110,fridge,a7c73018,multi_cycle,1.0,105.602,242.946,0.753,0.007,0.239,,on,-65,,2 hour NILM fridge session
2026-06-11T09:00:37.140965+00:00,2026-06-11 14:30:37,Anllia,plug_1,Tapo P110,P110,fridge,a7c73018,multi_cycle,1.0,105.862,242.321,0.753,0.007,0.239,,on,-65,,2 hour NILM fridge session
2026-06-11T09:00:38.449155+00:00,2026-06-11 14:30:38,Anllia,plug_1,Tapo P110,P110,fridge,a7c73018,multi_cycle,1.0,104.823,242.321,0.75,0.007,0.239,,on,-64,,2 hour NILM fridge session
2026-06-11T09:00:39.766045+00:00,2026-06-11 14:30:39,Anllia,plug_1,Tapo P110,P110,fridge,a7c73018,multi_cycle,1.0,105.04,242.321,0.75,0.007,0.239,,on,-65,,2 hour NILM fridge session
2026-06-11T09:00:41.111786+00:00,2026-06-11 14:30:41,Anllia,plug_1,Tapo P110,P110,fridge,a7c73018,multi_cycle,1.0,104.006,242.143,0.75,0.007,0.239,,on,-67,,2 hour NILM fridge session
2026-06-11T09:00:42.481347+00:00,2026-06-11 14:30:42,Anllia,plug_1,Tapo P110,P110,fridge,a7c73018,multi_cycle,1.0,103.301,242.143,0.741,0.007,0.239,,on,-67,,2 hour NILM fridge session
2026-06-11T09:00:43.745237+00:00,2026-06-11 14:30:43,Anllia,plug_1,Tapo P110,P110,fridge,a7c73018,multi_cycle,1.0,105.316,241.915,0.741,0.007,0.239,,on,-67,,2 hour NILM fridge session
2026-06-11T09:00:44.995303+00:00,2026-06-11 14:30:44,Anllia,plug_1,Tapo P110,P110,fridge,a7c73018,multi_cycle,1.0,105.316,241.915,0.754,0.007,0.239,,on,-66,,2 hour NILM fridge session
2026-06-11T09:00:46.267163+00:00,2026-06-11 14:30:46,Anllia,plug_1,Tapo P110,P110,fridge,a7c73018,multi_cycle,1.0,106.148,241.757,0.754,0.007,0.239,,on,-71,,2 hour NILM fridge session
2026-06-11T09:00:47.610420+00:00,2026-06-11 14:30:47,Anllia,plug_1,Tapo P110,P110,fridge,a7c73018,multi_cycle,1.0,105.289,241.757,0.748,0.007,0.239,,on,-65,,2 hour NILM fridge session
2026-06-11T09:00:48.857674+00:00,2026-06-11 14:30:48,Anllia,plug_1,Tapo P110,P110,fridge,a7c73018,multi_cycle,1.0,104.943,241.757,0.748,0.007,0.239,,on,-66,,2 hour NILM fridge session
2026-06-11T09:00:50.136233+00:00,2026-06-11 14:30:50,Anllia,plug_1,Tapo P110,P110,fridge,a7c73018,multi_cycle,1.0,103.837,241.774,0.748,0.007,0.239,,on,-65,,2 hour NILM fridge session
2026-06-11T09:00:51.478358+00:00,2026-06-11 14:30:51,Anllia,plug_1,Tapo P110,P110,fridge,a7c73018,multi_cycle,1.0,104.467,241.774,0.74,0.007,0.239,,on,-65,,2 hour NILM fridge session
2026-06-11T09:00:52.733936+00:00,2026-06-11 14:30:52,Anllia,plug_1,Tapo P110,P110,fridge,a7c73018,multi_cycle,1.0,106.379,242.41,0.74,0.007,0.239,,on,-66,,2 hour NILM fridge session
2026-06-11T09:00:53.984634+00:00,2026-06-11 14:30:53,Anllia,plug_1,Tapo P110,P110,fridge,a7c73018,multi_cycle,1.0,106.379,242.41,0.753,0.007,0.24,,on,-66,,2 hour NILM fridge session
2026-06-11T09:00:55.227309+00:00,2026-06-11 14:30:55,Anllia,plug_1,Tapo P110,P110,fridge,a7c73018,multi_cycle,1.0,105.893,242.163,0.753,0.007,0.24,,on,-66,,2 hour NILM fridge session
2026-06-11T09:00:56.580882+00:00,2026-06-11 14:30:56,Anllia,plug_1,Tapo P110,P110,fridge,a7c73018,multi_cycle,1.0,105.741,242.163,0.746,0.007,0.24,,on,-65,,2 hour NILM fridge session
2026-06-11T09:00:57.828194+00:00,2026-06-11 14:30:57,Anllia,plug_1,Tapo P110,P110,fridge,a7c73018,multi_cycle,1.0,104.246,242.163,0.746,0.007,0.24,,on,-65,,2 hour NILM fridge session
2026-06-11T09:00:59.130545+00:00,2026-06-11 14:30:59,Anllia,plug_1,Tapo P110,P110,fridge,a7c73018,multi_cycle,1.0,104.378,241.646,0.746,0.007,0.24,,on,-66,,2 hour NILM fridge session
2026-06-11T09:01:00.460297+00:00,2026-06-11 14:31:00,Anllia,plug_1,Tapo P110,P110,fridge,a7c73018,multi_cycle,1.0,104.857,241.646,0.74,0.007,0.24,,on,-65,,2 hour NILM fridge session
2026-06-11T09:01:01.849151+00:00,2026-06-11 14:31:01,Anllia,plug_1,Tapo P110,P110,fridge,a7c73018,multi_cycle,1.0,104.346,242.084,0.74,0.007,0.24,,on,-65,,2 hour NILM fridge session
2026-06-11T09:01:03.099417+00:00,2026-06-11 14:31:03,Anllia,plug_1,Tapo P110,P110,fridge,a7c73018,multi_cycle,1.0,103.572,242.084,0.736,0.008,0.24,,on,-66,,2 hour NILM fridge session
2026-06-11T09:01:04.452555+00:00,2026-06-11 14:31:04,Anllia,plug_1,Tapo P110,P110,fridge,a7c73018,multi_cycle,1.0,103.572,242.023,0.736,0.008,0.24,,on,-65,,2 hour NILM fridge session
2026-06-11T09:01:05.719942+00:00,2026-06-11 14:31:05,Anllia,plug_1,Tapo P110,P110,fridge,a7c73018,multi_cycle,1.0,102.774,242.023,0.725,0.008,0.24,,on,-64,,2 hour NILM fridge session
2026-06-11T09:01:06.966072+00:00,2026-06-11 14:31:06,Anllia,plug_1,Tapo P110,P110,fridge,a7c73018,multi_cycle,1.0,102.545,242.023,0.725,0.008,0.24,,on,-65,,2 hour NILM fridge session
2026-06-11T09:01:08.320854+00:00,2026-06-11 14:31:08,Anllia,plug_1,Tapo P110,P110,fridge,a7c73018,multi_cycle,1.0,102.318,241.921,0.725,0.008,0.24,,on,-65,,2 hour NILM fridge session
2026-06-11T09:01:09.670573+00:00,2026-06-11 14:31:09,Anllia,plug_1,Tapo P110,P110,fridge,a7c73018,multi_cycle,1.0,102.584,241.921,0.72,0.008,0.24,,on,-65,,2 hour NILM fridge session
2026-06-11T09:01:11.033364+00:00,2026-06-11 14:31:11,Anllia,plug_1,Tapo P110,P110,fridge,a7c73018,multi_cycle,1.0,104.167,241.748,0.72,0.008,0.24,,on,-65,,2 hour NILM fridge session
2026-06-11T09:01:12.300678+00:00,2026-06-11 14:31:12,Anllia,plug_1,Tapo P110,P110,fridge,a7c73018,multi_cycle,1.0,103.889,241.748,0.73,0.008,0.24,,on,-64,,2 hour NILM fridge session
2026-06-11T09:01:13.585573+00:00,2026-06-11 14:31:13,Anllia,plug_1,Tapo P110,P110,fridge,a7c73018,multi_cycle,1.0,103.889,241.604,0.73,0.008,0.24,,on,-64,,2 hour NILM fridge session
2026-06-11T09:01:15.064485+00:00,2026-06-11 14:31:15,Anllia,plug_1,Tapo P110,P110,fridge,a7c73018,multi_cycle,1.0,104.759,241.604,0.728,0.008,0.24,,on,-65,,2 hour NILM fridge session
2026-06-11T09:01:16.376452+00:00,2026-06-11 14:31:16,Anllia,plug_1,Tapo P110,P110,fridge,a7c73018,multi_cycle,1.0,103.804,241.933,0.728,0.008,0.24,,on,-66,,2 hour NILM fridge session
2026-06-11T09:01:17.649364+00:00,2026-06-11 14:31:17,Anllia,plug_1,Tapo P110,P110,fridge,a7c73018,multi_cycle,1.0,104.35,241.933,0.73,0.008,0.24,,on,-65,,2 hour NILM fridge session
2026-06-11T09:01:19.016261+00:00,2026-06-11 14:31:19,Anllia,plug_1,Tapo P110,P110,fridge,a7c73018,multi_cycle,1.0,105.2,241.933,0.73,0.008,0.24,,on,-65,,2 hour NILM fridge session
2026-06-11T09:01:20.282929+00:00,2026-06-11 14:31:20,Anllia,plug_1,Tapo P110,P110,fridge,a7c73018,multi_cycle,1.0,104.04,243.153,0.73,0.008,0.24,,on,-65,,2 hour NILM fridge session
2026-06-11T09:01:21.537886+00:00,2026-06-11 14:31:21,Anllia,plug_1,Tapo P110,P110,fridge,a7c73018,multi_cycle,1.0,103.524,243.153,0.733,0.008,0.24,,on,-65,,2 hour NILM fridge session
2026-06-11T09:01:24.352144+00:00,2026-06-11 14:31:24,Anllia,plug_1,Tapo P110,P110,fridge,a7c73018,multi_cycle,1.0,102.918,242.443,0.733,0.008,0.24,,on,-65,,2 hour NILM fridge session
2026-06-11T09:01:25.680734+00:00,2026-06-11 14:31:25,Anllia,plug_1,Tapo P110,P110,fridge,a7c73018,multi_cycle,1.0,103.088,242.464,0.727,0.008,0.24,,on,-65,,2 hour NILM fridge session
2026-06-11T09:01:26.955695+00:00,2026-06-11 14:31:26,Anllia,plug_1,Tapo P110,P110,fridge,a7c73018,multi_cycle,1.0,103.547,242.464,0.729,0.008,0.24,,on,-65,,2 hour NILM fridge session
2026-06-11T09:01:28.317945+00:00,2026-06-11 14:31:28,Anllia,plug_1,Tapo P110,P110,fridge,a7c73018,multi_cycle,1.0,103.122,242.938,0.729,0.008,0.241,,on,-65,,2 hour NILM fridge session
2026-06-11T09:01:29.669978+00:00,2026-06-11 14:31:29,Anllia,plug_1,Tapo P110,P110,fridge,a7c73018,multi_cycle,1.0,102.759,242.938,0.725,0.008,0.241,,on,-65,,2 hour NILM fridge session
2026-06-11T09:01:31.034094+00:00,2026-06-11 14:31:31,Anllia,plug_1,Tapo P110,P110,fridge,a7c73018,multi_cycle,1.0,104.499,242.938,0.725,0.008,0.241,,on,-65,,2 hour NILM fridge session
2026-06-11T09:01:32.352774+00:00,2026-06-11 14:31:32,Anllia,plug_1,Tapo P110,P110,fridge,a7c73018,multi_cycle,1.0,104.922,243.004,0.725,0.008,0.241,,on,-65,,2 hour NILM fridge session
2026-06-11T09:01:33.617757+00:00,2026-06-11 14:31:33,Anllia,plug_1,Tapo P110,P110,fridge,a7c73018,multi_cycle,1.0,104.427,243.004,0.731,0.008,0.241,,on,-65,,2 hour NILM fridge session
2026-06-11T09:01:34.984261+00:00,2026-06-11 14:31:34,Anllia,plug_1,Tapo P110,P110,fridge,a7c73018,multi_cycle,1.0,104.126,242.316,0.731,0.008,0.241,,on,-65,,2 hour NILM fridge session
2026-06-11T09:01:36.255002+00:00,2026-06-11 14:31:36,Anllia,plug_1,Tapo P110,P110,fridge,a7c73018,multi_cycle,1.0,104.12,242.316,0.736,0.008,0.241,,on,-66,,2 hour NILM fridge session
2026-06-11T09:01:37.533780+00:00,2026-06-11 14:31:37,Anllia,plug_1,Tapo P110,P110,fridge,a7c73018,multi_cycle,1.0,104.12,241.71,0.736,0.009,0.241,,on,-65,,2 hour NILM fridge session
2026-06-11T09:01:38.883515+00:00,2026-06-11 14:31:38,Anllia,plug_1,Tapo P110,P110,fridge,a7c73018,multi_cycle,1.0,103.695,241.71,0.731,0.009,0.241,,on,-66,,2 hour NILM fridge session
2026-06-11T09:01:40.129550+00:00,2026-06-11 14:31:40,Anllia,plug_1,Tapo P110,P110,fridge,a7c73018,multi_cycle,1.0,103.217,242.249,0.731,0.009,0.241,,on,-65,,2 hour NILM fridge session
2026-06-11T09:01:41.481688+00:00,2026-06-11 14:31:41,Anllia,plug_1,Tapo P110,P110,fridge,a7c73018,multi_cycle,1.0,104.614,242.249,0.731,0.009,0.241,,on,-66,,2 hour NILM fridge session
2026-06-11T09:01:42.834115+00:00,2026-06-11 14:31:42,Anllia,plug_1,Tapo P110,P110,fridge,a7c73018,multi_cycle,1.0,105.202,242.249,0.744,0.009,0.241,,on,-66,,2 hour NILM fridge session
2026-06-11T09:01:44.196450+00:00,2026-06-11 14:31:44,Anllia,plug_1,Tapo P110,P110,fridge,a7c73018,multi_cycle,1.0,105.242,242.413,0.744,0.009,0.241,,on,-68,,2 hour NILM fridge session
2026-06-11T09:01:45.463503+00:00,2026-06-11 14:31:45,Anllia,plug_1,Tapo P110,P110,fridge,a7c73018,multi_cycle,1.0,104.603,242.413,0.742,0.009,0.241,,on,-60,,2 hour NILM fridge session
2026-06-11T09:01:46.718897+00:00,2026-06-11 14:31:46,Anllia,plug_1,Tapo P110,P110,fridge,a7c73018,multi_cycle,1.0,104.027,242.192,0.742,0.009,0.241,,on,-62,,2 hour NILM fridge session
2026-06-11T09:01:48.115154+00:00,2026-06-11 14:31:48,Anllia,plug_1,Tapo P110,P110,fridge,a7c73018,multi_cycle,1.0,104.027,242.192,0.735,0.009,0.241,,on,-65,,2 hour NILM fridge session
2026-06-11T09:01:49.385256+00:00,2026-06-11 14:31:49,Anllia,plug_1,Tapo P110,P110,fridge,a7c73018,multi_cycle,1.0,104.246,242.969,0.735,0.009,0.241,,on,-65,,2 hour NILM fridge session
2026-06-11T09:01:50.643085+00:00,2026-06-11 14:31:50,Anllia,plug_1,Tapo P110,P110,fridge,a7c73018,multi_cycle,1.0,103.421,242.969,0.73,0.009,0.241,,on,-64,,2 hour NILM fridge session
2026-06-11T09:01:51.982176+00:00,2026-06-11 14:31:51,Anllia,plug_1,Tapo P110,P110,fridge,a7c73018,multi_cycle,1.0,102.953,242.969,0.73,0.009,0.241,,on,-64,,2 hour NILM fridge session
2026-06-11T09:01:53.251379+00:00,2026-06-11 14:31:53,Anllia,plug_1,Tapo P110,P110,fridge,a7c73018,multi_cycle,1.0,102.977,243.009,0.73,0.009,0.241,,on,-65,,2 hour NILM fridge session
2026-06-11T09:01:54.564672+00:00,2026-06-11 14:31:54,Anllia,plug_1,Tapo P110,P110,fridge,a7c73018,multi_cycle,1.0,102.808,243.009,0.727,0.009,0.241,,on,-64,,2 hour NILM fridge session
2026-06-11T09:01:55.912906+00:00,2026-06-11 14:31:55,Anllia,plug_1,Tapo P110,P110,fridge,a7c73018,multi_cycle,1.0,103.234,243.133,0.727,0.009,0.241,,on,-64,,2 hour NILM fridge session
2026-06-11T09:01:57.168130+00:00,2026-06-11 14:31:57,Anllia,plug_1,Tapo P110,P110,fridge,a7c73018,multi_cycle,1.0,103.234,243.133,0.738,0.009,0.241,,on,-64,,2 hour NILM fridge session
2026-06-11T09:01:58.516516+00:00,2026-06-11 14:31:58,Anllia,plug_1,Tapo P110,P110,fridge,a7c73018,multi_cycle,1.0,104.795,242.878,0.738,0.009,0.241,,on,-64,,2 hour NILM fridge session
2026-06-11T09:02:00.045037+00:00,2026-06-11 14:32:00,Anllia,plug_1,Tapo P110,P110,fridge,a7c73018,multi_cycle,1.0,103.813,242.878,0.738,0.009,0.241,,on,-64,,2 hour NILM fridge session
2026-06-11T09:02:01.392207+00:00,2026-06-11 14:32:01,Anllia,plug_1,Tapo P110,P110,fridge,a7c73018,multi_cycle,1.0,104.402,241.848,0.738,0.009,0.241,,on,-65,,2 hour NILM fridge session
2026-06-11T09:02:02.643478+00:00,2026-06-11 14:32:02,Anllia,plug_1,Tapo P110,P110,fridge,a7c73018,multi_cycle,1.0,103.951,241.848,0.738,0.009,0.242,,on,-65,,2 hour NILM fridge session
2026-06-11T09:02:03.978372+00:00,2026-06-11 14:32:03,Anllia,plug_1,Tapo P110,P110,fridge,a7c73018,multi_cycle,1.0,104.813,241.848,0.732,0.009,0.242,,on,-64,,2 hour NILM fridge session
2026-06-11T09:02:05.253283+00:00,2026-06-11 14:32:05,Anllia,plug_1,Tapo P110,P110,fridge,a7c73018,multi_cycle,1.0,105.183,241.564,0.732,0.009,0.242,,on,-65,,2 hour NILM fridge session
2026-06-11T09:02:06.612407+00:00,2026-06-11 14:32:06,Anllia,plug_1,Tapo P110,P110,fridge,a7c73018,multi_cycle,1.0,104.387,241.564,0.729,0.009,0.242,,on,-65,,2 hour NILM fridge session
2026-06-11T09:02:07.898197+00:00,2026-06-11 14:32:07,Anllia,plug_1,Tapo P110,P110,fridge,a7c73018,multi_cycle,1.0,103.986,242.253,0.729,0.009,0.242,,on,-64,,2 hour NILM fridge session
2026-06-11T09:02:09.210767+00:00,2026-06-11 14:32:09,Anllia,plug_1,Tapo P110,P110,fridge,a7c73018,multi_cycle,1.0,103.986,242.253,0.727,0.009,0.242,,on,-64,,2 hour NILM fridge session
2026-06-11T09:02:10.477947+00:00,2026-06-11 14:32:10,Anllia,plug_1,Tapo P110,P110,fridge,a7c73018,multi_cycle,1.0,104.146,242.349,0.727,0.009,0.242,,on,-64,,2 hour NILM fridge session
2026-06-11T09:02:12.008775+00:00,2026-06-11 14:32:12,Anllia,plug_1,Tapo P110,P110,fridge,a7c73018,multi_cycle,1.0,104.734,242.349,0.726,0.009,0.242,,on,-66,,2 hour NILM fridge session
2026-06-11T09:02:13.276781+00:00,2026-06-11 14:32:13,Anllia,plug_1,Tapo P110,P110,fridge,a7c73018,multi_cycle,1.0,104.5,242.799,0.726,0.01,0.242,,on,-61,,2 hour NILM fridge session
2026-06-11T09:02:14.593252+00:00,2026-06-11 14:32:14,Anllia,plug_1,Tapo P110,P110,fridge,a7c73018,multi_cycle,1.0,104.676,242.799,0.726,0.01,0.242,,on,-64,,2 hour NILM fridge session
2026-06-11T09:02:15.874225+00:00,2026-06-11 14:32:15,Anllia,plug_1,Tapo P110,P110,fridge,a7c73018,multi_cycle,1.0,104.917,242.799,0.738,0.01,0.242,,on,-62,,2 hour NILM fridge session
2026-06-11T09:02:17.220417+00:00,2026-06-11 14:32:17,Anllia,plug_1,Tapo P110,P110,fridge,a7c73018,multi_cycle,1.0,104.306,242.806,0.738,0.01,0.242,,on,-70,,2 hour NILM fridge session
2026-06-11T09:02:18.588860+00:00,2026-06-11 14:32:18,Anllia,plug_1,Tapo P110,P110,fridge,a7c73018,multi_cycle,1.0,103.8,242.806,0.732,0.01,0.242,,on,-65,,2 hour NILM fridge session
2026-06-11T09:02:19.851059+00:00,2026-06-11 14:32:19,Anllia,plug_1,Tapo P110,P110,fridge,a7c73018,multi_cycle,1.0,103.548,242.533,0.732,0.01,0.242,,on,-64,,2 hour NILM fridge session
2026-06-11T09:02:21.167867+00:00,2026-06-11 14:32:21,Anllia,plug_1,Tapo P110,P110,fridge,a7c73018,multi_cycle,1.0,103.548,242.533,0.732,0.01,0.242,,on,-67,,2 hour NILM fridge session
2026-06-11T09:02:22.536424+00:00,2026-06-11 14:32:22,Anllia,plug_1,Tapo P110,P110,fridge,a7c73018,multi_cycle,1.0,103.656,243.202,0.732,0.01,0.242,,on,-67,,2 hour NILM fridge session
2026-06-11T09:02:23.884714+00:00,2026-06-11 14:32:23,Anllia,plug_1,Tapo P110,P110,fridge,a7c73018,multi_cycle,1.0,103.43,243.202,0.73,0.01,0.242,,on,-65,,2 hour NILM fridge session
2026-06-11T09:02:25.143490+00:00,2026-06-11 14:32:25,Anllia,plug_1,Tapo P110,P110,fridge,a7c73018,multi_cycle,1.0,103.637,243.202,0.73,0.01,0.242,,on,-66,,2 hour NILM fridge session
2026-06-11T09:02:26.599059+00:00,2026-06-11 14:32:26,Anllia,plug_1,Tapo P110,P110,fridge,a7c73018,multi_cycle,1.0,104.68,242.78,0.73,0.01,0.242,,on,-64,,2 hour NILM fridge session
2026-06-11T09:02:27.845663+00:00,2026-06-11 14:32:27,Anllia,plug_1,Tapo P110,P110,fridge,a7c73018,multi_cycle,1.0,104.669,242.78,0.739,0.01,0.242,,on,-65,,2 hour NILM fridge session
2026-06-11T09:02:29.159153+00:00,2026-06-11 14:32:29,Anllia,plug_1,Tapo P110,P110,fridge,a7c73018,multi_cycle,1.0,104.69,242.423,0.739,0.01,0.242,,on,-65,,2 hour NILM fridge session
2026-06-11T09:02:30.446911+00:00,2026-06-11 14:32:30,Anllia,plug_1,Tapo P110,P110,fridge,a7c73018,multi_cycle,1.0,104.526,242.423,0.74,0.01,0.242,,on,-64,,2 hour NILM fridge session
2026-06-11T09:02:31.883570+00:00,2026-06-11 14:32:31,Anllia,plug_1,Tapo P110,P110,fridge,a7c73018,multi_cycle,1.0,104.526,242.078,0.74,0.01,0.242,,on,-65,,2 hour NILM fridge session
2026-06-11T09:02:33.236915+00:00,2026-06-11 14:32:33,Anllia,plug_1,Tapo P110,P110,fridge,a7c73018,multi_cycle,1.0,104.405,242.078,0.745,0.01,0.242,,on,-64,,2 hour NILM fridge session
2026-06-11T09:02:34.584081+00:00,2026-06-11 14:32:34,Anllia,plug_1,Tapo P110,P110,fridge,a7c73018,multi_cycle,1.0,104.433,241.771,0.745,0.01,0.242,,on,-65,,2 hour NILM fridge session
2026-06-11T09:02:35.876995+00:00,2026-06-11 14:32:35,Anllia,plug_1,Tapo P110,P110,fridge,a7c73018,multi_cycle,1.0,104.177,241.771,0.747,0.01,0.242,,on,-64,,2 hour NILM fridge session
2026-06-11T09:02:37.190189+00:00,2026-06-11 14:32:37,Anllia,plug_1,Tapo P110,P110,fridge,a7c73018,multi_cycle,1.0,104.695,241.771,0.747,0.01,0.243,,on,-65,,2 hour NILM fridge session
2026-06-11T09:02:38.455573+00:00,2026-06-11 14:32:38,Anllia,plug_1,Tapo P110,P110,fridge,a7c73018,multi_cycle,1.0,104.821,242.309,0.747,0.01,0.243,,on,-64,,2 hour NILM fridge session
2026-06-11T09:02:39.702112+00:00,2026-06-11 14:32:39,Anllia,plug_1,Tapo P110,P110,fridge,a7c73018,multi_cycle,1.0,104.86,242.309,0.747,0.01,0.243,,on,-68,,2 hour NILM fridge session
2026-06-11T09:02:41.138415+00:00,2026-06-11 14:32:41,Anllia,plug_1,Tapo P110,P110,fridge,a7c73018,multi_cycle,1.0,104.357,242.05,0.747,0.01,0.243,,on,-75,,2 hour NILM fridge session
2026-06-11T09:02:42.405234+00:00,2026-06-11 14:32:42,Anllia,plug_1,Tapo P110,P110,fridge,a7c73018,multi_cycle,1.0,104.357,242.05,0.731,0.01,0.243,,on,-66,,2 hour NILM fridge session
2026-06-11T09:02:43.770568+00:00,2026-06-11 14:32:43,Anllia,plug_1,Tapo P110,P110,fridge,a7c73018,multi_cycle,1.0,103.965,242.031,0.731,0.01,0.243,,on,-79,,2 hour NILM fridge session
2026-06-11T09:02:45.039421+00:00,2026-06-11 14:32:45,Anllia,plug_1,Tapo P110,P110,fridge,a7c73018,multi_cycle,1.0,103.932,242.031,0.73,0.01,0.243,,on,-67,,2 hour NILM fridge session
2026-06-11T09:02:46.420185+00:00,2026-06-11 14:32:46,Anllia,plug_1,Tapo P110,P110,fridge,a7c73018,multi_cycle,1.0,103.739,242.031,0.73,0.01,0.243,,on,-64,,2 hour NILM fridge session
2026-06-11T09:02:47.803698+00:00,2026-06-11 14:32:47,Anllia,plug_1,Tapo P110,P110,fridge,a7c73018,multi_cycle,1.0,103.681,242.635,0.73,0.011,0.243,,on,-65,,2 hour NILM fridge session
2026-06-11T09:02:49.122295+00:00,2026-06-11 14:32:49,Anllia,plug_1,Tapo P110,P110,fridge,a7c73018,multi_cycle,1.0,104.588,242.635,0.731,0.011,0.243,,on,-64,,2 hour NILM fridge session
2026-06-11T09:02:50.440200+00:00,2026-06-11 14:32:50,Anllia,plug_1,Tapo P110,P110,fridge,a7c73018,multi_cycle,1.0,104.595,243.197,0.731,0.011,0.243,,on,-65,,2 hour NILM fridge session
2026-06-11T09:02:51.859395+00:00,2026-06-11 14:32:51,Anllia,plug_1,Tapo P110,P110,fridge,a7c73018,multi_cycle,1.0,104.62,243.197,0.732,0.011,0.243,,on,-65,,2 hour NILM fridge session
2026-06-11T09:02:53.181597+00:00,2026-06-11 14:32:53,Anllia,plug_1,Tapo P110,P110,fridge,a7c73018,multi_cycle,1.0,104.392,243.215,0.732,0.011,0.243,,on,-66,,2 hour NILM fridge session
2026-06-11T09:02:54.428206+00:00,2026-06-11 14:32:54,Anllia,plug_1,Tapo P110,P110,fridge,a7c73018,multi_cycle,1.0,104.392,243.215,0.731,0.011,0.243,,on,-65,,2 hour NILM fridge session
2026-06-11T09:02:55.786773+00:00,2026-06-11 14:32:55,Anllia,plug_1,Tapo P110,P110,fridge,a7c73018,multi_cycle,1.0,103.74,242.684,0.731,0.011,0.243,,on,-70,,2 hour NILM fridge session
2026-06-11T09:02:57.023121+00:00,2026-06-11 14:32:57,Anllia,plug_1,Tapo P110,P110,fridge,a7c73018,multi_cycle,1.0,103.446,242.684,0.731,0.011,0.243,,on,-67,,2 hour NILM fridge session
2026-06-11T09:02:58.384743+00:00,2026-06-11 14:32:58,Anllia,plug_1,Tapo P110,P110,fridge,a7c73018,multi_cycle,1.0,103.493,242.684,0.728,0.011,0.243,,on,-71,,2 hour NILM fridge session
2026-06-11T09:02:59.638387+00:00,2026-06-11 14:32:59,Anllia,plug_1,Tapo P110,P110,fridge,a7c73018,multi_cycle,1.0,104.613,242.418,0.728,0.011,0.243,,on,-66,,2 hour NILM fridge session
2026-06-11T09:03:01.002534+00:00,2026-06-11 14:33:01,Anllia,plug_1,Tapo P110,P110,fridge,a7c73018,multi_cycle,1.0,103.95,242.418,0.739,0.011,0.243,,on,-68,,2 hour NILM fridge session
2026-06-11T09:03:02.449201+00:00,2026-06-11 14:33:02,Anllia,plug_1,Tapo P110,P110,fridge,a7c73018,multi_cycle,1.0,104.079,242.242,0.739,0.011,0.243,,on,-62,,2 hour NILM fridge session
2026-06-11T09:03:03.847534+00:00,2026-06-11 14:33:03,Anllia,plug_1,Tapo P110,P110,fridge,a7c73018,multi_cycle,1.0,103.772,242.242,0.742,0.011,0.243,,on,-67,,2 hour NILM fridge session
2026-06-11T09:03:05.111754+00:00,2026-06-11 14:33:05,Anllia,plug_1,Tapo P110,P110,fridge,a7c73018,multi_cycle,1.0,103.772,242.266,0.742,0.011,0.243,,on,-65,,2 hour NILM fridge session
2026-06-11T09:03:06.518464+00:00,2026-06-11 14:33:06,Anllia,plug_1,Tapo P110,P110,fridge,a7c73018,multi_cycle,1.0,103.557,242.266,0.737,0.011,0.243,,on,-63,,2 hour NILM fridge session
2026-06-11T09:03:07.773111+00:00,2026-06-11 14:33:07,Anllia,plug_1,Tapo P110,P110,fridge,a7c73018,multi_cycle,1.0,103.403,242.096,0.737,0.011,0.243,,on,-63,,2 hour NILM fridge session
2026-06-11T09:03:09.115377+00:00,2026-06-11 14:33:09,Anllia,plug_1,Tapo P110,P110,fridge,a7c73018,multi_cycle,1.0,103.319,242.096,0.737,0.011,0.243,,on,-64,,2 hour NILM fridge session
2026-06-11T09:03:10.379091+00:00,2026-06-11 14:33:10,Anllia,plug_1,Tapo P110,P110,fridge,a7c73018,multi_cycle,1.0,102.92,242.096,0.737,0.011,0.243,,on,-65,,2 hour NILM fridge session
2026-06-11T09:03:11.746096+00:00,2026-06-11 14:33:11,Anllia,plug_1,Tapo P110,P110,fridge,a7c73018,multi_cycle,1.0,103.054,241.955,0.737,0.011,0.244,,on,-65,,2 hour NILM fridge session
2026-06-11T09:03:13.010963+00:00,2026-06-11 14:33:13,Anllia,plug_1,Tapo P110,P110,fridge,a7c73018,multi_cycle,1.0,103.613,241.955,0.74,0.011,0.244,,on,-67,,2 hour NILM fridge session
2026-06-11T09:03:14.248997+00:00,2026-06-11 14:33:14,Anllia,plug_1,Tapo P110,P110,fridge,a7c73018,multi_cycle,1.0,104.318,241.88,0.74,0.011,0.244,,on,-65,,2 hour NILM fridge session
2026-06-11T09:03:15.534213+00:00,2026-06-11 14:33:15,Anllia,plug_1,Tapo P110,P110,fridge,a7c73018,multi_cycle,1.0,104.318,241.88,0.741,0.011,0.244,,on,-65,,2 hour NILM fridge session
2026-06-11T09:03:16.796593+00:00,2026-06-11 14:33:16,Anllia,plug_1,Tapo P110,P110,fridge,a7c73018,multi_cycle,1.0,104.014,241.934,0.741,0.011,0.244,,on,-65,,2 hour NILM fridge session
2026-06-11T09:03:18.054123+00:00,2026-06-11 14:33:18,Anllia,plug_1,Tapo P110,P110,fridge,a7c73018,multi_cycle,1.0,103.869,241.934,0.741,0.011,0.244,,on,-64,,2 hour NILM fridge session
2026-06-11T09:03:19.317372+00:00,2026-06-11 14:33:19,Anllia,plug_1,Tapo P110,P110,fridge,a7c73018,multi_cycle,1.0,104.451,241.934,0.745,0.011,0.244,,on,-64,,2 hour NILM fridge session
2026-06-11T09:03:20.675581+00:00,2026-06-11 14:33:20,Anllia,plug_1,Tapo P110,P110,fridge,a7c73018,multi_cycle,1.0,104.904,241.679,0.745,0.011,0.244,,on,-62,,2 hour NILM fridge session
2026-06-11T09:03:21.950946+00:00,2026-06-11 14:33:21,Anllia,plug_1,Tapo P110,P110,fridge,a7c73018,multi_cycle,1.0,104.779,241.679,0.746,0.012,0.244,,on,-63,,2 hour NILM fridge session
2026-06-11T09:03:23.216820+00:00,2026-06-11 14:33:23,Anllia,plug_1,Tapo P110,P110,fridge,a7c73018,multi_cycle,1.0,104.779,241.753,0.746,0.012,0.244,,on,-66,,2 hour NILM fridge session
2026-06-11T09:03:24.501659+00:00,2026-06-11 14:33:24,Anllia,plug_1,Tapo P110,P110,fridge,a7c73018,multi_cycle,1.0,104.873,241.753,0.744,0.012,0.244,,on,-68,,2 hour NILM fridge session
2026-06-11T09:03:25.769273+00:00,2026-06-11 14:33:25,Anllia,plug_1,Tapo P110,P110,fridge,a7c73018,multi_cycle,1.0,104.516,241.637,0.744,0.012,0.244,,on,-64,,2 hour NILM fridge session
2026-06-11T09:03:27.017402+00:00,2026-06-11 14:33:27,Anllia,plug_1,Tapo P110,P110,fridge,a7c73018,multi_cycle,1.0,103.714,241.637,0.744,0.012,0.244,,on,-66,,2 hour NILM fridge session
2026-06-11T09:03:28.286175+00:00,2026-06-11 14:33:28,Anllia,plug_1,Tapo P110,P110,fridge,a7c73018,multi_cycle,1.0,103.606,241.637,0.742,0.012,0.244,,on,-63,,2 hour NILM fridge session
2026-06-11T09:03:29.618852+00:00,2026-06-11 14:33:29,Anllia,plug_1,Tapo P110,P110,fridge,a7c73018,multi_cycle,1.0,103.459,240.861,0.742,0.012,0.244,,on,-66,,2 hour NILM fridge session
2026-06-11T09:03:30.896329+00:00,2026-06-11 14:33:30,Anllia,plug_1,Tapo P110,P110,fridge,a7c73018,multi_cycle,1.0,104.226,240.861,0.731,0.012,0.244,,on,-66,,2 hour NILM fridge session
2026-06-11T09:03:32.199114+00:00,2026-06-11 14:33:32,Anllia,plug_1,Tapo P110,P110,fridge,a7c73018,multi_cycle,1.0,104.226,241.226,0.731,0.012,0.244,,on,-66,,2 hour NILM fridge session
2026-06-11T09:03:33.517726+00:00,2026-06-11 14:33:33,Anllia,plug_1,Tapo P110,P110,fridge,a7c73018,multi_cycle,1.0,104.644,241.226,0.73,0.012,0.244,,on,-65,,2 hour NILM fridge session
2026-06-11T09:03:34.825185+00:00,2026-06-11 14:33:34,Anllia,plug_1,Tapo P110,P110,fridge,a7c73018,multi_cycle,1.0,103.84,241.898,0.73,0.012,0.244,,on,-65,,2 hour NILM fridge session
2026-06-11T09:03:36.093560+00:00,2026-06-11 14:33:36,Anllia,plug_1,Tapo P110,P110,fridge,a7c73018,multi_cycle,1.0,103.861,241.898,0.73,0.012,0.244,,on,-66,,2 hour NILM fridge session
2026-06-11T09:03:37.414405+00:00,2026-06-11 14:33:37,Anllia,plug_1,Tapo P110,P110,fridge,a7c73018,multi_cycle,1.0,104.667,241.898,0.733,0.012,0.244,,on,-66,,2 hour NILM fridge session
2026-06-11T09:03:38.776940+00:00,2026-06-11 14:33:38,Anllia,plug_1,Tapo P110,P110,fridge,a7c73018,multi_cycle,1.0,104.391,241.903,0.733,0.012,0.244,,on,-65,,2 hour NILM fridge session
2026-06-11T09:03:40.048640+00:00,2026-06-11 14:33:40,Anllia,plug_1,Tapo P110,P110,fridge,a7c73018,multi_cycle,1.0,104.418,241.903,0.733,0.012,0.244,,on,-66,,2 hour NILM fridge session
2026-06-11T09:03:41.363764+00:00,2026-06-11 14:33:41,Anllia,plug_1,Tapo P110,P110,fridge,a7c73018,multi_cycle,1.0,104.418,242.422,0.733,0.012,0.244,,on,-67,,2 hour NILM fridge session
2026-06-11T09:03:44.062475+00:00,2026-06-11 14:33:44,Anllia,plug_1,Tapo P110,P110,fridge,a7c73018,multi_cycle,1.0,103.714,241.697,0.739,0.012,0.244,,on,-65,,2 hour NILM fridge session
2026-06-11T09:03:45.326133+00:00,2026-06-11 14:33:45,Anllia,plug_1,Tapo P110,P110,fridge,a7c73018,multi_cycle,1.0,102.95,241.697,0.735,0.012,0.244,,on,-66,,2 hour NILM fridge session
2026-06-11T09:03:46.722261+00:00,2026-06-11 14:33:46,Anllia,plug_1,Tapo P110,P110,fridge,a7c73018,multi_cycle,1.0,103.239,241.697,0.735,0.012,0.245,,on,-66,,2 hour NILM fridge session
2026-06-11T09:03:48.039998+00:00,2026-06-11 14:33:48,Anllia,plug_1,Tapo P110,P110,fridge,a7c73018,multi_cycle,1.0,103.123,241.841,0.735,0.012,0.245,,on,-66,,2 hour NILM fridge session
2026-06-11T09:03:49.409065+00:00,2026-06-11 14:33:49,Anllia,plug_1,Tapo P110,P110,fridge,a7c73018,multi_cycle,1.0,103.073,241.841,0.735,0.012,0.245,,on,-65,,2 hour NILM fridge session
2026-06-11T09:03:50.678448+00:00,2026-06-11 14:33:50,Anllia,plug_1,Tapo P110,P110,fridge,a7c73018,multi_cycle,1.0,103.854,241.763,0.735,0.012,0.245,,on,-66,,2 hour NILM fridge session
2026-06-11T09:03:52.025789+00:00,2026-06-11 14:33:52,Anllia,plug_1,Tapo P110,P110,fridge,a7c73018,multi_cycle,1.0,103.842,241.763,0.738,0.012,0.245,,on,-66,,2 hour NILM fridge session
2026-06-11T09:03:54.518152+00:00,2026-06-11 14:33:54,Anllia,plug_1,Tapo P110,P110,fridge,a7c73018,multi_cycle,1.0,103.842,241.506,0.738,0.012,0.245,,on,-65,,2 hour NILM fridge session
2026-06-11T09:03:55.785887+00:00,2026-06-11 14:33:55,Anllia,plug_1,Tapo P110,P110,fridge,a7c73018,multi_cycle,1.0,103.748,241.352,0.736,0.012,0.245,,on,-66,,2 hour NILM fridge session
2026-06-11T09:04:01.857417+00:00,2026-06-11 14:34:01,Anllia,plug_1,Tapo P110,P110,fridge,a7c73018,multi_cycle,1.0,103.767,241.873,0.738,0.013,0.245,,on,-65,,2 hour NILM fridge session
2026-06-11T09:04:03.101586+00:00,2026-06-11 14:34:03,Anllia,plug_1,Tapo P110,P110,fridge,a7c73018,multi_cycle,1.0,104.548,241.873,0.738,0.013,0.245,,on,-65,,2 hour NILM fridge session
2026-06-11T09:04:04.420927+00:00,2026-06-11 14:34:04,Anllia,plug_1,Tapo P110,P110,fridge,a7c73018,multi_cycle,1.0,104.068,241.873,0.737,0.013,0.245,,on,-65,,2 hour NILM fridge session
2026-06-11T09:04:05.832633+00:00,2026-06-11 14:34:05,Anllia,plug_1,Tapo P110,P110,fridge,a7c73018,multi_cycle,1.0,103.903,241.524,0.737,0.013,0.245,,on,-66,,2 hour NILM fridge session
2026-06-11T09:04:07.079415+00:00,2026-06-11 14:34:07,Anllia,plug_1,Tapo P110,P110,fridge,a7c73018,multi_cycle,1.0,104.176,241.524,0.741,0.013,0.245,,on,-66,,2 hour NILM fridge session
2026-06-11T09:04:08.394941+00:00,2026-06-11 14:34:08,Anllia,plug_1,Tapo P110,P110,fridge,a7c73018,multi_cycle,1.0,104.176,241.849,0.741,0.013,0.245,,on,-66,,2 hour NILM fridge session
2026-06-11T09:04:09.820517+00:00,2026-06-11 14:34:09,Anllia,plug_1,Tapo P110,P110,fridge,a7c73018,multi_cycle,1.0,104.095,241.849,0.738,0.013,0.245,,on,-66,,2 hour NILM fridge session
2026-06-11T09:04:11.109085+00:00,2026-06-11 14:34:11,Anllia,plug_1,Tapo P110,P110,fridge,a7c73018,multi_cycle,1.0,103.294,240.9,0.738,0.013,0.245,,on,-67,,2 hour NILM fridge session
2026-06-11T09:04:12.415931+00:00,2026-06-11 14:34:12,Anllia,plug_1,Tapo P110,P110,fridge,a7c73018,multi_cycle,1.0,103.444,240.9,0.731,0.013,0.245,,on,-66,,2 hour NILM fridge session
2026-06-11T09:04:13.815830+00:00,2026-06-11 14:34:13,Anllia,plug_1,Tapo P110,P110,fridge,a7c73018,multi_cycle,1.0,103.272,240.73,0.731,0.013,0.245,,on,-68,,2 hour NILM fridge session
2026-06-11T09:04:15.212539+00:00,2026-06-11 14:34:15,Anllia,plug_1,Tapo P110,P110,fridge,a7c73018,multi_cycle,1.0,104.34,240.73,0.731,0.013,0.245,,on,-66,,2 hour NILM fridge session
2026-06-11T09:04:16.481265+00:00,2026-06-11 14:34:16,Anllia,plug_1,Tapo P110,P110,fridge,a7c73018,multi_cycle,1.0,104.062,240.73,0.733,0.013,0.245,,on,-65,,2 hour NILM fridge session
2026-06-11T09:04:17.723918+00:00,2026-06-11 14:34:17,Anllia,plug_1,Tapo P110,P110,fridge,a7c73018,multi_cycle,1.0,103.752,241.065,0.733,0.013,0.245,,on,-67,,2 hour NILM fridge session
2026-06-11T09:04:19.032588+00:00,2026-06-11 14:34:19,Anllia,plug_1,Tapo P110,P110,fridge,a7c73018,multi_cycle,1.0,103.89,241.065,0.729,0.013,0.245,,on,-66,,2 hour NILM fridge session
2026-06-11T09:04:20.342892+00:00,2026-06-11 14:34:20,Anllia,plug_1,Tapo P110,P110,fridge,a7c73018,multi_cycle,1.0,103.89,240.828,0.729,0.013,0.245,,on,-66,,2 hour NILM fridge session
2026-06-11T09:04:21.793288+00:00,2026-06-11 14:34:21,Anllia,plug_1,Tapo P110,P110,fridge,a7c73018,multi_cycle,1.0,103.386,240.828,0.731,0.013,0.246,,on,-66,,2 hour NILM fridge session
2026-06-11T09:04:23.061653+00:00,2026-06-11 14:34:23,Anllia,plug_1,Tapo P110,P110,fridge,a7c73018,multi_cycle,1.0,104.409,241.699,0.731,0.013,0.246,,on,-65,,2 hour NILM fridge session
2026-06-11T09:04:24.757749+00:00,2026-06-11 14:34:24,Anllia,plug_1,Tapo P110,P110,fridge,a7c73018,multi_cycle,1.0,104.285,241.699,0.733,0.013,0.246,,on,-66,,2 hour NILM fridge session
2026-06-11T09:04:26.075438+00:00,2026-06-11 14:34:26,Anllia,plug_1,Tapo P110,P110,fridge,a7c73018,multi_cycle,1.0,103.999,241.513,0.733,0.013,0.246,,on,-66,,2 hour NILM fridge session
2026-06-11T09:04:27.338038+00:00,2026-06-11 14:34:27,Anllia,plug_1,Tapo P110,P110,fridge,a7c73018,multi_cycle,1.0,103.722,241.513,0.733,0.013,0.246,,on,-66,,2 hour NILM fridge session
2026-06-11T09:04:28.584474+00:00,2026-06-11 14:34:28,Anllia,plug_1,Tapo P110,P110,fridge,a7c73018,multi_cycle,1.0,103.573,241.513,0.728,0.013,0.246,,on,-67,,2 hour NILM fridge session
2026-06-11T09:04:29.941224+00:00,2026-06-11 14:34:29,Anllia,plug_1,Tapo P110,P110,fridge,a7c73018,multi_cycle,1.0,103.23,241.543,0.728,0.013,0.246,,on,-66,,2 hour NILM fridge session
2026-06-11T09:04:31.232182+00:00,2026-06-11 14:34:31,Anllia,plug_1,Tapo P110,P110,fridge,a7c73018,multi_cycle,1.0,102.983,241.543,0.724,0.014,0.246,,on,-66,,2 hour NILM fridge session
2026-06-11T09:04:32.847110+00:00,2026-06-11 14:34:32,Anllia,plug_1,Tapo P110,P110,fridge,a7c73018,multi_cycle,1.0,103.435,241.09,0.724,0.014,0.246,,on,-67,,2 hour NILM fridge session
2026-06-11T09:04:34.185695+00:00,2026-06-11 14:34:34,Anllia,plug_1,Tapo P110,P110,fridge,a7c73018,multi_cycle,1.0,103.291,241.09,0.722,0.014,0.246,,on,-65,,2 hour NILM fridge session
2026-06-11T09:04:35.438667+00:00,2026-06-11 14:34:35,Anllia,plug_1,Tapo P110,P110,fridge,a7c73018,multi_cycle,1.0,103.291,241.611,0.722,0.014,0.246,,on,-65,,2 hour NILM fridge session
2026-06-11T09:04:36.765754+00:00,2026-06-11 14:34:36,Anllia,plug_1,Tapo P110,P110,fridge,a7c73018,multi_cycle,1.0,103.11,241.611,0.726,0.014,0.246,,on,-65,,2 hour NILM fridge session
2026-06-11T09:04:38.128984+00:00,2026-06-11 14:34:38,Anllia,plug_1,Tapo P110,P110,fridge,a7c73018,multi_cycle,1.0,102.81,241.672,0.726,0.014,0.246,,on,-65,,2 hour NILM fridge session
2026-06-11T09:04:39.401895+00:00,2026-06-11 14:34:39,Anllia,plug_1,Tapo P110,P110,fridge,a7c73018,multi_cycle,1.0,103.123,241.672,0.726,0.014,0.246,,on,-68,,2 hour NILM fridge session
2026-06-11T09:04:40.739774+00:00,2026-06-11 14:34:40,Anllia,plug_1,Tapo P110,P110,fridge,a7c73018,multi_cycle,1.0,103.462,241.672,0.727,0.014,0.246,,on,-65,,2 hour NILM fridge session
2026-06-11T09:04:42.021644+00:00,2026-06-11 14:34:42,Anllia,plug_1,Tapo P110,P110,fridge,a7c73018,multi_cycle,1.0,103.462,241.662,0.727,0.014,0.246,,on,-67,,2 hour NILM fridge session
2026-06-11T09:04:44.466775+00:00,2026-06-11 14:34:44,Anllia,plug_1,Tapo P110,P110,fridge,a7c73018,multi_cycle,1.0,103.532,241.662,0.726,0.014,0.246,,on,-68,,2 hour NILM fridge session
2026-06-11T09:04:45.802304+00:00,2026-06-11 14:34:45,Anllia,plug_1,Tapo P110,P110,fridge,a7c73018,multi_cycle,1.0,103.746,241.662,0.727,0.014,0.246,,on,-65,,2 hour NILM fridge session
2026-06-11T09:04:47.070596+00:00,2026-06-11 14:34:47,Anllia,plug_1,Tapo P110,P110,fridge,a7c73018,multi_cycle,1.0,103.856,241.618,0.727,0.014,0.246,,on,-66,,2 hour NILM fridge session
2026-06-11T09:04:48.434056+00:00,2026-06-11 14:34:48,Anllia,plug_1,Tapo P110,P110,fridge,a7c73018,multi_cycle,1.0,104.163,241.618,0.727,0.014,0.246,,on,-65,,2 hour NILM fridge session
2026-06-11T09:04:49.914779+00:00,2026-06-11 14:34:49,Anllia,plug_1,Tapo P110,P110,fridge,a7c73018,multi_cycle,1.0,104.03,241.618,0.727,0.014,0.246,,on,-66,,2 hour NILM fridge session
2026-06-11T09:04:51.361308+00:00,2026-06-11 14:34:51,Anllia,plug_1,Tapo P110,P110,fridge,a7c73018,multi_cycle,1.0,104.904,241.098,0.727,0.014,0.246,,on,-68,,2 hour NILM fridge session
2026-06-11T09:04:52.711873+00:00,2026-06-11 14:34:52,Anllia,plug_1,Tapo P110,P110,fridge,a7c73018,multi_cycle,1.0,103.866,241.098,0.73,0.014,0.246,,on,-67,,2 hour NILM fridge session
2026-06-11T09:04:54.064593+00:00,2026-06-11 14:34:54,Anllia,plug_1,Tapo P110,P110,fridge,a7c73018,multi_cycle,1.0,104.08,241.108,0.73,0.014,0.246,,on,-66,,2 hour NILM fridge session
2026-06-11T09:04:55.310507+00:00,2026-06-11 14:34:55,Anllia,plug_1,Tapo P110,P110,fridge,a7c73018,multi_cycle,1.0,103.636,241.108,0.73,0.014,0.247,,on,-66,,2 hour NILM fridge session
2026-06-11T09:04:56.609437+00:00,2026-06-11 14:34:56,Anllia,plug_1,Tapo P110,P110,fridge,a7c73018,multi_cycle,1.0,103.636,240.721,0.73,0.014,0.247,,on,-66,,2 hour NILM fridge session
2026-06-11T09:04:57.900434+00:00,2026-06-11 14:34:57,Anllia,plug_1,Tapo P110,P110,fridge,a7c73018,multi_cycle,1.0,103.812,240.721,0.729,0.014,0.247,,on,-66,,2 hour NILM fridge session
2026-06-11T09:04:59.214483+00:00,2026-06-11 14:34:59,Anllia,plug_1,Tapo P110,P110,fridge,a7c73018,multi_cycle,1.0,103.575,240.803,0.729,0.014,0.247,,on,-67,,2 hour NILM fridge session
2026-06-11T09:05:00.537971+00:00,2026-06-11 14:35:00,Anllia,plug_1,Tapo P110,P110,fridge,a7c73018,multi_cycle,1.0,104.005,240.803,0.732,0.014,0.247,,on,-66,,2 hour NILM fridge session
2026-06-11T09:05:01.822195+00:00,2026-06-11 14:35:01,Anllia,plug_1,Tapo P110,P110,fridge,a7c73018,multi_cycle,1.0,104.221,240.803,0.732,0.014,0.247,,on,-66,,2 hour NILM fridge session
2026-06-11T09:05:03.071097+00:00,2026-06-11 14:35:03,Anllia,plug_1,Tapo P110,P110,fridge,a7c73018,multi_cycle,1.0,103.909,240.625,0.732,0.014,0.247,,on,-67,,2 hour NILM fridge session
2026-06-11T09:05:04.318114+00:00,2026-06-11 14:35:04,Anllia,plug_1,Tapo P110,P110,fridge,a7c73018,multi_cycle,1.0,103.63,240.625,0.73,0.014,0.247,,on,-66,,2 hour NILM fridge session
2026-06-11T09:05:05.714936+00:00,2026-06-11 14:35:05,Anllia,plug_1,Tapo P110,P110,fridge,a7c73018,multi_cycle,1.0,103.63,240.507,0.73,0.015,0.247,,on,-66,,2 hour NILM fridge session
2026-06-11T09:05:07.026477+00:00,2026-06-11 14:35:07,Anllia,plug_1,Tapo P110,P110,fridge,a7c73018,multi_cycle,1.0,103.736,240.507,0.731,0.015,0.247,,on,-67,,2 hour NILM fridge session
2026-06-11T09:05:08.295777+00:00,2026-06-11 14:35:08,Anllia,plug_1,Tapo P110,P110,fridge,a7c73018,multi_cycle,1.0,103.498,240.683,0.731,0.015,0.247,,on,-67,,2 hour NILM fridge session
2026-06-11T09:05:09.661321+00:00,2026-06-11 14:35:09,Anllia,plug_1,Tapo P110,P110,fridge,a7c73018,multi_cycle,1.0,103.458,240.683,0.73,0.015,0.247,,on,-66,,2 hour NILM fridge session
2026-06-11T09:05:10.907174+00:00,2026-06-11 14:35:10,Anllia,plug_1,Tapo P110,P110,fridge,a7c73018,multi_cycle,1.0,103.035,240.683,0.73,0.015,0.247,,on,-66,,2 hour NILM fridge session
2026-06-11T09:05:12.456120+00:00,2026-06-11 14:35:12,Anllia,plug_1,Tapo P110,P110,fridge,a7c73018,multi_cycle,1.0,103.688,241.097,0.73,0.015,0.247,,on,-66,,2 hour NILM fridge session
2026-06-11T09:05:13.809842+00:00,2026-06-11 14:35:13,Anllia,plug_1,Tapo P110,P110,fridge,a7c73018,multi_cycle,1.0,103.428,241.097,0.732,0.015,0.247,,on,-66,,2 hour NILM fridge session
2026-06-11T09:05:15.126754+00:00,2026-06-11 14:35:15,Anllia,plug_1,Tapo P110,P110,fridge,a7c73018,multi_cycle,1.0,103.889,241.687,0.732,0.015,0.247,,on,-66,,2 hour NILM fridge session
2026-06-11T09:05:16.491869+00:00,2026-06-11 14:35:16,Anllia,plug_1,Tapo P110,P110,fridge,a7c73018,multi_cycle,1.0,103.37,241.687,0.734,0.015,0.247,,on,-67,,2 hour NILM fridge session
2026-06-11T09:05:17.919674+00:00,2026-06-11 14:35:17,Anllia,plug_1,Tapo P110,P110,fridge,a7c73018,multi_cycle,1.0,103.241,241.685,0.734,0.015,0.247,,on,-66,,2 hour NILM fridge session
2026-06-11T09:05:19.286346+00:00,2026-06-11 14:35:19,Anllia,plug_1,Tapo P110,P110,fridge,a7c73018,multi_cycle,1.0,103.241,241.685,0.733,0.015,0.247,,on,-66,,2 hour NILM fridge session
2026-06-11T09:05:20.678196+00:00,2026-06-11 14:35:20,Anllia,plug_1,Tapo P110,P110,fridge,a7c73018,multi_cycle,1.0,102.814,241.272,0.733,0.015,0.247,,on,-66,,2 hour NILM fridge session
2026-06-11T09:05:21.919098+00:00,2026-06-11 14:35:21,Anllia,plug_1,Tapo P110,P110,fridge,a7c73018,multi_cycle,1.0,103.109,241.272,0.737,0.015,0.247,,on,-66,,2 hour NILM fridge session
2026-06-11T09:05:23.371852+00:00,2026-06-11 14:35:23,Anllia,plug_1,Tapo P110,P110,fridge,a7c73018,multi_cycle,1.0,103.173,241.694,0.737,0.015,0.247,,on,-66,,2 hour NILM fridge session
2026-06-11T09:05:24.715047+00:00,2026-06-11 14:35:24,Anllia,plug_1,Tapo P110,P110,fridge,a7c73018,multi_cycle,1.0,103.553,241.694,0.742,0.015,0.247,,on,-66,,2 hour NILM fridge session
2026-06-11T09:05:25.980462+00:00,2026-06-11 14:35:25,Anllia,plug_1,Tapo P110,P110,fridge,a7c73018,multi_cycle,1.0,103.511,241.694,0.742,0.015,0.247,,on,-66,,2 hour NILM fridge session
2026-06-11T09:05:27.294196+00:00,2026-06-11 14:35:27,Anllia,plug_1,Tapo P110,P110,fridge,a7c73018,multi_cycle,1.0,103.477,242.037,0.742,0.015,0.247,,on,-66,,2 hour NILM fridge session
2026-06-11T09:05:28.744596+00:00,2026-06-11 14:35:28,Anllia,plug_1,Tapo P110,P110,fridge,a7c73018,multi_cycle,1.0,103.18,242.037,0.738,0.015,0.247,,on,-67,,2 hour NILM fridge session
2026-06-11T09:05:30.080294+00:00,2026-06-11 14:35:30,Anllia,plug_1,Tapo P110,P110,fridge,a7c73018,multi_cycle,1.0,103.821,242.106,0.738,0.015,0.247,,on,-66,,2 hour NILM fridge session
2026-06-11T09:05:31.339220+00:00,2026-06-11 14:35:31,Anllia,plug_1,Tapo P110,P110,fridge,a7c73018,multi_cycle,1.0,103.814,242.106,0.738,0.015,0.248,,on,-66,,2 hour NILM fridge session
2026-06-11T09:05:32.656510+00:00,2026-06-11 14:35:32,Anllia,plug_1,Tapo P110,P110,fridge,a7c73018,multi_cycle,1.0,103.814,242.225,0.738,0.015,0.248,,on,-66,,2 hour NILM fridge session
2026-06-11T09:05:33.914703+00:00,2026-06-11 14:35:33,Anllia,plug_1,Tapo P110,P110,fridge,a7c73018,multi_cycle,1.0,103.76,242.225,0.741,0.015,0.248,,on,-66,,2 hour NILM fridge session
2026-06-11T09:05:35.257540+00:00,2026-06-11 14:35:35,Anllia,plug_1,Tapo P110,P110,fridge,a7c73018,multi_cycle,1.0,103.493,242.171,0.741,0.015,0.248,,on,-66,,2 hour NILM fridge session
2026-06-11T09:05:36.526581+00:00,2026-06-11 14:35:36,Anllia,plug_1,Tapo P110,P110,fridge,a7c73018,multi_cycle,1.0,103.346,242.171,0.741,0.015,0.248,,on,-66,,2 hour NILM fridge session
2026-06-11T09:05:37.892163+00:00,2026-06-11 14:35:37,Anllia,plug_1,Tapo P110,P110,fridge,a7c73018,multi_cycle,1.0,103.422,242.171,0.734,0.015,0.248,,on,-66,,2 hour NILM fridge session
2026-06-11T09:05:39.168640+00:00,2026-06-11 14:35:39,Anllia,plug_1,Tapo P110,P110,fridge,a7c73018,multi_cycle,1.0,103.524,242.089,0.734,0.015,0.248,,on,-66,,2 hour NILM fridge session
2026-06-11T09:05:40.486187+00:00,2026-06-11 14:35:40,Anllia,plug_1,Tapo P110,P110,fridge,a7c73018,multi_cycle,1.0,103.601,242.089,0.728,0.016,0.248,,on,-66,,2 hour NILM fridge session
2026-06-11T09:05:41.735478+00:00,2026-06-11 14:35:41,Anllia,plug_1,Tapo P110,P110,fridge,a7c73018,multi_cycle,1.0,103.601,241.126,0.728,0.016,0.248,,on,-66,,2 hour NILM fridge session
2026-06-11T09:05:43.047019+00:00,2026-06-11 14:35:43,Anllia,plug_1,Tapo P110,P110,fridge,a7c73018,multi_cycle,1.0,103.229,241.126,0.731,0.016,0.248,,on,-65,,2 hour NILM fridge session
2026-06-11T09:05:44.323141+00:00,2026-06-11 14:35:44,Anllia,plug_1,Tapo P110,P110,fridge,a7c73018,multi_cycle,1.0,103.858,240.688,0.731,0.016,0.248,,on,-66,,2 hour NILM fridge session
2026-06-11T09:05:45.659218+00:00,2026-06-11 14:35:45,Anllia,plug_1,Tapo P110,P110,fridge,a7c73018,multi_cycle,1.0,103.408,240.688,0.731,0.016,0.248,,on,-66,,2 hour NILM fridge session
2026-06-11T09:05:47.106049+00:00,2026-06-11 14:35:47,Anllia,plug_1,Tapo P110,P110,fridge,a7c73018,multi_cycle,1.0,103.368,240.688,0.729,0.016,0.248,,on,-67,,2 hour NILM fridge session
2026-06-11T09:05:48.394512+00:00,2026-06-11 14:35:48,Anllia,plug_1,Tapo P110,P110,fridge,a7c73018,multi_cycle,1.0,103.892,241.399,0.729,0.016,0.248,,on,-65,,2 hour NILM fridge session
2026-06-11T09:05:49.641339+00:00,2026-06-11 14:35:49,Anllia,plug_1,Tapo P110,P110,fridge,a7c73018,multi_cycle,1.0,103.592,241.399,0.731,0.016,0.248,,on,-66,,2 hour NILM fridge session
2026-06-11T09:05:50.955117+00:00,2026-06-11 14:35:50,Anllia,plug_1,Tapo P110,P110,fridge,a7c73018,multi_cycle,1.0,103.405,241.818,0.731,0.016,0.248,,on,-65,,2 hour NILM fridge session
2026-06-11T09:05:52.323117+00:00,2026-06-11 14:35:52,Anllia,plug_1,Tapo P110,P110,fridge,a7c73018,multi_cycle,1.0,103.405,241.818,0.723,0.016,0.248,,on,-66,,2 hour NILM fridge session
2026-06-11T09:05:53.674827+00:00,2026-06-11 14:35:53,Anllia,plug_1,Tapo P110,P110,fridge,a7c73018,multi_cycle,1.0,103.88,241.849,0.723,0.016,0.248,,on,-66,,2 hour NILM fridge session
2026-06-11T09:05:54.938242+00:00,2026-06-11 14:35:54,Anllia,plug_1,Tapo P110,P110,fridge,a7c73018,multi_cycle,1.0,104.12,241.849,0.726,0.016,0.248,,on,-66,,2 hour NILM fridge session
2026-06-11T09:05:56.223502+00:00,2026-06-11 14:35:56,Anllia,plug_1,Tapo P110,P110,fridge,a7c73018,multi_cycle,1.0,103.664,241.849,0.726,0.016,0.248,,on,-66,,2 hour NILM fridge session
2026-06-11T09:05:57.466895+00:00,2026-06-11 14:35:57,Anllia,plug_1,Tapo P110,P110,fridge,a7c73018,multi_cycle,1.0,103.667,241.571,0.726,0.016,0.248,,on,-66,,2 hour NILM fridge session
2026-06-11T09:05:58.717030+00:00,2026-06-11 14:35:58,Anllia,plug_1,Tapo P110,P110,fridge,a7c73018,multi_cycle,1.0,103.405,241.571,0.724,0.016,0.248,,on,-65,,2 hour NILM fridge session
2026-06-11T09:06:00.057417+00:00,2026-06-11 14:36:00,Anllia,plug_1,Tapo P110,P110,fridge,a7c73018,multi_cycle,1.0,103.672,240.92,0.724,0.016,0.248,,on,-65,,2 hour NILM fridge session
2026-06-11T09:06:01.323346+00:00,2026-06-11 14:36:01,Anllia,plug_1,Tapo P110,P110,fridge,a7c73018,multi_cycle,1.0,103.672,240.92,0.73,0.016,0.248,,on,-65,,2 hour NILM fridge session
2026-06-11T09:06:02.619412+00:00,2026-06-11 14:36:02,Anllia,plug_1,Tapo P110,P110,fridge,a7c73018,multi_cycle,1.0,103.665,240.421,0.73,0.016,0.248,,on,-65,,2 hour NILM fridge session
2026-06-11T09:06:04.073507+00:00,2026-06-11 14:36:04,Anllia,plug_1,Tapo P110,P110,fridge,a7c73018,multi_cycle,1.0,103.234,240.421,0.728,0.016,0.248,,on,-66,,2 hour NILM fridge session
2026-06-11T09:06:05.358956+00:00,2026-06-11 14:36:05,Anllia,plug_1,Tapo P110,P110,fridge,a7c73018,multi_cycle,1.0,103.233,240.421,0.728,0.016,0.249,,on,-67,,2 hour NILM fridge session
2026-06-11T09:06:06.675830+00:00,2026-06-11 14:36:06,Anllia,plug_1,Tapo P110,P110,fridge,a7c73018,multi_cycle,1.0,103.41,240.476,0.728,0.016,0.249,,on,-65,,2 hour NILM fridge session
2026-06-11T09:06:07.947806+00:00,2026-06-11 14:36:07,Anllia,plug_1,Tapo P110,P110,fridge,a7c73018,multi_cycle,1.0,103.439,240.476,0.725,0.016,0.249,,on,-65,,2 hour NILM fridge session
2026-06-11T09:06:09.191667+00:00,2026-06-11 14:36:09,Anllia,plug_1,Tapo P110,P110,fridge,a7c73018,multi_cycle,1.0,103.514,240.585,0.725,0.016,0.249,,on,-65,,2 hour NILM fridge session
2026-06-11T09:06:10.596720+00:00,2026-06-11 14:36:10,Anllia,plug_1,Tapo P110,P110,fridge,a7c73018,multi_cycle,1.0,103.429,240.585,0.725,0.016,0.249,,on,-65,,2 hour NILM fridge session
2026-06-11T09:06:11.840893+00:00,2026-06-11 14:36:11,Anllia,plug_1,Tapo P110,P110,fridge,a7c73018,multi_cycle,1.0,103.429,240.779,0.725,0.016,0.249,,on,-66,,2 hour NILM fridge session
2026-06-11T09:06:13.104640+00:00,2026-06-11 14:36:13,Anllia,plug_1,Tapo P110,P110,fridge,a7c73018,multi_cycle,1.0,103.039,240.779,0.724,0.016,0.249,,on,-66,,2 hour NILM fridge session
2026-06-11T09:06:14.501704+00:00,2026-06-11 14:36:14,Anllia,plug_1,Tapo P110,P110,fridge,a7c73018,multi_cycle,1.0,102.945,240.858,0.724,0.016,0.249,,on,-65,,2 hour NILM fridge session
2026-06-11T09:06:15.755048+00:00,2026-06-11 14:36:15,Anllia,plug_1,Tapo P110,P110,fridge,a7c73018,multi_cycle,1.0,102.863,240.858,0.724,0.017,0.249,,on,-66,,2 hour NILM fridge session
2026-06-11T09:06:17.050863+00:00,2026-06-11 14:36:17,Anllia,plug_1,Tapo P110,P110,fridge,a7c73018,multi_cycle,1.0,102.629,240.858,0.72,0.017,0.249,,on,-66,,2 hour NILM fridge session
2026-06-11T09:06:18.319206+00:00,2026-06-11 14:36:18,Anllia,plug_1,Tapo P110,P110,fridge,a7c73018,multi_cycle,1.0,102.565,241.094,0.72,0.017,0.249,,on,-64,,2 hour NILM fridge session
2026-06-11T09:06:19.578519+00:00,2026-06-11 14:36:19,Anllia,plug_1,Tapo P110,P110,fridge,a7c73018,multi_cycle,1.0,102.595,241.094,0.72,0.017,0.249,,on,-65,,2 hour NILM fridge session
2026-06-11T09:06:20.828986+00:00,2026-06-11 14:36:20,Anllia,plug_1,Tapo P110,P110,fridge,a7c73018,multi_cycle,1.0,102.595,240.887,0.72,0.017,0.249,,on,-65,,2 hour NILM fridge session
2026-06-11T09:06:22.149100+00:00,2026-06-11 14:36:22,Anllia,plug_1,Tapo P110,P110,fridge,a7c73018,multi_cycle,1.0,103.257,240.887,0.726,0.017,0.249,,on,-66,,2 hour NILM fridge session
2026-06-11T09:06:23.419608+00:00,2026-06-11 14:36:23,Anllia,plug_1,Tapo P110,P110,fridge,a7c73018,multi_cycle,1.0,103.17,240.887,0.726,0.017,0.249,,on,-66,,2 hour NILM fridge session
2026-06-11T09:06:24.708508+00:00,2026-06-11 14:36:24,Anllia,plug_1,Tapo P110,P110,fridge,a7c73018,multi_cycle,1.0,103.207,241.31,0.726,0.017,0.249,,on,-66,,2 hour NILM fridge session
2026-06-11T09:06:26.016660+00:00,2026-06-11 14:36:26,Anllia,plug_1,Tapo P110,P110,fridge,a7c73018,multi_cycle,1.0,102.859,241.31,0.719,0.017,0.249,,on,-66,,2 hour NILM fridge session
2026-06-11T09:06:27.283934+00:00,2026-06-11 14:36:27,Anllia,plug_1,Tapo P110,P110,fridge,a7c73018,multi_cycle,1.0,103.203,241.275,0.719,0.017,0.249,,on,-66,,2 hour NILM fridge session
2026-06-11T09:06:28.605390+00:00,2026-06-11 14:36:28,Anllia,plug_1,Tapo P110,P110,fridge,a7c73018,multi_cycle,1.0,102.423,241.275,0.715,0.017,0.249,,on,-66,,2 hour NILM fridge session
2026-06-11T09:06:29.852030+00:00,2026-06-11 14:36:29,Anllia,plug_1,Tapo P110,P110,fridge,a7c73018,multi_cycle,1.0,102.423,239.986,0.715,0.017,0.249,,on,-67,,2 hour NILM fridge session
2026-06-11T09:06:31.148679+00:00,2026-06-11 14:36:31,Anllia,plug_1,Tapo P110,P110,fridge,a7c73018,multi_cycle,1.0,103.698,239.986,0.726,0.017,0.249,,on,-66,,2 hour NILM fridge session
2026-06-11T09:06:32.392956+00:00,2026-06-11 14:36:32,Anllia,plug_1,Tapo P110,P110,fridge,a7c73018,multi_cycle,1.0,103.43,239.986,0.726,0.017,0.249,,on,-65,,2 hour NILM fridge session
2026-06-11T09:06:33.635800+00:00,2026-06-11 14:36:33,Anllia,plug_1,Tapo P110,P110,fridge,a7c73018,multi_cycle,1.0,103.712,239.92,0.726,0.017,0.249,,on,-66,,2 hour NILM fridge session
2026-06-11T09:06:34.930328+00:00,2026-06-11 14:36:34,Anllia,plug_1,Tapo P110,P110,fridge,a7c73018,multi_cycle,1.0,103.593,239.92,0.726,0.017,0.249,,on,-67,,2 hour NILM fridge session
2026-06-11T09:06:36.252689+00:00,2026-06-11 14:36:36,Anllia,plug_1,Tapo P110,P110,fridge,a7c73018,multi_cycle,1.0,104.177,239.688,0.726,0.017,0.249,,on,-65,,2 hour NILM fridge session
2026-06-11T09:06:37.508498+00:00,2026-06-11 14:36:37,Anllia,plug_1,Tapo P110,P110,fridge,a7c73018,multi_cycle,1.0,104.177,239.688,0.726,0.017,0.249,,on,-66,,2 hour NILM fridge session
2026-06-11T09:06:38.750889+00:00,2026-06-11 14:36:38,Anllia,plug_1,Tapo P110,P110,fridge,a7c73018,multi_cycle,1.0,104.462,239.925,0.726,0.017,0.249,,on,-67,,2 hour NILM fridge session
2026-06-11T09:06:40.109367+00:00,2026-06-11 14:36:40,Anllia,plug_1,Tapo P110,P110,fridge,a7c73018,multi_cycle,1.0,102.401,239.925,0.724,0.017,0.25,,on,-66,,2 hour NILM fridge session
2026-06-11T09:06:41.354883+00:00,2026-06-11 14:36:41,Anllia,plug_1,Tapo P110,P110,fridge,a7c73018,multi_cycle,1.0,102.599,239.925,0.724,0.017,0.25,,on,-65,,2 hour NILM fridge session
2026-06-11T09:06:42.719101+00:00,2026-06-11 14:36:42,Anllia,plug_1,Tapo P110,P110,fridge,a7c73018,multi_cycle,1.0,103.607,240.141,0.724,0.017,0.25,,on,-67,,2 hour NILM fridge session
2026-06-11T09:06:44.031038+00:00,2026-06-11 14:36:44,Anllia,plug_1,Tapo P110,P110,fridge,a7c73018,multi_cycle,1.0,104.277,240.141,0.725,0.017,0.25,,on,-67,,2 hour NILM fridge session
2026-06-11T09:06:45.427351+00:00,2026-06-11 14:36:45,Anllia,plug_1,Tapo P110,P110,fridge,a7c73018,multi_cycle,1.0,103.324,240.09,0.725,0.017,0.25,,on,-67,,2 hour NILM fridge session
2026-06-11T09:06:46.694313+00:00,2026-06-11 14:36:46,Anllia,plug_1,Tapo P110,P110,fridge,a7c73018,multi_cycle,1.0,102.976,240.09,0.729,0.017,0.25,,on,-67,,2 hour NILM fridge session
2026-06-11T09:06:47.950151+00:00,2026-06-11 14:36:47,Anllia,plug_1,Tapo P110,P110,fridge,a7c73018,multi_cycle,1.0,102.976,240.123,0.729,0.017,0.25,,on,-67,,2 hour NILM fridge session
2026-06-11T09:06:49.299601+00:00,2026-06-11 14:36:49,Anllia,plug_1,Tapo P110,P110,fridge,a7c73018,multi_cycle,1.0,103.57,240.123,0.725,0.017,0.25,,on,-66,,2 hour NILM fridge session
2026-06-11T09:06:50.567855+00:00,2026-06-11 14:36:50,Anllia,plug_1,Tapo P110,P110,fridge,a7c73018,multi_cycle,1.0,103.974,240.123,0.725,0.018,0.25,,on,-67,,2 hour NILM fridge session
2026-06-11T09:06:51.823603+00:00,2026-06-11 14:36:51,Anllia,plug_1,Tapo P110,P110,fridge,a7c73018,multi_cycle,1.0,102.829,240.124,0.725,0.018,0.25,,on,-66,,2 hour NILM fridge session
2026-06-11T09:06:53.121938+00:00,2026-06-11 14:36:53,Anllia,plug_1,Tapo P110,P110,fridge,a7c73018,multi_cycle,1.0,101.427,240.124,0.718,0.018,0.25,,on,-67,,2 hour NILM fridge session
2026-06-11T09:06:54.418601+00:00,2026-06-11 14:36:54,Anllia,plug_1,Tapo P110,P110,fridge,a7c73018,multi_cycle,1.0,103.937,239.609,0.718,0.018,0.25,,on,-65,,2 hour NILM fridge session
2026-06-11T09:06:55.798636+00:00,2026-06-11 14:36:55,Anllia,plug_1,Tapo P110,P110,fridge,a7c73018,multi_cycle,1.0,103.937,239.609,0.722,0.018,0.25,,on,-64,,2 hour NILM fridge session
2026-06-11T09:06:57.067113+00:00,2026-06-11 14:36:57,Anllia,plug_1,Tapo P110,P110,fridge,a7c73018,multi_cycle,1.0,103.171,241.0,0.722,0.018,0.25,,on,-65,,2 hour NILM fridge session
2026-06-11T09:06:58.316093+00:00,2026-06-11 14:36:58,Anllia,plug_1,Tapo P110,P110,fridge,a7c73018,multi_cycle,1.0,102.7,241.0,0.719,0.018,0.25,,on,-64,,2 hour NILM fridge session
2026-06-11T09:06:59.612226+00:00,2026-06-11 14:36:59,Anllia,plug_1,Tapo P110,P110,fridge,a7c73018,multi_cycle,1.0,103.177,239.759,0.719,0.018,0.25,,on,-66,,2 hour NILM fridge session
2026-06-11T09:07:00.901071+00:00,2026-06-11 14:37:00,Anllia,plug_1,Tapo P110,P110,fridge,a7c73018,multi_cycle,1.0,102.964,239.759,0.719,0.018,0.25,,on,-65,,2 hour NILM fridge session
2026-06-11T09:07:02.298589+00:00,2026-06-11 14:37:02,Anllia,plug_1,Tapo P110,P110,fridge,a7c73018,multi_cycle,1.0,102.476,239.759,0.716,0.018,0.25,,on,-65,,2 hour NILM fridge session
2026-06-11T09:07:03.578761+00:00,2026-06-11 14:37:03,Anllia,plug_1,Tapo P110,P110,fridge,a7c73018,multi_cycle,1.0,101.92,239.557,0.716,0.018,0.25,,on,-65,,2 hour NILM fridge session
2026-06-11T09:07:04.867194+00:00,2026-06-11 14:37:04,Anllia,plug_1,Tapo P110,P110,fridge,a7c73018,multi_cycle,1.0,102.639,239.557,0.727,0.018,0.25,,on,-64,,2 hour NILM fridge session
2026-06-11T09:07:06.167785+00:00,2026-06-11 14:37:06,Anllia,plug_1,Tapo P110,P110,fridge,a7c73018,multi_cycle,1.0,102.639,240.207,0.727,0.018,0.25,,on,-64,,2 hour NILM fridge session
2026-06-11T09:07:07.479730+00:00,2026-06-11 14:37:07,Anllia,plug_1,Tapo P110,P110,fridge,a7c73018,multi_cycle,1.0,101.292,240.207,0.726,0.018,0.25,,on,-65,,2 hour NILM fridge session
2026-06-11T09:07:08.771564+00:00,2026-06-11 14:37:08,Anllia,plug_1,Tapo P110,P110,fridge,a7c73018,multi_cycle,1.0,102.64,239.228,0.726,0.018,0.25,,on,-65,,2 hour NILM fridge session
2026-06-11T09:07:10.023888+00:00,2026-06-11 14:37:10,Anllia,plug_1,Tapo P110,P110,fridge,a7c73018,multi_cycle,1.0,102.812,239.228,0.726,0.018,0.25,,on,-65,,2 hour NILM fridge session
2026-06-11T09:07:11.381301+00:00,2026-06-11 14:37:11,Anllia,plug_1,Tapo P110,P110,fridge,a7c73018,multi_cycle,1.0,102.553,239.228,0.72,0.018,0.25,,on,-65,,2 hour NILM fridge session
2026-06-11T09:07:12.648369+00:00,2026-06-11 14:37:12,Anllia,plug_1,Tapo P110,P110,fridge,a7c73018,multi_cycle,1.0,102.917,240.043,0.72,0.018,0.25,,on,-65,,2 hour NILM fridge session
2026-06-11T09:07:13.903240+00:00,2026-06-11 14:37:13,Anllia,plug_1,Tapo P110,P110,fridge,a7c73018,multi_cycle,1.0,102.427,240.043,0.719,0.018,0.25,,on,-64,,2 hour NILM fridge session
2026-06-11T09:07:16.183466+00:00,2026-06-11 14:37:16,Anllia,plug_1,Tapo P110,P110,fridge,a7c73018,multi_cycle,1.0,102.324,241.144,0.713,0.018,0.251,,on,-64,,2 hour NILM fridge session
2026-06-11T09:07:17.439356+00:00,2026-06-11 14:37:17,Anllia,plug_1,Tapo P110,P110,fridge,a7c73018,multi_cycle,1.0,102.244,241.144,0.713,0.018,0.251,,on,-65,,2 hour NILM fridge session
2026-06-11T09:07:18.781216+00:00,2026-06-11 14:37:18,Anllia,plug_1,Tapo P110,P110,fridge,a7c73018,multi_cycle,1.0,103.099,241.457,0.713,0.018,0.251,,on,-65,,2 hour NILM fridge session
2026-06-11T09:07:20.182250+00:00,2026-06-11 14:37:20,Anllia,plug_1,Tapo P110,P110,fridge,a7c73018,multi_cycle,1.0,102.906,241.457,0.717,0.018,0.251,,on,-66,,2 hour NILM fridge session
2026-06-11T09:07:21.461834+00:00,2026-06-11 14:37:21,Anllia,plug_1,Tapo P110,P110,fridge,a7c73018,multi_cycle,1.0,102.852,241.386,0.717,0.018,0.251,,on,-67,,2 hour NILM fridge session
2026-06-11T09:07:22.865854+00:00,2026-06-11 14:37:22,Anllia,plug_1,Tapo P110,P110,fridge,a7c73018,multi_cycle,1.0,102.852,241.386,0.715,0.018,0.251,,on,-65,,2 hour NILM fridge session
2026-06-11T09:07:24.184830+00:00,2026-06-11 14:37:24,Anllia,plug_1,Tapo P110,P110,fridge,a7c73018,multi_cycle,1.0,102.681,241.264,0.715,0.018,0.251,,on,-66,,2 hour NILM fridge session
2026-06-11T09:07:25.465739+00:00,2026-06-11 14:37:25,Anllia,plug_1,Tapo P110,P110,fridge,a7c73018,multi_cycle,1.0,102.418,241.264,0.717,0.019,0.251,,on,-65,,2 hour NILM fridge session
2026-06-11T09:07:26.778006+00:00,2026-06-11 14:37:26,Anllia,plug_1,Tapo P110,P110,fridge,a7c73018,multi_cycle,1.0,103.308,241.539,0.717,0.019,0.251,,on,-66,,2 hour NILM fridge session
2026-06-11T09:07:28.051425+00:00,2026-06-11 14:37:28,Anllia,plug_1,Tapo P110,P110,fridge,a7c73018,multi_cycle,1.0,103.383,241.539,0.717,0.019,0.251,,on,-67,,2 hour NILM fridge session
2026-06-11T09:07:29.303133+00:00,2026-06-11 14:37:29,Anllia,plug_1,Tapo P110,P110,fridge,a7c73018,multi_cycle,1.0,103.288,241.539,0.719,0.019,0.251,,on,-67,,2 hour NILM fridge session
2026-06-11T09:07:30.604971+00:00,2026-06-11 14:37:30,Anllia,plug_1,Tapo P110,P110,fridge,a7c73018,multi_cycle,1.0,102.558,241.522,0.719,0.019,0.251,,on,-67,,2 hour NILM fridge session
2026-06-11T09:07:31.890792+00:00,2026-06-11 14:37:31,Anllia,plug_1,Tapo P110,P110,fridge,a7c73018,multi_cycle,1.0,102.733,241.522,0.719,0.019,0.251,,on,-66,,2 hour NILM fridge session
2026-06-11T09:07:33.168606+00:00,2026-06-11 14:37:33,Anllia,plug_1,Tapo P110,P110,fridge,a7c73018,multi_cycle,1.0,102.733,240.901,0.719,0.019,0.251,,on,-67,,2 hour NILM fridge session
2026-06-11T09:07:34.532505+00:00,2026-06-11 14:37:34,Anllia,plug_1,Tapo P110,P110,fridge,a7c73018,multi_cycle,1.0,102.967,240.901,0.718,0.019,0.251,,on,-65,,2 hour NILM fridge session
2026-06-11T09:07:35.936174+00:00,2026-06-11 14:37:35,Anllia,plug_1,Tapo P110,P110,fridge,a7c73018,multi_cycle,1.0,102.928,240.917,0.718,0.019,0.251,,on,-67,,2 hour NILM fridge session
2026-06-11T09:07:37.281313+00:00,2026-06-11 14:37:37,Anllia,plug_1,Tapo P110,P110,fridge,a7c73018,multi_cycle,1.0,102.883,240.917,0.716,0.019,0.251,,on,-67,,2 hour NILM fridge session
2026-06-11T09:07:38.524641+00:00,2026-06-11 14:37:38,Anllia,plug_1,Tapo P110,P110,fridge,a7c73018,multi_cycle,1.0,103.012,240.917,0.716,0.019,0.251,,on,-65,,2 hour NILM fridge session
2026-06-11T09:07:39.833547+00:00,2026-06-11 14:37:39,Anllia,plug_1,Tapo P110,P110,fridge,a7c73018,multi_cycle,1.0,103.094,240.949,0.716,0.019,0.251,,on,-67,,2 hour NILM fridge session
2026-06-11T09:07:41.111919+00:00,2026-06-11 14:37:41,Anllia,plug_1,Tapo P110,P110,fridge,a7c73018,multi_cycle,1.0,102.861,240.949,0.72,0.019,0.251,,on,-65,,2 hour NILM fridge session
2026-06-11T09:07:42.437277+00:00,2026-06-11 14:37:42,Anllia,plug_1,Tapo P110,P110,fridge,a7c73018,multi_cycle,1.0,102.803,240.583,0.72,0.019,0.251,,on,-66,,2 hour NILM fridge session
2026-06-11T09:07:43.828909+00:00,2026-06-11 14:37:43,Anllia,plug_1,Tapo P110,P110,fridge,a7c73018,multi_cycle,1.0,102.803,240.583,0.717,0.019,0.251,,on,-66,,2 hour NILM fridge session
2026-06-11T09:07:45.086277+00:00,2026-06-11 14:37:45,Anllia,plug_1,Tapo P110,P110,fridge,a7c73018,multi_cycle,1.0,102.727,240.813,0.717,0.019,0.251,,on,-66,,2 hour NILM fridge session
2026-06-11T09:07:46.436734+00:00,2026-06-11 14:37:46,Anllia,plug_1,Tapo P110,P110,fridge,a7c73018,multi_cycle,1.0,103.178,240.813,0.714,0.019,0.251,,on,-65,,2 hour NILM fridge session
2026-06-11T09:07:47.728387+00:00,2026-06-11 14:37:47,Anllia,plug_1,Tapo P110,P110,fridge,a7c73018,multi_cycle,1.0,102.545,240.813,0.714,0.019,0.251,,on,-66,,2 hour NILM fridge session
2026-06-11T09:07:48.985175+00:00,2026-06-11 14:37:48,Anllia,plug_1,Tapo P110,P110,fridge,a7c73018,multi_cycle,1.0,102.613,241.162,0.714,0.019,0.251,,on,-67,,2 hour NILM fridge session
2026-06-11T09:07:50.327685+00:00,2026-06-11 14:37:50,Anllia,plug_1,Tapo P110,P110,fridge,a7c73018,multi_cycle,1.0,102.494,241.162,0.714,0.019,0.252,,on,-67,,2 hour NILM fridge session
2026-06-11T09:07:51.593431+00:00,2026-06-11 14:37:51,Anllia,plug_1,Tapo P110,P110,fridge,a7c73018,multi_cycle,1.0,102.369,241.133,0.714,0.019,0.252,,on,-66,,2 hour NILM fridge session
2026-06-11T09:07:52.849516+00:00,2026-06-11 14:37:52,Anllia,plug_1,Tapo P110,P110,fridge,a7c73018,multi_cycle,1.0,102.369,241.133,0.713,0.019,0.252,,on,-66,,2 hour NILM fridge session
2026-06-11T09:07:54.193366+00:00,2026-06-11 14:37:54,Anllia,plug_1,Tapo P110,P110,fridge,a7c73018,multi_cycle,1.0,102.315,241.585,0.713,0.019,0.252,,on,-65,,2 hour NILM fridge session
2026-06-11T09:07:55.472517+00:00,2026-06-11 14:37:55,Anllia,plug_1,Tapo P110,P110,fridge,a7c73018,multi_cycle,1.0,102.447,241.585,0.71,0.019,0.252,,on,-65,,2 hour NILM fridge session
2026-06-11T09:07:56.712157+00:00,2026-06-11 14:37:56,Anllia,plug_1,Tapo P110,P110,fridge,a7c73018,multi_cycle,1.0,102.031,241.585,0.71,0.019,0.252,,on,-65,,2 hour NILM fridge session
2026-06-11T09:07:58.059522+00:00,2026-06-11 14:37:58,Anllia,plug_1,Tapo P110,P110,fridge,a7c73018,multi_cycle,1.0,102.232,241.121,0.71,0.019,0.252,,on,-65,,2 hour NILM fridge session
2026-06-11T09:07:59.327917+00:00,2026-06-11 14:37:59,Anllia,plug_1,Tapo P110,P110,fridge,a7c73018,multi_cycle,1.0,101.964,241.121,0.708,0.019,0.252,,on,-66,,2 hour NILM fridge session
2026-06-11T09:08:00.611565+00:00,2026-06-11 14:38:00,Anllia,plug_1,Tapo P110,P110,fridge,a7c73018,multi_cycle,1.0,102.377,240.86,0.708,0.02,0.252,,on,-64,,2 hour NILM fridge session
2026-06-11T09:08:01.884226+00:00,2026-06-11 14:38:01,Anllia,plug_1,Tapo P110,P110,fridge,a7c73018,multi_cycle,1.0,102.377,240.86,0.712,0.02,0.252,,on,-65,,2 hour NILM fridge session
2026-06-11T09:08:03.195310+00:00,2026-06-11 14:38:03,Anllia,plug_1,Tapo P110,P110,fridge,a7c73018,multi_cycle,1.0,102.364,241.234,0.712,0.02,0.252,,on,-64,,2 hour NILM fridge session
2026-06-11T09:08:04.507398+00:00,2026-06-11 14:38:04,Anllia,plug_1,Tapo P110,P110,fridge,a7c73018,multi_cycle,1.0,102.398,241.234,0.712,0.02,0.252,,on,-65,,2 hour NILM fridge session
2026-06-11T09:08:05.753354+00:00,2026-06-11 14:38:05,Anllia,plug_1,Tapo P110,P110,fridge,a7c73018,multi_cycle,1.0,102.827,241.234,0.712,0.02,0.252,,on,-64,,2 hour NILM fridge session
2026-06-11T09:08:06.998528+00:00,2026-06-11 14:38:06,Anllia,plug_1,Tapo P110,P110,fridge,a7c73018,multi_cycle,1.0,102.7,241.264,0.712,0.02,0.252,,on,-64,,2 hour NILM fridge session
2026-06-11T09:08:08.291061+00:00,2026-06-11 14:38:08,Anllia,plug_1,Tapo P110,P110,fridge,a7c73018,multi_cycle,1.0,102.443,241.264,0.711,0.02,0.252,,on,-65,,2 hour NILM fridge session
2026-06-11T09:08:09.608641+00:00,2026-06-11 14:38:09,Anllia,plug_1,Tapo P110,P110,fridge,a7c73018,multi_cycle,1.0,102.27,241.254,0.711,0.02,0.252,,on,-64,,2 hour NILM fridge session
2026-06-11T09:08:10.854833+00:00,2026-06-11 14:38:10,Anllia,plug_1,Tapo P110,P110,fridge,a7c73018,multi_cycle,1.0,102.27,241.254,0.709,0.02,0.252,,on,-65,,2 hour NILM fridge session
2026-06-11T09:08:12.103309+00:00,2026-06-11 14:38:12,Anllia,plug_1,Tapo P110,P110,fridge,a7c73018,multi_cycle,1.0,102.317,241.327,0.709,0.02,0.252,,on,-65,,2 hour NILM fridge session
2026-06-11T09:08:13.343706+00:00,2026-06-11 14:38:13,Anllia,plug_1,Tapo P110,P110,fridge,a7c73018,multi_cycle,1.0,101.839,241.327,0.709,0.02,0.252,,on,-65,,2 hour NILM fridge session
2026-06-11T09:08:14.676401+00:00,2026-06-11 14:38:14,Anllia,plug_1,Tapo P110,P110,fridge,a7c73018,multi_cycle,1.0,102.119,241.327,0.711,0.02,0.252,,on,-65,,2 hour NILM fridge session
2026-06-11T09:08:15.926023+00:00,2026-06-11 14:38:15,Anllia,plug_1,Tapo P110,P110,fridge,a7c73018,multi_cycle,1.0,102.303,241.404,0.711,0.02,0.252,,on,-65,,2 hour NILM fridge session
2026-06-11T09:08:17.185357+00:00,2026-06-11 14:38:17,Anllia,plug_1,Tapo P110,P110,fridge,a7c73018,multi_cycle,1.0,101.896,241.404,0.708,0.02,0.252,,on,-65,,2 hour NILM fridge session
2026-06-11T09:08:18.549626+00:00,2026-06-11 14:38:18,Anllia,plug_1,Tapo P110,P110,fridge,a7c73018,multi_cycle,1.0,101.896,241.452,0.708,0.02,0.252,,on,-65,,2 hour NILM fridge session
2026-06-11T09:08:19.816892+00:00,2026-06-11 14:38:19,Anllia,plug_1,Tapo P110,P110,fridge,a7c73018,multi_cycle,1.0,101.624,241.452,0.708,0.02,0.252,,on,-66,,2 hour NILM fridge session
2026-06-11T09:08:21.217247+00:00,2026-06-11 14:38:21,Anllia,plug_1,Tapo P110,P110,fridge,a7c73018,multi_cycle,1.0,101.9,241.161,0.708,0.02,0.252,,on,-65,,2 hour NILM fridge session
2026-06-11T09:08:22.471579+00:00,2026-06-11 14:38:22,Anllia,plug_1,Tapo P110,P110,fridge,a7c73018,multi_cycle,1.0,102.022,241.161,0.708,0.02,0.252,,on,-66,,2 hour NILM fridge session
2026-06-11T09:08:23.813743+00:00,2026-06-11 14:38:23,Anllia,plug_1,Tapo P110,P110,fridge,a7c73018,multi_cycle,1.0,101.982,241.161,0.707,0.02,0.252,,on,-66,,2 hour NILM fridge session
2026-06-11T09:08:25.079737+00:00,2026-06-11 14:38:25,Anllia,plug_1,Tapo P110,P110,fridge,a7c73018,multi_cycle,1.0,102.191,241.236,0.707,0.02,0.253,,on,-65,,2 hour NILM fridge session
2026-06-11T09:08:26.450386+00:00,2026-06-11 14:38:26,Anllia,plug_1,Tapo P110,P110,fridge,a7c73018,multi_cycle,1.0,102.044,241.236,0.706,0.02,0.253,,on,-65,,2 hour NILM fridge session
2026-06-11T09:08:27.766656+00:00,2026-06-11 14:38:27,Anllia,plug_1,Tapo P110,P110,fridge,a7c73018,multi_cycle,1.0,102.444,241.648,0.706,0.02,0.253,,on,-64,,2 hour NILM fridge session
2026-06-11T09:08:29.035624+00:00,2026-06-11 14:38:29,Anllia,plug_1,Tapo P110,P110,fridge,a7c73018,multi_cycle,1.0,102.444,241.648,0.71,0.02,0.253,,on,-66,,2 hour NILM fridge session
2026-06-11T09:08:30.419160+00:00,2026-06-11 14:38:30,Anllia,plug_1,Tapo P110,P110,fridge,a7c73018,multi_cycle,1.0,102.625,241.702,0.71,0.02,0.253,,on,-64,,2 hour NILM fridge session
2026-06-11T09:08:31.684852+00:00,2026-06-11 14:38:31,Anllia,plug_1,Tapo P110,P110,fridge,a7c73018,multi_cycle,1.0,102.688,241.702,0.706,0.02,0.253,,on,-65,,2 hour NILM fridge session
2026-06-11T09:08:33.034863+00:00,2026-06-11 14:38:33,Anllia,plug_1,Tapo P110,P110,fridge,a7c73018,multi_cycle,1.0,102.543,241.702,0.706,0.02,0.253,,on,-65,,2 hour NILM fridge session
2026-06-11T09:08:34.399203+00:00,2026-06-11 14:38:34,Anllia,plug_1,Tapo P110,P110,fridge,a7c73018,multi_cycle,1.0,102.46,242.114,0.706,0.02,0.253,,on,-65,,2 hour NILM fridge session
2026-06-11T09:08:35.712991+00:00,2026-06-11 14:38:35,Anllia,plug_1,Tapo P110,P110,fridge,a7c73018,multi_cycle,1.0,103.071,242.114,0.71,0.021,0.253,,on,-66,,2 hour NILM fridge session
2026-06-11T09:08:36.983168+00:00,2026-06-11 14:38:36,Anllia,plug_1,Tapo P110,P110,fridge,a7c73018,multi_cycle,1.0,102.877,241.682,0.71,0.021,0.253,,on,-65,,2 hour NILM fridge session
2026-06-11T09:08:38.235880+00:00,2026-06-11 14:38:38,Anllia,plug_1,Tapo P110,P110,fridge,a7c73018,multi_cycle,1.0,102.877,241.682,0.711,0.021,0.253,,on,-65,,2 hour NILM fridge session
2026-06-11T09:08:39.495067+00:00,2026-06-11 14:38:39,Anllia,plug_1,Tapo P110,P110,fridge,a7c73018,multi_cycle,1.0,104.068,241.138,0.711,0.021,0.253,,on,-65,,2 hour NILM fridge session
2026-06-11T09:08:40.848424+00:00,2026-06-11 14:38:40,Anllia,plug_1,Tapo P110,P110,fridge,a7c73018,multi_cycle,1.0,101.701,241.138,0.713,0.021,0.253,,on,-65,,2 hour NILM fridge session
2026-06-11T09:08:42.090746+00:00,2026-06-11 14:38:42,Anllia,plug_1,Tapo P110,P110,fridge,a7c73018,multi_cycle,1.0,102.521,241.138,0.713,0.021,0.253,,on,-65,,2 hour NILM fridge session
2026-06-11T09:08:43.404745+00:00,2026-06-11 14:38:43,Anllia,plug_1,Tapo P110,P110,fridge,a7c73018,multi_cycle,1.0,102.935,240.487,0.713,0.021,0.253,,on,-65,,2 hour NILM fridge session
2026-06-11T09:08:44.774034+00:00,2026-06-11 14:38:44,Anllia,plug_1,Tapo P110,P110,fridge,a7c73018,multi_cycle,1.0,104.102,240.487,0.716,0.021,0.253,,on,-65,,2 hour NILM fridge session
2026-06-11T09:08:46.040442+00:00,2026-06-11 14:38:46,Anllia,plug_1,Tapo P110,P110,fridge,a7c73018,multi_cycle,1.0,103.697,240.275,0.716,0.021,0.253,,on,-65,,2 hour NILM fridge session
2026-06-11T09:08:47.349919+00:00,2026-06-11 14:38:47,Anllia,plug_1,Tapo P110,P110,fridge,a7c73018,multi_cycle,1.0,103.697,240.275,0.711,0.021,0.253,,on,-65,,2 hour NILM fridge session
2026-06-11T09:08:48.668649+00:00,2026-06-11 14:38:48,Anllia,plug_1,Tapo P110,P110,fridge,a7c73018,multi_cycle,1.0,101.846,241.103,0.711,0.021,0.253,,on,-66,,2 hour NILM fridge session
2026-06-11T09:08:49.925278+00:00,2026-06-11 14:38:49,Anllia,plug_1,Tapo P110,P110,fridge,a7c73018,multi_cycle,1.0,101.555,241.103,0.724,0.021,0.253,,on,-64,,2 hour NILM fridge session
2026-06-11T09:08:51.265411+00:00,2026-06-11 14:38:51,Anllia,plug_1,Tapo P110,P110,fridge,a7c73018,multi_cycle,1.0,103.683,239.664,0.724,0.021,0.253,,on,-64,,2 hour NILM fridge session
2026-06-11T09:08:52.532370+00:00,2026-06-11 14:38:52,Anllia,plug_1,Tapo P110,P110,fridge,a7c73018,multi_cycle,1.0,103.147,239.664,0.724,0.021,0.253,,on,-66,,2 hour NILM fridge session
2026-06-11T09:08:53.790132+00:00,2026-06-11 14:38:53,Anllia,plug_1,Tapo P110,P110,fridge,a7c73018,multi_cycle,1.0,102.133,239.664,0.712,0.021,0.253,,on,-64,,2 hour NILM fridge session
2026-06-11T09:08:55.162890+00:00,2026-06-11 14:38:55,Anllia,plug_1,Tapo P110,P110,fridge,a7c73018,multi_cycle,1.0,103.22,239.163,0.712,0.021,0.253,,on,-64,,2 hour NILM fridge session
2026-06-11T09:08:56.465933+00:00,2026-06-11 14:38:56,Anllia,plug_1,Tapo P110,P110,fridge,a7c73018,multi_cycle,1.0,103.134,239.163,0.712,0.021,0.253,,on,-65,,2 hour NILM fridge session
2026-06-11T09:08:57.732183+00:00,2026-06-11 14:38:57,Anllia,plug_1,Tapo P110,P110,fridge,a7c73018,multi_cycle,1.0,103.134,239.331,0.712,0.021,0.253,,on,-65,,2 hour NILM fridge session
2026-06-11T09:08:59.083393+00:00,2026-06-11 14:38:59,Anllia,plug_1,Tapo P110,P110,fridge,a7c73018,multi_cycle,1.0,103.164,239.331,0.71,0.021,0.253,,on,-64,,2 hour NILM fridge session
2026-06-11T09:09:00.340333+00:00,2026-06-11 14:39:00,Anllia,plug_1,Tapo P110,P110,fridge,a7c73018,multi_cycle,1.0,100.313,239.479,0.71,0.021,0.254,,on,-65,,2 hour NILM fridge session
2026-06-11T09:09:01.589595+00:00,2026-06-11 14:39:01,Anllia,plug_1,Tapo P110,P110,fridge,a7c73018,multi_cycle,1.0,103.782,239.479,0.71,0.021,0.254,,on,-64,,2 hour NILM fridge session
2026-06-11T09:09:02.900759+00:00,2026-06-11 14:39:02,Anllia,plug_1,Tapo P110,P110,fridge,a7c73018,multi_cycle,1.0,103.942,239.479,0.704,0.021,0.254,,on,-64,,2 hour NILM fridge session
2026-06-11T09:09:04.234318+00:00,2026-06-11 14:39:04,Anllia,plug_1,Tapo P110,P110,fridge,a7c73018,multi_cycle,1.0,103.58,239.942,0.704,0.021,0.254,,on,-65,,2 hour NILM fridge session
2026-06-11T09:09:05.605392+00:00,2026-06-11 14:39:05,Anllia,plug_1,Tapo P110,P110,fridge,a7c73018,multi_cycle,1.0,100.83,239.942,0.701,0.021,0.254,,on,-65,,2 hour NILM fridge session
2026-06-11T09:09:06.886468+00:00,2026-06-11 14:39:06,Anllia,plug_1,Tapo P110,P110,fridge,a7c73018,multi_cycle,1.0,102.733,240.447,0.701,0.021,0.254,,on,-64,,2 hour NILM fridge session
2026-06-11T09:09:08.255808+00:00,2026-06-11 14:39:08,Anllia,plug_1,Tapo P110,P110,fridge,a7c73018,multi_cycle,1.0,102.733,240.447,0.708,0.021,0.254,,on,-65,,2 hour NILM fridge session
2026-06-11T09:09:09.543530+00:00,2026-06-11 14:39:09,Anllia,plug_1,Tapo P110,P110,fridge,a7c73018,multi_cycle,1.0,102.138,241.295,0.708,0.021,0.254,,on,-65,,2 hour NILM fridge session
2026-06-11T09:09:10.876905+00:00,2026-06-11 14:39:10,Anllia,plug_1,Tapo P110,P110,fridge,a7c73018,multi_cycle,1.0,102.23,241.295,0.712,0.022,0.254,,on,-64,,2 hour NILM fridge session
2026-06-11T09:09:12.128900+00:00,2026-06-11 14:39:12,Anllia,plug_1,Tapo P110,P110,fridge,a7c73018,multi_cycle,1.0,102.354,241.295,0.712,0.022,0.254,,on,-65,,2 hour NILM fridge session
2026-06-11T09:09:13.369102+00:00,2026-06-11 14:39:13,Anllia,plug_1,Tapo P110,P110,fridge,a7c73018,multi_cycle,1.0,102.334,241.254,0.712,0.022,0.254,,on,-64,,2 hour NILM fridge session
2026-06-11T09:09:14.679018+00:00,2026-06-11 14:39:14,Anllia,plug_1,Tapo P110,P110,fridge,a7c73018,multi_cycle,1.0,102.5,241.254,0.713,0.022,0.254,,on,-65,,2 hour NILM fridge session
2026-06-11T09:09:15.922294+00:00,2026-06-11 14:39:15,Anllia,plug_1,Tapo P110,P110,fridge,a7c73018,multi_cycle,1.0,103.046,241.483,0.713,0.022,0.254,,on,-64,,2 hour NILM fridge session
2026-06-11T09:09:17.311227+00:00,2026-06-11 14:39:17,Anllia,plug_1,Tapo P110,P110,fridge,a7c73018,multi_cycle,1.0,103.046,241.483,0.715,0.022,0.254,,on,-64,,2 hour NILM fridge session
2026-06-11T09:09:18.667054+00:00,2026-06-11 14:39:18,Anllia,plug_1,Tapo P110,P110,fridge,a7c73018,multi_cycle,1.0,102.522,241.259,0.715,0.022,0.254,,on,-65,,2 hour NILM fridge session
2026-06-11T09:09:19.909459+00:00,2026-06-11 14:39:19,Anllia,plug_1,Tapo P110,P110,fridge,a7c73018,multi_cycle,1.0,102.377,241.259,0.71,0.022,0.254,,on,-65,,2 hour NILM fridge session
2026-06-11T09:09:21.216478+00:00,2026-06-11 14:39:21,Anllia,plug_1,Tapo P110,P110,fridge,a7c73018,multi_cycle,1.0,102.402,241.259,0.71,0.022,0.254,,on,-65,,2 hour NILM fridge session
2026-06-11T09:09:22.459388+00:00,2026-06-11 14:39:22,Anllia,plug_1,Tapo P110,P110,fridge,a7c73018,multi_cycle,1.0,102.472,241.888,0.71,0.022,0.254,,on,-64,,2 hour NILM fridge session
2026-06-11T09:09:23.703873+00:00,2026-06-11 14:39:23,Anllia,plug_1,Tapo P110,P110,fridge,a7c73018,multi_cycle,1.0,102.595,241.888,0.711,0.022,0.254,,on,-65,,2 hour NILM fridge session
2026-06-11T09:09:24.996075+00:00,2026-06-11 14:39:24,Anllia,plug_1,Tapo P110,P110,fridge,a7c73018,multi_cycle,1.0,102.477,241.514,0.711,0.022,0.254,,on,-65,,2 hour NILM fridge session
2026-06-11T09:09:26.242810+00:00,2026-06-11 14:39:26,Anllia,plug_1,Tapo P110,P110,fridge,a7c73018,multi_cycle,1.0,102.477,241.514,0.708,0.022,0.254,,on,-64,,2 hour NILM fridge session
2026-06-11T09:09:27.554177+00:00,2026-06-11 14:39:27,Anllia,plug_1,Tapo P110,P110,fridge,a7c73018,multi_cycle,1.0,102.482,241.96,0.708,0.022,0.254,,on,-64,,2 hour NILM fridge session
2026-06-11T09:09:28.837281+00:00,2026-06-11 14:39:28,Anllia,plug_1,Tapo P110,P110,fridge,a7c73018,multi_cycle,1.0,102.718,241.96,0.708,0.022,0.254,,on,-64,,2 hour NILM fridge session
2026-06-11T09:09:30.099106+00:00,2026-06-11 14:39:30,Anllia,plug_1,Tapo P110,P110,fridge,a7c73018,multi_cycle,1.0,102.717,241.96,0.713,0.022,0.254,,on,-64,,2 hour NILM fridge session
2026-06-11T09:09:31.462365+00:00,2026-06-11 14:39:31,Anllia,plug_1,Tapo P110,P110,fridge,a7c73018,multi_cycle,1.0,101.561,241.615,0.713,0.022,0.254,,on,-65,,2 hour NILM fridge session
2026-06-11T09:09:32.731456+00:00,2026-06-11 14:39:32,Anllia,plug_1,Tapo P110,P110,fridge,a7c73018,multi_cycle,1.0,102.698,241.615,0.714,0.022,0.254,,on,-65,,2 hour NILM fridge session
2026-06-11T09:09:33.977522+00:00,2026-06-11 14:39:33,Anllia,plug_1,Tapo P110,P110,fridge,a7c73018,multi_cycle,1.0,102.187,241.043,0.714,0.022,0.254,,on,-65,,2 hour NILM fridge session
2026-06-11T09:09:35.332974+00:00,2026-06-11 14:39:35,Anllia,plug_1,Tapo P110,P110,fridge,a7c73018,multi_cycle,1.0,102.187,241.043,0.714,0.022,0.255,,on,-64,,2 hour NILM fridge session
2026-06-11T09:09:36.602076+00:00,2026-06-11 14:39:36,Anllia,plug_1,Tapo P110,P110,fridge,a7c73018,multi_cycle,1.0,102.498,240.111,0.714,0.022,0.255,,on,-64,,2 hour NILM fridge session
2026-06-11T09:09:37.858637+00:00,2026-06-11 14:39:37,Anllia,plug_1,Tapo P110,P110,fridge,a7c73018,multi_cycle,1.0,102.084,240.111,0.714,0.022,0.255,,on,-65,,2 hour NILM fridge session
2026-06-11T09:09:39.196632+00:00,2026-06-11 14:39:39,Anllia,plug_1,Tapo P110,P110,fridge,a7c73018,multi_cycle,1.0,102.023,240.111,0.712,0.022,0.255,,on,-65,,2 hour NILM fridge session
2026-06-11T09:09:40.547804+00:00,2026-06-11 14:39:40,Anllia,plug_1,Tapo P110,P110,fridge,a7c73018,multi_cycle,1.0,101.932,241.624,0.712,0.022,0.255,,on,-65,,2 hour NILM fridge session
2026-06-11T09:09:41.874462+00:00,2026-06-11 14:39:41,Anllia,plug_1,Tapo P110,P110,fridge,a7c73018,multi_cycle,1.0,102.116,241.624,0.711,0.022,0.255,,on,-65,,2 hour NILM fridge session
2026-06-11T09:09:43.167243+00:00,2026-06-11 14:39:43,Anllia,plug_1,Tapo P110,P110,fridge,a7c73018,multi_cycle,1.0,102.006,241.372,0.711,0.022,0.255,,on,-65,,2 hour NILM fridge session
2026-06-11T09:09:44.550527+00:00,2026-06-11 14:39:44,Anllia,plug_1,Tapo P110,P110,fridge,a7c73018,multi_cycle,1.0,102.006,241.372,0.702,0.022,0.255,,on,-65,,2 hour NILM fridge session
2026-06-11T09:09:45.896330+00:00,2026-06-11 14:39:45,Anllia,plug_1,Tapo P110,P110,fridge,a7c73018,multi_cycle,1.0,102.197,241.514,0.702,0.023,0.255,,on,-64,,2 hour NILM fridge session
2026-06-11T09:09:47.181247+00:00,2026-06-11 14:39:47,Anllia,plug_1,Tapo P110,P110,fridge,a7c73018,multi_cycle,1.0,102.321,241.514,0.708,0.023,0.255,,on,-65,,2 hour NILM fridge session
2026-06-11T09:09:48.533466+00:00,2026-06-11 14:39:48,Anllia,plug_1,Tapo P110,P110,fridge,a7c73018,multi_cycle,1.0,102.442,241.685,0.708,0.023,0.255,,on,-65,,2 hour NILM fridge session
2026-06-11T09:09:49.781364+00:00,2026-06-11 14:39:49,Anllia,plug_1,Tapo P110,P110,fridge,a7c73018,multi_cycle,1.0,102.215,241.685,0.708,0.023,0.255,,on,-64,,2 hour NILM fridge session
2026-06-11T09:09:51.025022+00:00,2026-06-11 14:39:51,Anllia,plug_1,Tapo P110,P110,fridge,a7c73018,multi_cycle,1.0,101.974,241.685,0.707,0.023,0.255,,on,-65,,2 hour NILM fridge session
2026-06-11T09:09:52.296753+00:00,2026-06-11 14:39:52,Anllia,plug_1,Tapo P110,P110,fridge,a7c73018,multi_cycle,1.0,102.157,242.051,0.707,0.023,0.255,,on,-65,,2 hour NILM fridge session
2026-06-11T09:09:53.608642+00:00,2026-06-11 14:39:53,Anllia,plug_1,Tapo P110,P110,fridge,a7c73018,multi_cycle,1.0,102.342,242.051,0.711,0.023,0.255,,on,-65,,2 hour NILM fridge session
2026-06-11T09:09:55.301972+00:00,2026-06-11 14:39:55,Anllia,plug_1,Tapo P110,P110,fridge,a7c73018,multi_cycle,1.0,102.085,242.117,0.711,0.023,0.255,,on,-64,,2 hour NILM fridge session
2026-06-11T09:09:56.578870+00:00,2026-06-11 14:39:56,Anllia,plug_1,Tapo P110,P110,fridge,a7c73018,multi_cycle,1.0,102.053,242.117,0.705,0.023,0.255,,on,-64,,2 hour NILM fridge session
2026-06-11T09:09:57.970253+00:00,2026-06-11 14:39:57,Anllia,plug_1,Tapo P110,P110,fridge,a7c73018,multi_cycle,1.0,102.053,241.742,0.705,0.023,0.255,,on,-64,,2 hour NILM fridge session
2026-06-11T09:09:59.226041+00:00,2026-06-11 14:39:59,Anllia,plug_1,Tapo P110,P110,fridge,a7c73018,multi_cycle,1.0,102.164,241.742,0.705,0.023,0.255,,on,-64,,2 hour NILM fridge session
2026-06-11T09:10:00.520315+00:00,2026-06-11 14:40:00,Anllia,plug_1,Tapo P110,P110,fridge,a7c73018,multi_cycle,1.0,101.933,241.592,0.705,0.023,0.255,,on,-64,,2 hour NILM fridge session
2026-06-11T09:10:01.836153+00:00,2026-06-11 14:40:01,Anllia,plug_1,Tapo P110,P110,fridge,a7c73018,multi_cycle,1.0,101.697,241.592,0.705,0.023,0.255,,on,-64,,2 hour NILM fridge session
2026-06-11T09:10:03.152332+00:00,2026-06-11 14:40:03,Anllia,plug_1,Tapo P110,P110,fridge,a7c73018,multi_cycle,1.0,101.777,241.592,0.702,0.023,0.255,,on,-64,,2 hour NILM fridge session
2026-06-11T09:10:04.471214+00:00,2026-06-11 14:40:04,Anllia,plug_1,Tapo P110,P110,fridge,a7c73018,multi_cycle,1.0,101.531,241.885,0.702,0.023,0.255,,on,-64,,2 hour NILM fridge session
2026-06-11T09:10:05.712621+00:00,2026-06-11 14:40:05,Anllia,plug_1,Tapo P110,P110,fridge,a7c73018,multi_cycle,1.0,101.413,241.885,0.701,0.023,0.255,,on,-64,,2 hour NILM fridge session
2026-06-11T09:10:07.077441+00:00,2026-06-11 14:40:07,Anllia,plug_1,Tapo P110,P110,fridge,a7c73018,multi_cycle,1.0,101.413,241.728,0.701,0.023,0.255,,on,-65,,2 hour NILM fridge session
2026-06-11T09:10:08.364397+00:00,2026-06-11 14:40:08,Anllia,plug_1,Tapo P110,P110,fridge,a7c73018,multi_cycle,1.0,100.992,241.728,0.698,0.023,0.255,,on,-65,,2 hour NILM fridge session
2026-06-11T09:10:09.841222+00:00,2026-06-11 14:40:09,Anllia,plug_1,Tapo P110,P110,fridge,a7c73018,multi_cycle,1.0,101.105,241.428,0.698,0.023,0.255,,on,-64,,2 hour NILM fridge session
2026-06-11T09:10:11.152014+00:00,2026-06-11 14:40:11,Anllia,plug_1,Tapo P110,P110,fridge,a7c73018,multi_cycle,1.0,101.404,241.428,0.7,0.023,0.256,,on,-65,,2 hour NILM fridge session
2026-06-11T09:10:12.473743+00:00,2026-06-11 14:40:12,Anllia,plug_1,Tapo P110,P110,fridge,a7c73018,multi_cycle,1.0,102.066,241.428,0.7,0.023,0.256,,on,-67,,2 hour NILM fridge session
2026-06-11T09:10:13.758798+00:00,2026-06-11 14:40:13,Anllia,plug_1,Tapo P110,P110,fridge,a7c73018,multi_cycle,1.0,102.268,241.426,0.7,0.023,0.256,,on,-65,,2 hour NILM fridge session
2026-06-11T09:10:15.024795+00:00,2026-06-11 14:40:15,Anllia,plug_1,Tapo P110,P110,fridge,a7c73018,multi_cycle,1.0,102.053,241.426,0.701,0.023,0.256,,on,-64,,2 hour NILM fridge session
2026-06-11T09:10:16.320992+00:00,2026-06-11 14:40:16,Anllia,plug_1,Tapo P110,P110,fridge,a7c73018,multi_cycle,1.0,101.957,242.076,0.701,0.023,0.256,,on,-65,,2 hour NILM fridge session
2026-06-11T09:10:17.791401+00:00,2026-06-11 14:40:17,Anllia,plug_1,Tapo P110,P110,fridge,a7c73018,multi_cycle,1.0,101.957,242.076,0.707,0.023,0.256,,on,-65,,2 hour NILM fridge session
2026-06-11T09:10:19.107932+00:00,2026-06-11 14:40:19,Anllia,plug_1,Tapo P110,P110,fridge,a7c73018,multi_cycle,1.0,102.243,241.73,0.707,0.023,0.256,,on,-64,,2 hour NILM fridge session
2026-06-11T09:10:20.423235+00:00,2026-06-11 14:40:20,Anllia,plug_1,Tapo P110,P110,fridge,a7c73018,multi_cycle,1.0,101.936,241.73,0.702,0.023,0.256,,on,-65,,2 hour NILM fridge session
2026-06-11T09:10:21.691206+00:00,2026-06-11 14:40:21,Anllia,plug_1,Tapo P110,P110,fridge,a7c73018,multi_cycle,1.0,101.856,241.643,0.702,0.024,0.256,,on,-65,,2 hour NILM fridge session
2026-06-11T09:10:22.947457+00:00,2026-06-11 14:40:22,Anllia,plug_1,Tapo P110,P110,fridge,a7c73018,multi_cycle,1.0,102.003,241.643,0.702,0.024,0.256,,on,-65,,2 hour NILM fridge session
2026-06-11T09:10:24.289128+00:00,2026-06-11 14:40:24,Anllia,plug_1,Tapo P110,P110,fridge,a7c73018,multi_cycle,1.0,102.071,241.643,0.704,0.024,0.256,,on,-65,,2 hour NILM fridge session
2026-06-11T09:10:25.643604+00:00,2026-06-11 14:40:25,Anllia,plug_1,Tapo P110,P110,fridge,a7c73018,multi_cycle,1.0,102.131,241.933,0.704,0.024,0.256,,on,-65,,2 hour NILM fridge session
2026-06-11T09:10:27.004096+00:00,2026-06-11 14:40:27,Anllia,plug_1,Tapo P110,P110,fridge,a7c73018,multi_cycle,1.0,102.432,241.933,0.704,0.024,0.256,,on,-65,,2 hour NILM fridge session
2026-06-11T09:10:28.401706+00:00,2026-06-11 14:40:28,Anllia,plug_1,Tapo P110,P110,fridge,a7c73018,multi_cycle,1.0,101.853,242.465,0.704,0.024,0.256,,on,-65,,2 hour NILM fridge session
2026-06-11T09:10:29.667406+00:00,2026-06-11 14:40:29,Anllia,plug_1,Tapo P110,P110,fridge,a7c73018,multi_cycle,1.0,101.853,242.465,0.705,0.024,0.256,,on,-65,,2 hour NILM fridge session
2026-06-11T09:10:30.923679+00:00,2026-06-11 14:40:30,Anllia,plug_1,Tapo P110,P110,fridge,a7c73018,multi_cycle,1.0,101.906,242.076,0.705,0.024,0.256,,on,-65,,2 hour NILM fridge session
2026-06-11T09:10:32.299972+00:00,2026-06-11 14:40:32,Anllia,plug_1,Tapo P110,P110,fridge,a7c73018,multi_cycle,1.0,101.665,242.076,0.702,0.024,0.256,,on,-65,,2 hour NILM fridge session
2026-06-11T09:10:33.572277+00:00,2026-06-11 14:40:33,Anllia,plug_1,Tapo P110,P110,fridge,a7c73018,multi_cycle,1.0,101.8,242.076,0.702,0.024,0.256,,on,-64,,2 hour NILM fridge session
2026-06-11T09:10:34.815807+00:00,2026-06-11 14:40:34,Anllia,plug_1,Tapo P110,P110,fridge,a7c73018,multi_cycle,1.0,102.504,242.086,0.702,0.024,0.256,,on,-64,,2 hour NILM fridge session
2026-06-11T09:10:36.146623+00:00,2026-06-11 14:40:36,Anllia,plug_1,Tapo P110,P110,fridge,a7c73018,multi_cycle,1.0,101.841,242.086,0.702,0.024,0.256,,on,-65,,2 hour NILM fridge session
2026-06-11T09:10:37.503540+00:00,2026-06-11 14:40:37,Anllia,plug_1,Tapo P110,P110,fridge,a7c73018,multi_cycle,1.0,101.633,241.363,0.702,0.024,0.256,,on,-67,,2 hour NILM fridge session
2026-06-11T09:10:38.757665+00:00,2026-06-11 14:40:38,Anllia,plug_1,Tapo P110,P110,fridge,a7c73018,multi_cycle,1.0,101.861,241.363,0.706,0.024,0.256,,on,-65,,2 hour NILM fridge session
2026-06-11T09:10:40.092587+00:00,2026-06-11 14:40:40,Anllia,plug_1,Tapo P110,P110,fridge,a7c73018,multi_cycle,1.0,101.861,241.654,0.706,0.024,0.256,,on,-64,,2 hour NILM fridge session
2026-06-11T09:10:41.363806+00:00,2026-06-11 14:40:41,Anllia,plug_1,Tapo P110,P110,fridge,a7c73018,multi_cycle,1.0,102.063,241.654,0.693,0.024,0.256,,on,-67,,2 hour NILM fridge session
2026-06-11T09:10:42.650695+00:00,2026-06-11 14:40:42,Anllia,plug_1,Tapo P110,P110,fridge,a7c73018,multi_cycle,1.0,101.643,242.238,0.693,0.024,0.256,,on,-65,,2 hour NILM fridge session
2026-06-11T09:10:43.963385+00:00,2026-06-11 14:40:43,Anllia,plug_1,Tapo P110,P110,fridge,a7c73018,multi_cycle,1.0,101.571,242.238,0.693,0.024,0.256,,on,-65,,2 hour NILM fridge session
2026-06-11T09:10:45.277600+00:00,2026-06-11 14:40:45,Anllia,plug_1,Tapo P110,P110,fridge,a7c73018,multi_cycle,1.0,101.624,242.238,0.689,0.024,0.256,,on,-65,,2 hour NILM fridge session
2026-06-11T09:10:46.526203+00:00,2026-06-11 14:40:46,Anllia,plug_1,Tapo P110,P110,fridge,a7c73018,multi_cycle,1.0,101.526,242.257,0.689,0.024,0.257,,on,-64,,2 hour NILM fridge session
2026-06-11T09:10:47.910138+00:00,2026-06-11 14:40:47,Anllia,plug_1,Tapo P110,P110,fridge,a7c73018,multi_cycle,1.0,101.47,242.257,0.698,0.024,0.257,,on,-64,,2 hour NILM fridge session
2026-06-11T09:10:49.145740+00:00,2026-06-11 14:40:49,Anllia,plug_1,Tapo P110,P110,fridge,a7c73018,multi_cycle,1.0,101.47,242.295,0.698,0.024,0.257,,on,-63,,2 hour NILM fridge session
2026-06-11T09:18:37.879717+00:00,2026-06-11 14:48:37,Anllia,plug_1,Tapo P110,P110,fridge,a7c73018,multi_cycle,1.0,101.079,241.155,0.697,0.038,0.27,,on,-66,,2 hour NILM fridge session
2026-06-11T09:18:39.120153+00:00,2026-06-11 14:48:39,Anllia,plug_1,Tapo P110,P110,fridge,a7c73018,multi_cycle,1.0,101.89,241.155,0.698,0.038,0.27,,on,-66,,2 hour NILM fridge session
2026-06-11T09:18:40.377796+00:00,2026-06-11 14:48:40,Anllia,plug_1,Tapo P110,P110,fridge,a7c73018,multi_cycle,1.0,101.89,241.321,0.698,0.038,0.27,,on,-65,,2 hour NILM fridge session
2026-06-11T09:18:41.620455+00:00,2026-06-11 14:48:41,Anllia,plug_1,Tapo P110,P110,fridge,a7c73018,multi_cycle,1.0,101.221,241.321,0.707,0.038,0.27,,on,-69,,2 hour NILM fridge session
2026-06-11T09:18:42.871136+00:00,2026-06-11 14:48:42,Anllia,plug_1,Tapo P110,P110,fridge,a7c73018,multi_cycle,1.0,101.309,241.31,0.707,0.038,0.27,,on,-67,,2 hour NILM fridge session
2026-06-11T09:18:44.111604+00:00,2026-06-11 14:48:44,Anllia,plug_1,Tapo P110,P110,fridge,a7c73018,multi_cycle,1.0,101.452,241.31,0.707,0.038,0.27,,on,-68,,2 hour NILM fridge session
2026-06-11T09:18:45.379333+00:00,2026-06-11 14:48:45,Anllia,plug_1,Tapo P110,P110,fridge,a7c73018,multi_cycle,1.0,101.082,241.31,0.703,0.038,0.27,,on,-69,,2 hour NILM fridge session
2026-06-11T09:18:46.624412+00:00,2026-06-11 14:48:46,Anllia,plug_1,Tapo P110,P110,fridge,a7c73018,multi_cycle,1.0,100.846,241.064,0.703,0.038,0.27,,on,-63,,2 hour NILM fridge session
2026-06-11T09:18:47.881985+00:00,2026-06-11 14:48:47,Anllia,plug_1,Tapo P110,P110,fridge,a7c73018,multi_cycle,1.0,100.846,241.064,0.699,0.038,0.27,,on,-65,,2 hour NILM fridge session
2026-06-11T09:18:49.125777+00:00,2026-06-11 14:48:49,Anllia,plug_1,Tapo P110,P110,fridge,a7c73018,multi_cycle,1.0,100.444,240.903,0.699,0.038,0.27,,on,-65,,2 hour NILM fridge session
2026-06-11T09:18:50.365661+00:00,2026-06-11 14:48:50,Anllia,plug_1,Tapo P110,P110,fridge,a7c73018,multi_cycle,1.0,100.616,240.903,0.697,0.038,0.27,,on,-64,,2 hour NILM fridge session
2026-06-11T09:18:51.615451+00:00,2026-06-11 14:48:51,Anllia,plug_1,Tapo P110,P110,fridge,a7c73018,multi_cycle,1.0,100.661,240.903,0.697,0.038,0.27,,on,-64,,2 hour NILM fridge session
2026-06-11T09:18:52.865296+00:00,2026-06-11 14:48:52,Anllia,plug_1,Tapo P110,P110,fridge,a7c73018,multi_cycle,1.0,100.626,241.09,0.697,0.038,0.27,,on,-65,,2 hour NILM fridge session
2026-06-11T09:18:54.112909+00:00,2026-06-11 14:48:54,Anllia,plug_1,Tapo P110,P110,fridge,a7c73018,multi_cycle,1.0,101.25,241.09,0.705,0.038,0.27,,on,-65,,2 hour NILM fridge session
2026-06-11T09:18:55.361800+00:00,2026-06-11 14:48:55,Anllia,plug_1,Tapo P110,P110,fridge,a7c73018,multi_cycle,1.0,101.25,241.334,0.705,0.038,0.27,,on,-64,,2 hour NILM fridge session
2026-06-11T09:18:56.609713+00:00,2026-06-11 14:48:56,Anllia,plug_1,Tapo P110,P110,fridge,a7c73018,multi_cycle,1.0,101.562,241.334,0.704,0.038,0.27,,on,-64,,2 hour NILM fridge session
2026-06-11T09:18:57.848159+00:00,2026-06-11 14:48:57,Anllia,plug_1,Tapo P110,P110,fridge,a7c73018,multi_cycle,1.0,101.294,241.666,0.704,0.038,0.27,,on,-64,,2 hour NILM fridge session
2026-06-11T09:18:59.085349+00:00,2026-06-11 14:48:59,Anllia,plug_1,Tapo P110,P110,fridge,a7c73018,multi_cycle,1.0,101.108,241.666,0.704,0.038,0.27,,on,-65,,2 hour NILM fridge session
2026-06-11T09:19:00.325799+00:00,2026-06-11 14:49:00,Anllia,plug_1,Tapo P110,P110,fridge,a7c73018,multi_cycle,1.0,101.263,241.666,0.701,0.038,0.27,,on,-65,,2 hour NILM fridge session
2026-06-11T09:19:01.569682+00:00,2026-06-11 14:49:01,Anllia,plug_1,Tapo P110,P110,fridge,a7c73018,multi_cycle,1.0,101.108,241.78,0.701,0.038,0.27,,on,-65,,2 hour NILM fridge session
2026-06-11T09:19:02.817826+00:00,2026-06-11 14:49:02,Anllia,plug_1,Tapo P110,P110,fridge,a7c73018,multi_cycle,1.0,101.108,241.78,0.702,0.038,0.271,,on,-65,,2 hour NILM fridge session
2026-06-11T09:19:04.051896+00:00,2026-06-11 14:49:04,Anllia,plug_1,Tapo P110,P110,fridge,a7c73018,multi_cycle,1.0,100.747,241.798,0.702,0.038,0.271,,on,-64,,2 hour NILM fridge session
2026-06-11T09:19:05.308563+00:00,2026-06-11 14:49:05,Anllia,plug_1,Tapo P110,P110,fridge,a7c73018,multi_cycle,1.0,100.483,241.798,0.702,0.038,0.271,,on,-64,,2 hour NILM fridge session
2026-06-11T09:19:06.559274+00:00,2026-06-11 14:49:06,Anllia,plug_1,Tapo P110,P110,fridge,a7c73018,multi_cycle,1.0,101.032,241.798,0.703,0.038,0.271,,on,-65,,2 hour NILM fridge session
2026-06-11T09:19:07.809313+00:00,2026-06-11 14:49:07,Anllia,plug_1,Tapo P110,P110,fridge,a7c73018,multi_cycle,1.0,101.147,241.822,0.703,0.038,0.271,,on,-65,,2 hour NILM fridge session
2026-06-11T09:19:09.050543+00:00,2026-06-11 14:49:09,Anllia,plug_1,Tapo P110,P110,fridge,a7c73018,multi_cycle,1.0,101.159,241.822,0.703,0.038,0.271,,on,-65,,2 hour NILM fridge session
2026-06-11T09:19:10.290302+00:00,2026-06-11 14:49:10,Anllia,plug_1,Tapo P110,P110,fridge,a7c73018,multi_cycle,1.0,101.159,241.887,0.703,0.038,0.271,,on,-66,,2 hour NILM fridge session
2026-06-11T09:19:11.529030+00:00,2026-06-11 14:49:11,Anllia,plug_1,Tapo P110,P110,fridge,a7c73018,multi_cycle,1.0,101.141,241.887,0.701,0.038,0.271,,on,-65,,2 hour NILM fridge session
2026-06-11T09:19:12.816922+00:00,2026-06-11 14:49:12,Anllia,plug_1,Tapo P110,P110,fridge,a7c73018,multi_cycle,1.0,101.209,241.887,0.701,0.039,0.271,,on,-64,,2 hour NILM fridge session
2026-06-11T09:19:14.066636+00:00,2026-06-11 14:49:14,Anllia,plug_1,Tapo P110,P110,fridge,a7c73018,multi_cycle,1.0,100.704,241.48,0.701,0.039,0.271,,on,-65,,2 hour NILM fridge session
2026-06-11T09:19:15.328999+00:00,2026-06-11 14:49:15,Anllia,plug_1,Tapo P110,P110,fridge,a7c73018,multi_cycle,1.0,100.648,241.48,0.697,0.039,0.271,,on,-65,,2 hour NILM fridge session
2026-06-11T09:19:16.568958+00:00,2026-06-11 14:49:16,Anllia,plug_1,Tapo P110,P110,fridge,a7c73018,multi_cycle,1.0,100.419,241.514,0.697,0.039,0.271,,on,-64,,2 hour NILM fridge session
2026-06-11T09:19:17.829026+00:00,2026-06-11 14:49:17,Anllia,plug_1,Tapo P110,P110,fridge,a7c73018,multi_cycle,1.0,100.419,241.514,0.692,0.039,0.271,,on,-65,,2 hour NILM fridge session
2026-06-11T09:19:19.074839+00:00,2026-06-11 14:49:19,Anllia,plug_1,Tapo P110,P110,fridge,a7c73018,multi_cycle,1.0,100.994,242.416,0.692,0.039,0.271,,on,-65,,2 hour NILM fridge session
2026-06-11T09:19:20.329357+00:00,2026-06-11 14:49:20,Anllia,plug_1,Tapo P110,P110,fridge,a7c73018,multi_cycle,1.0,100.595,242.416,0.692,0.039,0.271,,on,-65,,2 hour NILM fridge session
2026-06-11T09:19:21.563791+00:00,2026-06-11 14:49:21,Anllia,plug_1,Tapo P110,P110,fridge,a7c73018,multi_cycle,1.0,100.639,242.416,0.694,0.039,0.271,,on,-65,,2 hour NILM fridge session
2026-06-11T09:19:22.811204+00:00,2026-06-11 14:49:22,Anllia,plug_1,Tapo P110,P110,fridge,a7c73018,multi_cycle,1.0,100.722,242.376,0.694,0.039,0.271,,on,-64,,2 hour NILM fridge session
2026-06-11T09:19:24.058968+00:00,2026-06-11 14:49:24,Anllia,plug_1,Tapo P110,P110,fridge,a7c73018,multi_cycle,1.0,100.596,242.376,0.69,0.039,0.271,,on,-65,,2 hour NILM fridge session
2026-06-11T09:19:25.331718+00:00,2026-06-11 14:49:25,Anllia,plug_1,Tapo P110,P110,fridge,a7c73018,multi_cycle,1.0,100.596,242.392,0.69,0.039,0.271,,on,-65,,2 hour NILM fridge session
2026-06-11T09:19:26.720029+00:00,2026-06-11 14:49:26,Anllia,plug_1,Tapo P110,P110,fridge,a7c73018,multi_cycle,1.0,100.625,242.392,0.693,0.039,0.271,,on,-65,,2 hour NILM fridge session
2026-06-11T09:19:27.994868+00:00,2026-06-11 14:49:27,Anllia,plug_1,Tapo P110,P110,fridge,a7c73018,multi_cycle,1.0,100.515,242.209,0.693,0.039,0.271,,on,-64,,2 hour NILM fridge session
2026-06-11T09:19:29.234438+00:00,2026-06-11 14:49:29,Anllia,plug_1,Tapo P110,P110,fridge,a7c73018,multi_cycle,1.0,100.834,242.209,0.693,0.039,0.271,,on,-65,,2 hour NILM fridge session
2026-06-11T09:19:30.472501+00:00,2026-06-11 14:49:30,Anllia,plug_1,Tapo P110,P110,fridge,a7c73018,multi_cycle,1.0,100.922,242.209,0.703,0.039,0.271,,on,-65,,2 hour NILM fridge session
2026-06-11T09:19:31.729277+00:00,2026-06-11 14:49:31,Anllia,plug_1,Tapo P110,P110,fridge,a7c73018,multi_cycle,1.0,100.686,241.932,0.703,0.039,0.271,,on,-65,,2 hour NILM fridge session
2026-06-11T09:19:32.973381+00:00,2026-06-11 14:49:32,Anllia,plug_1,Tapo P110,P110,fridge,a7c73018,multi_cycle,1.0,100.985,241.932,0.7,0.039,0.271,,on,-64,,2 hour NILM fridge session
2026-06-11T09:19:34.212262+00:00,2026-06-11 14:49:34,Anllia,plug_1,Tapo P110,P110,fridge,a7c73018,multi_cycle,1.0,100.985,242.062,0.7,0.039,0.271,,on,-65,,2 hour NILM fridge session
2026-06-11T09:19:35.457478+00:00,2026-06-11 14:49:35,Anllia,plug_1,Tapo P110,P110,fridge,a7c73018,multi_cycle,1.0,100.998,242.062,0.693,0.039,0.271,,on,-65,,2 hour NILM fridge session
2026-06-11T09:19:36.701769+00:00,2026-06-11 14:49:36,Anllia,plug_1,Tapo P110,P110,fridge,a7c73018,multi_cycle,1.0,100.854,242.062,0.693,0.039,0.271,,on,-64,,2 hour NILM fridge session
2026-06-11T09:19:37.945483+00:00,2026-06-11 14:49:37,Anllia,plug_1,Tapo P110,P110,fridge,a7c73018,multi_cycle,1.0,100.914,242.027,0.693,0.039,0.271,,on,-64,,2 hour NILM fridge session
2026-06-11T09:19:39.194775+00:00,2026-06-11 14:49:39,Anllia,plug_1,Tapo P110,P110,fridge,a7c73018,multi_cycle,1.0,100.918,242.027,0.694,0.039,0.272,,on,-64,,2 hour NILM fridge session
2026-06-11T09:19:40.445820+00:00,2026-06-11 14:49:40,Anllia,plug_1,Tapo P110,P110,fridge,a7c73018,multi_cycle,1.0,100.918,241.753,0.694,0.039,0.272,,on,-65,,2 hour NILM fridge session
2026-06-11T09:19:41.688495+00:00,2026-06-11 14:49:41,Anllia,plug_1,Tapo P110,P110,fridge,a7c73018,multi_cycle,1.0,100.542,241.753,0.694,0.039,0.272,,on,-64,,2 hour NILM fridge session
2026-06-11T09:19:43.100099+00:00,2026-06-11 14:49:43,Anllia,plug_1,Tapo P110,P110,fridge,a7c73018,multi_cycle,1.0,100.652,241.579,0.694,0.039,0.272,,on,-65,,2 hour NILM fridge session
2026-06-11T09:19:44.347263+00:00,2026-06-11 14:49:44,Anllia,plug_1,Tapo P110,P110,fridge,a7c73018,multi_cycle,1.0,100.98,241.579,0.694,0.039,0.272,,on,-65,,2 hour NILM fridge session
2026-06-11T09:19:45.595520+00:00,2026-06-11 14:49:45,Anllia,plug_1,Tapo P110,P110,fridge,a7c73018,multi_cycle,1.0,101.016,241.579,0.696,0.039,0.272,,on,-65,,2 hour NILM fridge session
2026-06-11T09:19:46.842886+00:00,2026-06-11 14:49:46,Anllia,plug_1,Tapo P110,P110,fridge,a7c73018,multi_cycle,1.0,101.055,241.685,0.696,0.039,0.272,,on,-65,,2 hour NILM fridge session
2026-06-11T09:19:48.088294+00:00,2026-06-11 14:49:48,Anllia,plug_1,Tapo P110,P110,fridge,a7c73018,multi_cycle,1.0,101.192,241.685,0.699,0.039,0.272,,on,-65,,2 hour NILM fridge session
2026-06-11T09:19:49.335999+00:00,2026-06-11 14:49:49,Anllia,plug_1,Tapo P110,P110,fridge,a7c73018,multi_cycle,1.0,101.192,241.445,0.699,0.04,0.272,,on,-65,,2 hour NILM fridge session
2026-06-11T09:19:50.585713+00:00,2026-06-11 14:49:50,Anllia,plug_1,Tapo P110,P110,fridge,a7c73018,multi_cycle,1.0,100.924,241.445,0.704,0.04,0.272,,on,-65,,2 hour NILM fridge session
2026-06-11T09:19:51.836220+00:00,2026-06-11 14:49:51,Anllia,plug_1,Tapo P110,P110,fridge,a7c73018,multi_cycle,1.0,100.809,241.445,0.704,0.04,0.272,,on,-65,,2 hour NILM fridge session
2026-06-11T09:19:53.079090+00:00,2026-06-11 14:49:53,Anllia,plug_1,Tapo P110,P110,fridge,a7c73018,multi_cycle,1.0,100.726,241.291,0.704,0.04,0.272,,on,-65,,2 hour NILM fridge session
2026-06-11T09:19:54.327376+00:00,2026-06-11 14:49:54,Anllia,plug_1,Tapo P110,P110,fridge,a7c73018,multi_cycle,1.0,100.773,241.291,0.699,0.04,0.272,,on,-64,,2 hour NILM fridge session
2026-06-11T09:19:55.573124+00:00,2026-06-11 14:49:55,Anllia,plug_1,Tapo P110,P110,fridge,a7c73018,multi_cycle,1.0,100.463,241.17,0.699,0.04,0.272,,on,-64,,2 hour NILM fridge session
2026-06-11T09:19:56.823613+00:00,2026-06-11 14:49:56,Anllia,plug_1,Tapo P110,P110,fridge,a7c73018,multi_cycle,1.0,100.463,241.17,0.696,0.04,0.272,,on,-65,,2 hour NILM fridge session
2026-06-11T09:19:58.177960+00:00,2026-06-11 14:49:58,Anllia,plug_1,Tapo P110,P110,fridge,a7c73018,multi_cycle,1.0,100.858,241.187,0.696,0.04,0.272,,on,-65,,2 hour NILM fridge session
2026-06-11T09:19:59.417243+00:00,2026-06-11 14:49:59,Anllia,plug_1,Tapo P110,P110,fridge,a7c73018,multi_cycle,1.0,100.706,241.187,0.696,0.04,0.272,,on,-65,,2 hour NILM fridge session
2026-06-11T09:20:00.661052+00:00,2026-06-11 14:50:00,Anllia,plug_1,Tapo P110,P110,fridge,a7c73018,multi_cycle,1.0,100.479,241.187,0.693,0.04,0.272,,on,-64,,2 hour NILM fridge session
2026-06-11T09:20:01.911003+00:00,2026-06-11 14:50:01,Anllia,plug_1,Tapo P110,P110,fridge,a7c73018,multi_cycle,1.0,100.502,241.429,0.693,0.04,0.272,,on,-65,,2 hour NILM fridge session
2026-06-11T09:20:03.156801+00:00,2026-06-11 14:50:03,Anllia,plug_1,Tapo P110,P110,fridge,a7c73018,multi_cycle,1.0,100.926,241.429,0.694,0.04,0.272,,on,-65,,2 hour NILM fridge session
2026-06-11T09:20:04.410460+00:00,2026-06-11 14:50:04,Anllia,plug_1,Tapo P110,P110,fridge,a7c73018,multi_cycle,1.0,100.926,241.356,0.694,0.04,0.272,,on,-65,,2 hour NILM fridge session
2026-06-11T09:20:05.714505+00:00,2026-06-11 14:50:05,Anllia,plug_1,Tapo P110,P110,fridge,a7c73018,multi_cycle,1.0,100.771,241.356,0.696,0.04,0.272,,on,-64,,2 hour NILM fridge session
2026-06-11T09:20:06.958303+00:00,2026-06-11 14:50:06,Anllia,plug_1,Tapo P110,P110,fridge,a7c73018,multi_cycle,1.0,100.42,241.111,0.696,0.04,0.272,,on,-64,,2 hour NILM fridge session
2026-06-11T09:20:08.300973+00:00,2026-06-11 14:50:08,Anllia,plug_1,Tapo P110,P110,fridge,a7c73018,multi_cycle,1.0,100.494,241.111,0.696,0.04,0.272,,on,-66,,2 hour NILM fridge session
2026-06-11T09:20:09.555587+00:00,2026-06-11 14:50:09,Anllia,plug_1,Tapo P110,P110,fridge,a7c73018,multi_cycle,1.0,100.568,241.111,0.698,0.04,0.272,,on,-64,,2 hour NILM fridge session
2026-06-11T09:20:10.814690+00:00,2026-06-11 14:50:10,Anllia,plug_1,Tapo P110,P110,fridge,a7c73018,multi_cycle,1.0,101.012,241.198,0.698,0.04,0.272,,on,-64,,2 hour NILM fridge session
2026-06-11T09:20:12.071453+00:00,2026-06-11 14:50:12,Anllia,plug_1,Tapo P110,P110,fridge,a7c73018,multi_cycle,1.0,101.108,241.198,0.7,0.04,0.272,,on,-65,,2 hour NILM fridge session
2026-06-11T09:20:13.317870+00:00,2026-06-11 14:50:13,Anllia,plug_1,Tapo P110,P110,fridge,a7c73018,multi_cycle,1.0,101.108,241.067,0.7,0.04,0.272,,on,-65,,2 hour NILM fridge session
2026-06-11T09:20:14.571401+00:00,2026-06-11 14:50:14,Anllia,plug_1,Tapo P110,P110,fridge,a7c73018,multi_cycle,1.0,101.265,241.067,0.7,0.04,0.273,,on,-65,,2 hour NILM fridge session
2026-06-11T09:20:15.934766+00:00,2026-06-11 14:50:15,Anllia,plug_1,Tapo P110,P110,fridge,a7c73018,multi_cycle,1.0,101.281,241.067,0.7,0.04,0.273,,on,-66,,2 hour NILM fridge session
2026-06-11T09:20:17.212449+00:00,2026-06-11 14:50:17,Anllia,plug_1,Tapo P110,P110,fridge,a7c73018,multi_cycle,1.0,101.213,241.245,0.7,0.04,0.273,,on,-65,,2 hour NILM fridge session
2026-06-11T09:20:18.459468+00:00,2026-06-11 14:50:18,Anllia,plug_1,Tapo P110,P110,fridge,a7c73018,multi_cycle,1.0,101.13,241.245,0.696,0.04,0.273,,on,-64,,2 hour NILM fridge session
2026-06-11T09:20:19.706225+00:00,2026-06-11 14:50:19,Anllia,plug_1,Tapo P110,P110,fridge,a7c73018,multi_cycle,1.0,101.309,241.621,0.696,0.04,0.273,,on,-66,,2 hour NILM fridge session
2026-06-11T09:20:20.979830+00:00,2026-06-11 14:50:20,Anllia,plug_1,Tapo P110,P110,fridge,a7c73018,multi_cycle,1.0,101.309,241.621,0.697,0.04,0.273,,on,-65,,2 hour NILM fridge session
2026-06-11T09:20:22.281868+00:00,2026-06-11 14:50:22,Anllia,plug_1,Tapo P110,P110,fridge,a7c73018,multi_cycle,1.0,101.333,241.799,0.697,0.04,0.273,,on,-66,,2 hour NILM fridge session
2026-06-11T09:20:23.529639+00:00,2026-06-11 14:50:23,Anllia,plug_1,Tapo P110,P110,fridge,a7c73018,multi_cycle,1.0,101.488,241.799,0.697,0.04,0.273,,on,-65,,2 hour NILM fridge session
2026-06-11T09:20:24.800640+00:00,2026-06-11 14:50:24,Anllia,plug_1,Tapo P110,P110,fridge,a7c73018,multi_cycle,1.0,101.346,241.799,0.697,0.041,0.273,,on,-64,,2 hour NILM fridge session
2026-06-11T09:20:26.064216+00:00,2026-06-11 14:50:26,Anllia,plug_1,Tapo P110,P110,fridge,a7c73018,multi_cycle,1.0,101.16,241.604,0.697,0.041,0.273,,on,-64,,2 hour NILM fridge session
2026-06-11T09:20:27.321281+00:00,2026-06-11 14:50:27,Anllia,plug_1,Tapo P110,P110,fridge,a7c73018,multi_cycle,1.0,101.266,241.604,0.698,0.041,0.273,,on,-62,,2 hour NILM fridge session
2026-06-11T09:20:28.710473+00:00,2026-06-11 14:50:28,Anllia,plug_1,Tapo P110,P110,fridge,a7c73018,multi_cycle,1.0,101.266,241.518,0.698,0.041,0.273,,on,-63,,2 hour NILM fridge session
2026-06-11T09:20:30.179486+00:00,2026-06-11 14:50:30,Anllia,plug_1,Tapo P110,P110,fridge,a7c73018,multi_cycle,1.0,101.127,241.518,0.696,0.041,0.273,,on,-63,,2 hour NILM fridge session
2026-06-11T09:20:31.496894+00:00,2026-06-11 14:50:31,Anllia,plug_1,Tapo P110,P110,fridge,a7c73018,multi_cycle,1.0,100.985,241.444,0.696,0.041,0.273,,on,-64,,2 hour NILM fridge session
2026-06-11T09:20:32.752090+00:00,2026-06-11 14:50:32,Anllia,plug_1,Tapo P110,P110,fridge,a7c73018,multi_cycle,1.0,101.05,241.444,0.695,0.041,0.273,,on,-65,,2 hour NILM fridge session
2026-06-11T09:20:34.039986+00:00,2026-06-11 14:50:34,Anllia,plug_1,Tapo P110,P110,fridge,a7c73018,multi_cycle,1.0,100.901,241.326,0.695,0.041,0.273,,on,-66,,2 hour NILM fridge session
2026-06-11T09:20:35.275115+00:00,2026-06-11 14:50:35,Anllia,plug_1,Tapo P110,P110,fridge,a7c73018,multi_cycle,1.0,100.79,241.326,0.695,0.041,0.273,,on,-65,,2 hour NILM fridge session
2026-06-11T09:20:36.526461+00:00,2026-06-11 14:50:36,Anllia,plug_1,Tapo P110,P110,fridge,a7c73018,multi_cycle,1.0,101.14,241.326,0.695,0.041,0.273,,on,-65,,2 hour NILM fridge session
2026-06-11T09:20:38.348673+00:00,2026-06-11 14:50:38,Anllia,plug_1,Tapo P110,P110,fridge,a7c73018,multi_cycle,1.0,101.056,241.215,0.695,0.041,0.273,,on,-66,,2 hour NILM fridge session
2026-06-11T09:20:40.466223+00:00,2026-06-11 14:50:40,Anllia,plug_1,Tapo P110,P110,fridge,a7c73018,multi_cycle,1.0,101.08,241.053,0.688,0.041,0.273,,on,-65,,2 hour NILM fridge session
2026-06-11T09:20:41.726331+00:00,2026-06-11 14:50:41,Anllia,plug_1,Tapo P110,P110,fridge,a7c73018,multi_cycle,1.0,101.011,241.053,0.687,0.041,0.273,,on,-66,,2 hour NILM fridge session
2026-06-11T09:20:43.342855+00:00,2026-06-11 14:50:43,Anllia,plug_1,Tapo P110,P110,fridge,a7c73018,multi_cycle,1.0,101.092,241.143,0.687,0.041,0.273,,on,-65,,2 hour NILM fridge session
2026-06-11T09:20:44.585481+00:00,2026-06-11 14:50:44,Anllia,plug_1,Tapo P110,P110,fridge,a7c73018,multi_cycle,1.0,101.149,241.143,0.687,0.041,0.273,,on,-65,,2 hour NILM fridge session
2026-06-11T09:20:45.832849+00:00,2026-06-11 14:50:45,Anllia,plug_1,Tapo P110,P110,fridge,a7c73018,multi_cycle,1.0,100.806,241.143,0.691,0.041,0.273,,on,-65,,2 hour NILM fridge session
2026-06-11T09:20:47.081200+00:00,2026-06-11 14:50:47,Anllia,plug_1,Tapo P110,P110,fridge,a7c73018,multi_cycle,1.0,100.748,240.947,0.691,0.041,0.273,,on,-65,,2 hour NILM fridge session
2026-06-11T09:20:48.326990+00:00,2026-06-11 14:50:48,Anllia,plug_1,Tapo P110,P110,fridge,a7c73018,multi_cycle,1.0,100.648,240.947,0.697,0.041,0.273,,on,-65,,2 hour NILM fridge session
2026-06-11T09:20:49.626525+00:00,2026-06-11 14:50:49,Anllia,plug_1,Tapo P110,P110,fridge,a7c73018,multi_cycle,1.0,100.648,241.232,0.697,0.041,0.274,,on,-65,,2 hour NILM fridge session
2026-06-11T09:20:50.873344+00:00,2026-06-11 14:50:50,Anllia,plug_1,Tapo P110,P110,fridge,a7c73018,multi_cycle,1.0,100.558,241.232,0.696,0.041,0.274,,on,-65,,2 hour NILM fridge session
2026-06-11T09:20:52.113410+00:00,2026-06-11 14:50:52,Anllia,plug_1,Tapo P110,P110,fridge,a7c73018,multi_cycle,1.0,100.517,241.271,0.696,0.041,0.274,,on,-65,,2 hour NILM fridge session
2026-06-11T09:20:53.395263+00:00,2026-06-11 14:50:53,Anllia,plug_1,Tapo P110,P110,fridge,a7c73018,multi_cycle,1.0,100.771,241.271,0.696,0.041,0.274,,on,-65,,2 hour NILM fridge session
2026-06-11T09:20:54.646883+00:00,2026-06-11 14:50:54,Anllia,plug_1,Tapo P110,P110,fridge,a7c73018,multi_cycle,1.0,100.684,241.271,0.698,0.041,0.274,,on,-65,,2 hour NILM fridge session
2026-06-11T09:20:55.891686+00:00,2026-06-11 14:50:55,Anllia,plug_1,Tapo P110,P110,fridge,a7c73018,multi_cycle,1.0,100.672,240.967,0.698,0.041,0.274,,on,-65,,2 hour NILM fridge session
2026-06-11T09:20:57.144936+00:00,2026-06-11 14:50:57,Anllia,plug_1,Tapo P110,P110,fridge,a7c73018,multi_cycle,1.0,100.672,240.967,0.699,0.041,0.274,,on,-65,,2 hour NILM fridge session
2026-06-11T09:20:58.534607+00:00,2026-06-11 14:50:58,Anllia,plug_1,Tapo P110,P110,fridge,a7c73018,multi_cycle,1.0,100.353,240.787,0.699,0.041,0.274,,on,-65,,2 hour NILM fridge session
2026-06-11T09:20:59.778599+00:00,2026-06-11 14:50:59,Anllia,plug_1,Tapo P110,P110,fridge,a7c73018,multi_cycle,1.0,100.629,240.787,0.697,0.042,0.274,,on,-65,,2 hour NILM fridge session
2026-06-11T09:21:01.057075+00:00,2026-06-11 14:51:01,Anllia,plug_1,Tapo P110,P110,fridge,a7c73018,multi_cycle,1.0,100.514,240.787,0.697,0.042,0.274,,on,-65,,2 hour NILM fridge session
2026-06-11T09:21:02.352061+00:00,2026-06-11 14:51:02,Anllia,plug_1,Tapo P110,P110,fridge,a7c73018,multi_cycle,1.0,100.898,241.127,0.697,0.042,0.274,,on,-65,,2 hour NILM fridge session
2026-06-11T09:21:03.615244+00:00,2026-06-11 14:51:03,Anllia,plug_1,Tapo P110,P110,fridge,a7c73018,multi_cycle,1.0,100.957,241.127,0.7,0.042,0.274,,on,-65,,2 hour NILM fridge session
2026-06-11T09:21:04.861701+00:00,2026-06-11 14:51:04,Anllia,plug_1,Tapo P110,P110,fridge,a7c73018,multi_cycle,1.0,100.919,241.059,0.7,0.042,0.274,,on,-65,,2 hour NILM fridge session
2026-06-11T09:21:06.112786+00:00,2026-06-11 14:51:06,Anllia,plug_1,Tapo P110,P110,fridge,a7c73018,multi_cycle,1.0,100.919,241.059,0.701,0.042,0.274,,on,-65,,2 hour NILM fridge session
2026-06-11T09:21:07.364778+00:00,2026-06-11 14:51:07,Anllia,plug_1,Tapo P110,P110,fridge,a7c73018,multi_cycle,1.0,100.909,240.815,0.701,0.042,0.274,,on,-65,,2 hour NILM fridge session
2026-06-11T09:21:08.607113+00:00,2026-06-11 14:51:08,Anllia,plug_1,Tapo P110,P110,fridge,a7c73018,multi_cycle,1.0,101.204,240.815,0.701,0.042,0.274,,on,-65,,2 hour NILM fridge session
2026-06-11T09:21:09.853184+00:00,2026-06-11 14:51:09,Anllia,plug_1,Tapo P110,P110,fridge,a7c73018,multi_cycle,1.0,100.937,240.815,0.702,0.042,0.274,,on,-65,,2 hour NILM fridge session
2026-06-11T09:21:11.102470+00:00,2026-06-11 14:51:11,Anllia,plug_1,Tapo P110,P110,fridge,a7c73018,multi_cycle,1.0,100.793,240.86,0.702,0.042,0.274,,on,-66,,2 hour NILM fridge session
2026-06-11T09:21:12.353828+00:00,2026-06-11 14:51:12,Anllia,plug_1,Tapo P110,P110,fridge,a7c73018,multi_cycle,1.0,100.664,240.86,0.698,0.042,0.274,,on,-65,,2 hour NILM fridge session
2026-06-11T09:21:13.613562+00:00,2026-06-11 14:51:13,Anllia,plug_1,Tapo P110,P110,fridge,a7c73018,multi_cycle,1.0,100.664,240.917,0.698,0.042,0.274,,on,-65,,2 hour NILM fridge session
2026-06-11T09:21:14.892228+00:00,2026-06-11 14:51:14,Anllia,plug_1,Tapo P110,P110,fridge,a7c73018,multi_cycle,1.0,100.719,240.917,0.698,0.042,0.274,,on,-65,,2 hour NILM fridge session
2026-06-11T09:21:16.139331+00:00,2026-06-11 14:51:16,Anllia,plug_1,Tapo P110,P110,fridge,a7c73018,multi_cycle,1.0,100.892,240.917,0.698,0.042,0.274,,on,-65,,2 hour NILM fridge session
2026-06-11T09:21:17.384321+00:00,2026-06-11 14:51:17,Anllia,plug_1,Tapo P110,P110,fridge,a7c73018,multi_cycle,1.0,100.774,240.814,0.698,0.042,0.274,,on,-66,,2 hour NILM fridge session
2026-06-11T09:21:18.646770+00:00,2026-06-11 14:51:18,Anllia,plug_1,Tapo P110,P110,fridge,a7c73018,multi_cycle,1.0,100.838,240.814,0.699,0.042,0.274,,on,-65,,2 hour NILM fridge session
2026-06-11T09:21:19.896561+00:00,2026-06-11 14:51:19,Anllia,plug_1,Tapo P110,P110,fridge,a7c73018,multi_cycle,1.0,100.619,240.78,0.699,0.042,0.274,,on,-65,,2 hour NILM fridge session
2026-06-11T09:21:21.401198+00:00,2026-06-11 14:51:21,Anllia,plug_1,Tapo P110,P110,fridge,a7c73018,multi_cycle,1.0,100.58,240.78,0.698,0.042,0.274,,on,-65,,2 hour NILM fridge session
2026-06-11T09:21:23.453517+00:00,2026-06-11 14:51:23,Anllia,plug_1,Tapo P110,P110,fridge,a7c73018,multi_cycle,1.0,100.58,240.415,0.698,0.042,0.274,,on,-65,,2 hour NILM fridge session
2026-06-11T09:21:25.002872+00:00,2026-06-11 14:51:25,Anllia,plug_1,Tapo P110,P110,fridge,a7c73018,multi_cycle,1.0,100.717,240.415,0.7,0.042,0.274,,on,-66,,2 hour NILM fridge session
2026-06-11T09:21:26.245193+00:00,2026-06-11 14:51:26,Anllia,plug_1,Tapo P110,P110,fridge,a7c73018,multi_cycle,1.0,100.558,240.374,0.7,0.042,0.275,,on,-65,,2 hour NILM fridge session
2026-06-11T09:21:27.680961+00:00,2026-06-11 14:51:27,Anllia,plug_1,Tapo P110,P110,fridge,a7c73018,multi_cycle,1.0,100.635,240.374,0.701,0.042,0.275,,on,-65,,2 hour NILM fridge session
2026-06-11T09:21:29.189314+00:00,2026-06-11 14:51:29,Anllia,plug_1,Tapo P110,P110,fridge,a7c73018,multi_cycle,1.0,100.47,240.86,0.701,0.042,0.275,,on,-66,,2 hour NILM fridge session
2026-06-11T09:21:30.674229+00:00,2026-06-11 14:51:30,Anllia,plug_1,Tapo P110,P110,fridge,a7c73018,multi_cycle,1.0,100.616,240.86,0.697,0.042,0.275,,on,-65,,2 hour NILM fridge session
2026-06-11T09:21:31.944524+00:00,2026-06-11 14:51:31,Anllia,plug_1,Tapo P110,P110,fridge,a7c73018,multi_cycle,1.0,100.869,241.052,0.697,0.042,0.275,,on,-65,,2 hour NILM fridge session
2026-06-11T09:21:33.264065+00:00,2026-06-11 14:51:33,Anllia,plug_1,Tapo P110,P110,fridge,a7c73018,multi_cycle,1.0,100.918,241.052,0.698,0.042,0.275,,on,-65,,2 hour NILM fridge session
2026-06-11T09:21:34.518485+00:00,2026-06-11 14:51:34,Anllia,plug_1,Tapo P110,P110,fridge,a7c73018,multi_cycle,1.0,100.918,241.172,0.698,0.042,0.275,,on,-65,,2 hour NILM fridge session
2026-06-11T09:21:35.810385+00:00,2026-06-11 14:51:35,Anllia,plug_1,Tapo P110,P110,fridge,a7c73018,multi_cycle,1.0,100.641,241.172,0.696,0.043,0.275,,on,-65,,2 hour NILM fridge session
2026-06-11T09:21:37.053192+00:00,2026-06-11 14:51:37,Anllia,plug_1,Tapo P110,P110,fridge,a7c73018,multi_cycle,1.0,100.488,241.172,0.696,0.043,0.275,,on,-65,,2 hour NILM fridge session
2026-06-11T09:21:38.304613+00:00,2026-06-11 14:51:38,Anllia,plug_1,Tapo P110,P110,fridge,a7c73018,multi_cycle,1.0,100.723,240.967,0.696,0.043,0.275,,on,-65,,2 hour NILM fridge session
2026-06-11T09:21:39.563165+00:00,2026-06-11 14:51:39,Anllia,plug_1,Tapo P110,P110,fridge,a7c73018,multi_cycle,1.0,100.687,240.967,0.698,0.043,0.275,,on,-65,,2 hour NILM fridge session
2026-06-11T09:21:40.817075+00:00,2026-06-11 14:51:40,Anllia,plug_1,Tapo P110,P110,fridge,a7c73018,multi_cycle,1.0,100.602,240.905,0.698,0.043,0.275,,on,-65,,2 hour NILM fridge session
2026-06-11T09:21:42.059940+00:00,2026-06-11 14:51:42,Anllia,plug_1,Tapo P110,P110,fridge,a7c73018,multi_cycle,1.0,100.602,240.905,0.697,0.043,0.275,,on,-65,,2 hour NILM fridge session
2026-06-11T09:21:43.304951+00:00,2026-06-11 14:51:43,Anllia,plug_1,Tapo P110,P110,fridge,a7c73018,multi_cycle,1.0,100.436,240.528,0.697,0.043,0.275,,on,-65,,2 hour NILM fridge session
2026-06-11T09:21:44.558142+00:00,2026-06-11 14:51:44,Anllia,plug_1,Tapo P110,P110,fridge,a7c73018,multi_cycle,1.0,100.181,240.528,0.697,0.043,0.275,,on,-66,,2 hour NILM fridge session
2026-06-11T09:21:45.837442+00:00,2026-06-11 14:51:45,Anllia,plug_1,Tapo P110,P110,fridge,a7c73018,multi_cycle,1.0,100.285,240.528,0.698,0.043,0.275,,on,-65,,2 hour NILM fridge session
2026-06-11T09:21:47.083881+00:00,2026-06-11 14:51:47,Anllia,plug_1,Tapo P110,P110,fridge,a7c73018,multi_cycle,1.0,100.682,240.152,0.698,0.043,0.275,,on,-65,,2 hour NILM fridge session
2026-06-11T09:21:48.331939+00:00,2026-06-11 14:51:48,Anllia,plug_1,Tapo P110,P110,fridge,a7c73018,multi_cycle,1.0,100.671,240.152,0.697,0.043,0.275,,on,-65,,2 hour NILM fridge session
2026-06-11T09:21:49.577665+00:00,2026-06-11 14:51:49,Anllia,plug_1,Tapo P110,P110,fridge,a7c73018,multi_cycle,1.0,100.671,240.875,0.697,0.043,0.275,,on,-65,,2 hour NILM fridge session
2026-06-11T09:21:50.844385+00:00,2026-06-11 14:51:50,Anllia,plug_1,Tapo P110,P110,fridge,a7c73018,multi_cycle,1.0,100.826,240.875,0.698,0.043,0.275,,on,-65,,2 hour NILM fridge session
2026-06-11T09:21:52.093808+00:00,2026-06-11 14:51:52,Anllia,plug_1,Tapo P110,P110,fridge,a7c73018,multi_cycle,1.0,100.794,240.875,0.698,0.043,0.275,,on,-65,,2 hour NILM fridge session
2026-06-11T09:21:53.340963+00:00,2026-06-11 14:51:53,Anllia,plug_1,Tapo P110,P110,fridge,a7c73018,multi_cycle,1.0,100.88,240.89,0.698,0.043,0.275,,on,-65,,2 hour NILM fridge session
2026-06-11T09:21:54.591639+00:00,2026-06-11 14:51:54,Anllia,plug_1,Tapo P110,P110,fridge,a7c73018,multi_cycle,1.0,100.195,240.89,0.694,0.043,0.275,,on,-65,,2 hour NILM fridge session
2026-06-11T09:21:55.842705+00:00,2026-06-11 14:51:55,Anllia,plug_1,Tapo P110,P110,fridge,a7c73018,multi_cycle,1.0,100.195,240.836,0.694,0.043,0.275,,on,-65,,2 hour NILM fridge session
2026-06-11T09:21:57.088350+00:00,2026-06-11 14:51:57,Anllia,plug_1,Tapo P110,P110,fridge,a7c73018,multi_cycle,1.0,100.361,240.836,0.695,0.043,0.275,,on,-65,,2 hour NILM fridge session
2026-06-11T09:21:58.340735+00:00,2026-06-11 14:51:58,Anllia,plug_1,Tapo P110,P110,fridge,a7c73018,multi_cycle,1.0,100.481,240.603,0.695,0.043,0.275,,on,-65,,2 hour NILM fridge session
2026-06-11T09:21:59.584088+00:00,2026-06-11 14:51:59,Anllia,plug_1,Tapo P110,P110,fridge,a7c73018,multi_cycle,1.0,100.429,240.603,0.695,0.043,0.275,,on,-65,,2 hour NILM fridge session
2026-06-11T09:22:00.838917+00:00,2026-06-11 14:52:00,Anllia,plug_1,Tapo P110,P110,fridge,a7c73018,multi_cycle,1.0,100.357,240.603,0.696,0.043,0.275,,on,-65,,2 hour NILM fridge session
2026-06-11T09:22:02.085400+00:00,2026-06-11 14:52:02,Anllia,plug_1,Tapo P110,P110,fridge,a7c73018,multi_cycle,1.0,100.17,240.714,0.696,0.043,0.276,,on,-65,,2 hour NILM fridge session
2026-06-11T09:22:03.478993+00:00,2026-06-11 14:52:03,Anllia,plug_1,Tapo P110,P110,fridge,a7c73018,multi_cycle,1.0,100.17,240.714,0.696,0.043,0.276,,on,-65,,2 hour NILM fridge session
2026-06-11T09:22:04.731409+00:00,2026-06-11 14:52:04,Anllia,plug_1,Tapo P110,P110,fridge,a7c73018,multi_cycle,1.0,100.142,240.614,0.696,0.043,0.276,,on,-65,,2 hour NILM fridge session
2026-06-11T09:22:06.240063+00:00,2026-06-11 14:52:06,Anllia,plug_1,Tapo P110,P110,fridge,a7c73018,multi_cycle,1.0,100.002,240.614,0.694,0.043,0.276,,on,-65,,2 hour NILM fridge session
2026-06-11T09:22:07.553976+00:00,2026-06-11 14:52:07,Anllia,plug_1,Tapo P110,P110,fridge,a7c73018,multi_cycle,1.0,100.218,240.784,0.694,0.043,0.276,,on,-66,,2 hour NILM fridge session
2026-06-11T09:22:08.901821+00:00,2026-06-11 14:52:08,Anllia,plug_1,Tapo P110,P110,fridge,a7c73018,multi_cycle,1.0,100.066,240.784,0.693,0.043,0.276,,on,-65,,2 hour NILM fridge session
2026-06-11T09:22:10.466722+00:00,2026-06-11 14:52:10,Anllia,plug_1,Tapo P110,P110,fridge,a7c73018,multi_cycle,1.0,100.032,240.727,0.693,0.043,0.276,,on,-65,,2 hour NILM fridge session
2026-06-11T09:22:11.974044+00:00,2026-06-11 14:52:11,Anllia,plug_1,Tapo P110,P110,fridge,a7c73018,multi_cycle,1.0,99.891,240.727,0.69,0.044,0.276,,on,-65,,2 hour NILM fridge session
2026-06-11T09:22:13.219589+00:00,2026-06-11 14:52:13,Anllia,plug_1,Tapo P110,P110,fridge,a7c73018,multi_cycle,1.0,99.898,240.727,0.69,0.044,0.276,,on,-65,,2 hour NILM fridge session
2026-06-11T09:22:17.346400+00:00,2026-06-11 14:52:17,Anllia,plug_1,Tapo P110,P110,fridge,a7c73018,multi_cycle,1.0,99.743,240.599,0.69,0.044,0.276,,on,-65,,2 hour NILM fridge session
2026-06-11T09:22:18.703372+00:00,2026-06-11 14:52:18,Anllia,plug_1,Tapo P110,P110,fridge,a7c73018,multi_cycle,1.0,100.148,240.475,0.69,0.044,0.276,,on,-66,,2 hour NILM fridge session
2026-06-11T09:22:19.976319+00:00,2026-06-11 14:52:19,Anllia,plug_1,Tapo P110,P110,fridge,a7c73018,multi_cycle,1.0,100.608,240.453,0.69,0.044,0.276,,on,-65,,2 hour NILM fridge session
2026-06-11T09:22:21.378246+00:00,2026-06-11 14:52:21,Anllia,plug_1,Tapo P110,P110,fridge,a7c73018,multi_cycle,1.0,100.608,240.453,0.692,0.044,0.276,,on,-65,,2 hour NILM fridge session
2026-06-11T09:22:22.665456+00:00,2026-06-11 14:52:22,Anllia,plug_1,Tapo P110,P110,fridge,a7c73018,multi_cycle,1.0,100.369,240.698,0.692,0.044,0.276,,on,-65,,2 hour NILM fridge session
2026-06-11T09:22:23.976427+00:00,2026-06-11 14:52:23,Anllia,plug_1,Tapo P110,P110,fridge,a7c73018,multi_cycle,1.0,100.178,240.698,0.691,0.044,0.276,,on,-66,,2 hour NILM fridge session
2026-06-11T09:22:25.327201+00:00,2026-06-11 14:52:25,Anllia,plug_1,Tapo P110,P110,fridge,a7c73018,multi_cycle,1.0,100.393,240.698,0.691,0.044,0.276,,on,-65,,2 hour NILM fridge session
2026-06-11T09:22:26.578654+00:00,2026-06-11 14:52:26,Anllia,plug_1,Tapo P110,P110,fridge,a7c73018,multi_cycle,1.0,100.394,240.754,0.691,0.044,0.276,,on,-65,,2 hour NILM fridge session
2026-06-11T09:22:27.890114+00:00,2026-06-11 14:52:27,Anllia,plug_1,Tapo P110,P110,fridge,a7c73018,multi_cycle,1.0,100.278,240.754,0.692,0.044,0.276,,on,-65,,2 hour NILM fridge session
2026-06-11T09:22:29.257572+00:00,2026-06-11 14:52:29,Anllia,plug_1,Tapo P110,P110,fridge,a7c73018,multi_cycle,1.0,100.205,240.696,0.692,0.044,0.276,,on,-65,,2 hour NILM fridge session
2026-06-11T09:22:30.587013+00:00,2026-06-11 14:52:30,Anllia,plug_1,Tapo P110,P110,fridge,a7c73018,multi_cycle,1.0,100.162,240.696,0.69,0.044,0.276,,on,-65,,2 hour NILM fridge session
2026-06-11T09:22:31.898738+00:00,2026-06-11 14:52:31,Anllia,plug_1,Tapo P110,P110,fridge,a7c73018,multi_cycle,1.0,100.162,240.658,0.69,0.044,0.276,,on,-65,,2 hour NILM fridge session
2026-06-11T09:22:33.672573+00:00,2026-06-11 14:52:33,Anllia,plug_1,Tapo P110,P110,fridge,a7c73018,multi_cycle,1.0,100.302,240.658,0.692,0.044,0.276,,on,-65,,2 hour NILM fridge session
2026-06-11T09:22:35.079509+00:00,2026-06-11 14:52:35,Anllia,plug_1,Tapo P110,P110,fridge,a7c73018,multi_cycle,1.0,100.566,240.553,0.692,0.044,0.276,,on,-66,,2 hour NILM fridge session
2026-06-11T09:22:36.681574+00:00,2026-06-11 14:52:36,Anllia,plug_1,Tapo P110,P110,fridge,a7c73018,multi_cycle,1.0,100.566,240.553,0.696,0.044,0.276,,on,-65,,2 hour NILM fridge session
2026-06-11T09:22:38.301379+00:00,2026-06-11 14:52:38,Anllia,plug_1,Tapo P110,P110,fridge,a7c73018,multi_cycle,1.0,100.588,240.925,0.696,0.044,0.277,,on,-66,,2 hour NILM fridge session
2026-06-11T09:22:40.038115+00:00,2026-06-11 14:52:40,Anllia,plug_1,Tapo P110,P110,fridge,a7c73018,multi_cycle,1.0,100.625,240.925,0.692,0.044,0.277,,on,-66,,2 hour NILM fridge session
2026-06-11T09:22:41.364140+00:00,2026-06-11 14:52:41,Anllia,plug_1,Tapo P110,P110,fridge,a7c73018,multi_cycle,1.0,100.682,240.557,0.692,0.044,0.277,,on,-65,,2 hour NILM fridge session
2026-06-11T09:22:42.751234+00:00,2026-06-11 14:52:42,Anllia,plug_1,Tapo P110,P110,fridge,a7c73018,multi_cycle,1.0,100.523,240.557,0.693,0.044,0.277,,on,-65,,2 hour NILM fridge session
2026-06-11T09:22:44.070004+00:00,2026-06-11 14:52:44,Anllia,plug_1,Tapo P110,P110,fridge,a7c73018,multi_cycle,1.0,100.525,241.102,0.693,0.044,0.277,,on,-65,,2 hour NILM fridge session
2026-06-11T09:22:45.475377+00:00,2026-06-11 14:52:45,Anllia,plug_1,Tapo P110,P110,fridge,a7c73018,multi_cycle,1.0,100.525,241.102,0.691,0.044,0.277,,on,-65,,2 hour NILM fridge session
2026-06-11T09:22:46.722221+00:00,2026-06-11 14:52:46,Anllia,plug_1,Tapo P110,P110,fridge,a7c73018,multi_cycle,1.0,100.349,241.347,0.691,0.044,0.277,,on,-65,,2 hour NILM fridge session
2026-06-11T09:22:48.376782+00:00,2026-06-11 14:52:48,Anllia,plug_1,Tapo P110,P110,fridge,a7c73018,multi_cycle,1.0,100.33,241.347,0.691,0.045,0.277,,on,-65,,2 hour NILM fridge session
2026-06-11T09:22:49.707541+00:00,2026-06-11 14:52:49,Anllia,plug_1,Tapo P110,P110,fridge,a7c73018,multi_cycle,1.0,100.505,241.574,0.691,0.045,0.277,,on,-65,,2 hour NILM fridge session
2026-06-11T09:22:51.045588+00:00,2026-06-11 14:52:51,Anllia,plug_1,Tapo P110,P110,fridge,a7c73018,multi_cycle,1.0,99.937,241.574,0.687,0.045,0.277,,on,-65,,2 hour NILM fridge session
2026-06-11T09:22:52.289856+00:00,2026-06-11 14:52:52,Anllia,plug_1,Tapo P110,P110,fridge,a7c73018,multi_cycle,1.0,99.943,241.574,0.687,0.045,0.277,,on,-65,,2 hour NILM fridge session
2026-06-11T09:22:53.538078+00:00,2026-06-11 14:52:53,Anllia,plug_1,Tapo P110,P110,fridge,a7c73018,multi_cycle,1.0,99.942,241.629,0.687,0.045,0.277,,on,-65,,2 hour NILM fridge session
2026-06-11T09:22:54.827503+00:00,2026-06-11 14:52:54,Anllia,plug_1,Tapo P110,P110,fridge,a7c73018,multi_cycle,1.0,100.078,241.629,0.686,0.045,0.277,,on,-65,,2 hour NILM fridge session
2026-06-11T09:22:56.118277+00:00,2026-06-11 14:52:56,Anllia,plug_1,Tapo P110,P110,fridge,a7c73018,multi_cycle,1.0,100.492,241.538,0.686,0.045,0.277,,on,-65,,2 hour NILM fridge session
2026-06-11T09:22:57.482539+00:00,2026-06-11 14:52:57,Anllia,plug_1,Tapo P110,P110,fridge,a7c73018,multi_cycle,1.0,100.492,241.538,0.692,0.045,0.277,,on,-65,,2 hour NILM fridge session
2026-06-11T09:22:58.805289+00:00,2026-06-11 14:52:58,Anllia,plug_1,Tapo P110,P110,fridge,a7c73018,multi_cycle,1.0,100.545,241.328,0.692,0.045,0.277,,on,-65,,2 hour NILM fridge session
2026-06-11T09:23:01.631393+00:00,2026-06-11 14:53:01,Anllia,plug_1,Tapo P110,P110,fridge,a7c73018,multi_cycle,1.0,100.7,241.146,0.694,0.045,0.277,,on,-65,,2 hour NILM fridge session
2026-06-11T09:23:03.068250+00:00,2026-06-11 14:53:03,Anllia,plug_1,Tapo P110,P110,fridge,a7c73018,multi_cycle,1.0,100.343,241.146,0.691,0.045,0.277,,on,-65,,2 hour NILM fridge session
2026-06-11T09:23:04.425780+00:00,2026-06-11 14:53:04,Anllia,plug_1,Tapo P110,P110,fridge,a7c73018,multi_cycle,1.0,100.219,241.146,0.691,0.045,0.277,,on,-66,,2 hour NILM fridge session
2026-06-11T09:23:05.740027+00:00,2026-06-11 14:53:05,Anllia,plug_1,Tapo P110,P110,fridge,a7c73018,multi_cycle,1.0,100.203,241.007,0.691,0.045,0.277,,on,-65,,2 hour NILM fridge session
2026-06-11T09:23:06.987150+00:00,2026-06-11 14:53:06,Anllia,plug_1,Tapo P110,P110,fridge,a7c73018,multi_cycle,1.0,101.374,241.007,0.695,0.045,0.277,,on,-65,,2 hour NILM fridge session
2026-06-11T09:23:08.291440+00:00,2026-06-11 14:53:08,Anllia,plug_1,Tapo P110,P110,fridge,a7c73018,multi_cycle,1.0,100.542,240.977,0.695,0.045,0.277,,on,-64,,2 hour NILM fridge session
2026-06-11T09:23:09.724584+00:00,2026-06-11 14:53:09,Anllia,plug_1,Tapo P110,P110,fridge,a7c73018,multi_cycle,1.0,100.579,240.977,0.693,0.045,0.277,,on,-65,,2 hour NILM fridge session
2026-06-11T09:23:10.982045+00:00,2026-06-11 14:53:10,Anllia,plug_1,Tapo P110,P110,fridge,a7c73018,multi_cycle,1.0,100.579,241.008,0.693,0.045,0.277,,on,-65,,2 hour NILM fridge session
2026-06-11T09:23:12.321173+00:00,2026-06-11 14:53:12,Anllia,plug_1,Tapo P110,P110,fridge,a7c73018,multi_cycle,1.0,100.496,241.008,0.694,0.045,0.277,,on,-65,,2 hour NILM fridge session
2026-06-11T09:23:13.588810+00:00,2026-06-11 14:53:13,Anllia,plug_1,Tapo P110,P110,fridge,a7c73018,multi_cycle,1.0,98.853,239.315,0.694,0.045,0.278,,on,-67,,2 hour NILM fridge session
2026-06-11T09:23:14.840088+00:00,2026-06-11 14:53:14,Anllia,plug_1,Tapo P110,P110,fridge,a7c73018,multi_cycle,1.0,100.822,239.315,0.694,0.045,0.278,,on,-72,,2 hour NILM fridge session
2026-06-11T09:23:16.136324+00:00,2026-06-11 14:53:16,Anllia,plug_1,Tapo P110,P110,fridge,a7c73018,multi_cycle,1.0,100.59,239.315,0.694,0.045,0.278,,on,-68,,2 hour NILM fridge session
2026-06-11T09:23:17.388171+00:00,2026-06-11 14:53:17,Anllia,plug_1,Tapo P110,P110,fridge,a7c73018,multi_cycle,1.0,100.577,239.947,0.694,0.045,0.278,,on,-66,,2 hour NILM fridge session
2026-06-11T09:23:18.667498+00:00,2026-06-11 14:53:18,Anllia,plug_1,Tapo P110,P110,fridge,a7c73018,multi_cycle,1.0,100.582,239.947,0.693,0.045,0.278,,on,-67,,2 hour NILM fridge session
2026-06-11T09:23:19.920390+00:00,2026-06-11 14:53:19,Anllia,plug_1,Tapo P110,P110,fridge,a7c73018,multi_cycle,1.0,100.582,240.437,0.693,0.045,0.278,,on,-69,,2 hour NILM fridge session
2026-06-11T09:23:21.218324+00:00,2026-06-11 14:53:21,Anllia,plug_1,Tapo P110,P110,fridge,a7c73018,multi_cycle,1.0,100.648,240.437,0.687,0.045,0.278,,on,-69,,2 hour NILM fridge session
2026-06-11T09:23:22.610444+00:00,2026-06-11 14:53:22,Anllia,plug_1,Tapo P110,P110,fridge,a7c73018,multi_cycle,1.0,100.56,240.437,0.687,0.045,0.278,,on,-65,,2 hour NILM fridge session
2026-06-11T09:23:23.874210+00:00,2026-06-11 14:53:23,Anllia,plug_1,Tapo P110,P110,fridge,a7c73018,multi_cycle,1.0,100.243,240.057,0.687,0.046,0.278,,on,-69,,2 hour NILM fridge session
2026-06-11T09:23:25.124528+00:00,2026-06-11 14:53:25,Anllia,plug_1,Tapo P110,P110,fridge,a7c73018,multi_cycle,1.0,100.438,240.057,0.692,0.046,0.278,,on,-67,,2 hour NILM fridge session
2026-06-11T09:23:26.373391+00:00,2026-06-11 14:53:26,Anllia,plug_1,Tapo P110,P110,fridge,a7c73018,multi_cycle,1.0,99.902,240.643,0.692,0.046,0.278,,on,-67,,2 hour NILM fridge session
2026-06-11T09:23:27.623079+00:00,2026-06-11 14:53:27,Anllia,plug_1,Tapo P110,P110,fridge,a7c73018,multi_cycle,1.0,99.902,240.643,0.692,0.046,0.278,,on,-67,,2 hour NILM fridge session
2026-06-11T09:23:28.884568+00:00,2026-06-11 14:53:28,Anllia,plug_1,Tapo P110,P110,fridge,a7c73018,multi_cycle,1.0,101.186,240.221,0.692,0.046,0.278,,on,-65,,2 hour NILM fridge session
2026-06-11T09:23:30.333149+00:00,2026-06-11 14:53:30,Anllia,plug_1,Tapo P110,P110,fridge,a7c73018,multi_cycle,1.0,101.379,240.221,0.692,0.046,0.278,,on,-65,,2 hour NILM fridge session
2026-06-11T09:23:31.598096+00:00,2026-06-11 14:53:31,Anllia,plug_1,Tapo P110,P110,fridge,a7c73018,multi_cycle,1.0,101.487,241.292,0.692,0.046,0.278,,on,-65,,2 hour NILM fridge session
2026-06-11T09:23:35.318654+00:00,2026-06-11 14:53:35,Anllia,plug_1,Tapo P110,P110,fridge,a7c73018,multi_cycle,1.0,100.336,241.183,0.693,0.046,0.278,,on,-65,,2 hour NILM fridge session
2026-06-11T09:23:36.587008+00:00,2026-06-11 14:53:36,Anllia,plug_1,Tapo P110,P110,fridge,a7c73018,multi_cycle,1.0,101.109,241.183,0.7,0.046,0.278,,on,-65,,2 hour NILM fridge session
2026-06-11T09:23:37.849098+00:00,2026-06-11 14:53:37,Anllia,plug_1,Tapo P110,P110,fridge,a7c73018,multi_cycle,1.0,101.109,239.985,0.7,0.046,0.278,,on,-65,,2 hour NILM fridge session
2026-06-11T09:23:39.216568+00:00,2026-06-11 14:53:39,Anllia,plug_1,Tapo P110,P110,fridge,a7c73018,multi_cycle,1.0,101.535,239.985,0.69,0.046,0.278,,on,-65,,2 hour NILM fridge session
2026-06-11T09:23:40.532658+00:00,2026-06-11 14:53:40,Anllia,plug_1,Tapo P110,P110,fridge,a7c73018,multi_cycle,1.0,100.647,239.985,0.69,0.046,0.278,,on,-65,,2 hour NILM fridge session
2026-06-11T09:23:41.799628+00:00,2026-06-11 14:53:41,Anllia,plug_1,Tapo P110,P110,fridge,a7c73018,multi_cycle,1.0,99.778,240.061,0.69,0.046,0.278,,on,-66,,2 hour NILM fridge session
2026-06-11T09:23:43.115621+00:00,2026-06-11 14:53:43,Anllia,plug_1,Tapo P110,P110,fridge,a7c73018,multi_cycle,1.0,100.965,240.061,0.694,0.046,0.278,,on,-65,,2 hour NILM fridge session
2026-06-11T09:23:44.367408+00:00,2026-06-11 14:53:44,Anllia,plug_1,Tapo P110,P110,fridge,a7c73018,multi_cycle,1.0,100.253,240.773,0.694,0.046,0.278,,on,-65,,2 hour NILM fridge session
2026-06-11T09:23:45.797037+00:00,2026-06-11 14:53:45,Anllia,plug_1,Tapo P110,P110,fridge,a7c73018,multi_cycle,1.0,99.299,240.773,0.695,0.046,0.278,,on,-65,,2 hour NILM fridge session
2026-06-11T09:23:47.277315+00:00,2026-06-11 14:53:47,Anllia,plug_1,Tapo P110,P110,fridge,a7c73018,multi_cycle,1.0,99.299,239.294,0.695,0.046,0.278,,on,-65,,2 hour NILM fridge session
2026-06-11T09:23:48.586632+00:00,2026-06-11 14:53:48,Anllia,plug_1,Tapo P110,P110,fridge,a7c73018,multi_cycle,1.0,100.448,239.294,0.692,0.046,0.279,,on,-65,,2 hour NILM fridge session
2026-06-11T09:23:49.908515+00:00,2026-06-11 14:53:49,Anllia,plug_1,Tapo P110,P110,fridge,a7c73018,multi_cycle,1.0,100.047,239.708,0.692,0.046,0.279,,on,-65,,2 hour NILM fridge session
2026-06-11T09:23:51.178304+00:00,2026-06-11 14:53:51,Anllia,plug_1,Tapo P110,P110,fridge,a7c73018,multi_cycle,1.0,99.715,239.708,0.701,0.046,0.279,,on,-65,,2 hour NILM fridge session
2026-06-11T09:23:52.517680+00:00,2026-06-11 14:53:52,Anllia,plug_1,Tapo P110,P110,fridge,a7c73018,multi_cycle,1.0,100.845,239.708,0.701,0.046,0.279,,on,-65,,2 hour NILM fridge session
2026-06-11T09:23:53.815320+00:00,2026-06-11 14:53:53,Anllia,plug_1,Tapo P110,P110,fridge,a7c73018,multi_cycle,1.0,99.236,239.343,0.701,0.046,0.279,,on,-65,,2 hour NILM fridge session
2026-06-11T09:23:55.255128+00:00,2026-06-11 14:53:55,Anllia,plug_1,Tapo P110,P110,fridge,a7c73018,multi_cycle,1.0,98.539,239.343,0.693,0.046,0.279,,on,-65,,2 hour NILM fridge session
2026-06-11T09:23:56.571136+00:00,2026-06-11 14:53:56,Anllia,plug_1,Tapo P110,P110,fridge,a7c73018,multi_cycle,1.0,100.319,238.924,0.693,0.046,0.279,,on,-65,,2 hour NILM fridge session
2026-06-11T09:23:57.836661+00:00,2026-06-11 14:53:57,Anllia,plug_1,Tapo P110,P110,fridge,a7c73018,multi_cycle,1.0,100.638,238.924,0.689,0.046,0.279,,on,-65,,2 hour NILM fridge session
2026-06-11T09:23:59.080466+00:00,2026-06-11 14:53:59,Anllia,plug_1,Tapo P110,P110,fridge,a7c73018,multi_cycle,1.0,100.638,240.316,0.689,0.047,0.279,,on,-65,,2 hour NILM fridge session
2026-06-11T09:24:00.392311+00:00,2026-06-11 14:54:00,Anllia,plug_1,Tapo P110,P110,fridge,a7c73018,multi_cycle,1.0,98.503,240.316,0.702,0.047,0.279,,on,-65,,2 hour NILM fridge session
2026-06-11T09:24:01.641416+00:00,2026-06-11 14:54:01,Anllia,plug_1,Tapo P110,P110,fridge,a7c73018,multi_cycle,1.0,100.855,239.618,0.702,0.047,0.279,,on,-65,,2 hour NILM fridge session
2026-06-11T09:24:02.908066+00:00,2026-06-11 14:54:02,Anllia,plug_1,Tapo P110,P110,fridge,a7c73018,multi_cycle,1.0,100.111,239.618,0.702,0.047,0.279,,on,-65,,2 hour NILM fridge session
2026-06-11T09:24:04.252921+00:00,2026-06-11 14:54:04,Anllia,plug_1,Tapo P110,P110,fridge,a7c73018,multi_cycle,1.0,99.364,239.618,0.68,0.047,0.279,,on,-65,,2 hour NILM fridge session
2026-06-11T09:24:05.600598+00:00,2026-06-11 14:54:05,Anllia,plug_1,Tapo P110,P110,fridge,a7c73018,multi_cycle,1.0,99.009,239.672,0.68,0.047,0.279,,on,-65,,2 hour NILM fridge session
2026-06-11T09:24:06.850771+00:00,2026-06-11 14:54:06,Anllia,plug_1,Tapo P110,P110,fridge,a7c73018,multi_cycle,1.0,100.374,239.672,0.691,0.047,0.279,,on,-65,,2 hour NILM fridge session
2026-06-11T09:24:08.119919+00:00,2026-06-11 14:54:08,Anllia,plug_1,Tapo P110,P110,fridge,a7c73018,multi_cycle,1.0,100.374,239.744,0.691,0.047,0.279,,on,-65,,2 hour NILM fridge session
2026-06-11T09:24:09.368351+00:00,2026-06-11 14:54:09,Anllia,plug_1,Tapo P110,P110,fridge,a7c73018,multi_cycle,1.0,98.827,239.744,0.693,0.047,0.279,,on,-65,,2 hour NILM fridge session
2026-06-11T09:24:10.717871+00:00,2026-06-11 14:54:10,Anllia,plug_1,Tapo P110,P110,fridge,a7c73018,multi_cycle,1.0,99.764,239.414,0.693,0.047,0.279,,on,-65,,2 hour NILM fridge session
2026-06-11T09:24:11.986588+00:00,2026-06-11 14:54:11,Anllia,plug_1,Tapo P110,P110,fridge,a7c73018,multi_cycle,1.0,100.576,239.414,0.693,0.047,0.279,,on,-65,,2 hour NILM fridge session
2026-06-11T09:24:13.350093+00:00,2026-06-11 14:54:13,Anllia,plug_1,Tapo P110,P110,fridge,a7c73018,multi_cycle,1.0,101.46,239.414,0.688,0.047,0.279,,on,-65,,2 hour NILM fridge session
2026-06-11T09:24:14.615454+00:00,2026-06-11 14:54:14,Anllia,plug_1,Tapo P110,P110,fridge,a7c73018,multi_cycle,1.0,101.045,239.124,0.688,0.047,0.279,,on,-65,,2 hour NILM fridge session
2026-06-11T09:24:16.064060+00:00,2026-06-11 14:54:16,Anllia,plug_1,Tapo P110,P110,fridge,a7c73018,multi_cycle,1.0,100.109,239.124,0.697,0.047,0.279,,on,-64,,2 hour NILM fridge session
2026-06-11T09:24:17.335113+00:00,2026-06-11 14:54:17,Anllia,plug_1,Tapo P110,P110,fridge,a7c73018,multi_cycle,1.0,99.258,240.053,0.697,0.047,0.279,,on,-64,,2 hour NILM fridge session
2026-06-11T09:24:18.649807+00:00,2026-06-11 14:54:18,Anllia,plug_1,Tapo P110,P110,fridge,a7c73018,multi_cycle,1.0,99.258,240.053,0.702,0.047,0.279,,on,-66,,2 hour NILM fridge session
2026-06-11T09:24:19.970480+00:00,2026-06-11 14:54:19,Anllia,plug_1,Tapo P110,P110,fridge,a7c73018,multi_cycle,1.0,100.593,240.107,0.702,0.047,0.279,,on,-66,,2 hour NILM fridge session
2026-06-11T09:24:21.305423+00:00,2026-06-11 14:54:21,Anllia,plug_1,Tapo P110,P110,fridge,a7c73018,multi_cycle,1.0,99.129,240.107,0.704,0.047,0.279,,on,-66,,2 hour NILM fridge session
2026-06-11T09:24:22.726373+00:00,2026-06-11 14:54:22,Anllia,plug_1,Tapo P110,P110,fridge,a7c73018,multi_cycle,1.0,100.271,240.107,0.704,0.047,0.279,,on,-65,,2 hour NILM fridge session
2026-06-11T09:24:23.972181+00:00,2026-06-11 14:54:23,Anllia,plug_1,Tapo P110,P110,fridge,a7c73018,multi_cycle,1.0,100.276,239.221,0.704,0.047,0.279,,on,-65,,2 hour NILM fridge session
2026-06-11T09:24:25.276237+00:00,2026-06-11 14:54:25,Anllia,plug_1,Tapo P110,P110,fridge,a7c73018,multi_cycle,1.0,100.211,239.221,0.7,0.047,0.28,,on,-65,,2 hour NILM fridge session
2026-06-11T09:24:28.932654+00:00,2026-06-11 14:54:28,Anllia,plug_1,Tapo P110,P110,fridge,a7c73018,multi_cycle,1.0,100.236,239.133,0.698,0.047,0.28,,on,-65,,2 hour NILM fridge session
2026-06-11T09:24:30.221035+00:00,2026-06-11 14:54:30,Anllia,plug_1,Tapo P110,P110,fridge,a7c73018,multi_cycle,1.0,99.609,239.133,0.7,0.047,0.28,,on,-65,,2 hour NILM fridge session
2026-06-11T09:24:31.629959+00:00,2026-06-11 14:54:31,Anllia,plug_1,Tapo P110,P110,fridge,a7c73018,multi_cycle,1.0,100.177,239.133,0.7,0.047,0.28,,on,-65,,2 hour NILM fridge session
2026-06-11T09:24:32.930773+00:00,2026-06-11 14:54:32,Anllia,plug_1,Tapo P110,P110,fridge,a7c73018,multi_cycle,1.0,100.411,239.698,0.7,0.047,0.28,,on,-65,,2 hour NILM fridge session
2026-06-11T09:24:34.175807+00:00,2026-06-11 14:54:34,Anllia,plug_1,Tapo P110,P110,fridge,a7c73018,multi_cycle,1.0,101.499,239.698,0.713,0.047,0.28,,on,-65,,2 hour NILM fridge session
2026-06-11T09:24:35.490380+00:00,2026-06-11 14:54:35,Anllia,plug_1,Tapo P110,P110,fridge,a7c73018,multi_cycle,1.0,101.698,238.192,0.713,0.048,0.28,,on,-65,,2 hour NILM fridge session
2026-06-11T09:24:36.767879+00:00,2026-06-11 14:54:36,Anllia,plug_1,Tapo P110,P110,fridge,a7c73018,multi_cycle,1.0,101.272,238.192,0.7,0.048,0.28,,on,-65,,2 hour NILM fridge session
2026-06-11T09:24:38.012582+00:00,2026-06-11 14:54:38,Anllia,plug_1,Tapo P110,P110,fridge,a7c73018,multi_cycle,1.0,101.272,238.562,0.7,0.048,0.28,,on,-65,,2 hour NILM fridge session
2026-06-11T09:24:39.379911+00:00,2026-06-11 14:54:39,Anllia,plug_1,Tapo P110,P110,fridge,a7c73018,multi_cycle,1.0,99.437,238.562,0.695,0.048,0.28,,on,-65,,2 hour NILM fridge session
2026-06-11T09:24:40.695806+00:00,2026-06-11 14:54:40,Anllia,plug_1,Tapo P110,P110,fridge,a7c73018,multi_cycle,1.0,98.799,238.827,0.695,0.048,0.28,,on,-65,,2 hour NILM fridge session
2026-06-11T09:24:41.979225+00:00,2026-06-11 14:54:41,Anllia,plug_1,Tapo P110,P110,fridge,a7c73018,multi_cycle,1.0,99.402,238.827,0.695,0.048,0.28,,on,-65,,2 hour NILM fridge session
2026-06-11T09:24:43.295222+00:00,2026-06-11 14:54:43,Anllia,plug_1,Tapo P110,P110,fridge,a7c73018,multi_cycle,1.0,100.054,238.827,0.703,0.048,0.28,,on,-65,,2 hour NILM fridge session
2026-06-11T09:24:44.561816+00:00,2026-06-11 14:54:44,Anllia,plug_1,Tapo P110,P110,fridge,a7c73018,multi_cycle,1.0,101.149,238.971,0.703,0.048,0.28,,on,-65,,2 hour NILM fridge session
2026-06-11T09:24:46.009777+00:00,2026-06-11 14:54:46,Anllia,plug_1,Tapo P110,P110,fridge,a7c73018,multi_cycle,1.0,99.743,238.971,0.695,0.048,0.28,,on,-65,,2 hour NILM fridge session
2026-06-11T09:24:47.274977+00:00,2026-06-11 14:54:47,Anllia,plug_1,Tapo P110,P110,fridge,a7c73018,multi_cycle,1.0,99.743,240.513,0.695,0.048,0.28,,on,-65,,2 hour NILM fridge session
2026-06-11T09:24:48.561472+00:00,2026-06-11 14:54:48,Anllia,plug_1,Tapo P110,P110,fridge,a7c73018,multi_cycle,1.0,98.613,240.513,0.712,0.048,0.28,,on,-65,,2 hour NILM fridge session
2026-06-11T09:24:49.824826+00:00,2026-06-11 14:54:49,Anllia,plug_1,Tapo P110,P110,fridge,a7c73018,multi_cycle,1.0,100.473,239.226,0.712,0.048,0.28,,on,-65,,2 hour NILM fridge session
2026-06-11T09:24:51.141197+00:00,2026-06-11 14:54:51,Anllia,plug_1,Tapo P110,P110,fridge,a7c73018,multi_cycle,1.0,100.11,239.226,0.712,0.048,0.28,,on,-65,,2 hour NILM fridge session
2026-06-11T09:24:52.506983+00:00,2026-06-11 14:54:52,Anllia,plug_1,Tapo P110,P110,fridge,a7c73018,multi_cycle,1.0,99.757,239.226,0.694,0.048,0.28,,on,-65,,2 hour NILM fridge session
2026-06-11T09:24:54.210172+00:00,2026-06-11 14:54:54,Anllia,plug_1,Tapo P110,P110,fridge,a7c73018,multi_cycle,1.0,100.715,239.527,0.694,0.048,0.28,,on,-65,,2 hour NILM fridge session
2026-06-11T09:24:58.691075+00:00,2026-06-11 14:54:58,Anllia,plug_1,Tapo P110,P110,fridge,a7c73018,multi_cycle,1.0,98.909,239.219,0.684,0.048,0.28,,on,-65,,2 hour NILM fridge session
2026-06-11T09:25:00.134421+00:00,2026-06-11 14:55:00,Anllia,plug_1,Tapo P110,P110,fridge,a7c73018,multi_cycle,1.0,101.05,239.604,0.69,0.048,0.28,,on,-65,,2 hour NILM fridge session
2026-06-11T09:25:01.394730+00:00,2026-06-11 14:55:01,Anllia,plug_1,Tapo P110,P110,fridge,a7c73018,multi_cycle,1.0,100.037,239.604,0.692,0.048,0.281,,on,-65,,2 hour NILM fridge session
2026-06-11T09:25:02.641196+00:00,2026-06-11 14:55:02,Anllia,plug_1,Tapo P110,P110,fridge,a7c73018,multi_cycle,1.0,100.019,240.733,0.692,0.048,0.281,,on,-65,,2 hour NILM fridge session
2026-06-11T09:25:04.072223+00:00,2026-06-11 14:55:04,Anllia,plug_1,Tapo P110,P110,fridge,a7c73018,multi_cycle,1.0,100.069,240.733,0.692,0.048,0.281,,on,-65,,2 hour NILM fridge session
2026-06-11T09:25:05.517130+00:00,2026-06-11 14:55:05,Anllia,plug_1,Tapo P110,P110,fridge,a7c73018,multi_cycle,1.0,99.579,239.757,0.692,0.048,0.281,,on,-65,,2 hour NILM fridge session
2026-06-11T09:25:06.844240+00:00,2026-06-11 14:55:06,Anllia,plug_1,Tapo P110,P110,fridge,a7c73018,multi_cycle,1.0,99.579,239.757,0.688,0.048,0.281,,on,-65,,2 hour NILM fridge session
2026-06-11T09:25:08.094309+00:00,2026-06-11 14:55:08,Anllia,plug_1,Tapo P110,P110,fridge,a7c73018,multi_cycle,1.0,98.027,238.814,0.688,0.048,0.281,,on,-65,,2 hour NILM fridge session
2026-06-11T09:25:09.409729+00:00,2026-06-11 14:55:09,Anllia,plug_1,Tapo P110,P110,fridge,a7c73018,multi_cycle,1.0,99.915,238.814,0.693,0.048,0.281,,on,-65,,2 hour NILM fridge session
2026-06-11T09:25:10.763726+00:00,2026-06-11 14:55:10,Anllia,plug_1,Tapo P110,P110,fridge,a7c73018,multi_cycle,1.0,98.569,238.814,0.693,0.048,0.281,,on,-65,,2 hour NILM fridge session
2026-06-11T09:25:12.145567+00:00,2026-06-11 14:55:12,Anllia,plug_1,Tapo P110,P110,fridge,a7c73018,multi_cycle,1.0,99.743,239.077,0.693,0.049,0.281,,on,-65,,2 hour NILM fridge session
2026-06-11T09:25:13.447821+00:00,2026-06-11 14:55:13,Anllia,plug_1,Tapo P110,P110,fridge,a7c73018,multi_cycle,1.0,99.239,239.077,0.687,0.049,0.281,,on,-65,,2 hour NILM fridge session
2026-06-11T09:25:14.835210+00:00,2026-06-11 14:55:14,Anllia,plug_1,Tapo P110,P110,fridge,a7c73018,multi_cycle,1.0,99.382,239.455,0.687,0.049,0.281,,on,-65,,2 hour NILM fridge session
2026-06-11T09:25:16.150674+00:00,2026-06-11 14:55:16,Anllia,plug_1,Tapo P110,P110,fridge,a7c73018,multi_cycle,1.0,99.425,239.455,0.687,0.049,0.281,,on,-65,,2 hour NILM fridge session
2026-06-11T09:25:17.515394+00:00,2026-06-11 14:55:17,Anllia,plug_1,Tapo P110,P110,fridge,a7c73018,multi_cycle,1.0,99.425,240.971,0.687,0.049,0.281,,on,-65,,2 hour NILM fridge session
2026-06-11T09:25:18.783359+00:00,2026-06-11 14:55:18,Anllia,plug_1,Tapo P110,P110,fridge,a7c73018,multi_cycle,1.0,99.451,240.971,0.686,0.049,0.281,,on,-65,,2 hour NILM fridge session
2026-06-11T09:25:20.098609+00:00,2026-06-11 14:55:20,Anllia,plug_1,Tapo P110,P110,fridge,a7c73018,multi_cycle,1.0,99.586,240.014,0.686,0.049,0.281,,on,-65,,2 hour NILM fridge session
2026-06-11T09:25:21.347844+00:00,2026-06-11 14:55:21,Anllia,plug_1,Tapo P110,P110,fridge,a7c73018,multi_cycle,1.0,99.901,240.014,0.696,0.049,0.281,,on,-65,,2 hour NILM fridge session
2026-06-11T09:25:22.700515+00:00,2026-06-11 14:55:22,Anllia,plug_1,Tapo P110,P110,fridge,a7c73018,multi_cycle,1.0,99.846,240.014,0.696,0.049,0.281,,on,-65,,2 hour NILM fridge session
2026-06-11T09:25:24.014903+00:00,2026-06-11 14:55:24,Anllia,plug_1,Tapo P110,P110,fridge,a7c73018,multi_cycle,1.0,98.9,241.14,0.696,0.049,0.281,,on,-65,,2 hour NILM fridge session
2026-06-11T09:25:25.261762+00:00,2026-06-11 14:55:25,Anllia,plug_1,Tapo P110,P110,fridge,a7c73018,multi_cycle,1.0,98.922,241.14,0.693,0.049,0.281,,on,-65,,2 hour NILM fridge session
2026-06-11T09:25:26.597643+00:00,2026-06-11 14:55:26,Anllia,plug_1,Tapo P110,P110,fridge,a7c73018,multi_cycle,1.0,99.996,240.804,0.693,0.049,0.281,,on,-65,,2 hour NILM fridge session
2026-06-11T09:25:27.852321+00:00,2026-06-11 14:55:27,Anllia,plug_1,Tapo P110,P110,fridge,a7c73018,multi_cycle,1.0,99.996,240.804,0.684,0.049,0.281,,on,-65,,2 hour NILM fridge session
2026-06-11T09:25:29.146548+00:00,2026-06-11 14:55:29,Anllia,plug_1,Tapo P110,P110,fridge,a7c73018,multi_cycle,1.0,99.336,241.735,0.684,0.049,0.281,,on,-65,,2 hour NILM fridge session
2026-06-11T09:25:30.519053+00:00,2026-06-11 14:55:30,Anllia,plug_1,Tapo P110,P110,fridge,a7c73018,multi_cycle,1.0,99.689,241.735,0.689,0.049,0.281,,on,-65,,2 hour NILM fridge session
2026-06-11T09:25:31.881171+00:00,2026-06-11 14:55:31,Anllia,plug_1,Tapo P110,P110,fridge,a7c73018,multi_cycle,1.0,100.169,241.735,0.689,0.049,0.281,,on,-65,,2 hour NILM fridge session
2026-06-11T09:25:33.227710+00:00,2026-06-11 14:55:33,Anllia,plug_1,Tapo P110,P110,fridge,a7c73018,multi_cycle,1.0,99.583,240.996,0.689,0.049,0.281,,on,-65,,2 hour NILM fridge session
2026-06-11T09:25:34.575754+00:00,2026-06-11 14:55:34,Anllia,plug_1,Tapo P110,P110,fridge,a7c73018,multi_cycle,1.0,99.218,240.996,0.691,0.049,0.281,,on,-65,,2 hour NILM fridge session
2026-06-11T09:25:35.859087+00:00,2026-06-11 14:55:35,Anllia,plug_1,Tapo P110,P110,fridge,a7c73018,multi_cycle,1.0,99.596,241.123,0.691,0.049,0.281,,on,-65,,2 hour NILM fridge session
2026-06-11T09:25:37.227439+00:00,2026-06-11 14:55:37,Anllia,plug_1,Tapo P110,P110,fridge,a7c73018,multi_cycle,1.0,99.559,241.123,0.695,0.049,0.282,,on,-65,,2 hour NILM fridge session
2026-06-11T09:25:38.508111+00:00,2026-06-11 14:55:38,Anllia,plug_1,Tapo P110,P110,fridge,a7c73018,multi_cycle,1.0,98.744,241.707,0.695,0.049,0.282,,on,-65,,2 hour NILM fridge session
2026-06-11T09:25:39.842303+00:00,2026-06-11 14:55:39,Anllia,plug_1,Tapo P110,P110,fridge,a7c73018,multi_cycle,1.0,98.744,241.707,0.699,0.049,0.282,,on,-65,,2 hour NILM fridge session
2026-06-11T09:25:41.114302+00:00,2026-06-11 14:55:41,Anllia,plug_1,Tapo P110,P110,fridge,a7c73018,multi_cycle,1.0,99.337,240.06,0.699,0.049,0.282,,on,-65,,2 hour NILM fridge session
2026-06-11T09:25:42.473006+00:00,2026-06-11 14:55:42,Anllia,plug_1,Tapo P110,P110,fridge,a7c73018,multi_cycle,1.0,99.752,240.06,0.695,0.049,0.282,,on,-65,,2 hour NILM fridge session
2026-06-11T09:25:43.837481+00:00,2026-06-11 14:55:43,Anllia,plug_1,Tapo P110,P110,fridge,a7c73018,multi_cycle,1.0,99.673,240.06,0.695,0.049,0.282,,on,-65,,2 hour NILM fridge session
2026-06-11T09:25:45.155678+00:00,2026-06-11 14:55:45,Anllia,plug_1,Tapo P110,P110,fridge,a7c73018,multi_cycle,1.0,99.853,241.043,0.695,0.049,0.282,,on,-65,,2 hour NILM fridge session
2026-06-11T09:25:46.404943+00:00,2026-06-11 14:55:46,Anllia,plug_1,Tapo P110,P110,fridge,a7c73018,multi_cycle,1.0,99.604,241.043,0.689,0.049,0.282,,on,-65,,2 hour NILM fridge session
2026-06-11T09:25:47.798413+00:00,2026-06-11 14:55:47,Anllia,plug_1,Tapo P110,P110,fridge,a7c73018,multi_cycle,1.0,100.763,240.875,0.689,0.05,0.282,,on,-66,,2 hour NILM fridge session
2026-06-11T09:25:49.069678+00:00,2026-06-11 14:55:49,Anllia,plug_1,Tapo P110,P110,fridge,a7c73018,multi_cycle,1.0,99.319,240.875,0.686,0.05,0.282,,on,-65,,2 hour NILM fridge session
2026-06-11T09:25:50.322035+00:00,2026-06-11 14:55:50,Anllia,plug_1,Tapo P110,P110,fridge,a7c73018,multi_cycle,1.0,99.319,241.643,0.686,0.05,0.282,,on,-65,,2 hour NILM fridge session
2026-06-11T09:25:51.605697+00:00,2026-06-11 14:55:51,Anllia,plug_1,Tapo P110,P110,fridge,a7c73018,multi_cycle,1.0,99.384,241.643,0.688,0.05,0.282,,on,-65,,2 hour NILM fridge session
2026-06-11T09:25:52.855198+00:00,2026-06-11 14:55:52,Anllia,plug_1,Tapo P110,P110,fridge,a7c73018,multi_cycle,1.0,98.913,241.643,0.688,0.05,0.282,,on,-65,,2 hour NILM fridge session
2026-06-11T09:25:54.102743+00:00,2026-06-11 14:55:54,Anllia,plug_1,Tapo P110,P110,fridge,a7c73018,multi_cycle,1.0,99.261,241.505,0.688,0.05,0.282,,on,-65,,2 hour NILM fridge session
2026-06-11T09:25:55.436203+00:00,2026-06-11 14:55:55,Anllia,plug_1,Tapo P110,P110,fridge,a7c73018,multi_cycle,1.0,99.109,241.505,0.681,0.05,0.282,,on,-66,,2 hour NILM fridge session
2026-06-11T09:25:56.752197+00:00,2026-06-11 14:55:56,Anllia,plug_1,Tapo P110,P110,fridge,a7c73018,multi_cycle,1.0,99.545,241.283,0.681,0.05,0.282,,on,-65,,2 hour NILM fridge session
2026-06-11T09:25:58.072574+00:00,2026-06-11 14:55:58,Anllia,plug_1,Tapo P110,P110,fridge,a7c73018,multi_cycle,1.0,99.545,241.283,0.69,0.05,0.282,,on,-65,,2 hour NILM fridge session
2026-06-11T09:25:59.386083+00:00,2026-06-11 14:55:59,Anllia,plug_1,Tapo P110,P110,fridge,a7c73018,multi_cycle,1.0,99.128,241.772,0.69,0.05,0.282,,on,-65,,2 hour NILM fridge session
2026-06-11T09:26:00.667694+00:00,2026-06-11 14:56:00,Anllia,plug_1,Tapo P110,P110,fridge,a7c73018,multi_cycle,1.0,99.6,241.772,0.692,0.05,0.282,,on,-65,,2 hour NILM fridge session
2026-06-11T09:26:01.978342+00:00,2026-06-11 14:56:01,Anllia,plug_1,Tapo P110,P110,fridge,a7c73018,multi_cycle,1.0,99.413,241.772,0.692,0.05,0.282,,on,-66,,2 hour NILM fridge session
2026-06-11T09:26:03.222981+00:00,2026-06-11 14:56:03,Anllia,plug_1,Tapo P110,P110,fridge,a7c73018,multi_cycle,1.0,99.306,241.5,0.692,0.05,0.282,,on,-65,,2 hour NILM fridge session
2026-06-11T09:26:04.520220+00:00,2026-06-11 14:56:04,Anllia,plug_1,Tapo P110,P110,fridge,a7c73018,multi_cycle,1.0,99.259,241.5,0.688,0.05,0.282,,on,-65,,2 hour NILM fridge session
2026-06-11T09:26:05.839936+00:00,2026-06-11 14:56:05,Anllia,plug_1,Tapo P110,P110,fridge,a7c73018,multi_cycle,1.0,99.286,241.334,0.688,0.05,0.282,,on,-65,,2 hour NILM fridge session
2026-06-11T09:26:07.151854+00:00,2026-06-11 14:56:07,Anllia,plug_1,Tapo P110,P110,fridge,a7c73018,multi_cycle,1.0,99.286,241.334,0.686,0.05,0.282,,on,-65,,2 hour NILM fridge session
2026-06-11T09:26:08.408477+00:00,2026-06-11 14:56:08,Anllia,plug_1,Tapo P110,P110,fridge,a7c73018,multi_cycle,1.0,99.501,241.25,0.686,0.05,0.282,,on,-65,,2 hour NILM fridge session
2026-06-11T09:26:09.701237+00:00,2026-06-11 14:56:09,Anllia,plug_1,Tapo P110,P110,fridge,a7c73018,multi_cycle,1.0,98.563,241.25,0.703,0.05,0.282,,on,-65,,2 hour NILM fridge session
2026-06-11T09:26:10.988180+00:00,2026-06-11 14:56:10,Anllia,plug_1,Tapo P110,P110,fridge,a7c73018,multi_cycle,1.0,99.732,241.25,0.703,0.05,0.282,,on,-65,,2 hour NILM fridge session
2026-06-11T09:26:12.228107+00:00,2026-06-11 14:56:12,Anllia,plug_1,Tapo P110,P110,fridge,a7c73018,multi_cycle,1.0,99.705,240.252,0.703,0.05,0.282,,on,-65,,2 hour NILM fridge session
2026-06-11T09:26:13.568140+00:00,2026-06-11 14:56:13,Anllia,plug_1,Tapo P110,P110,fridge,a7c73018,multi_cycle,1.0,100.276,240.252,0.697,0.05,0.283,,on,-65,,2 hour NILM fridge session
2026-06-11T09:26:14.820851+00:00,2026-06-11 14:56:14,Anllia,plug_1,Tapo P110,P110,fridge,a7c73018,multi_cycle,1.0,99.601,241.515,0.697,0.05,0.283,,on,-65,,2 hour NILM fridge session
2026-06-11T09:26:16.095152+00:00,2026-06-11 14:56:16,Anllia,plug_1,Tapo P110,P110,fridge,a7c73018,multi_cycle,1.0,99.601,241.515,0.687,0.05,0.283,,on,-65,,2 hour NILM fridge session
2026-06-11T09:26:17.516512+00:00,2026-06-11 14:56:17,Anllia,plug_1,Tapo P110,P110,fridge,a7c73018,multi_cycle,1.0,99.738,241.072,0.687,0.05,0.283,,on,-65,,2 hour NILM fridge session
2026-06-11T09:26:18.767277+00:00,2026-06-11 14:56:18,Anllia,plug_1,Tapo P110,P110,fridge,a7c73018,multi_cycle,1.0,100.035,241.072,0.686,0.05,0.283,,on,-65,,2 hour NILM fridge session
2026-06-11T09:26:20.533341+00:00,2026-06-11 14:56:20,Anllia,plug_1,Tapo P110,P110,fridge,a7c73018,multi_cycle,1.0,99.841,241.087,0.686,0.05,0.283,,on,-65,,2 hour NILM fridge session
2026-06-11T09:26:22.274671+00:00,2026-06-11 14:56:22,Anllia,plug_1,Tapo P110,P110,fridge,a7c73018,multi_cycle,1.0,99.705,241.087,0.691,0.05,0.283,,on,-65,,2 hour NILM fridge session
2026-06-11T09:26:23.831473+00:00,2026-06-11 14:56:23,Anllia,plug_1,Tapo P110,P110,fridge,a7c73018,multi_cycle,1.0,99.262,241.342,0.691,0.051,0.283,,on,-65,,2 hour NILM fridge session
2026-06-11T09:26:25.249923+00:00,2026-06-11 14:56:25,Anllia,plug_1,Tapo P110,P110,fridge,a7c73018,multi_cycle,1.0,99.801,241.342,0.686,0.051,0.283,,on,-67,,2 hour NILM fridge session
2026-06-11T09:26:26.986728+00:00,2026-06-11 14:56:26,Anllia,plug_1,Tapo P110,P110,fridge,a7c73018,multi_cycle,1.0,99.861,241.452,0.686,0.051,0.283,,on,-73,,2 hour NILM fridge session
2026-06-11T09:26:28.447864+00:00,2026-06-11 14:56:28,Anllia,plug_1,Tapo P110,P110,fridge,a7c73018,multi_cycle,1.0,99.644,241.452,0.693,0.051,0.283,,on,-65,,2 hour NILM fridge session
2026-06-11T09:26:29.695410+00:00,2026-06-11 14:56:29,Anllia,plug_1,Tapo P110,P110,fridge,a7c73018,multi_cycle,1.0,99.762,240.949,0.693,0.051,0.283,,on,-67,,2 hour NILM fridge session
2026-06-11T09:26:30.996362+00:00,2026-06-11 14:56:30,Anllia,plug_1,Tapo P110,P110,fridge,a7c73018,multi_cycle,1.0,99.659,240.949,0.691,0.051,0.283,,on,-66,,2 hour NILM fridge session
2026-06-11T09:26:32.397367+00:00,2026-06-11 14:56:32,Anllia,plug_1,Tapo P110,P110,fridge,a7c73018,multi_cycle,1.0,99.199,241.475,0.691,0.051,0.283,,on,-64,,2 hour NILM fridge session
2026-06-11T09:26:33.794792+00:00,2026-06-11 14:56:33,Anllia,plug_1,Tapo P110,P110,fridge,a7c73018,multi_cycle,1.0,99.486,241.475,0.687,0.051,0.283,,on,-65,,2 hour NILM fridge session
2026-06-11T09:26:35.041740+00:00,2026-06-11 14:56:35,Anllia,plug_1,Tapo P110,P110,fridge,a7c73018,multi_cycle,1.0,98.89,241.475,0.687,0.051,0.283,,on,-65,,2 hour NILM fridge session
2026-06-11T09:26:36.392874+00:00,2026-06-11 14:56:36,Anllia,plug_1,Tapo P110,P110,fridge,a7c73018,multi_cycle,1.0,99.475,241.733,0.687,0.051,0.283,,on,-65,,2 hour NILM fridge session
2026-06-11T09:26:37.765261+00:00,2026-06-11 14:56:37,Anllia,plug_1,Tapo P110,P110,fridge,a7c73018,multi_cycle,1.0,99.682,241.733,0.684,0.051,0.283,,on,-65,,2 hour NILM fridge session
2026-06-11T09:26:39.107640+00:00,2026-06-11 14:56:39,Anllia,plug_1,Tapo P110,P110,fridge,a7c73018,multi_cycle,1.0,99.833,241.326,0.684,0.051,0.283,,on,-65,,2 hour NILM fridge session
2026-06-11T09:26:40.382729+00:00,2026-06-11 14:56:40,Anllia,plug_1,Tapo P110,P110,fridge,a7c73018,multi_cycle,1.0,99.081,241.326,0.689,0.051,0.283,,on,-65,,2 hour NILM fridge session
2026-06-11T09:26:41.656553+00:00,2026-06-11 14:56:41,Anllia,plug_1,Tapo P110,P110,fridge,a7c73018,multi_cycle,1.0,99.081,241.199,0.689,0.051,0.283,,on,-66,,2 hour NILM fridge session
2026-06-11T09:26:43.067005+00:00,2026-06-11 14:56:43,Anllia,plug_1,Tapo P110,P110,fridge,a7c73018,multi_cycle,1.0,99.628,241.199,0.692,0.051,0.283,,on,-65,,2 hour NILM fridge session
2026-06-11T09:26:44.374097+00:00,2026-06-11 14:56:44,Anllia,plug_1,Tapo P110,P110,fridge,a7c73018,multi_cycle,1.0,99.821,241.323,0.692,0.051,0.283,,on,-65,,2 hour NILM fridge session
2026-06-11T09:26:45.644194+00:00,2026-06-11 14:56:45,Anllia,plug_1,Tapo P110,P110,fridge,a7c73018,multi_cycle,1.0,100.109,241.323,0.692,0.051,0.283,,on,-67,,2 hour NILM fridge session
2026-06-11T09:26:47.168719+00:00,2026-06-11 14:56:47,Anllia,plug_1,Tapo P110,P110,fridge,a7c73018,multi_cycle,1.0,99.893,241.323,0.697,0.051,0.283,,on,-69,,2 hour NILM fridge session
2026-06-11T09:26:48.435397+00:00,2026-06-11 14:56:48,Anllia,plug_1,Tapo P110,P110,fridge,a7c73018,multi_cycle,1.0,100.179,241.511,0.697,0.051,0.283,,on,-62,,2 hour NILM fridge session
2026-06-11T09:26:49.800358+00:00,2026-06-11 14:56:49,Anllia,plug_1,Tapo P110,P110,fridge,a7c73018,multi_cycle,1.0,100.29,241.511,0.695,0.051,0.284,,on,-66,,2 hour NILM fridge session
2026-06-11T09:26:51.075201+00:00,2026-06-11 14:56:51,Anllia,plug_1,Tapo P110,P110,fridge,a7c73018,multi_cycle,1.0,100.474,241.142,0.695,0.051,0.284,,on,-64,,2 hour NILM fridge session
2026-06-11T09:26:52.357666+00:00,2026-06-11 14:56:52,Anllia,plug_1,Tapo P110,P110,fridge,a7c73018,multi_cycle,1.0,100.474,241.142,0.695,0.051,0.284,,on,-64,,2 hour NILM fridge session
2026-06-11T09:26:53.700450+00:00,2026-06-11 14:56:53,Anllia,plug_1,Tapo P110,P110,fridge,a7c73018,multi_cycle,1.0,100.289,241.091,0.695,0.051,0.284,,on,-64,,2 hour NILM fridge session
2026-06-11T09:26:54.955590+00:00,2026-06-11 14:56:54,Anllia,plug_1,Tapo P110,P110,fridge,a7c73018,multi_cycle,1.0,100.134,241.091,0.691,0.051,0.284,,on,-66,,2 hour NILM fridge session
2026-06-11T09:26:56.296492+00:00,2026-06-11 14:56:56,Anllia,plug_1,Tapo P110,P110,fridge,a7c73018,multi_cycle,1.0,99.776,241.091,0.691,0.051,0.284,,on,-65,,2 hour NILM fridge session
2026-06-11T09:26:57.650266+00:00,2026-06-11 14:56:57,Anllia,plug_1,Tapo P110,P110,fridge,a7c73018,multi_cycle,1.0,100.499,241.637,0.691,0.051,0.284,,on,-65,,2 hour NILM fridge session
2026-06-11T09:26:58.957311+00:00,2026-06-11 14:56:58,Anllia,plug_1,Tapo P110,P110,fridge,a7c73018,multi_cycle,1.0,99.41,241.637,0.688,0.051,0.284,,on,-65,,2 hour NILM fridge session
2026-06-11T09:27:00.246776+00:00,2026-06-11 14:57:00,Anllia,plug_1,Tapo P110,P110,fridge,a7c73018,multi_cycle,1.0,99.698,242.183,0.688,0.052,0.284,,on,-65,,2 hour NILM fridge session
2026-06-11T09:27:01.527158+00:00,2026-06-11 14:57:01,Anllia,plug_1,Tapo P110,P110,fridge,a7c73018,multi_cycle,1.0,99.961,242.183,0.684,0.052,0.284,,on,-64,,2 hour NILM fridge session
2026-06-11T09:27:02.876677+00:00,2026-06-11 14:57:02,Anllia,plug_1,Tapo P110,P110,fridge,a7c73018,multi_cycle,1.0,99.961,241.97,0.684,0.052,0.284,,on,-65,,2 hour NILM fridge session
2026-06-11T09:27:04.274960+00:00,2026-06-11 14:57:04,Anllia,plug_1,Tapo P110,P110,fridge,a7c73018,multi_cycle,1.0,99.343,241.97,0.684,0.052,0.284,,on,-65,,2 hour NILM fridge session
2026-06-11T09:27:05.541496+00:00,2026-06-11 14:57:05,Anllia,plug_1,Tapo P110,P110,fridge,a7c73018,multi_cycle,1.0,99.525,241.401,0.684,0.052,0.284,,on,-65,,2 hour NILM fridge session
2026-06-11T09:27:06.856609+00:00,2026-06-11 14:57:06,Anllia,plug_1,Tapo P110,P110,fridge,a7c73018,multi_cycle,1.0,99.357,241.401,0.684,0.052,0.284,,on,-65,,2 hour NILM fridge session
2026-06-11T09:27:08.333169+00:00,2026-06-11 14:57:08,Anllia,plug_1,Tapo P110,P110,fridge,a7c73018,multi_cycle,1.0,99.492,241.401,0.685,0.052,0.284,,on,-65,,2 hour NILM fridge session
2026-06-11T09:27:09.701655+00:00,2026-06-11 14:57:09,Anllia,plug_1,Tapo P110,P110,fridge,a7c73018,multi_cycle,1.0,100.473,241.885,0.685,0.052,0.284,,on,-65,,2 hour NILM fridge session
2026-06-11T09:27:10.972124+00:00,2026-06-11 14:57:10,Anllia,plug_1,Tapo P110,P110,fridge,a7c73018,multi_cycle,1.0,99.469,241.885,0.689,0.052,0.284,,on,-65,,2 hour NILM fridge session
2026-06-11T09:27:12.215016+00:00,2026-06-11 14:57:12,Anllia,plug_1,Tapo P110,P110,fridge,a7c73018,multi_cycle,1.0,99.161,242.094,0.689,0.052,0.284,,on,-65,,2 hour NILM fridge session
2026-06-11T09:27:13.464432+00:00,2026-06-11 14:57:13,Anllia,plug_1,Tapo P110,P110,fridge,a7c73018,multi_cycle,1.0,99.161,242.094,0.695,0.052,0.284,,on,-66,,2 hour NILM fridge session
2026-06-11T09:27:14.716687+00:00,2026-06-11 14:57:14,Anllia,plug_1,Tapo P110,P110,fridge,a7c73018,multi_cycle,1.0,100.011,241.481,0.695,0.052,0.284,,on,-65,,2 hour NILM fridge session
2026-06-11T09:27:16.078664+00:00,2026-06-11 14:57:16,Anllia,plug_1,Tapo P110,P110,fridge,a7c73018,multi_cycle,1.0,99.766,241.481,0.686,0.052,0.284,,on,-65,,2 hour NILM fridge session
2026-06-11T09:27:17.358562+00:00,2026-06-11 14:57:17,Anllia,plug_1,Tapo P110,P110,fridge,a7c73018,multi_cycle,1.0,99.614,241.481,0.686,0.052,0.284,,on,-65,,2 hour NILM fridge session
2026-06-11T09:27:18.668620+00:00,2026-06-11 14:57:18,Anllia,plug_1,Tapo P110,P110,fridge,a7c73018,multi_cycle,1.0,98.328,241.283,0.686,0.052,0.284,,on,-65,,2 hour NILM fridge session
2026-06-11T09:27:19.991021+00:00,2026-06-11 14:57:19,Anllia,plug_1,Tapo P110,P110,fridge,a7c73018,multi_cycle,1.0,99.464,241.283,0.699,0.052,0.284,,on,-65,,2 hour NILM fridge session
2026-06-11T09:27:21.300519+00:00,2026-06-11 14:57:21,Anllia,plug_1,Tapo P110,P110,fridge,a7c73018,multi_cycle,1.0,99.46,240.267,0.699,0.052,0.284,,on,-65,,2 hour NILM fridge session
2026-06-11T09:27:22.565590+00:00,2026-06-11 14:57:22,Anllia,plug_1,Tapo P110,P110,fridge,a7c73018,multi_cycle,1.0,99.46,240.267,0.695,0.052,0.284,,on,-65,,2 hour NILM fridge session
2026-06-11T09:27:23.813487+00:00,2026-06-11 14:57:23,Anllia,plug_1,Tapo P110,P110,fridge,a7c73018,multi_cycle,1.0,98.71,239.621,0.695,0.052,0.284,,on,-65,,2 hour NILM fridge session
2026-06-11T09:27:25.058153+00:00,2026-06-11 14:57:25,Anllia,plug_1,Tapo P110,P110,fridge,a7c73018,multi_cycle,1.0,100.026,239.621,0.687,0.052,0.285,,on,-65,,2 hour NILM fridge session
2026-06-11T09:27:26.351515+00:00,2026-06-11 14:57:26,Anllia,plug_1,Tapo P110,P110,fridge,a7c73018,multi_cycle,1.0,99.742,239.621,0.687,0.052,0.285,,on,-65,,2 hour NILM fridge session
2026-06-11T09:27:27.595449+00:00,2026-06-11 14:57:27,Anllia,plug_1,Tapo P110,P110,fridge,a7c73018,multi_cycle,1.0,98.839,241.527,0.687,0.052,0.285,,on,-65,,2 hour NILM fridge session
2026-06-11T09:27:28.868479+00:00,2026-06-11 14:57:28,Anllia,plug_1,Tapo P110,P110,fridge,a7c73018,multi_cycle,1.0,98.915,241.527,0.684,0.052,0.285,,on,-66,,2 hour NILM fridge session
2026-06-11T09:27:30.233566+00:00,2026-06-11 14:57:30,Anllia,plug_1,Tapo P110,P110,fridge,a7c73018,multi_cycle,1.0,98.96,241.603,0.684,0.052,0.285,,on,-65,,2 hour NILM fridge session
2026-06-11T09:27:31.499780+00:00,2026-06-11 14:57:31,Anllia,plug_1,Tapo P110,P110,fridge,a7c73018,multi_cycle,1.0,98.96,241.603,0.677,0.052,0.285,,on,-65,,2 hour NILM fridge session
2026-06-11T09:27:32.770537+00:00,2026-06-11 14:57:32,Anllia,plug_1,Tapo P110,P110,fridge,a7c73018,multi_cycle,1.0,97.956,241.406,0.677,0.052,0.285,,on,-65,,2 hour NILM fridge session
2026-06-11T09:27:34.046687+00:00,2026-06-11 14:57:34,Anllia,plug_1,Tapo P110,P110,fridge,a7c73018,multi_cycle,1.0,99.605,241.406,0.695,0.052,0.285,,on,-65,,2 hour NILM fridge session
2026-06-11T09:27:35.289214+00:00,2026-06-11 14:57:35,Anllia,plug_1,Tapo P110,P110,fridge,a7c73018,multi_cycle,1.0,100.55,241.406,0.695,0.052,0.285,,on,-65,,2 hour NILM fridge session
2026-06-11T09:27:36.639705+00:00,2026-06-11 14:57:36,Anllia,plug_1,Tapo P110,P110,fridge,a7c73018,multi_cycle,1.0,99.105,241.921,0.695,0.053,0.285,,on,-65,,2 hour NILM fridge session
2026-06-11T09:27:37.931279+00:00,2026-06-11 14:57:37,Anllia,plug_1,Tapo P110,P110,fridge,a7c73018,multi_cycle,1.0,98.928,241.921,0.683,0.053,0.285,,on,-65,,2 hour NILM fridge session
2026-06-11T09:27:39.262328+00:00,2026-06-11 14:57:39,Anllia,plug_1,Tapo P110,P110,fridge,a7c73018,multi_cycle,1.0,97.24,241.749,0.683,0.053,0.285,,on,-65,,2 hour NILM fridge session
2026-06-11T09:27:40.515120+00:00,2026-06-11 14:57:40,Anllia,plug_1,Tapo P110,P110,fridge,a7c73018,multi_cycle,1.0,97.24,241.749,0.693,0.053,0.285,,on,-65,,2 hour NILM fridge session
2026-06-11T09:27:41.763477+00:00,2026-06-11 14:57:41,Anllia,plug_1,Tapo P110,P110,fridge,a7c73018,multi_cycle,1.0,99.194,241.344,0.693,0.053,0.285,,on,-65,,2 hour NILM fridge session
2026-06-11T09:27:44.589238+00:00,2026-06-11 14:57:44,Anllia,plug_1,Tapo P110,P110,fridge,a7c73018,multi_cycle,1.0,98.234,241.344,0.693,0.053,0.285,,on,-65,,2 hour NILM fridge session
2026-06-11T09:27:45.974273+00:00,2026-06-11 14:57:45,Anllia,plug_1,Tapo P110,P110,fridge,a7c73018,multi_cycle,1.0,99.765,241.384,0.695,0.053,0.285,,on,-65,,2 hour NILM fridge session
2026-06-11T09:27:47.488477+00:00,2026-06-11 14:57:47,Anllia,plug_1,Tapo P110,P110,fridge,a7c73018,multi_cycle,1.0,98.606,241.384,0.686,0.053,0.285,,on,-65,,2 hour NILM fridge session
2026-06-11T09:27:48.731591+00:00,2026-06-11 14:57:48,Anllia,plug_1,Tapo P110,P110,fridge,a7c73018,multi_cycle,1.0,99.052,241.599,0.686,0.053,0.285,,on,-65,,2 hour NILM fridge session
2026-06-11T09:27:50.086995+00:00,2026-06-11 14:57:50,Anllia,plug_1,Tapo P110,P110,fridge,a7c73018,multi_cycle,1.0,99.951,241.599,0.695,0.053,0.285,,on,-65,,2 hour NILM fridge session
2026-06-11T09:27:51.404070+00:00,2026-06-11 14:57:51,Anllia,plug_1,Tapo P110,P110,fridge,a7c73018,multi_cycle,1.0,99.707,241.591,0.695,0.053,0.285,,on,-65,,2 hour NILM fridge session
2026-06-11T09:27:52.718895+00:00,2026-06-11 14:57:52,Anllia,plug_1,Tapo P110,P110,fridge,a7c73018,multi_cycle,1.0,99.707,241.591,0.685,0.053,0.285,,on,-65,,2 hour NILM fridge session
2026-06-11T09:27:54.071595+00:00,2026-06-11 14:57:54,Anllia,plug_1,Tapo P110,P110,fridge,a7c73018,multi_cycle,1.0,99.571,241.765,0.685,0.053,0.285,,on,-65,,2 hour NILM fridge session
2026-06-11T09:27:55.322494+00:00,2026-06-11 14:57:55,Anllia,plug_1,Tapo P110,P110,fridge,a7c73018,multi_cycle,1.0,99.228,241.765,0.686,0.053,0.285,,on,-65,,2 hour NILM fridge session
2026-06-11T09:27:56.584590+00:00,2026-06-11 14:57:56,Anllia,plug_1,Tapo P110,P110,fridge,a7c73018,multi_cycle,1.0,100.232,241.765,0.686,0.053,0.285,,on,-65,,2 hour NILM fridge session
2026-06-11T09:27:57.932701+00:00,2026-06-11 14:57:57,Anllia,plug_1,Tapo P110,P110,fridge,a7c73018,multi_cycle,1.0,99.681,241.919,0.686,0.053,0.285,,on,-66,,2 hour NILM fridge session
2026-06-11T09:27:59.227237+00:00,2026-06-11 14:57:59,Anllia,plug_1,Tapo P110,P110,fridge,a7c73018,multi_cycle,1.0,99.811,241.919,0.689,0.053,0.285,,on,-65,,2 hour NILM fridge session
2026-06-11T09:28:00.532568+00:00,2026-06-11 14:58:00,Anllia,plug_1,Tapo P110,P110,fridge,a7c73018,multi_cycle,1.0,99.228,240.17,0.689,0.053,0.285,,on,-65,,2 hour NILM fridge session
2026-06-11T09:28:01.800923+00:00,2026-06-11 14:58:01,Anllia,plug_1,Tapo P110,P110,fridge,a7c73018,multi_cycle,1.0,98.346,240.17,0.691,0.053,0.286,,on,-65,,2 hour NILM fridge session
2026-06-11T09:28:03.411215+00:00,2026-06-11 14:58:03,Anllia,plug_1,Tapo P110,P110,fridge,a7c73018,multi_cycle,1.0,99.885,240.794,0.691,0.053,0.286,,on,-64,,2 hour NILM fridge session
2026-06-11T09:28:04.732523+00:00,2026-06-11 14:58:04,Anllia,plug_1,Tapo P110,P110,fridge,a7c73018,multi_cycle,1.0,99.885,240.794,0.696,0.053,0.286,,on,-65,,2 hour NILM fridge session
2026-06-11T09:28:06.049207+00:00,2026-06-11 14:58:06,Anllia,plug_1,Tapo P110,P110,fridge,a7c73018,multi_cycle,1.0,98.091,239.202,0.696,0.053,0.286,,on,-65,,2 hour NILM fridge session
2026-06-11T09:28:07.395435+00:00,2026-06-11 14:58:07,Anllia,plug_1,Tapo P110,P110,fridge,a7c73018,multi_cycle,1.0,100.067,239.202,0.695,0.053,0.286,,on,-65,,2 hour NILM fridge session
2026-06-11T09:28:08.713731+00:00,2026-06-11 14:58:08,Anllia,plug_1,Tapo P110,P110,fridge,a7c73018,multi_cycle,1.0,100.057,240.367,0.695,0.053,0.286,,on,-65,,2 hour NILM fridge session
2026-06-11T09:28:10.073654+00:00,2026-06-11 14:58:10,Anllia,plug_1,Tapo P110,P110,fridge,a7c73018,multi_cycle,1.0,99.258,240.367,0.695,0.053,0.286,,on,-65,,2 hour NILM fridge session
2026-06-11T09:28:11.339842+00:00,2026-06-11 14:58:11,Anllia,plug_1,Tapo P110,P110,fridge,a7c73018,multi_cycle,1.0,98.126,240.367,0.693,0.053,0.286,,on,-65,,2 hour NILM fridge session
2026-06-11T09:28:12.656641+00:00,2026-06-11 14:58:12,Anllia,plug_1,Tapo P110,P110,fridge,a7c73018,multi_cycle,1.0,99.982,239.42,0.693,0.054,0.286,,on,-65,,2 hour NILM fridge session
2026-06-11T09:28:13.939361+00:00,2026-06-11 14:58:13,Anllia,plug_1,Tapo P110,P110,fridge,a7c73018,multi_cycle,1.0,98.671,239.42,0.693,0.054,0.286,,on,-65,,2 hour NILM fridge session
2026-06-11T09:28:15.217190+00:00,2026-06-11 14:58:15,Anllia,plug_1,Tapo P110,P110,fridge,a7c73018,multi_cycle,1.0,98.671,238.599,0.693,0.054,0.286,,on,-65,,2 hour NILM fridge session
2026-06-11T09:28:16.463412+00:00,2026-06-11 14:58:16,Anllia,plug_1,Tapo P110,P110,fridge,a7c73018,multi_cycle,1.0,100.129,238.599,0.691,0.054,0.286,,on,-65,,2 hour NILM fridge session
2026-06-11T09:28:17.716154+00:00,2026-06-11 14:58:17,Anllia,plug_1,Tapo P110,P110,fridge,a7c73018,multi_cycle,1.0,99.46,238.283,0.691,0.054,0.286,,on,-65,,2 hour NILM fridge session
2026-06-11T09:28:19.376938+00:00,2026-06-11 14:58:19,Anllia,plug_1,Tapo P110,P110,fridge,a7c73018,multi_cycle,1.0,100.787,238.283,0.69,0.054,0.286,,on,-65,,2 hour NILM fridge session
2026-06-11T09:28:20.683315+00:00,2026-06-11 14:58:20,Anllia,plug_1,Tapo P110,P110,fridge,a7c73018,multi_cycle,1.0,99.631,238.283,0.69,0.054,0.286,,on,-64,,2 hour NILM fridge session
2026-06-11T09:28:22.081573+00:00,2026-06-11 14:58:22,Anllia,plug_1,Tapo P110,P110,fridge,a7c73018,multi_cycle,1.0,99.844,240.269,0.69,0.054,0.286,,on,-65,,2 hour NILM fridge session
2026-06-11T09:28:23.348075+00:00,2026-06-11 14:58:23,Anllia,plug_1,Tapo P110,P110,fridge,a7c73018,multi_cycle,1.0,99.244,240.269,0.692,0.054,0.286,,on,-65,,2 hour NILM fridge session
2026-06-11T09:28:24.637360+00:00,2026-06-11 14:58:24,Anllia,plug_1,Tapo P110,P110,fridge,a7c73018,multi_cycle,1.0,98.932,239.544,0.692,0.054,0.286,,on,-65,,2 hour NILM fridge session
2026-06-11T09:28:25.947706+00:00,2026-06-11 14:58:25,Anllia,plug_1,Tapo P110,P110,fridge,a7c73018,multi_cycle,1.0,99.147,239.544,0.691,0.054,0.286,,on,-65,,2 hour NILM fridge session
2026-06-11T09:28:27.213470+00:00,2026-06-11 14:58:27,Anllia,plug_1,Tapo P110,P110,fridge,a7c73018,multi_cycle,1.0,99.147,240.356,0.691,0.054,0.286,,on,-66,,2 hour NILM fridge session
2026-06-11T09:28:28.501784+00:00,2026-06-11 14:58:28,Anllia,plug_1,Tapo P110,P110,fridge,a7c73018,multi_cycle,1.0,97.421,240.356,0.692,0.054,0.286,,on,-65,,2 hour NILM fridge session
2026-06-11T09:28:29.789624+00:00,2026-06-11 14:58:29,Anllia,plug_1,Tapo P110,P110,fridge,a7c73018,multi_cycle,1.0,99.503,240.22,0.692,0.054,0.286,,on,-65,,2 hour NILM fridge session
2026-06-11T09:28:31.188256+00:00,2026-06-11 14:58:31,Anllia,plug_1,Tapo P110,P110,fridge,a7c73018,multi_cycle,1.0,96.977,240.22,0.692,0.054,0.286,,on,-65,,2 hour NILM fridge session
2026-06-11T09:28:33.900708+00:00,2026-06-11 14:58:33,Anllia,plug_1,Tapo P110,P110,fridge,a7c73018,multi_cycle,1.0,99.995,239.981,0.698,0.054,0.286,,on,-65,,2 hour NILM fridge session
2026-06-11T09:28:35.270862+00:00,2026-06-11 14:58:35,Anllia,plug_1,Tapo P110,P110,fridge,a7c73018,multi_cycle,1.0,99.989,239.981,0.699,0.054,0.286,,on,-65,,2 hour NILM fridge session
2026-06-11T09:28:36.585164+00:00,2026-06-11 14:58:36,Anllia,plug_1,Tapo P110,P110,fridge,a7c73018,multi_cycle,1.0,100.469,238.388,0.699,0.054,0.286,,on,-65,,2 hour NILM fridge session
2026-06-11T09:28:38.029314+00:00,2026-06-11 14:58:38,Anllia,plug_1,Tapo P110,P110,fridge,a7c73018,multi_cycle,1.0,100.323,238.388,0.691,0.054,0.287,,on,-65,,2 hour NILM fridge session
2026-06-11T09:28:39.343460+00:00,2026-06-11 14:58:39,Anllia,plug_1,Tapo P110,P110,fridge,a7c73018,multi_cycle,1.0,100.391,238.777,0.691,0.054,0.287,,on,-65,,2 hour NILM fridge session
2026-06-11T09:28:40.827349+00:00,2026-06-11 14:58:40,Anllia,plug_1,Tapo P110,P110,fridge,a7c73018,multi_cycle,1.0,100.391,238.777,0.694,0.054,0.287,,on,-65,,2 hour NILM fridge session
2026-06-11T09:28:42.454272+00:00,2026-06-11 14:58:42,Anllia,plug_1,Tapo P110,P110,fridge,a7c73018,multi_cycle,1.0,99.509,239.37,0.694,0.054,0.287,,on,-65,,2 hour NILM fridge session
2026-06-11T09:28:43.742608+00:00,2026-06-11 14:58:43,Anllia,plug_1,Tapo P110,P110,fridge,a7c73018,multi_cycle,1.0,99.047,239.37,0.699,0.054,0.287,,on,-65,,2 hour NILM fridge session
2026-06-11T09:28:45.087124+00:00,2026-06-11 14:58:45,Anllia,plug_1,Tapo P110,P110,fridge,a7c73018,multi_cycle,1.0,100.541,240.149,0.699,0.054,0.287,,on,-65,,2 hour NILM fridge session
2026-06-11T09:28:46.368542+00:00,2026-06-11 14:58:46,Anllia,plug_1,Tapo P110,P110,fridge,a7c73018,multi_cycle,1.0,98.892,240.149,0.704,0.054,0.287,,on,-66,,2 hour NILM fridge session
2026-06-11T09:28:47.617107+00:00,2026-06-11 14:58:47,Anllia,plug_1,Tapo P110,P110,fridge,a7c73018,multi_cycle,1.0,99.34,240.149,0.704,0.054,0.287,,on,-66,,2 hour NILM fridge session
2026-06-11T09:28:48.917681+00:00,2026-06-11 14:58:48,Anllia,plug_1,Tapo P110,P110,fridge,a7c73018,multi_cycle,1.0,99.852,239.287,0.704,0.055,0.287,,on,-65,,2 hour NILM fridge session
2026-06-11T09:28:50.183719+00:00,2026-06-11 14:58:50,Anllia,plug_1,Tapo P110,P110,fridge,a7c73018,multi_cycle,1.0,98.799,239.287,0.702,0.055,0.287,,on,-65,,2 hour NILM fridge session
2026-06-11T09:28:51.428510+00:00,2026-06-11 14:58:51,Anllia,plug_1,Tapo P110,P110,fridge,a7c73018,multi_cycle,1.0,100.088,240.056,0.702,0.055,0.287,,on,-65,,2 hour NILM fridge session
2026-06-11T09:28:52.785622+00:00,2026-06-11 14:58:52,Anllia,plug_1,Tapo P110,P110,fridge,a7c73018,multi_cycle,1.0,100.088,240.056,0.692,0.055,0.287,,on,-65,,2 hour NILM fridge session
2026-06-11T09:28:54.051557+00:00,2026-06-11 14:58:54,Anllia,plug_1,Tapo P110,P110,fridge,a7c73018,multi_cycle,1.0,99.22,241.367,0.692,0.055,0.287,,on,-65,,2 hour NILM fridge session
2026-06-11T09:28:55.300755+00:00,2026-06-11 14:58:55,Anllia,plug_1,Tapo P110,P110,fridge,a7c73018,multi_cycle,1.0,99.315,241.367,0.692,0.055,0.287,,on,-65,,2 hour NILM fridge session
2026-06-11T09:28:56.551608+00:00,2026-06-11 14:58:56,Anllia,plug_1,Tapo P110,P110,fridge,a7c73018,multi_cycle,1.0,99.294,241.367,0.688,0.055,0.287,,on,-65,,2 hour NILM fridge session
2026-06-11T09:28:57.805716+00:00,2026-06-11 14:58:57,Anllia,plug_1,Tapo P110,P110,fridge,a7c73018,multi_cycle,1.0,99.207,241.336,0.688,0.055,0.287,,on,-65,,2 hour NILM fridge session
2026-06-11T09:28:59.148080+00:00,2026-06-11 14:58:59,Anllia,plug_1,Tapo P110,P110,fridge,a7c73018,multi_cycle,1.0,98.984,241.336,0.687,0.055,0.287,,on,-65,,2 hour NILM fridge session
2026-06-11T09:29:00.404085+00:00,2026-06-11 14:59:00,Anllia,plug_1,Tapo P110,P110,fridge,a7c73018,multi_cycle,1.0,98.992,241.435,0.687,0.055,0.287,,on,-65,,2 hour NILM fridge session
2026-06-11T09:29:01.865134+00:00,2026-06-11 14:59:01,Anllia,plug_1,Tapo P110,P110,fridge,a7c73018,multi_cycle,1.0,98.992,241.435,0.688,0.055,0.287,,on,-65,,2 hour NILM fridge session
2026-06-11T09:29:03.148065+00:00,2026-06-11 14:59:03,Anllia,plug_1,Tapo P110,P110,fridge,a7c73018,multi_cycle,1.0,99.128,241.453,0.688,0.055,0.287,,on,-65,,2 hour NILM fridge session
2026-06-11T09:29:04.507471+00:00,2026-06-11 14:59:04,Anllia,plug_1,Tapo P110,P110,fridge,a7c73018,multi_cycle,1.0,97.788,241.453,0.692,0.055,0.287,,on,-65,,2 hour NILM fridge session
2026-06-11T09:29:05.909416+00:00,2026-06-11 14:59:05,Anllia,plug_1,Tapo P110,P110,fridge,a7c73018,multi_cycle,1.0,97.899,240.742,0.692,0.055,0.287,,on,-66,,2 hour NILM fridge session
2026-06-11T09:29:07.261782+00:00,2026-06-11 14:59:07,Anllia,plug_1,Tapo P110,P110,fridge,a7c73018,multi_cycle,1.0,99.336,240.742,0.692,0.055,0.287,,on,-65,,2 hour NILM fridge session
2026-06-11T09:29:08.580196+00:00,2026-06-11 14:59:08,Anllia,plug_1,Tapo P110,P110,fridge,a7c73018,multi_cycle,1.0,100.037,240.742,0.696,0.055,0.287,,on,-65,,2 hour NILM fridge session
2026-06-11T09:29:09.932851+00:00,2026-06-11 14:59:09,Anllia,plug_1,Tapo P110,P110,fridge,a7c73018,multi_cycle,1.0,99.13,240.091,0.696,0.055,0.287,,on,-65,,2 hour NILM fridge session
2026-06-11T09:29:11.326173+00:00,2026-06-11 14:59:11,Anllia,plug_1,Tapo P110,P110,fridge,a7c73018,multi_cycle,1.0,99.401,240.091,0.692,0.055,0.287,,on,-65,,2 hour NILM fridge session
2026-06-11T09:29:12.610618+00:00,2026-06-11 14:59:12,Anllia,plug_1,Tapo P110,P110,fridge,a7c73018,multi_cycle,1.0,96.595,241.799,0.692,0.055,0.287,,on,-65,,2 hour NILM fridge session
2026-06-11T09:29:13.923633+00:00,2026-06-11 14:59:13,Anllia,plug_1,Tapo P110,P110,fridge,a7c73018,multi_cycle,1.0,96.595,241.799,0.697,0.055,0.288,,on,-65,,2 hour NILM fridge session
2026-06-11T09:29:15.190345+00:00,2026-06-11 14:59:15,Anllia,plug_1,Tapo P110,P110,fridge,a7c73018,multi_cycle,1.0,99.713,238.336,0.697,0.055,0.288,,on,-65,,2 hour NILM fridge session
2026-06-11T09:29:16.718895+00:00,2026-06-11 14:59:16,Anllia,plug_1,Tapo P110,P110,fridge,a7c73018,multi_cycle,1.0,99.825,238.336,0.685,0.055,0.288,,on,-65,,2 hour NILM fridge session
2026-06-11T09:29:18.066474+00:00,2026-06-11 14:59:18,Anllia,plug_1,Tapo P110,P110,fridge,a7c73018,multi_cycle,1.0,98.076,238.721,0.685,0.055,0.288,,on,-65,,2 hour NILM fridge session
2026-06-11T09:29:19.355069+00:00,2026-06-11 14:59:19,Anllia,plug_1,Tapo P110,P110,fridge,a7c73018,multi_cycle,1.0,99.105,238.721,0.685,0.055,0.288,,on,-65,,2 hour NILM fridge session
2026-06-11T09:29:20.669078+00:00,2026-06-11 14:59:20,Anllia,plug_1,Tapo P110,P110,fridge,a7c73018,multi_cycle,1.0,97.67,238.721,0.699,0.055,0.288,,on,-65,,2 hour NILM fridge session
2026-06-11T09:29:22.152735+00:00,2026-06-11 14:59:22,Anllia,plug_1,Tapo P110,P110,fridge,a7c73018,multi_cycle,1.0,100.069,239.278,0.699,0.055,0.288,,on,-65,,2 hour NILM fridge session
2026-06-11T09:29:23.420373+00:00,2026-06-11 14:59:23,Anllia,plug_1,Tapo P110,P110,fridge,a7c73018,multi_cycle,1.0,99.159,239.278,0.693,0.055,0.288,,on,-65,,2 hour NILM fridge session
2026-06-11T09:29:24.701896+00:00,2026-06-11 14:59:24,Anllia,plug_1,Tapo P110,P110,fridge,a7c73018,multi_cycle,1.0,98.172,238.875,0.693,0.056,0.288,,on,-65,,2 hour NILM fridge session
2026-06-11T09:29:26.018222+00:00,2026-06-11 14:59:26,Anllia,plug_1,Tapo P110,P110,fridge,a7c73018,multi_cycle,1.0,98.172,238.875,0.707,0.056,0.288,,on,-65,,2 hour NILM fridge session
2026-06-11T09:29:27.287146+00:00,2026-06-11 14:59:27,Anllia,plug_1,Tapo P110,P110,fridge,a7c73018,multi_cycle,1.0,98.277,240.031,0.707,0.056,0.288,,on,-65,,2 hour NILM fridge session
2026-06-11T09:29:28.569411+00:00,2026-06-11 14:59:28,Anllia,plug_1,Tapo P110,P110,fridge,a7c73018,multi_cycle,1.0,97.997,240.031,0.703,0.056,0.288,,on,-65,,2 hour NILM fridge session
2026-06-11T09:29:30.003195+00:00,2026-06-11 14:59:30,Anllia,plug_1,Tapo P110,P110,fridge,a7c73018,multi_cycle,1.0,98.084,239.82,0.703,0.056,0.288,,on,-65,,2 hour NILM fridge session
2026-06-11T09:29:31.251229+00:00,2026-06-11 14:59:31,Anllia,plug_1,Tapo P110,P110,fridge,a7c73018,multi_cycle,1.0,100.097,239.82,0.703,0.056,0.288,,on,-65,,2 hour NILM fridge session
2026-06-11T09:29:32.499977+00:00,2026-06-11 14:59:32,Anllia,plug_1,Tapo P110,P110,fridge,a7c73018,multi_cycle,1.0,97.176,239.82,0.687,0.056,0.288,,on,-65,,2 hour NILM fridge session
2026-06-11T09:29:33.782020+00:00,2026-06-11 14:59:33,Anllia,plug_1,Tapo P110,P110,fridge,a7c73018,multi_cycle,1.0,100.168,239.341,0.687,0.056,0.288,,on,-65,,2 hour NILM fridge session
2026-06-11T09:29:35.058357+00:00,2026-06-11 14:59:35,Anllia,plug_1,Tapo P110,P110,fridge,a7c73018,multi_cycle,1.0,100.24,239.341,0.695,0.056,0.288,,on,-65,,2 hour NILM fridge session
2026-06-11T09:29:37.208858+00:00,2026-06-11 14:59:37,Anllia,plug_1,Tapo P110,P110,fridge,a7c73018,multi_cycle,1.0,100.109,239.387,0.695,0.056,0.288,,on,-65,,2 hour NILM fridge session
2026-06-11T09:29:38.478660+00:00,2026-06-11 14:59:38,Anllia,plug_1,Tapo P110,P110,fridge,a7c73018,multi_cycle,1.0,98.456,239.387,0.688,0.056,0.288,,on,-65,,2 hour NILM fridge session
2026-06-11T09:29:40.042045+00:00,2026-06-11 14:59:40,Anllia,plug_1,Tapo P110,P110,fridge,a7c73018,multi_cycle,1.0,99.28,238.789,0.688,0.056,0.288,,on,-65,,2 hour NILM fridge session
2026-06-11T09:29:41.362593+00:00,2026-06-11 14:59:41,Anllia,plug_1,Tapo P110,P110,fridge,a7c73018,multi_cycle,1.0,97.471,238.789,0.685,0.056,0.288,,on,-65,,2 hour NILM fridge session
2026-06-11T09:29:42.705708+00:00,2026-06-11 14:59:42,Anllia,plug_1,Tapo P110,P110,fridge,a7c73018,multi_cycle,1.0,99.207,239.8,0.685,0.056,0.288,,on,-65,,2 hour NILM fridge session
2026-06-11T09:29:44.038122+00:00,2026-06-11 14:59:44,Anllia,plug_1,Tapo P110,P110,fridge,a7c73018,multi_cycle,1.0,99.207,239.8,0.694,0.056,0.288,,on,-64,,2 hour NILM fridge session
2026-06-11T09:29:45.432590+00:00,2026-06-11 14:59:45,Anllia,plug_1,Tapo P110,P110,fridge,a7c73018,multi_cycle,1.0,100.73,239.879,0.694,0.056,0.288,,on,-64,,2 hour NILM fridge session
2026-06-11T09:29:46.869082+00:00,2026-06-11 14:59:46,Anllia,plug_1,Tapo P110,P110,fridge,a7c73018,multi_cycle,1.0,98.765,239.879,0.701,0.056,0.288,,on,-63,,2 hour NILM fridge session
2026-06-11T09:29:48.350055+00:00,2026-06-11 14:59:48,Anllia,plug_1,Tapo P110,P110,fridge,a7c73018,multi_cycle,1.0,100.413,240.225,0.701,0.056,0.288,,on,-65,,2 hour NILM fridge session
2026-06-11T09:29:49.615647+00:00,2026-06-11 14:59:49,Anllia,plug_1,Tapo P110,P110,fridge,a7c73018,multi_cycle,1.0,98.761,240.225,0.693,0.056,0.288,,on,-66,,2 hour NILM fridge session
2026-06-11T09:29:50.935095+00:00,2026-06-11 14:59:50,Anllia,plug_1,Tapo P110,P110,fridge,a7c73018,multi_cycle,1.0,99.751,240.225,0.693,0.056,0.289,,on,-64,,2 hour NILM fridge session
2026-06-11T09:29:52.209553+00:00,2026-06-11 14:59:52,Anllia,plug_1,Tapo P110,P110,fridge,a7c73018,multi_cycle,1.0,99.24,239.395,0.693,0.056,0.289,,on,-64,,2 hour NILM fridge session
2026-06-11T09:29:53.647345+00:00,2026-06-11 14:59:53,Anllia,plug_1,Tapo P110,P110,fridge,a7c73018,multi_cycle,1.0,99.114,239.395,0.687,0.056,0.289,,on,-68,,2 hour NILM fridge session
2026-06-11T09:29:55.216027+00:00,2026-06-11 14:59:55,Anllia,plug_1,Tapo P110,P110,fridge,a7c73018,multi_cycle,1.0,98.442,238.985,0.687,0.056,0.289,,on,-68,,2 hour NILM fridge session
2026-06-11T09:29:56.584599+00:00,2026-06-11 14:59:56,Anllia,plug_1,Tapo P110,P110,fridge,a7c73018,multi_cycle,1.0,98.082,238.985,0.695,0.056,0.289,,on,-65,,2 hour NILM fridge session
2026-06-11T09:29:57.974428+00:00,2026-06-11 14:59:57,Anllia,plug_1,Tapo P110,P110,fridge,a7c73018,multi_cycle,1.0,97.384,240.801,0.695,0.056,0.289,,on,-64,,2 hour NILM fridge session
2026-06-11T09:29:59.249765+00:00,2026-06-11 14:59:59,Anllia,plug_1,Tapo P110,P110,fridge,a7c73018,multi_cycle,1.0,98.778,240.801,0.705,0.056,0.289,,on,-65,,2 hour NILM fridge session
2026-06-11T09:30:00.556266+00:00,2026-06-11 15:00:00,Anllia,plug_1,Tapo P110,P110,fridge,a7c73018,multi_cycle,1.0,98.778,238.865,0.705,0.056,0.289,,on,-64,,2 hour NILM fridge session
2026-06-11T09:30:01.839176+00:00,2026-06-11 15:00:01,Anllia,plug_1,Tapo P110,P110,fridge,a7c73018,multi_cycle,1.0,99.748,238.865,0.695,0.057,0.289,,on,-68,,2 hour NILM fridge session
2026-06-11T09:30:03.086483+00:00,2026-06-11 15:00:03,Anllia,plug_1,Tapo P110,P110,fridge,a7c73018,multi_cycle,1.0,98.654,238.446,0.695,0.057,0.289,,on,-65,,2 hour NILM fridge session
2026-06-11T09:30:04.385447+00:00,2026-06-11 15:00:04,Anllia,plug_1,Tapo P110,P110,fridge,a7c73018,multi_cycle,1.0,98.652,238.446,0.695,0.057,0.289,,on,-65,,2 hour NILM fridge session
2026-06-11T09:30:05.718341+00:00,2026-06-11 15:00:05,Anllia,plug_1,Tapo P110,P110,fridge,a7c73018,multi_cycle,1.0,98.529,238.446,0.693,0.057,0.289,,on,-67,,2 hour NILM fridge session
2026-06-11T09:30:06.970701+00:00,2026-06-11 15:00:06,Anllia,plug_1,Tapo P110,P110,fridge,a7c73018,multi_cycle,1.0,98.391,240.286,0.693,0.057,0.289,,on,-66,,2 hour NILM fridge session
2026-06-11T09:30:08.335727+00:00,2026-06-11 15:00:08,Anllia,plug_1,Tapo P110,P110,fridge,a7c73018,multi_cycle,1.0,98.177,240.286,0.683,0.057,0.289,,on,-68,,2 hour NILM fridge session
2026-06-11T09:30:09.637858+00:00,2026-06-11 15:00:09,Anllia,plug_1,Tapo P110,P110,fridge,a7c73018,multi_cycle,1.0,98.177,239.737,0.683,0.057,0.289,,on,-65,,2 hour NILM fridge session
2026-06-11T09:30:10.921116+00:00,2026-06-11 15:00:10,Anllia,plug_1,Tapo P110,P110,fridge,a7c73018,multi_cycle,1.0,97.095,239.737,0.702,0.057,0.289,,on,-66,,2 hour NILM fridge session
2026-06-11T09:30:12.205580+00:00,2026-06-11 15:00:12,Anllia,plug_1,Tapo P110,P110,fridge,a7c73018,multi_cycle,1.0,98.976,238.131,0.702,0.057,0.289,,on,-65,,2 hour NILM fridge session
2026-06-11T09:30:13.517422+00:00,2026-06-11 15:00:13,Anllia,plug_1,Tapo P110,P110,fridge,a7c73018,multi_cycle,1.0,100.25,238.131,0.702,0.057,0.289,,on,-66,,2 hour NILM fridge session
2026-06-11T09:30:14.757048+00:00,2026-06-11 15:00:14,Anllia,plug_1,Tapo P110,P110,fridge,a7c73018,multi_cycle,1.0,98.856,238.131,0.694,0.057,0.289,,on,-66,,2 hour NILM fridge session
2026-06-11T09:30:16.101508+00:00,2026-06-11 15:00:16,Anllia,plug_1,Tapo P110,P110,fridge,a7c73018,multi_cycle,1.0,100.746,237.714,0.694,0.057,0.289,,on,-65,,2 hour NILM fridge session
2026-06-11T09:30:17.447141+00:00,2026-06-11 15:00:17,Anllia,plug_1,Tapo P110,P110,fridge,a7c73018,multi_cycle,1.0,99.754,237.714,0.696,0.057,0.289,,on,-65,,2 hour NILM fridge session
2026-06-11T09:30:18.735308+00:00,2026-06-11 15:00:18,Anllia,plug_1,Tapo P110,P110,fridge,a7c73018,multi_cycle,1.0,99.754,240.898,0.696,0.057,0.289,,on,-66,,2 hour NILM fridge session
2026-06-11T09:30:20.018895+00:00,2026-06-11 15:00:20,Anllia,plug_1,Tapo P110,P110,fridge,a7c73018,multi_cycle,1.0,97.476,240.898,0.699,0.057,0.289,,on,-66,,2 hour NILM fridge session
2026-06-11T09:30:21.495328+00:00,2026-06-11 15:00:21,Anllia,plug_1,Tapo P110,P110,fridge,a7c73018,multi_cycle,1.0,100.144,241.059,0.699,0.057,0.289,,on,-66,,2 hour NILM fridge session
2026-06-11T09:30:22.824926+00:00,2026-06-11 15:00:22,Anllia,plug_1,Tapo P110,P110,fridge,a7c73018,multi_cycle,1.0,97.273,241.059,0.695,0.057,0.289,,on,-66,,2 hour NILM fridge session
2026-06-11T09:30:24.076807+00:00,2026-06-11 15:00:24,Anllia,plug_1,Tapo P110,P110,fridge,a7c73018,multi_cycle,1.0,99.442,241.059,0.695,0.057,0.289,,on,-65,,2 hour NILM fridge session
2026-06-11T09:30:25.323890+00:00,2026-06-11 15:00:25,Anllia,plug_1,Tapo P110,P110,fridge,a7c73018,multi_cycle,1.0,97.181,241.059,0.695,0.057,0.289,,on,-66,,2 hour NILM fridge session
2026-06-11T09:30:26.626360+00:00,2026-06-11 15:00:26,Anllia,plug_1,Tapo P110,P110,fridge,a7c73018,multi_cycle,1.0,98.403,241.059,0.687,0.057,0.289,,on,-66,,2 hour NILM fridge session
2026-06-11T09:30:27.869198+00:00,2026-06-11 15:00:27,Anllia,plug_1,Tapo P110,P110,fridge,a7c73018,multi_cycle,1.0,98.263,240.196,0.687,0.057,0.29,,on,-66,,2 hour NILM fridge session
2026-06-11T09:30:29.257820+00:00,2026-06-11 15:00:29,Anllia,plug_1,Tapo P110,P110,fridge,a7c73018,multi_cycle,1.0,98.263,240.196,0.686,0.057,0.29,,on,-66,,2 hour NILM fridge session
2026-06-11T09:30:30.544687+00:00,2026-06-11 15:00:30,Anllia,plug_1,Tapo P110,P110,fridge,a7c73018,multi_cycle,1.0,98.202,241.144,0.686,0.057,0.29,,on,-67,,2 hour NILM fridge session
2026-06-11T09:30:31.858637+00:00,2026-06-11 15:00:31,Anllia,plug_1,Tapo P110,P110,fridge,a7c73018,multi_cycle,1.0,97.495,241.144,0.697,0.057,0.29,,on,-66,,2 hour NILM fridge session
2026-06-11T09:30:33.214428+00:00,2026-06-11 15:00:33,Anllia,plug_1,Tapo P110,P110,fridge,a7c73018,multi_cycle,1.0,99.17,241.144,0.697,0.057,0.29,,on,-66,,2 hour NILM fridge session
2026-06-11T09:30:34.614713+00:00,2026-06-11 15:00:34,Anllia,plug_1,Tapo P110,P110,fridge,a7c73018,multi_cycle,1.0,99.163,241.44,0.697,0.057,0.29,,on,-66,,2 hour NILM fridge session
2026-06-11T09:30:35.866823+00:00,2026-06-11 15:00:35,Anllia,plug_1,Tapo P110,P110,fridge,a7c73018,multi_cycle,1.0,99.01,241.44,0.687,0.057,0.29,,on,-66,,2 hour NILM fridge session
2026-06-11T09:30:37.111616+00:00,2026-06-11 15:00:37,Anllia,plug_1,Tapo P110,P110,fridge,a7c73018,multi_cycle,1.0,99.066,241.407,0.687,0.058,0.29,,on,-66,,2 hour NILM fridge session
2026-06-11T09:30:38.439592+00:00,2026-06-11 15:00:38,Anllia,plug_1,Tapo P110,P110,fridge,a7c73018,multi_cycle,1.0,99.066,241.407,0.688,0.058,0.29,,on,-66,,2 hour NILM fridge session
2026-06-11T09:30:39.769471+00:00,2026-06-11 15:00:39,Anllia,plug_1,Tapo P110,P110,fridge,a7c73018,multi_cycle,1.0,99.008,241.862,0.688,0.058,0.29,,on,-66,,2 hour NILM fridge session
2026-06-11T09:30:41.040691+00:00,2026-06-11 15:00:41,Anllia,plug_1,Tapo P110,P110,fridge,a7c73018,multi_cycle,1.0,99.38,241.862,0.687,0.058,0.29,,on,-65,,2 hour NILM fridge session
2026-06-11T09:30:42.333656+00:00,2026-06-11 15:00:42,Anllia,plug_1,Tapo P110,P110,fridge,a7c73018,multi_cycle,1.0,98.877,241.652,0.687,0.058,0.29,,on,-66,,2 hour NILM fridge session
2026-06-11T09:30:43.656001+00:00,2026-06-11 15:00:43,Anllia,plug_1,Tapo P110,P110,fridge,a7c73018,multi_cycle,1.0,98.746,241.652,0.687,0.058,0.29,,on,-66,,2 hour NILM fridge session
2026-06-11T09:30:44.931438+00:00,2026-06-11 15:00:44,Anllia,plug_1,Tapo P110,P110,fridge,a7c73018,multi_cycle,1.0,98.935,241.652,0.688,0.058,0.29,,on,-66,,2 hour NILM fridge session
2026-06-11T09:30:46.179391+00:00,2026-06-11 15:00:46,Anllia,plug_1,Tapo P110,P110,fridge,a7c73018,multi_cycle,1.0,98.936,241.55,0.688,0.058,0.29,,on,-65,,2 hour NILM fridge session
2026-06-11T09:30:47.434713+00:00,2026-06-11 15:00:47,Anllia,plug_1,Tapo P110,P110,fridge,a7c73018,multi_cycle,1.0,99.017,241.55,0.69,0.058,0.29,,on,-66,,2 hour NILM fridge session
2026-06-11T09:30:48.845710+00:00,2026-06-11 15:00:48,Anllia,plug_1,Tapo P110,P110,fridge,a7c73018,multi_cycle,1.0,99.017,241.506,0.69,0.058,0.29,,on,-65,,2 hour NILM fridge session
2026-06-11T09:30:50.130690+00:00,2026-06-11 15:00:50,Anllia,plug_1,Tapo P110,P110,fridge,a7c73018,multi_cycle,1.0,98.646,241.506,0.686,0.058,0.29,,on,-66,,2 hour NILM fridge session
2026-06-11T09:30:51.435826+00:00,2026-06-11 15:00:51,Anllia,plug_1,Tapo P110,P110,fridge,a7c73018,multi_cycle,1.0,99.324,241.498,0.686,0.058,0.29,,on,-65,,2 hour NILM fridge session
2026-06-11T09:30:52.919749+00:00,2026-06-11 15:00:52,Anllia,plug_1,Tapo P110,P110,fridge,a7c73018,multi_cycle,1.0,99.322,241.498,0.684,0.058,0.29,,on,-66,,2 hour NILM fridge session
2026-06-11T09:30:54.260583+00:00,2026-06-11 15:00:54,Anllia,plug_1,Tapo P110,P110,fridge,a7c73018,multi_cycle,1.0,99.202,241.498,0.684,0.058,0.29,,on,-66,,2 hour NILM fridge session
2026-06-11T09:30:55.628247+00:00,2026-06-11 15:00:55,Anllia,plug_1,Tapo P110,P110,fridge,a7c73018,multi_cycle,1.0,99.051,241.845,0.684,0.058,0.29,,on,-66,,2 hour NILM fridge session
2026-06-11T09:30:56.899590+00:00,2026-06-11 15:00:56,Anllia,plug_1,Tapo P110,P110,fridge,a7c73018,multi_cycle,1.0,98.901,241.845,0.684,0.058,0.29,,on,-66,,2 hour NILM fridge session
2026-06-11T09:30:58.344607+00:00,2026-06-11 15:00:58,Anllia,plug_1,Tapo P110,P110,fridge,a7c73018,multi_cycle,1.0,99.015,241.607,0.684,0.058,0.29,,on,-66,,2 hour NILM fridge session
2026-06-11T09:30:59.610091+00:00,2026-06-11 15:00:59,Anllia,plug_1,Tapo P110,P110,fridge,a7c73018,multi_cycle,1.0,98.941,241.607,0.685,0.058,0.29,,on,-66,,2 hour NILM fridge session
2026-06-11T09:31:00.890071+00:00,2026-06-11 15:01:00,Anllia,plug_1,Tapo P110,P110,fridge,a7c73018,multi_cycle,1.0,98.941,241.58,0.685,0.058,0.29,,on,-66,,2 hour NILM fridge session
2026-06-11T09:31:02.134033+00:00,2026-06-11 15:01:02,Anllia,plug_1,Tapo P110,P110,fridge,a7c73018,multi_cycle,1.0,98.97,241.58,0.689,0.058,0.29,,on,-66,,2 hour NILM fridge session
2026-06-11T09:31:03.475620+00:00,2026-06-11 15:01:03,Anllia,plug_1,Tapo P110,P110,fridge,a7c73018,multi_cycle,1.0,99.343,241.578,0.689,0.058,0.291,,on,-65,,2 hour NILM fridge session
2026-06-11T09:31:04.715785+00:00,2026-06-11 15:01:04,Anllia,plug_1,Tapo P110,P110,fridge,a7c73018,multi_cycle,1.0,99.492,241.578,0.689,0.058,0.291,,on,-65,,2 hour NILM fridge session
2026-06-11T09:31:06.083175+00:00,2026-06-11 15:01:06,Anllia,plug_1,Tapo P110,P110,fridge,a7c73018,multi_cycle,1.0,99.564,241.578,0.691,0.058,0.291,,on,-65,,2 hour NILM fridge session
2026-06-11T09:31:07.407511+00:00,2026-06-11 15:01:07,Anllia,plug_1,Tapo P110,P110,fridge,a7c73018,multi_cycle,1.0,98.938,241.351,0.691,0.058,0.291,,on,-66,,2 hour NILM fridge session
2026-06-11T09:31:08.740978+00:00,2026-06-11 15:01:08,Anllia,plug_1,Tapo P110,P110,fridge,a7c73018,multi_cycle,1.0,98.751,241.351,0.688,0.058,0.291,,on,-65,,2 hour NILM fridge session
2026-06-11T09:31:09.990048+00:00,2026-06-11 15:01:09,Anllia,plug_1,Tapo P110,P110,fridge,a7c73018,multi_cycle,1.0,98.806,241.275,0.688,0.058,0.291,,on,-66,,2 hour NILM fridge session
2026-06-11T09:31:11.253710+00:00,2026-06-11 15:01:11,Anllia,plug_1,Tapo P110,P110,fridge,a7c73018,multi_cycle,1.0,98.806,241.275,0.691,0.058,0.291,,on,-66,,2 hour NILM fridge session
2026-06-11T09:31:12.672544+00:00,2026-06-11 15:01:12,Anllia,plug_1,Tapo P110,P110,fridge,a7c73018,multi_cycle,1.0,98.749,241.142,0.691,0.058,0.291,,on,-67,,2 hour NILM fridge session
2026-06-11T09:31:13.920894+00:00,2026-06-11 15:01:13,Anllia,plug_1,Tapo P110,P110,fridge,a7c73018,multi_cycle,1.0,98.666,241.142,0.691,0.059,0.291,,on,-66,,2 hour NILM fridge session
2026-06-11T09:31:15.228789+00:00,2026-06-11 15:01:15,Anllia,plug_1,Tapo P110,P110,fridge,a7c73018,multi_cycle,1.0,98.482,241.142,0.691,0.059,0.291,,on,-65,,2 hour NILM fridge session
2026-06-11T09:31:16.579608+00:00,2026-06-11 15:01:16,Anllia,plug_1,Tapo P110,P110,fridge,a7c73018,multi_cycle,1.0,98.939,240.823,0.691,0.059,0.291,,on,-66,,2 hour NILM fridge session
2026-06-11T09:31:17.854385+00:00,2026-06-11 15:01:17,Anllia,plug_1,Tapo P110,P110,fridge,a7c73018,multi_cycle,1.0,98.696,240.823,0.688,0.059,0.291,,on,-66,,2 hour NILM fridge session
2026-06-11T09:31:19.145814+00:00,2026-06-11 15:01:19,Anllia,plug_1,Tapo P110,P110,fridge,a7c73018,multi_cycle,1.0,99.266,241.042,0.688,0.059,0.291,,on,-66,,2 hour NILM fridge session
2026-06-11T09:31:20.494919+00:00,2026-06-11 15:01:20,Anllia,plug_1,Tapo P110,P110,fridge,a7c73018,multi_cycle,1.0,99.266,241.042,0.691,0.059,0.291,,on,-66,,2 hour NILM fridge session
2026-06-11T09:31:21.770031+00:00,2026-06-11 15:01:21,Anllia,plug_1,Tapo P110,P110,fridge,a7c73018,multi_cycle,1.0,98.935,240.925,0.691,0.059,0.291,,on,-66,,2 hour NILM fridge session
2026-06-11T09:31:23.077421+00:00,2026-06-11 15:01:23,Anllia,plug_1,Tapo P110,P110,fridge,a7c73018,multi_cycle,1.0,98.941,240.925,0.689,0.059,0.291,,on,-66,,2 hour NILM fridge session
2026-06-11T09:31:24.361646+00:00,2026-06-11 15:01:24,Anllia,plug_1,Tapo P110,P110,fridge,a7c73018,multi_cycle,1.0,98.702,240.925,0.689,0.059,0.291,,on,-66,,2 hour NILM fridge session
2026-06-11T09:31:25.627375+00:00,2026-06-11 15:01:25,Anllia,plug_1,Tapo P110,P110,fridge,a7c73018,multi_cycle,1.0,99.16,240.653,0.689,0.059,0.291,,on,-65,,2 hour NILM fridge session
2026-06-11T09:31:26.943434+00:00,2026-06-11 15:01:26,Anllia,plug_1,Tapo P110,P110,fridge,a7c73018,multi_cycle,1.0,98.615,240.653,0.687,0.059,0.291,,on,-66,,2 hour NILM fridge session
2026-06-11T09:31:28.266023+00:00,2026-06-11 15:01:28,Anllia,plug_1,Tapo P110,P110,fridge,a7c73018,multi_cycle,1.0,99.145,239.775,0.687,0.059,0.291,,on,-65,,2 hour NILM fridge session
2026-06-11T09:31:29.549938+00:00,2026-06-11 15:01:29,Anllia,plug_1,Tapo P110,P110,fridge,a7c73018,multi_cycle,1.0,99.145,239.775,0.696,0.059,0.291,,on,-66,,2 hour NILM fridge session
2026-06-11T09:31:30.811709+00:00,2026-06-11 15:01:30,Anllia,plug_1,Tapo P110,P110,fridge,a7c73018,multi_cycle,1.0,98.807,240.085,0.696,0.059,0.291,,on,-65,,2 hour NILM fridge session
2026-06-11T09:31:32.151924+00:00,2026-06-11 15:01:32,Anllia,plug_1,Tapo P110,P110,fridge,a7c73018,multi_cycle,1.0,98.84,240.085,0.698,0.059,0.291,,on,-66,,2 hour NILM fridge session
2026-06-11T09:31:33.479802+00:00,2026-06-11 15:01:33,Anllia,plug_1,Tapo P110,P110,fridge,a7c73018,multi_cycle,1.0,98.8,240.085,0.698,0.059,0.291,,on,-65,,2 hour NILM fridge session
2026-06-11T09:31:34.731425+00:00,2026-06-11 15:01:34,Anllia,plug_1,Tapo P110,P110,fridge,a7c73018,multi_cycle,1.0,98.925,239.841,0.698,0.059,0.291,,on,-66,,2 hour NILM fridge session
2026-06-11T09:31:36.080237+00:00,2026-06-11 15:01:36,Anllia,plug_1,Tapo P110,P110,fridge,a7c73018,multi_cycle,1.0,99.164,239.841,0.695,0.059,0.291,,on,-66,,2 hour NILM fridge session
2026-06-11T09:31:37.366942+00:00,2026-06-11 15:01:37,Anllia,plug_1,Tapo P110,P110,fridge,a7c73018,multi_cycle,1.0,98.84,239.647,0.695,0.059,0.291,,on,-66,,2 hour NILM fridge session
2026-06-11T09:31:38.718966+00:00,2026-06-11 15:01:38,Anllia,plug_1,Tapo P110,P110,fridge,a7c73018,multi_cycle,1.0,98.783,239.647,0.695,0.059,0.291,,on,-66,,2 hour NILM fridge session
2026-06-11T09:31:39.962133+00:00,2026-06-11 15:01:39,Anllia,plug_1,Tapo P110,P110,fridge,a7c73018,multi_cycle,1.0,98.783,239.735,0.695,0.059,0.292,,on,-66,,2 hour NILM fridge session
2026-06-11T09:31:41.319694+00:00,2026-06-11 15:01:41,Anllia,plug_1,Tapo P110,P110,fridge,a7c73018,multi_cycle,1.0,98.319,239.735,0.689,0.059,0.292,,on,-66,,2 hour NILM fridge session
2026-06-11T09:31:42.586426+00:00,2026-06-11 15:01:42,Anllia,plug_1,Tapo P110,P110,fridge,a7c73018,multi_cycle,1.0,98.272,239.347,0.689,0.059,0.292,,on,-65,,2 hour NILM fridge session
2026-06-11T09:31:43.856258+00:00,2026-06-11 15:01:43,Anllia,plug_1,Tapo P110,P110,fridge,a7c73018,multi_cycle,1.0,98.279,239.347,0.689,0.059,0.292,,on,-66,,2 hour NILM fridge session
2026-06-11T09:31:45.140549+00:00,2026-06-11 15:01:45,Anllia,plug_1,Tapo P110,P110,fridge,a7c73018,multi_cycle,1.0,98.187,239.347,0.688,0.059,0.292,,on,-65,,2 hour NILM fridge session
2026-06-11T09:31:46.505492+00:00,2026-06-11 15:01:46,Anllia,plug_1,Tapo P110,P110,fridge,a7c73018,multi_cycle,1.0,98.386,239.008,0.688,0.059,0.292,,on,-66,,2 hour NILM fridge session
2026-06-11T09:31:47.811603+00:00,2026-06-11 15:01:47,Anllia,plug_1,Tapo P110,P110,fridge,a7c73018,multi_cycle,1.0,98.744,239.008,0.69,0.059,0.292,,on,-66,,2 hour NILM fridge session
2026-06-11T09:31:49.137054+00:00,2026-06-11 15:01:49,Anllia,plug_1,Tapo P110,P110,fridge,a7c73018,multi_cycle,1.0,98.744,240.936,0.69,0.059,0.292,,on,-65,,2 hour NILM fridge session
2026-06-11T09:31:50.432688+00:00,2026-06-11 15:01:50,Anllia,plug_1,Tapo P110,P110,fridge,a7c73018,multi_cycle,1.0,97.81,240.936,0.692,0.06,0.292,,on,-66,,2 hour NILM fridge session
2026-06-11T09:31:51.682937+00:00,2026-06-11 15:01:51,Anllia,plug_1,Tapo P110,P110,fridge,a7c73018,multi_cycle,1.0,98.094,240.774,0.692,0.06,0.292,,on,-65,,2 hour NILM fridge session
2026-06-11T09:31:53.033893+00:00,2026-06-11 15:01:53,Anllia,plug_1,Tapo P110,P110,fridge,a7c73018,multi_cycle,1.0,98.342,240.774,0.692,0.06,0.292,,on,-65,,2 hour NILM fridge session
2026-06-11T09:31:54.400214+00:00,2026-06-11 15:01:54,Anllia,plug_1,Tapo P110,P110,fridge,a7c73018,multi_cycle,1.0,98.324,240.774,0.689,0.06,0.292,,on,-66,,2 hour NILM fridge session
2026-06-11T09:31:55.716021+00:00,2026-06-11 15:01:55,Anllia,plug_1,Tapo P110,P110,fridge,a7c73018,multi_cycle,1.0,99.222,240.592,0.689,0.06,0.292,,on,-66,,2 hour NILM fridge session
2026-06-11T09:31:56.984002+00:00,2026-06-11 15:01:56,Anllia,plug_1,Tapo P110,P110,fridge,a7c73018,multi_cycle,1.0,98.927,240.592,0.694,0.06,0.292,,on,-65,,2 hour NILM fridge session
2026-06-11T09:31:58.301762+00:00,2026-06-11 15:01:58,Anllia,plug_1,Tapo P110,P110,fridge,a7c73018,multi_cycle,1.0,98.285,240.8,0.694,0.06,0.292,,on,-66,,2 hour NILM fridge session
2026-06-11T09:31:59.704252+00:00,2026-06-11 15:01:59,Anllia,plug_1,Tapo P110,P110,fridge,a7c73018,multi_cycle,1.0,98.285,240.8,0.69,0.06,0.292,,on,-66,,2 hour NILM fridge session
2026-06-11T09:32:01.014178+00:00,2026-06-11 15:02:01,Anllia,plug_1,Tapo P110,P110,fridge,a7c73018,multi_cycle,1.0,98.517,239.889,0.69,0.06,0.292,,on,-65,,2 hour NILM fridge session
2026-06-11T09:32:02.379307+00:00,2026-06-11 15:02:02,Anllia,plug_1,Tapo P110,P110,fridge,a7c73018,multi_cycle,1.0,98.656,239.889,0.687,0.06,0.292,,on,-65,,2 hour NILM fridge session
2026-06-11T09:32:03.727184+00:00,2026-06-11 15:02:03,Anllia,plug_1,Tapo P110,P110,fridge,a7c73018,multi_cycle,1.0,98.456,239.816,0.687,0.06,0.292,,on,-66,,2 hour NILM fridge session
2026-06-11T09:32:05.011077+00:00,2026-06-11 15:02:05,Anllia,plug_1,Tapo P110,P110,fridge,a7c73018,multi_cycle,1.0,98.275,239.816,0.687,0.06,0.292,,on,-65,,2 hour NILM fridge session
2026-06-11T09:32:06.276454+00:00,2026-06-11 15:02:06,Anllia,plug_1,Tapo P110,P110,fridge,a7c73018,multi_cycle,1.0,98.287,239.816,0.695,0.06,0.292,,on,-66,,2 hour NILM fridge session
2026-06-11T09:32:07.520744+00:00,2026-06-11 15:02:07,Anllia,plug_1,Tapo P110,P110,fridge,a7c73018,multi_cycle,1.0,98.402,240.089,0.695,0.06,0.292,,on,-66,,2 hour NILM fridge session
2026-06-11T09:32:08.801497+00:00,2026-06-11 15:02:08,Anllia,plug_1,Tapo P110,P110,fridge,a7c73018,multi_cycle,1.0,98.327,240.089,0.692,0.06,0.292,,on,-66,,2 hour NILM fridge session
2026-06-11T09:32:10.274827+00:00,2026-06-11 15:02:10,Anllia,plug_1,Tapo P110,P110,fridge,a7c73018,multi_cycle,1.0,98.327,239.874,0.692,0.06,0.292,,on,-66,,2 hour NILM fridge session
2026-06-11T09:32:11.515854+00:00,2026-06-11 15:02:11,Anllia,plug_1,Tapo P110,P110,fridge,a7c73018,multi_cycle,1.0,98.599,239.874,0.688,0.06,0.292,,on,-66,,2 hour NILM fridge session
2026-06-11T09:32:12.857319+00:00,2026-06-11 15:02:12,Anllia,plug_1,Tapo P110,P110,fridge,a7c73018,multi_cycle,1.0,98.752,240.995,0.688,0.06,0.292,,on,-66,,2 hour NILM fridge session
2026-06-11T09:32:14.111982+00:00,2026-06-11 15:02:14,Anllia,plug_1,Tapo P110,P110,fridge,a7c73018,multi_cycle,1.0,98.474,240.995,0.688,0.06,0.292,,on,-66,,2 hour NILM fridge session
2026-06-11T09:32:15.361556+00:00,2026-06-11 15:02:15,Anllia,plug_1,Tapo P110,P110,fridge,a7c73018,multi_cycle,1.0,98.168,240.995,0.686,0.06,0.292,,on,-65,,2 hour NILM fridge session
2026-06-11T09:32:16.690018+00:00,2026-06-11 15:02:16,Anllia,plug_1,Tapo P110,P110,fridge,a7c73018,multi_cycle,1.0,98.177,240.842,0.686,0.06,0.293,,on,-66,,2 hour NILM fridge session
2026-06-11T09:32:17.959630+00:00,2026-06-11 15:02:17,Anllia,plug_1,Tapo P110,P110,fridge,a7c73018,multi_cycle,1.0,98.521,240.842,0.691,0.06,0.293,,on,-66,,2 hour NILM fridge session
2026-06-11T09:32:19.238539+00:00,2026-06-11 15:02:19,Anllia,plug_1,Tapo P110,P110,fridge,a7c73018,multi_cycle,1.0,98.521,241.664,0.691,0.06,0.293,,on,-66,,2 hour NILM fridge session
2026-06-11T09:32:20.491155+00:00,2026-06-11 15:02:20,Anllia,plug_1,Tapo P110,P110,fridge,a7c73018,multi_cycle,1.0,98.062,241.664,0.688,0.06,0.293,,on,-66,,2 hour NILM fridge session
2026-06-11T09:32:21.738843+00:00,2026-06-11 15:02:21,Anllia,plug_1,Tapo P110,P110,fridge,a7c73018,multi_cycle,1.0,98.305,241.664,0.688,0.06,0.293,,on,-66,,2 hour NILM fridge session
2026-06-11T09:32:22.986520+00:00,2026-06-11 15:02:22,Anllia,plug_1,Tapo P110,P110,fridge,a7c73018,multi_cycle,1.0,98.438,240.568,0.688,0.06,0.293,,on,-65,,2 hour NILM fridge session
2026-06-11T09:32:24.355687+00:00,2026-06-11 15:02:24,Anllia,plug_1,Tapo P110,P110,fridge,a7c73018,multi_cycle,1.0,98.38,240.568,0.683,0.06,0.293,,on,-65,,2 hour NILM fridge session
2026-06-11T09:32:25.610873+00:00,2026-06-11 15:02:25,Anllia,plug_1,Tapo P110,P110,fridge,a7c73018,multi_cycle,1.0,98.118,240.864,0.683,0.06,0.293,,on,-66,,2 hour NILM fridge session
2026-06-11T09:32:26.857720+00:00,2026-06-11 15:02:26,Anllia,plug_1,Tapo P110,P110,fridge,a7c73018,multi_cycle,1.0,98.092,240.864,0.681,0.061,0.293,,on,-66,,2 hour NILM fridge session
2026-06-11T09:32:28.239828+00:00,2026-06-11 15:02:28,Anllia,plug_1,Tapo P110,P110,fridge,a7c73018,multi_cycle,1.0,98.092,240.32,0.681,0.061,0.293,,on,-66,,2 hour NILM fridge session
2026-06-11T09:32:29.552652+00:00,2026-06-11 15:02:29,Anllia,plug_1,Tapo P110,P110,fridge,a7c73018,multi_cycle,1.0,97.915,240.32,0.684,0.061,0.293,,on,-65,,2 hour NILM fridge session
2026-06-11T09:32:32.288626+00:00,2026-06-11 15:02:32,Anllia,plug_1,Tapo P110,P110,fridge,a7c73018,multi_cycle,1.0,98.15,240.384,0.684,0.061,0.293,,on,-65,,2 hour NILM fridge session
2026-06-11T09:32:33.554829+00:00,2026-06-11 15:02:33,Anllia,plug_1,Tapo P110,P110,fridge,a7c73018,multi_cycle,1.0,98.527,240.384,0.686,0.061,0.293,,on,-66,,2 hour NILM fridge session
2026-06-11T09:32:34.869738+00:00,2026-06-11 15:02:34,Anllia,plug_1,Tapo P110,P110,fridge,a7c73018,multi_cycle,1.0,98.841,240.503,0.686,0.061,0.293,,on,-65,,2 hour NILM fridge session
2026-06-11T09:32:36.265801+00:00,2026-06-11 15:02:36,Anllia,plug_1,Tapo P110,P110,fridge,a7c73018,multi_cycle,1.0,98.327,240.503,0.686,0.061,0.293,,on,-66,,2 hour NILM fridge session
2026-06-11T09:32:37.663422+00:00,2026-06-11 15:02:37,Anllia,plug_1,Tapo P110,P110,fridge,a7c73018,multi_cycle,1.0,97.994,240.693,0.686,0.061,0.293,,on,-66,,2 hour NILM fridge session
2026-06-11T09:32:38.928345+00:00,2026-06-11 15:02:38,Anllia,plug_1,Tapo P110,P110,fridge,a7c73018,multi_cycle,1.0,98.027,240.693,0.689,0.061,0.293,,on,-65,,2 hour NILM fridge session
2026-06-11T09:32:40.295461+00:00,2026-06-11 15:02:40,Anllia,plug_1,Tapo P110,P110,fridge,a7c73018,multi_cycle,1.0,98.027,240.432,0.689,0.061,0.293,,on,-65,,2 hour NILM fridge session
2026-06-11T09:32:41.630754+00:00,2026-06-11 15:02:41,Anllia,plug_1,Tapo P110,P110,fridge,a7c73018,multi_cycle,1.0,98.553,240.432,0.688,0.061,0.293,,on,-65,,2 hour NILM fridge session
2026-06-11T09:32:42.876965+00:00,2026-06-11 15:02:42,Anllia,plug_1,Tapo P110,P110,fridge,a7c73018,multi_cycle,1.0,98.464,240.849,0.688,0.061,0.293,,on,-66,,2 hour NILM fridge session
2026-06-11T09:32:44.123236+00:00,2026-06-11 15:02:44,Anllia,plug_1,Tapo P110,P110,fridge,a7c73018,multi_cycle,1.0,98.403,240.849,0.688,0.061,0.293,,on,-65,,2 hour NILM fridge session
2026-06-11T09:32:45.530112+00:00,2026-06-11 15:02:45,Anllia,plug_1,Tapo P110,P110,fridge,a7c73018,multi_cycle,1.0,98.528,240.849,0.684,0.061,0.293,,on,-65,,2 hour NILM fridge session
2026-06-11T09:32:46.876036+00:00,2026-06-11 15:02:46,Anllia,plug_1,Tapo P110,P110,fridge,a7c73018,multi_cycle,1.0,98.551,240.174,0.684,0.061,0.293,,on,-65,,2 hour NILM fridge session
2026-06-11T09:32:48.191480+00:00,2026-06-11 15:02:48,Anllia,plug_1,Tapo P110,P110,fridge,a7c73018,multi_cycle,1.0,98.377,240.174,0.686,0.061,0.293,,on,-65,,2 hour NILM fridge session
2026-06-11T09:32:49.524110+00:00,2026-06-11 15:02:49,Anllia,plug_1,Tapo P110,P110,fridge,a7c73018,multi_cycle,1.0,98.12,239.918,0.686,0.061,0.293,,on,-65,,2 hour NILM fridge session
2026-06-11T09:32:50.855735+00:00,2026-06-11 15:02:50,Anllia,plug_1,Tapo P110,P110,fridge,a7c73018,multi_cycle,1.0,98.12,239.918,0.687,0.061,0.293,,on,-65,,2 hour NILM fridge session
2026-06-11T09:32:52.219078+00:00,2026-06-11 15:02:52,Anllia,plug_1,Tapo P110,P110,fridge,a7c73018,multi_cycle,1.0,98.283,240.283,0.687,0.061,0.293,,on,-66,,2 hour NILM fridge session
2026-06-11T09:32:53.568909+00:00,2026-06-11 15:02:53,Anllia,plug_1,Tapo P110,P110,fridge,a7c73018,multi_cycle,1.0,98.195,240.283,0.686,0.061,0.294,,on,-65,,2 hour NILM fridge session
2026-06-11T09:32:55.016928+00:00,2026-06-11 15:02:55,Anllia,plug_1,Tapo P110,P110,fridge,a7c73018,multi_cycle,1.0,98.046,240.508,0.686,0.061,0.294,,on,-66,,2 hour NILM fridge session
2026-06-11T09:32:56.335155+00:00,2026-06-11 15:02:56,Anllia,plug_1,Tapo P110,P110,fridge,a7c73018,multi_cycle,1.0,98.101,240.508,0.686,0.061,0.294,,on,-65,,2 hour NILM fridge session
2026-06-11T09:32:57.583249+00:00,2026-06-11 15:02:57,Anllia,plug_1,Tapo P110,P110,fridge,a7c73018,multi_cycle,1.0,98.476,240.508,0.686,0.061,0.294,,on,-65,,2 hour NILM fridge session
2026-06-11T09:32:58.882982+00:00,2026-06-11 15:02:58,Anllia,plug_1,Tapo P110,P110,fridge,a7c73018,multi_cycle,1.0,98.316,240.958,0.686,0.061,0.294,,on,-66,,2 hour NILM fridge session
2026-06-11T09:33:00.145509+00:00,2026-06-11 15:03:00,Anllia,plug_1,Tapo P110,P110,fridge,a7c73018,multi_cycle,1.0,98.364,240.958,0.691,0.061,0.294,,on,-65,,2 hour NILM fridge session
2026-06-11T09:33:01.430887+00:00,2026-06-11 15:03:01,Anllia,plug_1,Tapo P110,P110,fridge,a7c73018,multi_cycle,1.0,98.364,240.413,0.691,0.061,0.294,,on,-66,,2 hour NILM fridge session
2026-06-11T09:33:02.747904+00:00,2026-06-11 15:03:02,Anllia,plug_1,Tapo P110,P110,fridge,a7c73018,multi_cycle,1.0,98.376,240.413,0.69,0.061,0.294,,on,-65,,2 hour NILM fridge session
2026-06-11T09:33:04.033780+00:00,2026-06-11 15:03:04,Anllia,plug_1,Tapo P110,P110,fridge,a7c73018,multi_cycle,1.0,98.226,240.331,0.69,0.062,0.294,,on,-65,,2 hour NILM fridge session
2026-06-11T09:33:05.383620+00:00,2026-06-11 15:03:05,Anllia,plug_1,Tapo P110,P110,fridge,a7c73018,multi_cycle,1.0,98.318,240.331,0.69,0.062,0.294,,on,-66,,2 hour NILM fridge session
2026-06-11T09:33:06.653104+00:00,2026-06-11 15:03:06,Anllia,plug_1,Tapo P110,P110,fridge,a7c73018,multi_cycle,1.0,98.36,240.331,0.692,0.062,0.294,,on,-65,,2 hour NILM fridge session
2026-06-11T09:33:07.920782+00:00,2026-06-11 15:03:07,Anllia,plug_1,Tapo P110,P110,fridge,a7c73018,multi_cycle,1.0,98.478,240.447,0.692,0.062,0.294,,on,-66,,2 hour NILM fridge session
2026-06-11T09:33:09.263831+00:00,2026-06-11 15:03:09,Anllia,plug_1,Tapo P110,P110,fridge,a7c73018,multi_cycle,1.0,98.435,240.447,0.686,0.062,0.294,,on,-65,,2 hour NILM fridge session
2026-06-11T09:33:10.511797+00:00,2026-06-11 15:03:10,Anllia,plug_1,Tapo P110,P110,fridge,a7c73018,multi_cycle,1.0,98.839,240.365,0.686,0.062,0.294,,on,-66,,2 hour NILM fridge session
2026-06-11T09:33:11.878318+00:00,2026-06-11 15:03:11,Anllia,plug_1,Tapo P110,P110,fridge,a7c73018,multi_cycle,1.0,98.839,240.365,0.688,0.062,0.294,,on,-65,,2 hour NILM fridge session
2026-06-11T09:33:13.152046+00:00,2026-06-11 15:03:13,Anllia,plug_1,Tapo P110,P110,fridge,a7c73018,multi_cycle,1.0,98.842,240.264,0.688,0.062,0.294,,on,-65,,2 hour NILM fridge session
2026-06-11T09:33:14.539144+00:00,2026-06-11 15:03:14,Anllia,plug_1,Tapo P110,P110,fridge,a7c73018,multi_cycle,1.0,98.753,240.264,0.686,0.062,0.294,,on,-66,,2 hour NILM fridge session
2026-06-11T09:33:15.780384+00:00,2026-06-11 15:03:15,Anllia,plug_1,Tapo P110,P110,fridge,a7c73018,multi_cycle,1.0,98.813,240.264,0.686,0.062,0.294,,on,-65,,2 hour NILM fridge session
2026-06-11T09:33:17.065441+00:00,2026-06-11 15:03:17,Anllia,plug_1,Tapo P110,P110,fridge,a7c73018,multi_cycle,1.0,98.635,240.621,0.686,0.062,0.294,,on,-65,,2 hour NILM fridge session
2026-06-11T09:33:18.408417+00:00,2026-06-11 15:03:18,Anllia,plug_1,Tapo P110,P110,fridge,a7c73018,multi_cycle,1.0,98.609,240.621,0.684,0.062,0.294,,on,-65,,2 hour NILM fridge session
2026-06-11T09:33:19.730089+00:00,2026-06-11 15:03:19,Anllia,plug_1,Tapo P110,P110,fridge,a7c73018,multi_cycle,1.0,98.75,240.661,0.684,0.062,0.294,,on,-66,,2 hour NILM fridge session
2026-06-11T09:33:21.108740+00:00,2026-06-11 15:03:21,Anllia,plug_1,Tapo P110,P110,fridge,a7c73018,multi_cycle,1.0,98.8,240.661,0.688,0.062,0.294,,on,-66,,2 hour NILM fridge session
2026-06-11T09:33:22.352071+00:00,2026-06-11 15:03:22,Anllia,plug_1,Tapo P110,P110,fridge,a7c73018,multi_cycle,1.0,98.8,240.978,0.688,0.062,0.294,,on,-65,,2 hour NILM fridge session
2026-06-11T09:33:23.681314+00:00,2026-06-11 15:03:23,Anllia,plug_1,Tapo P110,P110,fridge,a7c73018,multi_cycle,1.0,98.892,240.978,0.694,0.062,0.294,,on,-66,,2 hour NILM fridge session
2026-06-11T09:33:24.927848+00:00,2026-06-11 15:03:24,Anllia,plug_1,Tapo P110,P110,fridge,a7c73018,multi_cycle,1.0,98.882,240.978,0.694,0.062,0.294,,on,-66,,2 hour NILM fridge session
2026-06-11T09:33:26.228186+00:00,2026-06-11 15:03:26,Anllia,plug_1,Tapo P110,P110,fridge,a7c73018,multi_cycle,1.0,98.732,241.058,0.694,0.062,0.294,,on,-66,,2 hour NILM fridge session
2026-06-11T09:33:27.548294+00:00,2026-06-11 15:03:27,Anllia,plug_1,Tapo P110,P110,fridge,a7c73018,multi_cycle,1.0,98.643,241.058,0.692,0.062,0.294,,on,-66,,2 hour NILM fridge session
2026-06-11T09:33:28.865873+00:00,2026-06-11 15:03:28,Anllia,plug_1,Tapo P110,P110,fridge,a7c73018,multi_cycle,1.0,98.57,240.602,0.692,0.062,0.294,,on,-65,,2 hour NILM fridge session
2026-06-11T09:33:30.203123+00:00,2026-06-11 15:03:30,Anllia,plug_1,Tapo P110,P110,fridge,a7c73018,multi_cycle,1.0,98.117,240.602,0.688,0.062,0.295,,on,-65,,2 hour NILM fridge session
2026-06-11T09:33:31.526490+00:00,2026-06-11 15:03:31,Anllia,plug_1,Tapo P110,P110,fridge,a7c73018,multi_cycle,1.0,98.117,239.939,0.688,0.062,0.295,,on,-65,,2 hour NILM fridge session
2026-06-11T09:33:32.896599+00:00,2026-06-11 15:03:32,Anllia,plug_1,Tapo P110,P110,fridge,a7c73018,multi_cycle,1.0,98.411,239.939,0.683,0.062,0.295,,on,-66,,2 hour NILM fridge session
2026-06-11T09:33:34.146726+00:00,2026-06-11 15:03:34,Anllia,plug_1,Tapo P110,P110,fridge,a7c73018,multi_cycle,1.0,98.015,239.719,0.683,0.062,0.295,,on,-65,,2 hour NILM fridge session
2026-06-11T09:33:35.506470+00:00,2026-06-11 15:03:35,Anllia,plug_1,Tapo P110,P110,fridge,a7c73018,multi_cycle,1.0,98.217,239.719,0.683,0.062,0.295,,on,-65,,2 hour NILM fridge session
2026-06-11T09:33:36.852756+00:00,2026-06-11 15:03:36,Anllia,plug_1,Tapo P110,P110,fridge,a7c73018,multi_cycle,1.0,98.346,239.719,0.683,0.062,0.295,,on,-65,,2 hour NILM fridge session
2026-06-11T09:33:38.211605+00:00,2026-06-11 15:03:38,Anllia,plug_1,Tapo P110,P110,fridge,a7c73018,multi_cycle,1.0,98.366,239.745,0.683,0.062,0.295,,on,-66,,2 hour NILM fridge session
2026-06-11T09:33:39.476673+00:00,2026-06-11 15:03:39,Anllia,plug_1,Tapo P110,P110,fridge,a7c73018,multi_cycle,1.0,98.319,239.745,0.68,0.062,0.295,,on,-66,,2 hour NILM fridge session
2026-06-11T09:33:40.760961+00:00,2026-06-11 15:03:40,Anllia,plug_1,Tapo P110,P110,fridge,a7c73018,multi_cycle,1.0,98.407,239.934,0.68,0.063,0.295,,on,-65,,2 hour NILM fridge session
2026-06-11T09:33:42.080328+00:00,2026-06-11 15:03:42,Anllia,plug_1,Tapo P110,P110,fridge,a7c73018,multi_cycle,1.0,98.314,239.934,0.681,0.063,0.295,,on,-65,,2 hour NILM fridge session
2026-06-11T09:33:43.344786+00:00,2026-06-11 15:03:43,Anllia,plug_1,Tapo P110,P110,fridge,a7c73018,multi_cycle,1.0,98.314,240.019,0.681,0.063,0.295,,on,-65,,2 hour NILM fridge session
2026-06-11T09:33:44.690984+00:00,2026-06-11 15:03:44,Anllia,plug_1,Tapo P110,P110,fridge,a7c73018,multi_cycle,1.0,98.327,240.019,0.68,0.063,0.295,,on,-65,,2 hour NILM fridge session
2026-06-11T09:33:45.958655+00:00,2026-06-11 15:03:45,Anllia,plug_1,Tapo P110,P110,fridge,a7c73018,multi_cycle,1.0,98.223,240.019,0.68,0.063,0.295,,on,-65,,2 hour NILM fridge session
2026-06-11T09:33:47.310022+00:00,2026-06-11 15:03:47,Anllia,plug_1,Tapo P110,P110,fridge,a7c73018,multi_cycle,1.0,98.188,240.025,0.68,0.063,0.295,,on,-65,,2 hour NILM fridge session
2026-06-11T09:33:48.567895+00:00,2026-06-11 15:03:48,Anllia,plug_1,Tapo P110,P110,fridge,a7c73018,multi_cycle,1.0,98.277,240.025,0.685,0.063,0.295,,on,-66,,2 hour NILM fridge session
2026-06-11T09:33:49.820812+00:00,2026-06-11 15:03:49,Anllia,plug_1,Tapo P110,P110,fridge,a7c73018,multi_cycle,1.0,98.275,240.284,0.685,0.063,0.295,,on,-65,,2 hour NILM fridge session
2026-06-11T09:33:51.160126+00:00,2026-06-11 15:03:51,Anllia,plug_1,Tapo P110,P110,fridge,a7c73018,multi_cycle,1.0,98.275,240.284,0.685,0.063,0.295,,on,-65,,2 hour NILM fridge session
2026-06-11T09:33:52.507648+00:00,2026-06-11 15:03:52,Anllia,plug_1,Tapo P110,P110,fridge,a7c73018,multi_cycle,1.0,98.54,240.306,0.685,0.063,0.295,,on,-66,,2 hour NILM fridge session
2026-06-11T09:33:53.870072+00:00,2026-06-11 15:03:53,Anllia,plug_1,Tapo P110,P110,fridge,a7c73018,multi_cycle,1.0,98.746,240.306,0.687,0.063,0.295,,on,-65,,2 hour NILM fridge session
2026-06-11T09:33:55.110656+00:00,2026-06-11 15:03:55,Anllia,plug_1,Tapo P110,P110,fridge,a7c73018,multi_cycle,1.0,98.661,240.399,0.687,0.063,0.295,,on,-65,,2 hour NILM fridge session
2026-06-11T09:33:56.470674+00:00,2026-06-11 15:03:56,Anllia,plug_1,Tapo P110,P110,fridge,a7c73018,multi_cycle,1.0,98.695,240.399,0.687,0.063,0.295,,on,-65,,2 hour NILM fridge session
2026-06-11T09:33:57.742594+00:00,2026-06-11 15:03:57,Anllia,plug_1,Tapo P110,P110,fridge,a7c73018,multi_cycle,1.0,99.163,240.399,0.685,0.063,0.295,,on,-71,,2 hour NILM fridge session
2026-06-11T09:33:58.993035+00:00,2026-06-11 15:03:58,Anllia,plug_1,Tapo P110,P110,fridge,a7c73018,multi_cycle,1.0,98.79,240.716,0.685,0.063,0.295,,on,-65,,2 hour NILM fridge session
2026-06-11T09:34:00.368600+00:00,2026-06-11 15:04:00,Anllia,plug_1,Tapo P110,P110,fridge,a7c73018,multi_cycle,1.0,98.816,240.716,0.683,0.063,0.295,,on,-62,,2 hour NILM fridge session
2026-06-11T09:34:01.733520+00:00,2026-06-11 15:04:01,Anllia,plug_1,Tapo P110,P110,fridge,a7c73018,multi_cycle,1.0,98.695,240.697,0.683,0.063,0.295,,on,-75,,2 hour NILM fridge session
2026-06-11T09:34:03.089800+00:00,2026-06-11 15:04:03,Anllia,plug_1,Tapo P110,P110,fridge,a7c73018,multi_cycle,1.0,98.695,240.697,0.685,0.063,0.295,,on,-66,,2 hour NILM fridge session
2026-06-11T09:34:04.401552+00:00,2026-06-11 15:04:04,Anllia,plug_1,Tapo P110,P110,fridge,a7c73018,multi_cycle,1.0,98.669,240.779,0.685,0.063,0.295,,on,-65,,2 hour NILM fridge session
2026-06-11T09:34:05.715080+00:00,2026-06-11 15:04:05,Anllia,plug_1,Tapo P110,P110,fridge,a7c73018,multi_cycle,1.0,98.373,240.779,0.683,0.063,0.295,,on,-66,,2 hour NILM fridge session
2026-06-11T09:34:07.080608+00:00,2026-06-11 15:04:07,Anllia,plug_1,Tapo P110,P110,fridge,a7c73018,multi_cycle,1.0,98.406,240.779,0.683,0.063,0.296,,on,-64,,2 hour NILM fridge session
2026-06-11T09:34:08.348808+00:00,2026-06-11 15:04:08,Anllia,plug_1,Tapo P110,P110,fridge,a7c73018,multi_cycle,1.0,98.342,240.505,0.683,0.063,0.296,,on,-64,,2 hour NILM fridge session
2026-06-11T09:34:09.712439+00:00,2026-06-11 15:04:09,Anllia,plug_1,Tapo P110,P110,fridge,a7c73018,multi_cycle,1.0,98.035,240.505,0.683,0.063,0.296,,on,-66,,2 hour NILM fridge session
2026-06-11T09:34:11.061399+00:00,2026-06-11 15:04:11,Anllia,plug_1,Tapo P110,P110,fridge,a7c73018,multi_cycle,1.0,98.097,240.271,0.683,0.063,0.296,,on,-66,,2 hour NILM fridge session
2026-06-11T09:34:12.299342+00:00,2026-06-11 15:04:12,Anllia,plug_1,Tapo P110,P110,fridge,a7c73018,multi_cycle,1.0,98.185,240.271,0.681,0.063,0.296,,on,-68,,2 hour NILM fridge session
2026-06-11T09:34:13.591138+00:00,2026-06-11 15:04:13,Anllia,plug_1,Tapo P110,P110,fridge,a7c73018,multi_cycle,1.0,98.185,240.193,0.681,0.063,0.296,,on,-65,,2 hour NILM fridge session
2026-06-11T09:34:14.844717+00:00,2026-06-11 15:04:14,Anllia,plug_1,Tapo P110,P110,fridge,a7c73018,multi_cycle,1.0,98.119,240.193,0.681,0.063,0.296,,on,-67,,2 hour NILM fridge session
2026-06-11T09:34:16.163541+00:00,2026-06-11 15:04:16,Anllia,plug_1,Tapo P110,P110,fridge,a7c73018,multi_cycle,1.0,98.033,240.498,0.681,0.063,0.296,,on,-65,,2 hour NILM fridge session
2026-06-11T09:34:18.821630+00:00,2026-06-11 15:04:18,Anllia,plug_1,Tapo P110,P110,fridge,a7c73018,multi_cycle,1.0,98.458,240.498,0.684,0.064,0.296,,on,-68,,2 hour NILM fridge session
2026-06-11T09:34:20.073581+00:00,2026-06-11 15:04:20,Anllia,plug_1,Tapo P110,P110,fridge,a7c73018,multi_cycle,1.0,98.641,240.215,0.684,0.064,0.296,,on,-66,,2 hour NILM fridge session
2026-06-11T09:34:21.331145+00:00,2026-06-11 15:04:21,Anllia,plug_1,Tapo P110,P110,fridge,a7c73018,multi_cycle,1.0,99.038,240.215,0.691,0.064,0.296,,on,-64,,2 hour NILM fridge session
2026-06-11T09:34:22.745455+00:00,2026-06-11 15:04:22,Anllia,plug_1,Tapo P110,P110,fridge,a7c73018,multi_cycle,1.0,99.038,240.317,0.691,0.064,0.296,,on,-66,,2 hour NILM fridge session
2026-06-11T09:34:23.990570+00:00,2026-06-11 15:04:23,Anllia,plug_1,Tapo P110,P110,fridge,a7c73018,multi_cycle,1.0,99.141,240.317,0.691,0.064,0.296,,on,-66,,2 hour NILM fridge session
2026-06-11T09:34:25.242149+00:00,2026-06-11 15:04:25,Anllia,plug_1,Tapo P110,P110,fridge,a7c73018,multi_cycle,1.0,99.493,240.461,0.691,0.064,0.296,,on,-65,,2 hour NILM fridge session
2026-06-11T09:34:26.574906+00:00,2026-06-11 15:04:26,Anllia,plug_1,Tapo P110,P110,fridge,a7c73018,multi_cycle,1.0,99.818,240.461,0.691,0.064,0.296,,on,-66,,2 hour NILM fridge session
2026-06-11T09:34:27.849073+00:00,2026-06-11 15:04:27,Anllia,plug_1,Tapo P110,P110,fridge,a7c73018,multi_cycle,1.0,99.726,240.461,0.694,0.064,0.296,,on,-66,,2 hour NILM fridge session
2026-06-11T09:34:29.087979+00:00,2026-06-11 15:04:29,Anllia,plug_1,Tapo P110,P110,fridge,a7c73018,multi_cycle,1.0,100.535,240.237,0.694,0.064,0.296,,on,-68,,2 hour NILM fridge session
2026-06-11T09:34:30.472746+00:00,2026-06-11 15:04:30,Anllia,plug_1,Tapo P110,P110,fridge,a7c73018,multi_cycle,1.0,100.609,240.237,0.698,0.064,0.296,,on,-65,,2 hour NILM fridge session
2026-06-11T09:34:31.723725+00:00,2026-06-11 15:04:31,Anllia,plug_1,Tapo P110,P110,fridge,a7c73018,multi_cycle,1.0,100.886,240.289,0.698,0.064,0.296,,on,-65,,2 hour NILM fridge session
2026-06-11T09:34:33.158141+00:00,2026-06-11 15:04:33,Anllia,plug_1,Tapo P110,P110,fridge,a7c73018,multi_cycle,1.0,100.886,240.289,0.698,0.064,0.296,,on,-66,,2 hour NILM fridge session
2026-06-11T09:34:34.404305+00:00,2026-06-11 15:04:34,Anllia,plug_1,Tapo P110,P110,fridge,a7c73018,multi_cycle,1.0,101.012,240.704,0.698,0.064,0.296,,on,-67,,2 hour NILM fridge session
2026-06-11T09:34:35.654896+00:00,2026-06-11 15:04:35,Anllia,plug_1,Tapo P110,P110,fridge,a7c73018,multi_cycle,1.0,100.784,240.704,0.698,0.064,0.296,,on,-67,,2 hour NILM fridge session
2026-06-11T09:34:37.054673+00:00,2026-06-11 15:04:37,Anllia,plug_1,Tapo P110,P110,fridge,a7c73018,multi_cycle,1.0,100.844,240.704,0.698,0.064,0.296,,on,-65,,2 hour NILM fridge session
2026-06-11T09:34:38.501517+00:00,2026-06-11 15:04:38,Anllia,plug_1,Tapo P110,P110,fridge,a7c73018,multi_cycle,1.0,101.146,240.464,0.698,0.064,0.296,,on,-67,,2 hour NILM fridge session
2026-06-11T09:34:39.766468+00:00,2026-06-11 15:04:39,Anllia,plug_1,Tapo P110,P110,fridge,a7c73018,multi_cycle,1.0,101.456,240.464,0.704,0.064,0.296,,on,-65,,2 hour NILM fridge session
2026-06-11T09:34:41.007991+00:00,2026-06-11 15:04:41,Anllia,plug_1,Tapo P110,P110,fridge,a7c73018,multi_cycle,1.0,101.522,240.478,0.704,0.064,0.296,,on,-67,,2 hour NILM fridge session
2026-06-11T09:34:42.366006+00:00,2026-06-11 15:04:42,Anllia,plug_1,Tapo P110,P110,fridge,a7c73018,multi_cycle,1.0,102.301,240.478,0.705,0.064,0.297,,on,-67,,2 hour NILM fridge session
2026-06-11T09:34:43.704135+00:00,2026-06-11 15:04:43,Anllia,plug_1,Tapo P110,P110,fridge,a7c73018,multi_cycle,1.0,102.301,240.145,0.705,0.064,0.297,,on,-65,,2 hour NILM fridge session
2026-06-11T09:34:44.954894+00:00,2026-06-11 15:04:44,Anllia,plug_1,Tapo P110,P110,fridge,a7c73018,multi_cycle,1.0,102.427,240.145,0.71,0.064,0.297,,on,-65,,2 hour NILM fridge session
2026-06-11T09:34:46.313451+00:00,2026-06-11 15:04:46,Anllia,plug_1,Tapo P110,P110,fridge,a7c73018,multi_cycle,1.0,102.248,240.225,0.71,0.064,0.297,,on,-65,,2 hour NILM fridge session
2026-06-11T09:34:47.579527+00:00,2026-06-11 15:04:47,Anllia,plug_1,Tapo P110,P110,fridge,a7c73018,multi_cycle,1.0,102.207,240.225,0.71,0.064,0.297,,on,-65,,2 hour NILM fridge session
2026-06-11T09:34:49.206254+00:00,2026-06-11 15:04:49,Anllia,plug_1,Tapo P110,P110,fridge,a7c73018,multi_cycle,1.0,102.401,240.667,0.712,0.064,0.297,,on,-65,,2 hour NILM fridge session
2026-06-11T09:34:50.544666+00:00,2026-06-11 15:04:50,Anllia,plug_1,Tapo P110,P110,fridge,a7c73018,multi_cycle,1.0,101.974,240.667,0.712,0.064,0.297,,on,-68,,2 hour NILM fridge session
2026-06-11T09:34:51.825449+00:00,2026-06-11 15:04:51,Anllia,plug_1,Tapo P110,P110,fridge,a7c73018,multi_cycle,1.0,101.925,240.667,0.712,0.064,0.297,,on,-69,,2 hour NILM fridge session
2026-06-11T09:34:53.138490+00:00,2026-06-11 15:04:53,Anllia,plug_1,Tapo P110,P110,fridge,a7c73018,multi_cycle,1.0,102.24,240.266,0.712,0.065,0.297,,on,-70,,2 hour NILM fridge session
2026-06-11T09:34:54.384636+00:00,2026-06-11 15:04:54,Anllia,plug_1,Tapo P110,P110,fridge,a7c73018,multi_cycle,1.0,102.26,240.266,0.714,0.065,0.297,,on,-65,,2 hour NILM fridge session
2026-06-11T09:34:55.721836+00:00,2026-06-11 15:04:55,Anllia,plug_1,Tapo P110,P110,fridge,a7c73018,multi_cycle,1.0,102.26,240.887,0.714,0.065,0.297,,on,-65,,2 hour NILM fridge session
2026-06-11T09:34:57.005409+00:00,2026-06-11 15:04:57,Anllia,plug_1,Tapo P110,P110,fridge,a7c73018,multi_cycle,1.0,102.401,240.887,0.701,0.065,0.297,,on,-67,,2 hour NILM fridge session
2026-06-11T09:34:58.321820+00:00,2026-06-11 15:04:58,Anllia,plug_1,Tapo P110,P110,fridge,a7c73018,multi_cycle,1.0,99.349,240.887,0.701,0.065,0.297,,on,-65,,2 hour NILM fridge session
2026-06-11T09:34:59.721477+00:00,2026-06-11 15:04:59,Anllia,plug_1,Tapo P110,P110,fridge,a7c73018,multi_cycle,1.0,100.965,239.813,0.701,0.065,0.297,,on,-62,,2 hour NILM fridge session
2026-06-11T09:35:01.035523+00:00,2026-06-11 15:05:01,Anllia,plug_1,Tapo P110,P110,fridge,a7c73018,multi_cycle,1.0,100.821,239.813,0.702,0.065,0.297,,on,-74,,2 hour NILM fridge session
2026-06-11T09:35:02.301487+00:00,2026-06-11 15:05:02,Anllia,plug_1,Tapo P110,P110,fridge,a7c73018,multi_cycle,1.0,99.053,240.595,0.702,0.065,0.297,,on,-67,,2 hour NILM fridge session
2026-06-11T09:35:03.667466+00:00,2026-06-11 15:05:03,Anllia,plug_1,Tapo P110,P110,fridge,a7c73018,multi_cycle,1.0,99.392,240.595,0.696,0.065,0.297,,on,-65,,2 hour NILM fridge session
2026-06-11T09:35:04.918959+00:00,2026-06-11 15:05:04,Anllia,plug_1,Tapo P110,P110,fridge,a7c73018,multi_cycle,1.0,98.644,240.396,0.696,0.065,0.297,,on,-64,,2 hour NILM fridge session
2026-06-11T09:35:06.184282+00:00,2026-06-11 15:05:06,Anllia,plug_1,Tapo P110,P110,fridge,a7c73018,multi_cycle,1.0,98.644,240.396,0.687,0.065,0.297,,on,-64,,2 hour NILM fridge session
2026-06-11T09:35:07.450729+00:00,2026-06-11 15:05:07,Anllia,plug_1,Tapo P110,P110,fridge,a7c73018,multi_cycle,1.0,97.96,240.258,0.687,0.065,0.297,,on,-66,,2 hour NILM fridge session
2026-06-11T09:35:08.849070+00:00,2026-06-11 15:05:08,Anllia,plug_1,Tapo P110,P110,fridge,a7c73018,multi_cycle,1.0,97.687,240.258,0.687,0.065,0.297,,on,-65,,2 hour NILM fridge session
2026-06-11T09:35:10.331793+00:00,2026-06-11 15:05:10,Anllia,plug_1,Tapo P110,P110,fridge,a7c73018,multi_cycle,1.0,97.1,240.258,0.682,0.065,0.297,,on,-68,,2 hour NILM fridge session
2026-06-11T09:35:11.597764+00:00,2026-06-11 15:05:11,Anllia,plug_1,Tapo P110,P110,fridge,a7c73018,multi_cycle,1.0,96.898,240.21,0.682,0.065,0.297,,on,-79,,2 hour NILM fridge session
2026-06-11T09:35:12.995598+00:00,2026-06-11 15:05:12,Anllia,plug_1,Tapo P110,P110,fridge,a7c73018,multi_cycle,1.0,95.929,240.21,0.672,0.065,0.297,,on,-75,,2 hour NILM fridge session
2026-06-11T09:35:14.360516+00:00,2026-06-11 15:05:14,Anllia,plug_1,Tapo P110,P110,fridge,a7c73018,multi_cycle,1.0,95.268,241.305,0.672,0.065,0.297,,on,-66,,2 hour NILM fridge session
2026-06-11T09:35:15.675737+00:00,2026-06-11 15:05:15,Anllia,plug_1,Tapo P110,P110,fridge,a7c73018,multi_cycle,1.0,94.388,241.305,0.655,0.065,0.297,,on,-70,,2 hour NILM fridge session
2026-06-11T09:35:16.941379+00:00,2026-06-11 15:05:16,Anllia,plug_1,Tapo P110,P110,fridge,a7c73018,multi_cycle,1.0,94.103,241.053,0.655,0.065,0.297,,on,-71,,2 hour NILM fridge session
2026-06-11T09:35:18.314659+00:00,2026-06-11 15:05:18,Anllia,plug_1,Tapo P110,P110,fridge,a7c73018,multi_cycle,1.0,94.103,241.053,0.644,0.065,0.298,,on,-68,,2 hour NILM fridge session
2026-06-11T09:35:19.581430+00:00,2026-06-11 15:05:19,Anllia,plug_1,Tapo P110,P110,fridge,a7c73018,multi_cycle,1.0,93.461,241.906,0.644,0.065,0.298,,on,-64,,2 hour NILM fridge session
2026-06-11T09:35:20.939121+00:00,2026-06-11 15:05:20,Anllia,plug_1,Tapo P110,P110,fridge,a7c73018,multi_cycle,1.0,91.648,241.906,0.649,0.065,0.298,,on,-64,,2 hour NILM fridge session
2026-06-11T09:35:22.288073+00:00,2026-06-11 15:05:22,Anllia,plug_1,Tapo P110,P110,fridge,a7c73018,multi_cycle,1.0,92.979,241.906,0.649,0.065,0.298,,on,-68,,2 hour NILM fridge session
2026-06-11T09:35:23.735640+00:00,2026-06-11 15:05:23,Anllia,plug_1,Tapo P110,P110,fridge,a7c73018,multi_cycle,1.0,92.481,241.157,0.649,0.065,0.298,,on,-72,,2 hour NILM fridge session
2026-06-11T09:35:25.440199+00:00,2026-06-11 15:05:25,Anllia,plug_1,Tapo P110,P110,fridge,a7c73018,multi_cycle,1.0,94.065,241.824,0.641,0.065,0.298,,on,-65,,2 hour NILM fridge session
2026-06-11T09:35:26.729664+00:00,2026-06-11 15:05:26,Anllia,plug_1,Tapo P110,P110,fridge,a7c73018,multi_cycle,1.0,94.222,241.824,0.641,0.065,0.298,,on,-77,,2 hour NILM fridge session
2026-06-11T09:35:28.013691+00:00,2026-06-11 15:05:28,Anllia,plug_1,Tapo P110,P110,fridge,a7c73018,multi_cycle,1.0,93.483,241.824,0.651,0.065,0.298,,on,-79,,2 hour NILM fridge session
2026-06-11T09:35:29.334615+00:00,2026-06-11 15:05:29,Anllia,plug_1,Tapo P110,P110,fridge,a7c73018,multi_cycle,1.0,93.75,241.949,0.651,0.066,0.298,,on,-70,,2 hour NILM fridge session
2026-06-11T09:35:30.644591+00:00,2026-06-11 15:05:30,Anllia,plug_1,Tapo P110,P110,fridge,a7c73018,multi_cycle,1.0,94.268,241.949,0.654,0.066,0.298,,on,-66,,2 hour NILM fridge session
2026-06-11T09:35:31.911967+00:00,2026-06-11 15:05:31,Anllia,plug_1,Tapo P110,P110,fridge,a7c73018,multi_cycle,1.0,94.268,241.873,0.654,0.066,0.298,,on,-68,,2 hour NILM fridge session
2026-06-11T09:35:33.357083+00:00,2026-06-11 15:05:33,Anllia,plug_1,Tapo P110,P110,fridge,a7c73018,multi_cycle,1.0,94.792,241.873,0.66,0.066,0.298,,on,-65,,2 hour NILM fridge session
2026-06-11T09:35:34.921530+00:00,2026-06-11 15:05:34,Anllia,plug_1,Tapo P110,P110,fridge,a7c73018,multi_cycle,1.0,94.73,241.715,0.66,0.066,0.298,,on,-70,,2 hour NILM fridge session
2026-06-11T09:35:36.183950+00:00,2026-06-11 15:05:36,Anllia,plug_1,Tapo P110,P110,fridge,a7c73018,multi_cycle,1.0,94.849,241.715,0.668,0.066,0.298,,on,-69,,2 hour NILM fridge session
2026-06-11T09:35:37.432801+00:00,2026-06-11 15:05:37,Anllia,plug_1,Tapo P110,P110,fridge,a7c73018,multi_cycle,1.0,96.181,241.368,0.668,0.066,0.298,,on,-64,,2 hour NILM fridge session
2026-06-11T09:35:38.869137+00:00,2026-06-11 15:05:38,Anllia,plug_1,Tapo P110,P110,fridge,a7c73018,multi_cycle,1.0,96.544,241.368,0.668,0.066,0.298,,on,-64,,2 hour NILM fridge session
2026-06-11T09:35:40.119393+00:00,2026-06-11 15:05:40,Anllia,plug_1,Tapo P110,P110,fridge,a7c73018,multi_cycle,1.0,96.832,241.368,0.671,0.066,0.298,,on,-63,,2 hour NILM fridge session
2026-06-11T09:35:41.534685+00:00,2026-06-11 15:05:41,Anllia,plug_1,Tapo P110,P110,fridge,a7c73018,multi_cycle,1.0,97.368,241.324,0.671,0.066,0.298,,on,-68,,2 hour NILM fridge session
2026-06-11T09:35:43.001252+00:00,2026-06-11 15:05:43,Anllia,plug_1,Tapo P110,P110,fridge,a7c73018,multi_cycle,1.0,97.571,241.324,0.679,0.066,0.298,,on,-66,,2 hour NILM fridge session
2026-06-11T09:35:44.330432+00:00,2026-06-11 15:05:44,Anllia,plug_1,Tapo P110,P110,fridge,a7c73018,multi_cycle,1.0,98.04,241.307,0.679,0.066,0.298,,on,-62,,2 hour NILM fridge session
2026-06-11T09:35:45.777986+00:00,2026-06-11 15:05:45,Anllia,plug_1,Tapo P110,P110,fridge,a7c73018,multi_cycle,1.0,97.91,241.307,0.683,0.066,0.298,,on,-66,,2 hour NILM fridge session
2026-06-11T09:35:47.258643+00:00,2026-06-11 15:05:47,Anllia,plug_1,Tapo P110,P110,fridge,a7c73018,multi_cycle,1.0,97.352,240.973,0.683,0.066,0.298,,on,-66,,2 hour NILM fridge session
2026-06-11T09:35:48.570491+00:00,2026-06-11 15:05:48,Anllia,plug_1,Tapo P110,P110,fridge,a7c73018,multi_cycle,1.0,98.209,240.973,0.685,0.066,0.298,,on,-70,,2 hour NILM fridge session
2026-06-11T09:35:50.041515+00:00,2026-06-11 15:05:50,Anllia,plug_1,Tapo P110,P110,fridge,a7c73018,multi_cycle,1.0,98.209,241.592,0.685,0.066,0.298,,on,-68,,2 hour NILM fridge session
2026-06-11T09:35:51.373178+00:00,2026-06-11 15:05:51,Anllia,plug_1,Tapo P110,P110,fridge,a7c73018,multi_cycle,1.0,98.505,241.592,0.681,0.066,0.298,,on,-65,,2 hour NILM fridge session
2026-06-11T09:35:52.691337+00:00,2026-06-11 15:05:52,Anllia,plug_1,Tapo P110,P110,fridge,a7c73018,multi_cycle,1.0,98.315,241.415,0.681,0.066,0.298,,on,-66,,2 hour NILM fridge session
2026-06-11T09:35:54.002275+00:00,2026-06-11 15:05:54,Anllia,plug_1,Tapo P110,P110,fridge,a7c73018,multi_cycle,1.0,98.539,241.415,0.681,0.066,0.298,,on,-68,,2 hour NILM fridge session
2026-06-11T09:35:55.300784+00:00,2026-06-11 15:05:55,Anllia,plug_1,Tapo P110,P110,fridge,a7c73018,multi_cycle,1.0,98.691,241.415,0.685,0.066,0.298,,on,-67,,2 hour NILM fridge session
2026-06-11T09:35:56.566355+00:00,2026-06-11 15:05:56,Anllia,plug_1,Tapo P110,P110,fridge,a7c73018,multi_cycle,1.0,98.824,241.275,0.685,0.066,0.299,,on,-67,,2 hour NILM fridge session
2026-06-11T09:35:57.868296+00:00,2026-06-11 15:05:57,Anllia,plug_1,Tapo P110,P110,fridge,a7c73018,multi_cycle,1.0,98.965,241.275,0.688,0.066,0.299,,on,-66,,2 hour NILM fridge session
2026-06-11T09:35:59.183630+00:00,2026-06-11 15:05:59,Anllia,plug_1,Tapo P110,P110,fridge,a7c73018,multi_cycle,1.0,99.213,241.354,0.688,0.066,0.299,,on,-64,,2 hour NILM fridge session
2026-06-11T09:36:00.499815+00:00,2026-06-11 15:06:00,Anllia,plug_1,Tapo P110,P110,fridge,a7c73018,multi_cycle,1.0,99.213,241.354,0.688,0.066,0.299,,on,-64,,2 hour NILM fridge session
2026-06-11T09:36:01.767801+00:00,2026-06-11 15:06:01,Anllia,plug_1,Tapo P110,P110,fridge,a7c73018,multi_cycle,1.0,99.348,241.48,0.688,0.066,0.299,,on,-68,,2 hour NILM fridge session
2026-06-11T09:36:03.010944+00:00,2026-06-11 15:06:03,Anllia,plug_1,Tapo P110,P110,fridge,a7c73018,multi_cycle,1.0,99.76,241.48,0.69,0.066,0.299,,on,-67,,2 hour NILM fridge session
2026-06-11T09:36:04.365695+00:00,2026-06-11 15:06:04,Anllia,plug_1,Tapo P110,P110,fridge,a7c73018,multi_cycle,1.0,99.724,241.48,0.69,0.066,0.299,,on,-64,,2 hour NILM fridge session
2026-06-11T09:36:05.684040+00:00,2026-06-11 15:06:05,Anllia,plug_1,Tapo P110,P110,fridge,a7c73018,multi_cycle,1.0,99.675,241.454,0.69,0.066,0.299,,on,-67,,2 hour NILM fridge session
2026-06-11T09:36:06.997726+00:00,2026-06-11 15:06:06,Anllia,plug_1,Tapo P110,P110,fridge,a7c73018,multi_cycle,1.0,99.764,241.454,0.691,0.067,0.299,,on,-66,,2 hour NILM fridge session
2026-06-11T09:36:08.264374+00:00,2026-06-11 15:06:08,Anllia,plug_1,Tapo P110,P110,fridge,a7c73018,multi_cycle,1.0,99.939,241.286,0.691,0.067,0.299,,on,-65,,2 hour NILM fridge session
2026-06-11T09:36:09.554984+00:00,2026-06-11 15:06:09,Anllia,plug_1,Tapo P110,P110,fridge,a7c73018,multi_cycle,1.0,99.939,241.286,0.691,0.067,0.299,,on,-64,,2 hour NILM fridge session
2026-06-11T09:36:10.801121+00:00,2026-06-11 15:06:10,Anllia,plug_1,Tapo P110,P110,fridge,a7c73018,multi_cycle,1.0,99.862,241.374,0.691,0.067,0.299,,on,-66,,2 hour NILM fridge session
2026-06-11T09:36:12.099066+00:00,2026-06-11 15:06:12,Anllia,plug_1,Tapo P110,P110,fridge,a7c73018,multi_cycle,1.0,99.898,241.374,0.691,0.067,0.299,,on,-64,,2 hour NILM fridge session
2026-06-11T09:36:13.362590+00:00,2026-06-11 15:06:13,Anllia,plug_1,Tapo P110,P110,fridge,a7c73018,multi_cycle,1.0,99.866,241.374,0.691,0.067,0.299,,on,-62,,2 hour NILM fridge session
2026-06-11T09:36:14.618038+00:00,2026-06-11 15:06:14,Anllia,plug_1,Tapo P110,P110,fridge,a7c73018,multi_cycle,1.0,99.859,241.254,0.691,0.067,0.299,,on,-61,,2 hour NILM fridge session
2026-06-11T09:36:15.860967+00:00,2026-06-11 15:06:15,Anllia,plug_1,Tapo P110,P110,fridge,a7c73018,multi_cycle,1.0,99.949,241.254,0.69,0.067,0.299,,on,-66,,2 hour NILM fridge session
2026-06-11T09:36:17.145882+00:00,2026-06-11 15:06:17,Anllia,plug_1,Tapo P110,P110,fridge,a7c73018,multi_cycle,1.0,99.949,241.211,0.69,0.067,0.299,,on,-66,,2 hour NILM fridge session
2026-06-11T09:36:19.872505+00:00,2026-06-11 15:06:19,Anllia,plug_1,Tapo P110,P110,fridge,a7c73018,multi_cycle,1.0,100.29,241.224,0.692,0.067,0.299,,on,-67,,2 hour NILM fridge session
2026-06-11T09:36:21.202935+00:00,2026-06-11 15:06:21,Anllia,plug_1,Tapo P110,P110,fridge,a7c73018,multi_cycle,1.0,100.3,241.224,0.694,0.067,0.299,,on,-66,,2 hour NILM fridge session
2026-06-11T09:36:22.481110+00:00,2026-06-11 15:06:22,Anllia,plug_1,Tapo P110,P110,fridge,a7c73018,multi_cycle,1.0,100.357,241.224,0.694,0.067,0.299,,on,-66,,2 hour NILM fridge session
2026-06-11T09:36:23.732056+00:00,2026-06-11 15:06:23,Anllia,plug_1,Tapo P110,P110,fridge,a7c73018,multi_cycle,1.0,100.419,241.12,0.694,0.067,0.299,,on,-66,,2 hour NILM fridge session
2026-06-11T09:36:25.066045+00:00,2026-06-11 15:06:25,Anllia,plug_1,Tapo P110,P110,fridge,a7c73018,multi_cycle,1.0,100.314,241.12,0.693,0.067,0.299,,on,-66,,2 hour NILM fridge session
2026-06-11T09:36:26.347451+00:00,2026-06-11 15:06:26,Anllia,plug_1,Tapo P110,P110,fridge,a7c73018,multi_cycle,1.0,100.637,241.091,0.693,0.067,0.299,,on,-68,,2 hour NILM fridge session
2026-06-11T09:36:27.669840+00:00,2026-06-11 15:06:27,Anllia,plug_1,Tapo P110,P110,fridge,a7c73018,multi_cycle,1.0,100.637,241.091,0.695,0.067,0.299,,on,-65,,2 hour NILM fridge session
2026-06-11T09:36:28.931024+00:00,2026-06-11 15:06:28,Anllia,plug_1,Tapo P110,P110,fridge,a7c73018,multi_cycle,1.0,100.85,241.257,0.695,0.067,0.299,,on,-66,,2 hour NILM fridge session
2026-06-11T09:36:30.378789+00:00,2026-06-11 15:06:30,Anllia,plug_1,Tapo P110,P110,fridge,a7c73018,multi_cycle,1.0,99.666,241.257,0.707,0.067,0.299,,on,-68,,2 hour NILM fridge session
2026-06-11T09:36:31.924254+00:00,2026-06-11 15:06:31,Anllia,plug_1,Tapo P110,P110,fridge,a7c73018,multi_cycle,1.0,101.223,240.644,0.707,0.067,0.3,,on,-66,,2 hour NILM fridge session
2026-06-11T09:36:33.289034+00:00,2026-06-11 15:06:33,Anllia,plug_1,Tapo P110,P110,fridge,a7c73018,multi_cycle,1.0,100.959,240.644,0.701,0.067,0.3,,on,-67,,2 hour NILM fridge session
2026-06-11T09:36:34.573689+00:00,2026-06-11 15:06:34,Anllia,plug_1,Tapo P110,P110,fridge,a7c73018,multi_cycle,1.0,101.069,240.644,0.701,0.067,0.3,,on,-65,,2 hour NILM fridge session
2026-06-11T09:36:35.847112+00:00,2026-06-11 15:06:35,Anllia,plug_1,Tapo P110,P110,fridge,a7c73018,multi_cycle,1.0,101.091,240.1,0.701,0.067,0.3,,on,-65,,2 hour NILM fridge session
2026-06-11T09:36:37.101335+00:00,2026-06-11 15:06:37,Anllia,plug_1,Tapo P110,P110,fridge,a7c73018,multi_cycle,1.0,101.319,240.1,0.698,0.067,0.3,,on,-63,,2 hour NILM fridge session
2026-06-11T09:36:38.365296+00:00,2026-06-11 15:06:38,Anllia,plug_1,Tapo P110,P110,fridge,a7c73018,multi_cycle,1.0,101.776,240.374,0.698,0.067,0.3,,on,-67,,2 hour NILM fridge session
2026-06-11T09:36:39.801012+00:00,2026-06-11 15:06:39,Anllia,plug_1,Tapo P110,P110,fridge,a7c73018,multi_cycle,1.0,101.776,240.374,0.698,0.067,0.3,,on,-68,,2 hour NILM fridge session
2026-06-11T09:36:41.249294+00:00,2026-06-11 15:06:41,Anllia,plug_1,Tapo P110,P110,fridge,a7c73018,multi_cycle,1.0,101.807,241.161,0.698,0.067,0.3,,on,-68,,2 hour NILM fridge session
2026-06-11T09:36:42.515678+00:00,2026-06-11 15:06:42,Anllia,plug_1,Tapo P110,P110,fridge,a7c73018,multi_cycle,1.0,99.767,241.161,0.711,0.068,0.3,,on,-65,,2 hour NILM fridge session
2026-06-11T09:36:43.898798+00:00,2026-06-11 15:06:43,Anllia,plug_1,Tapo P110,P110,fridge,a7c73018,multi_cycle,1.0,101.4,239.773,0.711,0.068,0.3,,on,-64,,2 hour NILM fridge session
2026-06-11T09:36:45.154017+00:00,2026-06-11 15:06:45,Anllia,plug_1,Tapo P110,P110,fridge,a7c73018,multi_cycle,1.0,102.079,239.773,0.697,0.068,0.3,,on,-66,,2 hour NILM fridge session
2026-06-11T09:36:46.429706+00:00,2026-06-11 15:06:46,Anllia,plug_1,Tapo P110,P110,fridge,a7c73018,multi_cycle,1.0,100.48,239.773,0.697,0.068,0.3,,on,-64,,2 hour NILM fridge session
2026-06-11T09:36:47.673824+00:00,2026-06-11 15:06:47,Anllia,plug_1,Tapo P110,P110,fridge,a7c73018,multi_cycle,1.0,101.272,240.51,0.697,0.068,0.3,,on,-69,,2 hour NILM fridge session
2026-06-11T09:36:49.183734+00:00,2026-06-11 15:06:49,Anllia,plug_1,Tapo P110,P110,fridge,a7c73018,multi_cycle,1.0,102.013,240.51,0.703,0.068,0.3,,on,-67,,2 hour NILM fridge session
2026-06-11T09:36:50.473572+00:00,2026-06-11 15:06:50,Anllia,plug_1,Tapo P110,P110,fridge,a7c73018,multi_cycle,1.0,101.392,240.361,0.703,0.068,0.3,,on,-65,,2 hour NILM fridge session
2026-06-11T09:36:51.721809+00:00,2026-06-11 15:06:51,Anllia,plug_1,Tapo P110,P110,fridge,a7c73018,multi_cycle,1.0,101.398,240.361,0.708,0.068,0.3,,on,-68,,2 hour NILM fridge session
2026-06-11T09:36:52.971359+00:00,2026-06-11 15:06:52,Anllia,plug_1,Tapo P110,P110,fridge,a7c73018,multi_cycle,1.0,101.398,240.41,0.708,0.068,0.3,,on,-67,,2 hour NILM fridge session
2026-06-11T09:36:54.282569+00:00,2026-06-11 15:06:54,Anllia,plug_1,Tapo P110,P110,fridge,a7c73018,multi_cycle,1.0,101.073,240.41,0.706,0.068,0.3,,on,-66,,2 hour NILM fridge session
2026-06-11T09:36:55.529166+00:00,2026-06-11 15:06:55,Anllia,plug_1,Tapo P110,P110,fridge,a7c73018,multi_cycle,1.0,101.258,240.41,0.706,0.068,0.3,,on,-65,,2 hour NILM fridge session
2026-06-11T09:36:56.778866+00:00,2026-06-11 15:06:56,Anllia,plug_1,Tapo P110,P110,fridge,a7c73018,multi_cycle,1.0,101.138,240.368,0.706,0.068,0.3,,on,-66,,2 hour NILM fridge session
2026-06-11T09:36:58.067941+00:00,2026-06-11 15:06:58,Anllia,plug_1,Tapo P110,P110,fridge,a7c73018,multi_cycle,1.0,101.18,240.368,0.705,0.068,0.3,,on,-65,,2 hour NILM fridge session
2026-06-11T09:36:59.328599+00:00,2026-06-11 15:06:59,Anllia,plug_1,Tapo P110,P110,fridge,a7c73018,multi_cycle,1.0,101.056,240.461,0.705,0.068,0.3,,on,-66,,2 hour NILM fridge session
2026-06-11T09:37:00.666155+00:00,2026-06-11 15:07:00,Anllia,plug_1,Tapo P110,P110,fridge,a7c73018,multi_cycle,1.0,101.056,240.461,0.708,0.068,0.3,,on,-65,,2 hour NILM fridge session
2026-06-11T09:37:01.937150+00:00,2026-06-11 15:07:01,Anllia,plug_1,Tapo P110,P110,fridge,a7c73018,multi_cycle,1.0,101.553,240.433,0.708,0.068,0.3,,on,-65,,2 hour NILM fridge session
2026-06-11T09:37:03.182659+00:00,2026-06-11 15:07:03,Anllia,plug_1,Tapo P110,P110,fridge,a7c73018,multi_cycle,1.0,101.609,240.433,0.708,0.068,0.3,,on,-68,,2 hour NILM fridge session
2026-06-11T09:37:04.531656+00:00,2026-06-11 15:07:04,Anllia,plug_1,Tapo P110,P110,fridge,a7c73018,multi_cycle,1.0,101.523,240.433,0.71,0.068,0.3,,on,-71,,2 hour NILM fridge session
2026-06-11T09:37:05.803062+00:00,2026-06-11 15:07:05,Anllia,plug_1,Tapo P110,P110,fridge,a7c73018,multi_cycle,1.0,101.467,240.361,0.71,0.068,0.3,,on,-67,,2 hour NILM fridge session
2026-06-11T09:37:07.109913+00:00,2026-06-11 15:07:07,Anllia,plug_1,Tapo P110,P110,fridge,a7c73018,multi_cycle,1.0,101.376,240.361,0.71,0.068,0.3,,on,-66,,2 hour NILM fridge session
2026-06-11T09:37:08.434165+00:00,2026-06-11 15:07:08,Anllia,plug_1,Tapo P110,P110,fridge,a7c73018,multi_cycle,1.0,100.851,240.232,0.71,0.068,0.301,,on,-61,,2 hour NILM fridge session
2026-06-11T09:37:09.843324+00:00,2026-06-11 15:07:09,Anllia,plug_1,Tapo P110,P110,fridge,a7c73018,multi_cycle,1.0,100.851,240.232,0.713,0.068,0.301,,on,-64,,2 hour NILM fridge session
2026-06-11T09:37:11.438617+00:00,2026-06-11 15:07:11,Anllia,plug_1,Tapo P110,P110,fridge,a7c73018,multi_cycle,1.0,101.35,239.639,0.713,0.068,0.301,,on,-63,,2 hour NILM fridge session
2026-06-11T09:37:12.708443+00:00,2026-06-11 15:07:12,Anllia,plug_1,Tapo P110,P110,fridge,a7c73018,multi_cycle,1.0,101.02,239.639,0.71,0.068,0.301,,on,-64,,2 hour NILM fridge session
2026-06-11T09:37:14.002582+00:00,2026-06-11 15:07:14,Anllia,plug_1,Tapo P110,P110,fridge,a7c73018,multi_cycle,1.0,101.4,239.809,0.71,0.068,0.301,,on,-64,,2 hour NILM fridge session
2026-06-11T09:37:15.261000+00:00,2026-06-11 15:07:15,Anllia,plug_1,Tapo P110,P110,fridge,a7c73018,multi_cycle,1.0,101.467,239.809,0.708,0.068,0.301,,on,-65,,2 hour NILM fridge session
2026-06-11T09:37:16.662390+00:00,2026-06-11 15:07:16,Anllia,plug_1,Tapo P110,P110,fridge,a7c73018,multi_cycle,1.0,101.489,239.809,0.708,0.068,0.301,,on,-66,,2 hour NILM fridge session
2026-06-11T09:37:17.909997+00:00,2026-06-11 15:07:17,Anllia,plug_1,Tapo P110,P110,fridge,a7c73018,multi_cycle,1.0,101.483,240.182,0.708,0.069,0.301,,on,-65,,2 hour NILM fridge session
2026-06-11T09:37:19.254279+00:00,2026-06-11 15:07:19,Anllia,plug_1,Tapo P110,P110,fridge,a7c73018,multi_cycle,1.0,101.5,240.182,0.71,0.069,0.301,,on,-64,,2 hour NILM fridge session
2026-06-11T09:37:20.521317+00:00,2026-06-11 15:07:20,Anllia,plug_1,Tapo P110,P110,fridge,a7c73018,multi_cycle,1.0,101.199,239.985,0.71,0.069,0.301,,on,-65,,2 hour NILM fridge session
2026-06-11T09:37:21.775868+00:00,2026-06-11 15:07:21,Anllia,plug_1,Tapo P110,P110,fridge,a7c73018,multi_cycle,1.0,101.199,239.985,0.708,0.069,0.301,,on,-64,,2 hour NILM fridge session
2026-06-11T09:37:23.124744+00:00,2026-06-11 15:07:23,Anllia,plug_1,Tapo P110,P110,fridge,a7c73018,multi_cycle,1.0,101.462,240.049,0.708,0.069,0.301,,on,-69,,2 hour NILM fridge session
2026-06-11T09:37:24.393358+00:00,2026-06-11 15:07:24,Anllia,plug_1,Tapo P110,P110,fridge,a7c73018,multi_cycle,1.0,101.332,240.049,0.706,0.069,0.301,,on,-66,,2 hour NILM fridge session
2026-06-11T09:37:25.734170+00:00,2026-06-11 15:07:25,Anllia,plug_1,Tapo P110,P110,fridge,a7c73018,multi_cycle,1.0,101.017,240.049,0.706,0.069,0.301,,on,-66,,2 hour NILM fridge session
2026-06-11T09:37:27.019203+00:00,2026-06-11 15:07:27,Anllia,plug_1,Tapo P110,P110,fridge,a7c73018,multi_cycle,1.0,101.074,239.624,0.706,0.069,0.301,,on,-66,,2 hour NILM fridge session
2026-06-11T09:37:28.263731+00:00,2026-06-11 15:07:28,Anllia,plug_1,Tapo P110,P110,fridge,a7c73018,multi_cycle,1.0,101.196,239.624,0.708,0.069,0.301,,on,-64,,2 hour NILM fridge session
2026-06-11T09:37:29.539987+00:00,2026-06-11 15:07:29,Anllia,plug_1,Tapo P110,P110,fridge,a7c73018,multi_cycle,1.0,101.06,239.987,0.708,0.069,0.301,,on,-64,,2 hour NILM fridge session
2026-06-11T09:37:30.806818+00:00,2026-06-11 15:07:30,Anllia,plug_1,Tapo P110,P110,fridge,a7c73018,multi_cycle,1.0,101.06,239.987,0.708,0.069,0.301,,on,-66,,2 hour NILM fridge session
2026-06-11T09:37:32.170262+00:00,2026-06-11 15:07:32,Anllia,plug_1,Tapo P110,P110,fridge,a7c73018,multi_cycle,1.0,101.404,240.036,0.708,0.069,0.301,,on,-65,,2 hour NILM fridge session
2026-06-11T09:37:33.520495+00:00,2026-06-11 15:07:33,Anllia,plug_1,Tapo P110,P110,fridge,a7c73018,multi_cycle,1.0,101.429,240.036,0.708,0.069,0.301,,on,-65,,2 hour NILM fridge session
2026-06-11T09:37:34.765264+00:00,2026-06-11 15:07:34,Anllia,plug_1,Tapo P110,P110,fridge,a7c73018,multi_cycle,1.0,101.564,240.036,0.708,0.069,0.301,,on,-65,,2 hour NILM fridge session
2026-06-11T09:37:36.285954+00:00,2026-06-11 15:07:36,Anllia,plug_1,Tapo P110,P110,fridge,a7c73018,multi_cycle,1.0,102.06,240.12,0.708,0.069,0.301,,on,-65,,2 hour NILM fridge session
2026-06-11T09:37:37.630944+00:00,2026-06-11 15:07:37,Anllia,plug_1,Tapo P110,P110,fridge,a7c73018,multi_cycle,1.0,101.703,240.12,0.71,0.069,0.301,,on,-65,,2 hour NILM fridge session
2026-06-11T09:37:38.947361+00:00,2026-06-11 15:07:38,Anllia,plug_1,Tapo P110,P110,fridge,a7c73018,multi_cycle,1.0,101.41,240.127,0.71,0.069,0.301,,on,-65,,2 hour NILM fridge session
2026-06-11T09:37:40.354509+00:00,2026-06-11 15:07:40,Anllia,plug_1,Tapo P110,P110,fridge,a7c73018,multi_cycle,1.0,101.484,240.127,0.708,0.069,0.301,,on,-65,,2 hour NILM fridge session
2026-06-11T09:37:41.643219+00:00,2026-06-11 15:07:41,Anllia,plug_1,Tapo P110,P110,fridge,a7c73018,multi_cycle,1.0,101.442,240.111,0.708,0.069,0.301,,on,-65,,2 hour NILM fridge session
2026-06-11T09:37:42.889234+00:00,2026-06-11 15:07:42,Anllia,plug_1,Tapo P110,P110,fridge,a7c73018,multi_cycle,1.0,101.442,240.111,0.71,0.069,0.302,,on,-65,,2 hour NILM fridge session
2026-06-11T09:37:44.157928+00:00,2026-06-11 15:07:44,Anllia,plug_1,Tapo P110,P110,fridge,a7c73018,multi_cycle,1.0,101.394,240.014,0.71,0.069,0.302,,on,-65,,2 hour NILM fridge session
2026-06-11T09:37:45.452273+00:00,2026-06-11 15:07:45,Anllia,plug_1,Tapo P110,P110,fridge,a7c73018,multi_cycle,1.0,101.381,240.014,0.71,0.069,0.302,,on,-65,,2 hour NILM fridge session
2026-06-11T09:37:46.744534+00:00,2026-06-11 15:07:46,Anllia,plug_1,Tapo P110,P110,fridge,a7c73018,multi_cycle,1.0,101.199,240.014,0.71,0.069,0.302,,on,-65,,2 hour NILM fridge session
2026-06-11T09:37:48.045606+00:00,2026-06-11 15:07:48,Anllia,plug_1,Tapo P110,P110,fridge,a7c73018,multi_cycle,1.0,101.6,240.094,0.71,0.069,0.302,,on,-65,,2 hour NILM fridge session
2026-06-11T09:37:49.288146+00:00,2026-06-11 15:07:49,Anllia,plug_1,Tapo P110,P110,fridge,a7c73018,multi_cycle,1.0,101.683,240.094,0.708,0.069,0.302,,on,-65,,2 hour NILM fridge session
2026-06-11T09:37:50.531905+00:00,2026-06-11 15:07:50,Anllia,plug_1,Tapo P110,P110,fridge,a7c73018,multi_cycle,1.0,101.26,240.987,0.708,0.069,0.302,,on,-66,,2 hour NILM fridge session
2026-06-11T09:37:51.830908+00:00,2026-06-11 15:07:51,Anllia,plug_1,Tapo P110,P110,fridge,a7c73018,multi_cycle,1.0,101.26,240.987,0.703,0.069,0.302,,on,-67,,2 hour NILM fridge session
2026-06-11T09:37:53.076181+00:00,2026-06-11 15:07:53,Anllia,plug_1,Tapo P110,P110,fridge,a7c73018,multi_cycle,1.0,101.257,240.88,0.703,0.07,0.302,,on,-69,,2 hour NILM fridge session
2026-06-11T09:37:54.334483+00:00,2026-06-11 15:07:54,Anllia,plug_1,Tapo P110,P110,fridge,a7c73018,multi_cycle,1.0,100.981,240.88,0.703,0.07,0.302,,on,-66,,2 hour NILM fridge session
2026-06-11T09:37:55.618758+00:00,2026-06-11 15:07:55,Anllia,plug_1,Tapo P110,P110,fridge,a7c73018,multi_cycle,1.0,100.893,240.88,0.702,0.07,0.302,,on,-66,,2 hour NILM fridge session
2026-06-11T09:37:56.966507+00:00,2026-06-11 15:07:56,Anllia,plug_1,Tapo P110,P110,fridge,a7c73018,multi_cycle,1.0,101.065,241.053,0.702,0.07,0.302,,on,-66,,2 hour NILM fridge session
2026-06-11T09:37:58.225818+00:00,2026-06-11 15:07:58,Anllia,plug_1,Tapo P110,P110,fridge,a7c73018,multi_cycle,1.0,101.448,241.053,0.704,0.07,0.302,,on,-65,,2 hour NILM fridge session
2026-06-11T09:37:59.565484+00:00,2026-06-11 15:07:59,Anllia,plug_1,Tapo P110,P110,fridge,a7c73018,multi_cycle,1.0,101.448,240.927,0.704,0.07,0.302,,on,-68,,2 hour NILM fridge session
2026-06-11T09:38:00.830553+00:00,2026-06-11 15:08:00,Anllia,plug_1,Tapo P110,P110,fridge,a7c73018,multi_cycle,1.0,101.172,240.927,0.702,0.07,0.302,,on,-68,,2 hour NILM fridge session
2026-06-11T09:38:02.112536+00:00,2026-06-11 15:08:02,Anllia,plug_1,Tapo P110,P110,fridge,a7c73018,multi_cycle,1.0,101.201,241.088,0.702,0.07,0.302,,on,-67,,2 hour NILM fridge session
2026-06-11T09:38:03.410766+00:00,2026-06-11 15:08:03,Anllia,plug_1,Tapo P110,P110,fridge,a7c73018,multi_cycle,1.0,100.806,241.088,0.702,0.07,0.302,,on,-68,,2 hour NILM fridge session
2026-06-11T09:38:04.848510+00:00,2026-06-11 15:08:04,Anllia,plug_1,Tapo P110,P110,fridge,a7c73018,multi_cycle,1.0,100.628,241.088,0.703,0.07,0.302,,on,-66,,2 hour NILM fridge session
2026-06-11T09:38:06.187935+00:00,2026-06-11 15:08:06,Anllia,plug_1,Tapo P110,P110,fridge,a7c73018,multi_cycle,1.0,100.725,240.522,0.703,0.07,0.302,,on,-66,,2 hour NILM fridge session
2026-06-11T09:38:07.635590+00:00,2026-06-11 15:08:07,Anllia,plug_1,Tapo P110,P110,fridge,a7c73018,multi_cycle,1.0,100.791,240.522,0.703,0.07,0.302,,on,-68,,2 hour NILM fridge session
2026-06-11T09:38:09.039116+00:00,2026-06-11 15:08:09,Anllia,plug_1,Tapo P110,P110,fridge,a7c73018,multi_cycle,1.0,100.775,240.745,0.703,0.07,0.302,,on,-68,,2 hour NILM fridge session
2026-06-11T09:38:10.443715+00:00,2026-06-11 15:08:10,Anllia,plug_1,Tapo P110,P110,fridge,a7c73018,multi_cycle,1.0,101.039,240.745,0.704,0.07,0.302,,on,-69,,2 hour NILM fridge session
2026-06-11T09:38:11.727905+00:00,2026-06-11 15:08:11,Anllia,plug_1,Tapo P110,P110,fridge,a7c73018,multi_cycle,1.0,101.412,240.734,0.704,0.07,0.302,,on,-68,,2 hour NILM fridge session
2026-06-11T09:38:12.964619+00:00,2026-06-11 15:08:12,Anllia,plug_1,Tapo P110,P110,fridge,a7c73018,multi_cycle,1.0,101.412,240.734,0.707,0.07,0.302,,on,-67,,2 hour NILM fridge session
2026-06-11T09:38:14.454594+00:00,2026-06-11 15:08:14,Anllia,plug_1,Tapo P110,P110,fridge,a7c73018,multi_cycle,1.0,101.114,240.824,0.707,0.07,0.302,,on,-68,,2 hour NILM fridge session
2026-06-11T09:38:15.715650+00:00,2026-06-11 15:08:15,Anllia,plug_1,Tapo P110,P110,fridge,a7c73018,multi_cycle,1.0,101.13,240.824,0.704,0.07,0.302,,on,-66,,2 hour NILM fridge session
2026-06-11T09:38:16.977858+00:00,2026-06-11 15:08:16,Anllia,plug_1,Tapo P110,P110,fridge,a7c73018,multi_cycle,1.0,100.98,240.824,0.704,0.07,0.302,,on,-65,,2 hour NILM fridge session
2026-06-11T09:38:18.227122+00:00,2026-06-11 15:08:18,Anllia,plug_1,Tapo P110,P110,fridge,a7c73018,multi_cycle,1.0,101.086,240.671,0.704,0.07,0.302,,on,-69,,2 hour NILM fridge session
2026-06-11T09:38:19.470298+00:00,2026-06-11 15:08:19,Anllia,plug_1,Tapo P110,P110,fridge,a7c73018,multi_cycle,1.0,100.929,240.671,0.701,0.07,0.303,,on,-65,,2 hour NILM fridge session
2026-06-11T09:38:20.808162+00:00,2026-06-11 15:08:20,Anllia,plug_1,Tapo P110,P110,fridge,a7c73018,multi_cycle,1.0,100.929,240.758,0.701,0.07,0.303,,on,-66,,2 hour NILM fridge session
2026-06-11T09:38:22.089066+00:00,2026-06-11 15:08:22,Anllia,plug_1,Tapo P110,P110,fridge,a7c73018,multi_cycle,1.0,101.482,240.758,0.705,0.07,0.303,,on,-66,,2 hour NILM fridge session
2026-06-11T09:38:23.489368+00:00,2026-06-11 15:08:23,Anllia,plug_1,Tapo P110,P110,fridge,a7c73018,multi_cycle,1.0,101.396,240.425,0.705,0.07,0.303,,on,-67,,2 hour NILM fridge session
2026-06-11T09:38:24.837737+00:00,2026-06-11 15:08:24,Anllia,plug_1,Tapo P110,P110,fridge,a7c73018,multi_cycle,1.0,101.594,240.425,0.707,0.07,0.303,,on,-66,,2 hour NILM fridge session
2026-06-11T09:38:26.103966+00:00,2026-06-11 15:08:26,Anllia,plug_1,Tapo P110,P110,fridge,a7c73018,multi_cycle,1.0,101.361,240.425,0.707,0.07,0.303,,on,-68,,2 hour NILM fridge session
2026-06-11T09:38:27.362205+00:00,2026-06-11 15:08:27,Anllia,plug_1,Tapo P110,P110,fridge,a7c73018,multi_cycle,1.0,101.385,240.419,0.707,0.07,0.303,,on,-67,,2 hour NILM fridge session
2026-06-11T09:38:28.782371+00:00,2026-06-11 15:08:28,Anllia,plug_1,Tapo P110,P110,fridge,a7c73018,multi_cycle,1.0,101.147,240.419,0.707,0.071,0.303,,on,-66,,2 hour NILM fridge session
2026-06-11T09:38:30.048435+00:00,2026-06-11 15:08:30,Anllia,plug_1,Tapo P110,P110,fridge,a7c73018,multi_cycle,1.0,101.408,240.57,0.707,0.071,0.303,,on,-66,,2 hour NILM fridge session
2026-06-11T09:38:31.415591+00:00,2026-06-11 15:08:31,Anllia,plug_1,Tapo P110,P110,fridge,a7c73018,multi_cycle,1.0,101.21,240.57,0.707,0.071,0.303,,on,-65,,2 hour NILM fridge session
2026-06-11T09:38:32.681309+00:00,2026-06-11 15:08:32,Anllia,plug_1,Tapo P110,P110,fridge,a7c73018,multi_cycle,1.0,101.21,240.599,0.707,0.071,0.303,,on,-66,,2 hour NILM fridge session
2026-06-11T09:38:33.970699+00:00,2026-06-11 15:08:33,Anllia,plug_1,Tapo P110,P110,fridge,a7c73018,multi_cycle,1.0,101.346,240.599,0.706,0.071,0.303,,on,-69,,2 hour NILM fridge session
2026-06-11T09:38:35.315991+00:00,2026-06-11 15:08:35,Anllia,plug_1,Tapo P110,P110,fridge,a7c73018,multi_cycle,1.0,101.212,240.717,0.706,0.071,0.303,,on,-67,,2 hour NILM fridge session
2026-06-11T09:38:36.559559+00:00,2026-06-11 15:08:36,Anllia,plug_1,Tapo P110,P110,fridge,a7c73018,multi_cycle,1.0,101.342,240.717,0.706,0.071,0.303,,on,-65,,2 hour NILM fridge session
2026-06-11T09:38:37.866604+00:00,2026-06-11 15:08:37,Anllia,plug_1,Tapo P110,P110,fridge,a7c73018,multi_cycle,1.0,101.387,240.717,0.709,0.071,0.303,,on,-66,,2 hour NILM fridge session
2026-06-11T09:38:39.120610+00:00,2026-06-11 15:08:39,Anllia,plug_1,Tapo P110,P110,fridge,a7c73018,multi_cycle,1.0,101.38,240.48,0.709,0.071,0.303,,on,-67,,2 hour NILM fridge session
2026-06-11T09:38:40.497852+00:00,2026-06-11 15:08:40,Anllia,plug_1,Tapo P110,P110,fridge,a7c73018,multi_cycle,1.0,101.234,240.48,0.708,0.071,0.303,,on,-66,,2 hour NILM fridge session
2026-06-11T09:38:41.992376+00:00,2026-06-11 15:08:41,Anllia,plug_1,Tapo P110,P110,fridge,a7c73018,multi_cycle,1.0,101.234,240.586,0.708,0.071,0.303,,on,-66,,2 hour NILM fridge session
2026-06-11T09:38:43.295561+00:00,2026-06-11 15:08:43,Anllia,plug_1,Tapo P110,P110,fridge,a7c73018,multi_cycle,1.0,101.109,240.586,0.704,0.071,0.303,,on,-68,,2 hour NILM fridge session
2026-06-11T09:38:44.556791+00:00,2026-06-11 15:08:44,Anllia,plug_1,Tapo P110,P110,fridge,a7c73018,multi_cycle,1.0,101.093,240.224,0.704,0.071,0.303,,on,-68,,2 hour NILM fridge session
2026-06-11T09:38:45.917150+00:00,2026-06-11 15:08:45,Anllia,plug_1,Tapo P110,P110,fridge,a7c73018,multi_cycle,1.0,101.263,240.224,0.707,0.071,0.303,,on,-66,,2 hour NILM fridge session
2026-06-11T09:38:48.325865+00:00,2026-06-11 15:08:48,Anllia,plug_1,Tapo P110,P110,fridge,a7c73018,multi_cycle,1.0,100.545,240.239,0.707,0.071,0.303,,on,-65,,2 hour NILM fridge session
2026-06-11T09:38:49.679125+00:00,2026-06-11 15:08:49,Anllia,plug_1,Tapo P110,P110,fridge,a7c73018,multi_cycle,1.0,99.221,240.239,0.693,0.071,0.303,,on,-66,,2 hour NILM fridge session
2026-06-11T09:38:51.001675+00:00,2026-06-11 15:08:51,Anllia,plug_1,Tapo P110,P110,fridge,a7c73018,multi_cycle,1.0,99.082,240.118,0.693,0.071,0.303,,on,-63,,2 hour NILM fridge session
2026-06-11T09:38:52.245468+00:00,2026-06-11 15:08:52,Anllia,plug_1,Tapo P110,P110,fridge,a7c73018,multi_cycle,1.0,99.082,240.118,0.687,0.071,0.303,,on,-64,,2 hour NILM fridge session
2026-06-11T09:38:53.658901+00:00,2026-06-11 15:08:53,Anllia,plug_1,Tapo P110,P110,fridge,a7c73018,multi_cycle,1.0,98.934,240.399,0.687,0.071,0.303,,on,-65,,2 hour NILM fridge session
2026-06-11T09:38:54.922603+00:00,2026-06-11 15:08:54,Anllia,plug_1,Tapo P110,P110,fridge,a7c73018,multi_cycle,1.0,98.472,240.399,0.681,0.071,0.304,,on,-65,,2 hour NILM fridge session
2026-06-11T09:38:56.373125+00:00,2026-06-11 15:08:56,Anllia,plug_1,Tapo P110,P110,fridge,a7c73018,multi_cycle,1.0,97.878,240.456,0.681,0.071,0.304,,on,-64,,2 hour NILM fridge session
2026-06-11T09:38:57.653521+00:00,2026-06-11 15:08:57,Anllia,plug_1,Tapo P110,P110,fridge,a7c73018,multi_cycle,1.0,97.239,240.456,0.681,0.071,0.304,,on,-65,,2 hour NILM fridge session
2026-06-11T09:38:59.001554+00:00,2026-06-11 15:08:59,Anllia,plug_1,Tapo P110,P110,fridge,a7c73018,multi_cycle,1.0,96.85,240.456,0.676,0.071,0.304,,on,-64,,2 hour NILM fridge session
2026-06-11T09:39:00.316440+00:00,2026-06-11 15:09:00,Anllia,plug_1,Tapo P110,P110,fridge,a7c73018,multi_cycle,1.0,96.174,240.708,0.676,0.071,0.304,,on,-65,,2 hour NILM fridge session
2026-06-11T09:39:01.636303+00:00,2026-06-11 15:09:01,Anllia,plug_1,Tapo P110,P110,fridge,a7c73018,multi_cycle,1.0,95.038,240.708,0.664,0.071,0.304,,on,-64,,2 hour NILM fridge session
2026-06-11T09:39:02.933355+00:00,2026-06-11 15:09:02,Anllia,plug_1,Tapo P110,P110,fridge,a7c73018,multi_cycle,1.0,94.51,240.95,0.664,0.071,0.304,,on,-67,,2 hour NILM fridge session
2026-06-11T09:39:04.185219+00:00,2026-06-11 15:09:04,Anllia,plug_1,Tapo P110,P110,fridge,a7c73018,multi_cycle,1.0,94.51,240.95,0.653,0.071,0.304,,on,-64,,2 hour NILM fridge session
2026-06-11T09:39:05.480671+00:00,2026-06-11 15:09:05,Anllia,plug_1,Tapo P110,P110,fridge,a7c73018,multi_cycle,1.0,93.917,240.473,0.653,0.072,0.304,,on,-61,,2 hour NILM fridge session
2026-06-11T09:39:06.824480+00:00,2026-06-11 15:09:06,Anllia,plug_1,Tapo P110,P110,fridge,a7c73018,multi_cycle,1.0,93.455,240.473,0.653,0.072,0.304,,on,-64,,2 hour NILM fridge session
2026-06-11T09:39:08.072959+00:00,2026-06-11 15:09:08,Anllia,plug_1,Tapo P110,P110,fridge,a7c73018,multi_cycle,1.0,93.205,240.473,0.651,0.072,0.304,,on,-65,,2 hour NILM fridge session
2026-06-11T09:39:09.367244+00:00,2026-06-11 15:09:09,Anllia,plug_1,Tapo P110,P110,fridge,a7c73018,multi_cycle,1.0,92.698,240.57,0.651,0.072,0.304,,on,-63,,2 hour NILM fridge session
2026-06-11T09:39:10.733890+00:00,2026-06-11 15:09:10,Anllia,plug_1,Tapo P110,P110,fridge,a7c73018,multi_cycle,1.0,92.236,240.57,0.647,0.072,0.304,,on,-62,,2 hour NILM fridge session
2026-06-11T09:39:12.362421+00:00,2026-06-11 15:09:12,Anllia,plug_1,Tapo P110,P110,fridge,a7c73018,multi_cycle,1.0,91.891,240.447,0.647,0.072,0.304,,on,-61,,2 hour NILM fridge session
2026-06-11T09:39:13.728795+00:00,2026-06-11 15:09:13,Anllia,plug_1,Tapo P110,P110,fridge,a7c73018,multi_cycle,1.0,95.241,240.447,0.651,0.072,0.304,,on,-62,,2 hour NILM fridge session
2026-06-11T09:39:14.971912+00:00,2026-06-11 15:09:14,Anllia,plug_1,Tapo P110,P110,fridge,a7c73018,multi_cycle,1.0,94.241,240.69,0.651,0.072,0.304,,on,-63,,2 hour NILM fridge session
2026-06-11T09:39:16.220553+00:00,2026-06-11 15:09:16,Anllia,plug_1,Tapo P110,P110,fridge,a7c73018,multi_cycle,1.0,94.241,240.69,0.656,0.072,0.304,,on,-63,,2 hour NILM fridge session
2026-06-11T09:39:17.592971+00:00,2026-06-11 15:09:17,Anllia,plug_1,Tapo P110,P110,fridge,a7c73018,multi_cycle,1.0,93.95,241.011,0.656,0.072,0.304,,on,-63,,2 hour NILM fridge session
2026-06-11T09:39:18.835207+00:00,2026-06-11 15:09:18,Anllia,plug_1,Tapo P110,P110,fridge,a7c73018,multi_cycle,1.0,94.07,241.011,0.656,0.072,0.304,,on,-64,,2 hour NILM fridge session
2026-06-11T09:39:20.112753+00:00,2026-06-11 15:09:20,Anllia,plug_1,Tapo P110,P110,fridge,a7c73018,multi_cycle,1.0,94.49,241.011,0.657,0.072,0.304,,on,-64,,2 hour NILM fridge session
2026-06-11T09:39:21.361826+00:00,2026-06-11 15:09:21,Anllia,plug_1,Tapo P110,P110,fridge,a7c73018,multi_cycle,1.0,94.672,241.04,0.657,0.072,0.304,,on,-66,,2 hour NILM fridge session
2026-06-11T09:39:22.693122+00:00,2026-06-11 15:09:22,Anllia,plug_1,Tapo P110,P110,fridge,a7c73018,multi_cycle,1.0,94.956,241.04,0.66,0.072,0.304,,on,-66,,2 hour NILM fridge session
2026-06-11T09:39:23.940459+00:00,2026-06-11 15:09:23,Anllia,plug_1,Tapo P110,P110,fridge,a7c73018,multi_cycle,1.0,94.956,241.592,0.66,0.072,0.304,,on,-66,,2 hour NILM fridge session
2026-06-11T09:39:25.222934+00:00,2026-06-11 15:09:25,Anllia,plug_1,Tapo P110,P110,fridge,a7c73018,multi_cycle,1.0,95.401,241.592,0.664,0.072,0.304,,on,-65,,2 hour NILM fridge session
2026-06-11T09:39:26.609798+00:00,2026-06-11 15:09:26,Anllia,plug_1,Tapo P110,P110,fridge,a7c73018,multi_cycle,1.0,95.754,241.853,0.664,0.072,0.304,,on,-66,,2 hour NILM fridge session
2026-06-11T09:39:27.874699+00:00,2026-06-11 15:09:27,Anllia,plug_1,Tapo P110,P110,fridge,a7c73018,multi_cycle,1.0,95.941,241.853,0.664,0.072,0.304,,on,-65,,2 hour NILM fridge session
2026-06-11T09:39:29.169625+00:00,2026-06-11 15:09:29,Anllia,plug_1,Tapo P110,P110,fridge,a7c73018,multi_cycle,1.0,96.432,241.853,0.667,0.072,0.304,,on,-68,,2 hour NILM fridge session
2026-06-11T09:39:30.415258+00:00,2026-06-11 15:09:30,Anllia,plug_1,Tapo P110,P110,fridge,a7c73018,multi_cycle,1.0,96.422,241.511,0.667,0.072,0.304,,on,-64,,2 hour NILM fridge session
2026-06-11T09:39:31.683195+00:00,2026-06-11 15:09:31,Anllia,plug_1,Tapo P110,P110,fridge,a7c73018,multi_cycle,1.0,96.828,241.511,0.673,0.072,0.304,,on,-65,,2 hour NILM fridge session
2026-06-11T09:39:32.957619+00:00,2026-06-11 15:09:32,Anllia,plug_1,Tapo P110,P110,fridge,a7c73018,multi_cycle,1.0,96.828,241.761,0.673,0.072,0.305,,on,-64,,2 hour NILM fridge session
2026-06-11T09:39:34.225695+00:00,2026-06-11 15:09:34,Anllia,plug_1,Tapo P110,P110,fridge,a7c73018,multi_cycle,1.0,97.176,241.761,0.674,0.072,0.305,,on,-65,,2 hour NILM fridge session
2026-06-11T09:39:35.747006+00:00,2026-06-11 15:09:35,Anllia,plug_1,Tapo P110,P110,fridge,a7c73018,multi_cycle,1.0,96.968,241.534,0.674,0.072,0.305,,on,-66,,2 hour NILM fridge session
2026-06-11T09:39:37.044079+00:00,2026-06-11 15:09:37,Anllia,plug_1,Tapo P110,P110,fridge,a7c73018,multi_cycle,1.0,97.208,241.534,0.675,0.072,0.305,,on,-65,,2 hour NILM fridge session
2026-06-11T09:39:38.386331+00:00,2026-06-11 15:09:38,Anllia,plug_1,Tapo P110,P110,fridge,a7c73018,multi_cycle,1.0,97.433,241.534,0.675,0.072,0.305,,on,-65,,2 hour NILM fridge session
2026-06-11T09:39:39.653632+00:00,2026-06-11 15:09:39,Anllia,plug_1,Tapo P110,P110,fridge,a7c73018,multi_cycle,1.0,97.618,241.282,0.675,0.072,0.305,,on,-65,,2 hour NILM fridge session
2026-06-11T09:39:41.254819+00:00,2026-06-11 15:09:41,Anllia,plug_1,Tapo P110,P110,fridge,a7c73018,multi_cycle,1.0,97.964,241.282,0.683,0.072,0.305,,on,-65,,2 hour NILM fridge session
2026-06-11T09:39:42.522232+00:00,2026-06-11 15:09:42,Anllia,plug_1,Tapo P110,P110,fridge,a7c73018,multi_cycle,1.0,97.983,241.015,0.683,0.073,0.305,,on,-66,,2 hour NILM fridge session
2026-06-11T09:39:43.850357+00:00,2026-06-11 15:09:43,Anllia,plug_1,Tapo P110,P110,fridge,a7c73018,multi_cycle,1.0,97.925,241.015,0.688,0.073,0.305,,on,-64,,2 hour NILM fridge session
2026-06-11T09:39:45.257336+00:00,2026-06-11 15:09:45,Anllia,plug_1,Tapo P110,P110,fridge,a7c73018,multi_cycle,1.0,98.108,241.029,0.688,0.073,0.305,,on,-65,,2 hour NILM fridge session
2026-06-11T09:39:46.582185+00:00,2026-06-11 15:09:46,Anllia,plug_1,Tapo P110,P110,fridge,a7c73018,multi_cycle,1.0,98.108,241.029,0.693,0.073,0.305,,on,-64,,2 hour NILM fridge session
2026-06-11T09:39:47.849662+00:00,2026-06-11 15:09:47,Anllia,plug_1,Tapo P110,P110,fridge,a7c73018,multi_cycle,1.0,98.683,241.377,0.693,0.073,0.305,,on,-64,,2 hour NILM fridge session
2026-06-11T09:39:49.215562+00:00,2026-06-11 15:09:49,Anllia,plug_1,Tapo P110,P110,fridge,a7c73018,multi_cycle,1.0,98.645,241.377,0.684,0.073,0.305,,on,-64,,2 hour NILM fridge session
2026-06-11T09:39:50.463947+00:00,2026-06-11 15:09:50,Anllia,plug_1,Tapo P110,P110,fridge,a7c73018,multi_cycle,1.0,98.55,241.271,0.684,0.073,0.305,,on,-65,,2 hour NILM fridge session
2026-06-11T09:39:51.813876+00:00,2026-06-11 15:09:51,Anllia,plug_1,Tapo P110,P110,fridge,a7c73018,multi_cycle,1.0,98.595,241.271,0.684,0.073,0.305,,on,-65,,2 hour NILM fridge session
2026-06-11T09:39:53.111234+00:00,2026-06-11 15:09:53,Anllia,plug_1,Tapo P110,P110,fridge,a7c73018,multi_cycle,1.0,98.6,241.271,0.681,0.073,0.305,,on,-64,,2 hour NILM fridge session
2026-06-11T09:39:54.450380+00:00,2026-06-11 15:09:54,Anllia,plug_1,Tapo P110,P110,fridge,a7c73018,multi_cycle,1.0,98.629,241.508,0.681,0.073,0.305,,on,-66,,2 hour NILM fridge session
2026-06-11T09:39:55.720132+00:00,2026-06-11 15:09:55,Anllia,plug_1,Tapo P110,P110,fridge,a7c73018,multi_cycle,1.0,98.439,241.508,0.685,0.073,0.305,,on,-65,,2 hour NILM fridge session
2026-06-11T09:39:57.109378+00:00,2026-06-11 15:09:57,Anllia,plug_1,Tapo P110,P110,fridge,a7c73018,multi_cycle,1.0,98.439,241.192,0.685,0.073,0.305,,on,-65,,2 hour NILM fridge session
2026-06-11T09:39:58.475901+00:00,2026-06-11 15:09:58,Anllia,plug_1,Tapo P110,P110,fridge,a7c73018,multi_cycle,1.0,98.799,241.192,0.69,0.073,0.305,,on,-66,,2 hour NILM fridge session
2026-06-11T09:39:59.743146+00:00,2026-06-11 15:09:59,Anllia,plug_1,Tapo P110,P110,fridge,a7c73018,multi_cycle,1.0,99.238,241.135,0.69,0.073,0.305,,on,-65,,2 hour NILM fridge session
2026-06-11T09:40:01.107571+00:00,2026-06-11 15:10:01,Anllia,plug_1,Tapo P110,P110,fridge,a7c73018,multi_cycle,1.0,98.989,241.135,0.691,0.073,0.305,,on,-65,,2 hour NILM fridge session
2026-06-11T09:40:02.409596+00:00,2026-06-11 15:10:02,Anllia,plug_1,Tapo P110,P110,fridge,a7c73018,multi_cycle,1.0,99.454,241.135,0.691,0.073,0.305,,on,-65,,2 hour NILM fridge session
2026-06-11T09:40:03.690735+00:00,2026-06-11 15:10:03,Anllia,plug_1,Tapo P110,P110,fridge,a7c73018,multi_cycle,1.0,99.363,240.715,0.691,0.073,0.305,,on,-65,,2 hour NILM fridge session
2026-06-11T09:40:05.008287+00:00,2026-06-11 15:10:05,Anllia,plug_1,Tapo P110,P110,fridge,a7c73018,multi_cycle,1.0,99.362,240.715,0.69,0.073,0.305,,on,-64,,2 hour NILM fridge session
2026-06-11T09:40:06.274253+00:00,2026-06-11 15:10:06,Anllia,plug_1,Tapo P110,P110,fridge,a7c73018,multi_cycle,1.0,98.979,240.988,0.69,0.073,0.305,,on,-64,,2 hour NILM fridge session
2026-06-11T09:40:07.605364+00:00,2026-06-11 15:10:07,Anllia,plug_1,Tapo P110,P110,fridge,a7c73018,multi_cycle,1.0,98.979,240.988,0.689,0.073,0.305,,on,-64,,2 hour NILM fridge session
2026-06-11T09:40:08.873103+00:00,2026-06-11 15:10:08,Anllia,plug_1,Tapo P110,P110,fridge,a7c73018,multi_cycle,1.0,99.387,241.218,0.689,0.073,0.306,,on,-64,,2 hour NILM fridge session
2026-06-11T09:40:10.157042+00:00,2026-06-11 15:10:10,Anllia,plug_1,Tapo P110,P110,fridge,a7c73018,multi_cycle,1.0,99.675,241.218,0.686,0.073,0.306,,on,-64,,2 hour NILM fridge session
2026-06-11T09:40:11.586628+00:00,2026-06-11 15:10:11,Anllia,plug_1,Tapo P110,P110,fridge,a7c73018,multi_cycle,1.0,99.369,241.233,0.686,0.073,0.306,,on,-64,,2 hour NILM fridge session
2026-06-11T09:40:13.116893+00:00,2026-06-11 15:10:13,Anllia,plug_1,Tapo P110,P110,fridge,a7c73018,multi_cycle,1.0,99.54,241.233,0.686,0.073,0.306,,on,-64,,2 hour NILM fridge session
2026-06-11T09:40:14.761371+00:00,2026-06-11 15:10:14,Anllia,plug_1,Tapo P110,P110,fridge,a7c73018,multi_cycle,1.0,99.832,241.244,0.686,0.073,0.306,,on,-65,,2 hour NILM fridge session
2026-06-11T09:40:16.027330+00:00,2026-06-11 15:10:16,Anllia,plug_1,Tapo P110,P110,fridge,a7c73018,multi_cycle,1.0,99.941,241.244,0.687,0.073,0.306,,on,-64,,2 hour NILM fridge session
2026-06-11T09:40:17.393271+00:00,2026-06-11 15:10:17,Anllia,plug_1,Tapo P110,P110,fridge,a7c73018,multi_cycle,1.0,99.96,241.244,0.687,0.073,0.306,,on,-64,,2 hour NILM fridge session
2026-06-11T09:40:18.658172+00:00,2026-06-11 15:10:18,Anllia,plug_1,Tapo P110,P110,fridge,a7c73018,multi_cycle,1.0,99.721,241.576,0.687,0.073,0.306,,on,-65,,2 hour NILM fridge session
2026-06-11T09:40:19.976581+00:00,2026-06-11 15:10:19,Anllia,plug_1,Tapo P110,P110,fridge,a7c73018,multi_cycle,1.0,99.574,241.576,0.688,0.074,0.306,,on,-65,,2 hour NILM fridge session
2026-06-11T09:40:21.350604+00:00,2026-06-11 15:10:21,Anllia,plug_1,Tapo P110,P110,fridge,a7c73018,multi_cycle,1.0,99.407,241.231,0.688,0.074,0.306,,on,-65,,2 hour NILM fridge session
2026-06-11T09:40:22.606026+00:00,2026-06-11 15:10:22,Anllia,plug_1,Tapo P110,P110,fridge,a7c73018,multi_cycle,1.0,99.376,241.231,0.686,0.074,0.306,,on,-65,,2 hour NILM fridge session
2026-06-11T09:40:24.055221+00:00,2026-06-11 15:10:24,Anllia,plug_1,Tapo P110,P110,fridge,a7c73018,multi_cycle,1.0,99.376,241.047,0.686,0.074,0.306,,on,-66,,2 hour NILM fridge session
2026-06-11T09:40:25.404698+00:00,2026-06-11 15:10:25,Anllia,plug_1,Tapo P110,P110,fridge,a7c73018,multi_cycle,1.0,99.793,241.047,0.688,0.074,0.306,,on,-65,,2 hour NILM fridge session
2026-06-11T09:40:26.721072+00:00,2026-06-11 15:10:26,Anllia,plug_1,Tapo P110,P110,fridge,a7c73018,multi_cycle,1.0,100.222,240.767,0.688,0.074,0.306,,on,-65,,2 hour NILM fridge session
2026-06-11T09:40:28.169476+00:00,2026-06-11 15:10:28,Anllia,plug_1,Tapo P110,P110,fridge,a7c73018,multi_cycle,1.0,100.379,240.767,0.694,0.074,0.306,,on,-64,,2 hour NILM fridge session
2026-06-11T09:40:29.518577+00:00,2026-06-11 15:10:29,Anllia,plug_1,Tapo P110,P110,fridge,a7c73018,multi_cycle,1.0,100.347,240.767,0.694,0.074,0.306,,on,-64,,2 hour NILM fridge session
2026-06-11T09:40:30.766016+00:00,2026-06-11 15:10:30,Anllia,plug_1,Tapo P110,P110,fridge,a7c73018,multi_cycle,1.0,100.057,240.834,0.694,0.074,0.306,,on,-65,,2 hour NILM fridge session
2026-06-11T09:40:32.082319+00:00,2026-06-11 15:10:32,Anllia,plug_1,Tapo P110,P110,fridge,a7c73018,multi_cycle,1.0,100.263,240.834,0.689,0.074,0.306,,on,-64,,2 hour NILM fridge session
2026-06-11T09:40:33.382492+00:00,2026-06-11 15:10:33,Anllia,plug_1,Tapo P110,P110,fridge,a7c73018,multi_cycle,1.0,100.251,240.856,0.689,0.074,0.306,,on,-65,,2 hour NILM fridge session
2026-06-11T09:40:34.697438+00:00,2026-06-11 15:10:34,Anllia,plug_1,Tapo P110,P110,fridge,a7c73018,multi_cycle,1.0,100.092,240.856,0.69,0.074,0.306,,on,-66,,2 hour NILM fridge session
2026-06-11T09:40:36.069756+00:00,2026-06-11 15:10:36,Anllia,plug_1,Tapo P110,P110,fridge,a7c73018,multi_cycle,1.0,100.092,240.899,0.69,0.074,0.306,,on,-65,,2 hour NILM fridge session
2026-06-11T09:40:37.494088+00:00,2026-06-11 15:10:37,Anllia,plug_1,Tapo P110,P110,fridge,a7c73018,multi_cycle,1.0,100.345,240.899,0.69,0.074,0.306,,on,-67,,2 hour NILM fridge session
2026-06-11T09:40:38.775675+00:00,2026-06-11 15:10:38,Anllia,plug_1,Tapo P110,P110,fridge,a7c73018,multi_cycle,1.0,100.472,241.196,0.69,0.074,0.306,,on,-66,,2 hour NILM fridge session
2026-06-11T09:40:40.126501+00:00,2026-06-11 15:10:40,Anllia,plug_1,Tapo P110,P110,fridge,a7c73018,multi_cycle,1.0,100.518,241.196,0.693,0.074,0.306,,on,-65,,2 hour NILM fridge session
2026-06-11T09:40:41.413395+00:00,2026-06-11 15:10:41,Anllia,plug_1,Tapo P110,P110,fridge,a7c73018,multi_cycle,1.0,100.686,241.196,0.693,0.074,0.306,,on,-65,,2 hour NILM fridge session
2026-06-11T09:40:42.727115+00:00,2026-06-11 15:10:42,Anllia,plug_1,Tapo P110,P110,fridge,a7c73018,multi_cycle,1.0,100.54,241.227,0.693,0.074,0.306,,on,-65,,2 hour NILM fridge session
2026-06-11T09:40:43.995031+00:00,2026-06-11 15:10:43,Anllia,plug_1,Tapo P110,P110,fridge,a7c73018,multi_cycle,1.0,100.661,241.227,0.692,0.074,0.306,,on,-65,,2 hour NILM fridge session
2026-06-11T09:40:45.693355+00:00,2026-06-11 15:10:45,Anllia,plug_1,Tapo P110,P110,fridge,a7c73018,multi_cycle,1.0,100.5,241.418,0.692,0.074,0.307,,on,-65,,2 hour NILM fridge session
2026-06-11T09:40:47.006622+00:00,2026-06-11 15:10:47,Anllia,plug_1,Tapo P110,P110,fridge,a7c73018,multi_cycle,1.0,100.592,241.418,0.694,0.074,0.307,,on,-65,,2 hour NILM fridge session
2026-06-11T09:40:49.395510+00:00,2026-06-11 15:10:49,Anllia,plug_1,Tapo P110,P110,fridge,a7c73018,multi_cycle,1.0,99.977,240.963,0.697,0.074,0.307,,on,-65,,2 hour NILM fridge session
2026-06-11T09:40:50.707095+00:00,2026-06-11 15:10:50,Anllia,plug_1,Tapo P110,P110,fridge,a7c73018,multi_cycle,1.0,100.449,240.435,0.697,0.074,0.307,,on,-66,,2 hour NILM fridge session
2026-06-11T09:40:52.053951+00:00,2026-06-11 15:10:52,Anllia,plug_1,Tapo P110,P110,fridge,a7c73018,multi_cycle,1.0,100.591,240.435,0.697,0.074,0.307,,on,-65,,2 hour NILM fridge session
2026-06-11T09:40:53.295579+00:00,2026-06-11 15:10:53,Anllia,plug_1,Tapo P110,P110,fridge,a7c73018,multi_cycle,1.0,100.703,240.435,0.698,0.074,0.307,,on,-65,,2 hour NILM fridge session
2026-06-11T09:40:54.572471+00:00,2026-06-11 15:10:54,Anllia,plug_1,Tapo P110,P110,fridge,a7c73018,multi_cycle,1.0,100.926,240.17,0.698,0.074,0.307,,on,-65,,2 hour NILM fridge session
2026-06-11T09:40:55.838529+00:00,2026-06-11 15:10:55,Anllia,plug_1,Tapo P110,P110,fridge,a7c73018,multi_cycle,1.0,101.195,240.17,0.698,0.075,0.307,,on,-65,,2 hour NILM fridge session
2026-06-11T09:40:57.204615+00:00,2026-06-11 15:10:57,Anllia,plug_1,Tapo P110,P110,fridge,a7c73018,multi_cycle,1.0,101.195,240.701,0.698,0.075,0.307,,on,-65,,2 hour NILM fridge session
2026-06-11T09:40:58.631628+00:00,2026-06-11 15:10:58,Anllia,plug_1,Tapo P110,P110,fridge,a7c73018,multi_cycle,1.0,101.02,240.701,0.695,0.075,0.307,,on,-65,,2 hour NILM fridge session
2026-06-11T09:41:00.044794+00:00,2026-06-11 15:11:00,Anllia,plug_1,Tapo P110,P110,fridge,a7c73018,multi_cycle,1.0,100.939,240.607,0.695,0.075,0.307,,on,-65,,2 hour NILM fridge session
2026-06-11T09:41:01.350757+00:00,2026-06-11 15:11:01,Anllia,plug_1,Tapo P110,P110,fridge,a7c73018,multi_cycle,1.0,100.897,240.607,0.701,0.075,0.307,,on,-65,,2 hour NILM fridge session
2026-06-11T09:41:02.668698+00:00,2026-06-11 15:11:02,Anllia,plug_1,Tapo P110,P110,fridge,a7c73018,multi_cycle,1.0,100.891,240.607,0.701,0.075,0.307,,on,-65,,2 hour NILM fridge session
2026-06-11T09:41:03.981003+00:00,2026-06-11 15:11:03,Anllia,plug_1,Tapo P110,P110,fridge,a7c73018,multi_cycle,1.0,100.882,240.898,0.701,0.075,0.307,,on,-66,,2 hour NILM fridge session
2026-06-11T09:41:05.244319+00:00,2026-06-11 15:11:05,Anllia,plug_1,Tapo P110,P110,fridge,a7c73018,multi_cycle,1.0,101.086,240.898,0.701,0.075,0.307,,on,-65,,2 hour NILM fridge session
2026-06-11T09:41:06.492927+00:00,2026-06-11 15:11:06,Anllia,plug_1,Tapo P110,P110,fridge,a7c73018,multi_cycle,1.0,101.157,240.947,0.701,0.075,0.307,,on,-65,,2 hour NILM fridge session
2026-06-11T09:41:07.773625+00:00,2026-06-11 15:11:07,Anllia,plug_1,Tapo P110,P110,fridge,a7c73018,multi_cycle,1.0,101.157,240.947,0.7,0.075,0.307,,on,-65,,2 hour NILM fridge session
2026-06-11T09:41:09.055826+00:00,2026-06-11 15:11:09,Anllia,plug_1,Tapo P110,P110,fridge,a7c73018,multi_cycle,1.0,101.326,241.098,0.7,0.075,0.307,,on,-65,,2 hour NILM fridge session
2026-06-11T09:41:10.450775+00:00,2026-06-11 15:11:10,Anllia,plug_1,Tapo P110,P110,fridge,a7c73018,multi_cycle,1.0,101.143,241.098,0.696,0.075,0.307,,on,-65,,2 hour NILM fridge session
2026-06-11T09:41:11.716069+00:00,2026-06-11 15:11:11,Anllia,plug_1,Tapo P110,P110,fridge,a7c73018,multi_cycle,1.0,101.798,241.098,0.696,0.075,0.307,,on,-65,,2 hour NILM fridge session
2026-06-11T09:41:12.959001+00:00,2026-06-11 15:11:12,Anllia,plug_1,Tapo P110,P110,fridge,a7c73018,multi_cycle,1.0,101.424,240.694,0.696,0.075,0.307,,on,-65,,2 hour NILM fridge session
2026-06-11T09:41:14.399130+00:00,2026-06-11 15:11:14,Anllia,plug_1,Tapo P110,P110,fridge,a7c73018,multi_cycle,1.0,101.124,240.694,0.697,0.075,0.307,,on,-65,,2 hour NILM fridge session
2026-06-11T09:41:16.789789+00:00,2026-06-11 15:11:16,Anllia,plug_1,Tapo P110,P110,fridge,a7c73018,multi_cycle,1.0,100.578,241.154,0.697,0.075,0.307,,on,-65,,2 hour NILM fridge session
2026-06-11T09:41:18.055821+00:00,2026-06-11 15:11:18,Anllia,plug_1,Tapo P110,P110,fridge,a7c73018,multi_cycle,1.0,100.894,240.287,0.701,0.075,0.307,,on,-65,,2 hour NILM fridge session
2026-06-11T09:41:19.448238+00:00,2026-06-11 15:11:19,Anllia,plug_1,Tapo P110,P110,fridge,a7c73018,multi_cycle,1.0,100.937,240.287,0.702,0.075,0.307,,on,-65,,2 hour NILM fridge session
2026-06-11T09:41:20.796548+00:00,2026-06-11 15:11:20,Anllia,plug_1,Tapo P110,P110,fridge,a7c73018,multi_cycle,1.0,101.144,239.969,0.702,0.075,0.308,,on,-65,,2 hour NILM fridge session
2026-06-11T09:41:22.076695+00:00,2026-06-11 15:11:22,Anllia,plug_1,Tapo P110,P110,fridge,a7c73018,multi_cycle,1.0,101.71,239.969,0.702,0.075,0.308,,on,-65,,2 hour NILM fridge session
2026-06-11T09:41:23.332839+00:00,2026-06-11 15:11:23,Anllia,plug_1,Tapo P110,P110,fridge,a7c73018,multi_cycle,1.0,100.349,239.969,0.698,0.075,0.308,,on,-65,,2 hour NILM fridge session
2026-06-11T09:41:24.679764+00:00,2026-06-11 15:11:24,Anllia,plug_1,Tapo P110,P110,fridge,a7c73018,multi_cycle,1.0,100.559,239.416,0.698,0.075,0.308,,on,-65,,2 hour NILM fridge session
2026-06-11T09:41:26.088506+00:00,2026-06-11 15:11:26,Anllia,plug_1,Tapo P110,P110,fridge,a7c73018,multi_cycle,1.0,100.719,239.416,0.698,0.075,0.308,,on,-65,,2 hour NILM fridge session
2026-06-11T09:41:27.430411+00:00,2026-06-11 15:11:27,Anllia,plug_1,Tapo P110,P110,fridge,a7c73018,multi_cycle,1.0,100.886,239.385,0.698,0.075,0.308,,on,-65,,2 hour NILM fridge session
2026-06-11T09:41:28.724922+00:00,2026-06-11 15:11:28,Anllia,plug_1,Tapo P110,P110,fridge,a7c73018,multi_cycle,1.0,100.886,239.385,0.7,0.075,0.308,,on,-65,,2 hour NILM fridge session
2026-06-11T09:41:30.031566+00:00,2026-06-11 15:11:30,Anllia,plug_1,Tapo P110,P110,fridge,a7c73018,multi_cycle,1.0,101.301,239.965,0.7,0.075,0.308,,on,-65,,2 hour NILM fridge session
2026-06-11T09:41:31.342554+00:00,2026-06-11 15:11:31,Anllia,plug_1,Tapo P110,P110,fridge,a7c73018,multi_cycle,1.0,101.139,239.965,0.699,0.076,0.308,,on,-65,,2 hour NILM fridge session
2026-06-11T09:41:32.687543+00:00,2026-06-11 15:11:32,Anllia,plug_1,Tapo P110,P110,fridge,a7c73018,multi_cycle,1.0,101.21,239.965,0.699,0.076,0.308,,on,-65,,2 hour NILM fridge session
2026-06-11T09:41:34.057195+00:00,2026-06-11 15:11:34,Anllia,plug_1,Tapo P110,P110,fridge,a7c73018,multi_cycle,1.0,100.848,239.614,0.699,0.076,0.308,,on,-65,,2 hour NILM fridge session
2026-06-11T09:41:35.371559+00:00,2026-06-11 15:11:35,Anllia,plug_1,Tapo P110,P110,fridge,a7c73018,multi_cycle,1.0,100.783,239.614,0.702,0.076,0.308,,on,-65,,2 hour NILM fridge session
2026-06-11T09:41:36.639108+00:00,2026-06-11 15:11:36,Anllia,plug_1,Tapo P110,P110,fridge,a7c73018,multi_cycle,1.0,100.427,238.91,0.702,0.076,0.308,,on,-66,,2 hour NILM fridge session
2026-06-11T09:41:37.953095+00:00,2026-06-11 15:11:37,Anllia,plug_1,Tapo P110,P110,fridge,a7c73018,multi_cycle,1.0,100.427,238.91,0.705,0.076,0.308,,on,-65,,2 hour NILM fridge session
2026-06-11T09:41:40.609333+00:00,2026-06-11 15:11:40,Anllia,plug_1,Tapo P110,P110,fridge,a7c73018,multi_cycle,1.0,100.684,238.696,0.705,0.076,0.308,,on,-65,,2 hour NILM fridge session
2026-06-11T09:41:42.615843+00:00,2026-06-11 15:11:42,Anllia,plug_1,Tapo P110,P110,fridge,a7c73018,multi_cycle,1.0,100.911,239.381,0.703,0.076,0.308,,on,-65,,2 hour NILM fridge session
2026-06-11T09:41:43.949808+00:00,2026-06-11 15:11:43,Anllia,plug_1,Tapo P110,P110,fridge,a7c73018,multi_cycle,1.0,100.833,239.381,0.701,0.076,0.308,,on,-65,,2 hour NILM fridge session
2026-06-11T09:41:45.269170+00:00,2026-06-11 15:11:45,Anllia,plug_1,Tapo P110,P110,fridge,a7c73018,multi_cycle,1.0,100.896,239.089,0.701,0.076,0.308,,on,-65,,2 hour NILM fridge session
2026-06-11T09:41:46.589519+00:00,2026-06-11 15:11:46,Anllia,plug_1,Tapo P110,P110,fridge,a7c73018,multi_cycle,1.0,100.744,239.089,0.7,0.076,0.308,,on,-65,,2 hour NILM fridge session
2026-06-11T09:41:47.913775+00:00,2026-06-11 15:11:47,Anllia,plug_1,Tapo P110,P110,fridge,a7c73018,multi_cycle,1.0,100.665,239.273,0.7,0.076,0.308,,on,-65,,2 hour NILM fridge session
2026-06-11T09:41:49.220387+00:00,2026-06-11 15:11:49,Anllia,plug_1,Tapo P110,P110,fridge,a7c73018,multi_cycle,1.0,100.867,239.273,0.7,0.076,0.308,,on,-66,,2 hour NILM fridge session
2026-06-11T09:41:50.600222+00:00,2026-06-11 15:11:50,Anllia,plug_1,Tapo P110,P110,fridge,a7c73018,multi_cycle,1.0,100.61,239.273,0.7,0.076,0.308,,on,-65,,2 hour NILM fridge session
2026-06-11T09:41:51.865999+00:00,2026-06-11 15:11:51,Anllia,plug_1,Tapo P110,P110,fridge,a7c73018,multi_cycle,1.0,100.385,239.194,0.7,0.076,0.308,,on,-65,,2 hour NILM fridge session
2026-06-11T09:41:53.128800+00:00,2026-06-11 15:11:53,Anllia,plug_1,Tapo P110,P110,fridge,a7c73018,multi_cycle,1.0,100.414,239.194,0.699,0.076,0.308,,on,-65,,2 hour NILM fridge session
2026-06-11T09:41:54.466569+00:00,2026-06-11 15:11:54,Anllia,plug_1,Tapo P110,P110,fridge,a7c73018,multi_cycle,1.0,100.414,239.109,0.699,0.076,0.308,,on,-65,,2 hour NILM fridge session
2026-06-11T09:41:55.735858+00:00,2026-06-11 15:11:55,Anllia,plug_1,Tapo P110,P110,fridge,a7c73018,multi_cycle,1.0,100.746,239.109,0.702,0.076,0.308,,on,-65,,2 hour NILM fridge session
2026-06-11T09:41:56.996183+00:00,2026-06-11 15:11:56,Anllia,plug_1,Tapo P110,P110,fridge,a7c73018,multi_cycle,1.0,100.592,239.15,0.702,0.076,0.309,,on,-65,,2 hour NILM fridge session
2026-06-11T09:41:58.333201+00:00,2026-06-11 15:11:58,Anllia,plug_1,Tapo P110,P110,fridge,a7c73018,multi_cycle,1.0,100.699,239.15,0.702,0.076,0.309,,on,-66,,2 hour NILM fridge session
2026-06-11T09:41:59.731687+00:00,2026-06-11 15:11:59,Anllia,plug_1,Tapo P110,P110,fridge,a7c73018,multi_cycle,1.0,100.499,239.15,0.7,0.076,0.309,,on,-65,,2 hour NILM fridge session
2026-06-11T09:42:01.080059+00:00,2026-06-11 15:12:01,Anllia,plug_1,Tapo P110,P110,fridge,a7c73018,multi_cycle,1.0,100.569,239.315,0.7,0.076,0.309,,on,-65,,2 hour NILM fridge session
2026-06-11T09:42:02.363294+00:00,2026-06-11 15:12:02,Anllia,plug_1,Tapo P110,P110,fridge,a7c73018,multi_cycle,1.0,100.348,239.315,0.7,0.076,0.309,,on,-65,,2 hour NILM fridge session
2026-06-11T09:42:03.761583+00:00,2026-06-11 15:12:03,Anllia,plug_1,Tapo P110,P110,fridge,a7c73018,multi_cycle,1.0,100.521,239.88,0.7,0.076,0.309,,on,-65,,2 hour NILM fridge session
2026-06-11T09:42:05.159970+00:00,2026-06-11 15:12:05,Anllia,plug_1,Tapo P110,P110,fridge,a7c73018,multi_cycle,1.0,100.868,239.88,0.702,0.076,0.309,,on,-65,,2 hour NILM fridge session
2026-06-11T09:42:06.510830+00:00,2026-06-11 15:12:06,Anllia,plug_1,Tapo P110,P110,fridge,a7c73018,multi_cycle,1.0,100.868,239.838,0.702,0.077,0.309,,on,-65,,2 hour NILM fridge session
2026-06-11T09:42:07.873786+00:00,2026-06-11 15:12:07,Anllia,plug_1,Tapo P110,P110,fridge,a7c73018,multi_cycle,1.0,100.863,239.838,0.705,0.077,0.309,,on,-65,,2 hour NILM fridge session
2026-06-11T09:42:09.224528+00:00,2026-06-11 15:12:09,Anllia,plug_1,Tapo P110,P110,fridge,a7c73018,multi_cycle,1.0,100.95,240.014,0.705,0.077,0.309,,on,-65,,2 hour NILM fridge session
2026-06-11T09:42:10.491889+00:00,2026-06-11 15:12:10,Anllia,plug_1,Tapo P110,P110,fridge,a7c73018,multi_cycle,1.0,100.748,240.014,0.703,0.077,0.309,,on,-65,,2 hour NILM fridge session
2026-06-11T09:42:11.904244+00:00,2026-06-11 15:12:11,Anllia,plug_1,Tapo P110,P110,fridge,a7c73018,multi_cycle,1.0,100.774,240.014,0.703,0.077,0.309,,on,-65,,2 hour NILM fridge session
2026-06-11T09:42:13.339487+00:00,2026-06-11 15:12:13,Anllia,plug_1,Tapo P110,P110,fridge,a7c73018,multi_cycle,1.0,100.656,239.998,0.703,0.077,0.309,,on,-65,,2 hour NILM fridge session
2026-06-11T09:42:14.974297+00:00,2026-06-11 15:12:14,Anllia,plug_1,Tapo P110,P110,fridge,a7c73018,multi_cycle,1.0,100.546,240.192,0.701,0.077,0.309,,on,-65,,2 hour NILM fridge session
2026-06-11T09:42:16.308294+00:00,2026-06-11 15:12:16,Anllia,plug_1,Tapo P110,P110,fridge,a7c73018,multi_cycle,1.0,101.152,240.192,0.701,0.077,0.309,,on,-65,,2 hour NILM fridge session
2026-06-11T09:42:17.665947+00:00,2026-06-11 15:12:17,Anllia,plug_1,Tapo P110,P110,fridge,a7c73018,multi_cycle,1.0,100.737,240.192,0.697,0.077,0.309,,on,-65,,2 hour NILM fridge session
2026-06-11T09:42:19.269311+00:00,2026-06-11 15:12:19,Anllia,plug_1,Tapo P110,P110,fridge,a7c73018,multi_cycle,1.0,100.823,240.081,0.697,0.077,0.309,,on,-65,,2 hour NILM fridge session
2026-06-11T09:42:20.712287+00:00,2026-06-11 15:12:20,Anllia,plug_1,Tapo P110,P110,fridge,a7c73018,multi_cycle,1.0,101.228,240.081,0.705,0.077,0.309,,on,-65,,2 hour NILM fridge session
2026-06-11T09:42:22.059849+00:00,2026-06-11 15:12:22,Anllia,plug_1,Tapo P110,P110,fridge,a7c73018,multi_cycle,1.0,101.067,239.77,0.705,0.077,0.309,,on,-65,,2 hour NILM fridge session
2026-06-11T09:42:23.375789+00:00,2026-06-11 15:12:23,Anllia,plug_1,Tapo P110,P110,fridge,a7c73018,multi_cycle,1.0,100.838,239.77,0.703,0.077,0.309,,on,-65,,2 hour NILM fridge session
2026-06-11T09:42:26.027850+00:00,2026-06-11 15:12:26,Anllia,plug_1,Tapo P110,P110,fridge,a7c73018,multi_cycle,1.0,100.533,239.709,0.705,0.077,0.309,,on,-65,,2 hour NILM fridge session
2026-06-11T09:42:27.288925+00:00,2026-06-11 15:12:27,Anllia,plug_1,Tapo P110,P110,fridge,a7c73018,multi_cycle,1.0,101.984,241.417,0.705,0.077,0.309,,on,-65,,2 hour NILM fridge session
2026-06-11T09:42:28.543297+00:00,2026-06-11 15:12:28,Anllia,plug_1,Tapo P110,P110,fridge,a7c73018,multi_cycle,1.0,100.769,241.417,0.698,0.077,0.309,,on,-65,,2 hour NILM fridge session
2026-06-11T09:42:33.927635+00:00,2026-06-11 15:12:33,Anllia,plug_1,Tapo P110,P110,fridge,a7c73018,multi_cycle,1.0,100.998,241.667,0.697,0.077,0.309,,on,-65,,2 hour NILM fridge session
2026-06-11T09:42:35.244288+00:00,2026-06-11 15:12:35,Anllia,plug_1,Tapo P110,P110,fridge,a7c73018,multi_cycle,1.0,100.976,241.667,0.7,0.077,0.31,,on,-65,,2 hour NILM fridge session
2026-06-11T09:42:36.519788+00:00,2026-06-11 15:12:36,Anllia,plug_1,Tapo P110,P110,fridge,a7c73018,multi_cycle,1.0,100.976,241.789,0.7,0.077,0.31,,on,-65,,2 hour NILM fridge session
2026-06-11T09:42:37.832154+00:00,2026-06-11 15:12:37,Anllia,plug_1,Tapo P110,P110,fridge,a7c73018,multi_cycle,1.0,101.346,241.789,0.704,0.077,0.31,,on,-65,,2 hour NILM fridge session
2026-06-11T09:42:39.120123+00:00,2026-06-11 15:12:39,Anllia,plug_1,Tapo P110,P110,fridge,a7c73018,multi_cycle,1.0,101.159,241.807,0.704,0.077,0.31,,on,-65,,2 hour NILM fridge session
2026-06-11T09:42:40.461353+00:00,2026-06-11 15:12:40,Anllia,plug_1,Tapo P110,P110,fridge,a7c73018,multi_cycle,1.0,101.022,241.807,0.704,0.077,0.31,,on,-65,,2 hour NILM fridge session
2026-06-11T09:42:41.744615+00:00,2026-06-11 15:12:41,Anllia,plug_1,Tapo P110,P110,fridge,a7c73018,multi_cycle,1.0,100.771,241.807,0.699,0.077,0.31,,on,-65,,2 hour NILM fridge session
2026-06-11T09:42:43.063089+00:00,2026-06-11 15:12:43,Anllia,plug_1,Tapo P110,P110,fridge,a7c73018,multi_cycle,1.0,100.972,241.994,0.699,0.078,0.31,,on,-65,,2 hour NILM fridge session
2026-06-11T09:42:44.335335+00:00,2026-06-11 15:12:44,Anllia,plug_1,Tapo P110,P110,fridge,a7c73018,multi_cycle,1.0,100.842,241.994,0.699,0.078,0.31,,on,-66,,2 hour NILM fridge session
2026-06-11T09:42:45.584420+00:00,2026-06-11 15:12:45,Anllia,plug_1,Tapo P110,P110,fridge,a7c73018,multi_cycle,1.0,100.963,241.815,0.699,0.078,0.31,,on,-65,,2 hour NILM fridge session
2026-06-11T09:42:47.363901+00:00,2026-06-11 15:12:47,Anllia,plug_1,Tapo P110,P110,fridge,a7c73018,multi_cycle,1.0,101.223,241.815,0.699,0.078,0.31,,on,-65,,2 hour NILM fridge session
2026-06-11T09:42:48.670644+00:00,2026-06-11 15:12:48,Anllia,plug_1,Tapo P110,P110,fridge,a7c73018,multi_cycle,1.0,101.131,241.725,0.699,0.078,0.31,,on,-65,,2 hour NILM fridge session
2026-06-11T09:42:49.987143+00:00,2026-06-11 15:12:49,Anllia,plug_1,Tapo P110,P110,fridge,a7c73018,multi_cycle,1.0,101.131,241.725,0.701,0.078,0.31,,on,-66,,2 hour NILM fridge session
2026-06-11T09:42:51.266333+00:00,2026-06-11 15:12:51,Anllia,plug_1,Tapo P110,P110,fridge,a7c73018,multi_cycle,1.0,101.246,241.857,0.701,0.078,0.31,,on,-65,,2 hour NILM fridge session
2026-06-11T09:42:52.573655+00:00,2026-06-11 15:12:52,Anllia,plug_1,Tapo P110,P110,fridge,a7c73018,multi_cycle,1.0,101.484,241.857,0.696,0.078,0.31,,on,-66,,2 hour NILM fridge session
2026-06-11T09:42:53.934968+00:00,2026-06-11 15:12:53,Anllia,plug_1,Tapo P110,P110,fridge,a7c73018,multi_cycle,1.0,101.02,241.857,0.696,0.078,0.31,,on,-65,,2 hour NILM fridge session
2026-06-11T09:42:55.204990+00:00,2026-06-11 15:12:55,Anllia,plug_1,Tapo P110,P110,fridge,a7c73018,multi_cycle,1.0,100.363,241.793,0.696,0.078,0.31,,on,-65,,2 hour NILM fridge session
2026-06-11T09:42:56.550717+00:00,2026-06-11 15:12:56,Anllia,plug_1,Tapo P110,P110,fridge,a7c73018,multi_cycle,1.0,100.654,241.793,0.697,0.078,0.31,,on,-65,,2 hour NILM fridge session
2026-06-11T09:42:57.820382+00:00,2026-06-11 15:12:57,Anllia,plug_1,Tapo P110,P110,fridge,a7c73018,multi_cycle,1.0,100.888,241.227,0.697,0.078,0.31,,on,-65,,2 hour NILM fridge session
2026-06-11T09:42:59.149768+00:00,2026-06-11 15:12:59,Anllia,plug_1,Tapo P110,P110,fridge,a7c73018,multi_cycle,1.0,100.888,241.227,0.7,0.078,0.31,,on,-65,,2 hour NILM fridge session
2026-06-11T09:43:00.401247+00:00,2026-06-11 15:13:00,Anllia,plug_1,Tapo P110,P110,fridge,a7c73018,multi_cycle,1.0,99.388,239.509,0.7,0.078,0.31,,on,-65,,2 hour NILM fridge session
2026-06-11T09:43:01.755789+00:00,2026-06-11 15:13:01,Anllia,plug_1,Tapo P110,P110,fridge,a7c73018,multi_cycle,1.0,101.143,239.509,0.704,0.078,0.31,,on,-65,,2 hour NILM fridge session
2026-06-11T09:43:03.023082+00:00,2026-06-11 15:13:03,Anllia,plug_1,Tapo P110,P110,fridge,a7c73018,multi_cycle,1.0,100.584,239.509,0.704,0.078,0.31,,on,-65,,2 hour NILM fridge session
2026-06-11T09:43:04.271122+00:00,2026-06-11 15:13:04,Anllia,plug_1,Tapo P110,P110,fridge,a7c73018,multi_cycle,1.0,100.497,240.054,0.704,0.078,0.31,,on,-65,,2 hour NILM fridge session
2026-06-11T09:43:05.525843+00:00,2026-06-11 15:13:05,Anllia,plug_1,Tapo P110,P110,fridge,a7c73018,multi_cycle,1.0,100.817,240.054,0.707,0.078,0.31,,on,-65,,2 hour NILM fridge session
2026-06-11T09:43:06.806898+00:00,2026-06-11 15:13:06,Anllia,plug_1,Tapo P110,P110,fridge,a7c73018,multi_cycle,1.0,101.046,240.036,0.707,0.078,0.31,,on,-65,,2 hour NILM fridge session
2026-06-11T09:43:08.172284+00:00,2026-06-11 15:13:08,Anllia,plug_1,Tapo P110,P110,fridge,a7c73018,multi_cycle,1.0,101.046,240.036,0.712,0.078,0.311,,on,-65,,2 hour NILM fridge session
2026-06-11T09:43:09.526138+00:00,2026-06-11 15:13:09,Anllia,plug_1,Tapo P110,P110,fridge,a7c73018,multi_cycle,1.0,101.618,239.769,0.712,0.078,0.311,,on,-65,,2 hour NILM fridge session
2026-06-11T09:43:10.773515+00:00,2026-06-11 15:13:10,Anllia,plug_1,Tapo P110,P110,fridge,a7c73018,multi_cycle,1.0,101.825,239.769,0.699,0.078,0.311,,on,-65,,2 hour NILM fridge session
2026-06-11T09:43:12.036275+00:00,2026-06-11 15:13:12,Anllia,plug_1,Tapo P110,P110,fridge,a7c73018,multi_cycle,1.0,99.783,239.769,0.699,0.078,0.311,,on,-65,,2 hour NILM fridge session
2026-06-11T09:43:13.435262+00:00,2026-06-11 15:13:13,Anllia,plug_1,Tapo P110,P110,fridge,a7c73018,multi_cycle,1.0,99.889,240.033,0.699,0.078,0.311,,on,-65,,2 hour NILM fridge session
2026-06-11T09:43:14.754240+00:00,2026-06-11 15:13:14,Anllia,plug_1,Tapo P110,P110,fridge,a7c73018,multi_cycle,1.0,99.558,240.033,0.703,0.078,0.311,,on,-66,,2 hour NILM fridge session
2026-06-11T09:43:16.020210+00:00,2026-06-11 15:13:16,Anllia,plug_1,Tapo P110,P110,fridge,a7c73018,multi_cycle,1.0,99.609,240.332,0.703,0.078,0.311,,on,-65,,2 hour NILM fridge session
2026-06-11T09:43:17.268049+00:00,2026-06-11 15:13:17,Anllia,plug_1,Tapo P110,P110,fridge,a7c73018,multi_cycle,1.0,99.618,240.332,0.705,0.078,0.311,,on,-65,,2 hour NILM fridge session
2026-06-11T09:43:18.514094+00:00,2026-06-11 15:13:18,Anllia,plug_1,Tapo P110,P110,fridge,a7c73018,multi_cycle,1.0,99.618,240.389,0.705,0.079,0.311,,on,-65,,2 hour NILM fridge session
2026-06-11T09:43:19.801445+00:00,2026-06-11 15:13:19,Anllia,plug_1,Tapo P110,P110,fridge,a7c73018,multi_cycle,1.0,99.795,240.389,0.707,0.079,0.311,,on,-65,,2 hour NILM fridge session
2026-06-11T09:43:21.094000+00:00,2026-06-11 15:13:21,Anllia,plug_1,Tapo P110,P110,fridge,a7c73018,multi_cycle,1.0,101.491,240.389,0.707,0.079,0.311,,on,-65,,2 hour NILM fridge session
2026-06-11T09:43:22.352168+00:00,2026-06-11 15:13:22,Anllia,plug_1,Tapo P110,P110,fridge,a7c73018,multi_cycle,1.0,100.374,240.353,0.707,0.079,0.311,,on,-65,,2 hour NILM fridge session
2026-06-11T09:43:23.609382+00:00,2026-06-11 15:13:23,Anllia,plug_1,Tapo P110,P110,fridge,a7c73018,multi_cycle,1.0,100.575,240.353,0.707,0.079,0.311,,on,-65,,2 hour NILM fridge session
2026-06-11T09:43:24.872140+00:00,2026-06-11 15:13:24,Anllia,plug_1,Tapo P110,P110,fridge,a7c73018,multi_cycle,1.0,100.383,240.885,0.707,0.079,0.311,,on,-65,,2 hour NILM fridge session
2026-06-11T09:43:26.120549+00:00,2026-06-11 15:13:26,Anllia,plug_1,Tapo P110,P110,fridge,a7c73018,multi_cycle,1.0,100.383,240.885,0.702,0.079,0.311,,on,-65,,2 hour NILM fridge session
2026-06-11T09:43:27.371362+00:00,2026-06-11 15:13:27,Anllia,plug_1,Tapo P110,P110,fridge,a7c73018,multi_cycle,1.0,101.453,239.959,0.702,0.079,0.311,,on,-65,,2 hour NILM fridge session
2026-06-11T09:43:28.683974+00:00,2026-06-11 15:13:28,Anllia,plug_1,Tapo P110,P110,fridge,a7c73018,multi_cycle,1.0,99.464,239.959,0.702,0.079,0.311,,on,-66,,2 hour NILM fridge session
2026-06-11T09:43:30.031623+00:00,2026-06-11 15:13:30,Anllia,plug_1,Tapo P110,P110,fridge,a7c73018,multi_cycle,1.0,99.797,239.959,0.709,0.079,0.311,,on,-65,,2 hour NILM fridge session
2026-06-11T09:43:31.567267+00:00,2026-06-11 15:13:31,Anllia,plug_1,Tapo P110,P110,fridge,a7c73018,multi_cycle,1.0,99.625,240.117,0.709,0.079,0.311,,on,-66,,2 hour NILM fridge session
2026-06-11T09:43:32.879785+00:00,2026-06-11 15:13:32,Anllia,plug_1,Tapo P110,P110,fridge,a7c73018,multi_cycle,1.0,100.494,240.117,0.702,0.079,0.311,,on,-65,,2 hour NILM fridge session
2026-06-11T09:43:34.199320+00:00,2026-06-11 15:13:34,Anllia,plug_1,Tapo P110,P110,fridge,a7c73018,multi_cycle,1.0,100.805,239.791,0.702,0.079,0.311,,on,-65,,2 hour NILM fridge session
2026-06-11T09:43:35.481655+00:00,2026-06-11 15:13:35,Anllia,plug_1,Tapo P110,P110,fridge,a7c73018,multi_cycle,1.0,99.311,239.791,0.693,0.079,0.311,,on,-66,,2 hour NILM fridge session
2026-06-11T09:43:36.829632+00:00,2026-06-11 15:13:36,Anllia,plug_1,Tapo P110,P110,fridge,a7c73018,multi_cycle,1.0,99.311,240.045,0.693,0.079,0.311,,on,-65,,2 hour NILM fridge session
2026-06-11T09:43:38.194921+00:00,2026-06-11 15:13:38,Anllia,plug_1,Tapo P110,P110,fridge,a7c73018,multi_cycle,1.0,99.928,240.045,0.7,0.079,0.311,,on,-65,,2 hour NILM fridge session
2026-06-11T09:43:39.625378+00:00,2026-06-11 15:13:39,Anllia,plug_1,Tapo P110,P110,fridge,a7c73018,multi_cycle,1.0,100.336,240.584,0.7,0.079,0.311,,on,-65,,2 hour NILM fridge session
2026-06-11T09:43:40.917291+00:00,2026-06-11 15:13:40,Anllia,plug_1,Tapo P110,P110,fridge,a7c73018,multi_cycle,1.0,101.049,240.584,0.701,0.079,0.311,,on,-65,,2 hour NILM fridge session
2026-06-11T09:43:42.255460+00:00,2026-06-11 15:13:42,Anllia,plug_1,Tapo P110,P110,fridge,a7c73018,multi_cycle,1.0,99.721,240.584,0.701,0.079,0.311,,on,-65,,2 hour NILM fridge session
2026-06-11T09:43:43.501859+00:00,2026-06-11 15:13:43,Anllia,plug_1,Tapo P110,P110,fridge,a7c73018,multi_cycle,1.0,100.376,239.672,0.701,0.079,0.312,,on,-66,,2 hour NILM fridge session
2026-06-11T09:43:44.861054+00:00,2026-06-11 15:13:44,Anllia,plug_1,Tapo P110,P110,fridge,a7c73018,multi_cycle,1.0,99.949,239.672,0.699,0.079,0.312,,on,-65,,2 hour NILM fridge session
2026-06-11T09:43:46.122138+00:00,2026-06-11 15:13:46,Anllia,plug_1,Tapo P110,P110,fridge,a7c73018,multi_cycle,1.0,100.434,239.428,0.699,0.079,0.312,,on,-65,,2 hour NILM fridge session
2026-06-11T09:43:47.394851+00:00,2026-06-11 15:13:47,Anllia,plug_1,Tapo P110,P110,fridge,a7c73018,multi_cycle,1.0,100.431,239.428,0.704,0.079,0.312,,on,-65,,2 hour NILM fridge session
2026-06-11T09:43:48.720513+00:00,2026-06-11 15:13:48,Anllia,plug_1,Tapo P110,P110,fridge,a7c73018,multi_cycle,1.0,100.431,239.328,0.704,0.079,0.312,,on,-65,,2 hour NILM fridge session
2026-06-11T09:43:50.118511+00:00,2026-06-11 15:13:50,Anllia,plug_1,Tapo P110,P110,fridge,a7c73018,multi_cycle,1.0,100.476,239.328,0.704,0.079,0.312,,on,-64,,2 hour NILM fridge session
2026-06-11T09:43:52.395715+00:00,2026-06-11 15:13:52,Anllia,plug_1,Tapo P110,P110,fridge,a7c73018,multi_cycle,1.0,100.787,239.146,0.704,0.079,0.312,,on,-65,,2 hour NILM fridge session
2026-06-11T09:43:53.655882+00:00,2026-06-11 15:13:53,Anllia,plug_1,Tapo P110,P110,fridge,a7c73018,multi_cycle,1.0,100.507,239.146,0.703,0.08,0.312,,on,-65,,2 hour NILM fridge session
2026-06-11T09:43:54.922977+00:00,2026-06-11 15:13:54,Anllia,plug_1,Tapo P110,P110,fridge,a7c73018,multi_cycle,1.0,100.507,238.696,0.703,0.08,0.312,,on,-66,,2 hour NILM fridge session
2026-06-11T09:43:56.239598+00:00,2026-06-11 15:13:56,Anllia,plug_1,Tapo P110,P110,fridge,a7c73018,multi_cycle,1.0,100.393,238.696,0.704,0.08,0.312,,on,-65,,2 hour NILM fridge session
2026-06-11T09:43:57.603049+00:00,2026-06-11 15:13:57,Anllia,plug_1,Tapo P110,P110,fridge,a7c73018,multi_cycle,1.0,100.231,239.01,0.704,0.08,0.312,,on,-66,,2 hour NILM fridge session
2026-06-11T09:43:58.890065+00:00,2026-06-11 15:13:58,Anllia,plug_1,Tapo P110,P110,fridge,a7c73018,multi_cycle,1.0,100.282,239.01,0.703,0.08,0.312,,on,-71,,2 hour NILM fridge session
2026-06-11T09:44:00.137035+00:00,2026-06-11 15:14:00,Anllia,plug_1,Tapo P110,P110,fridge,a7c73018,multi_cycle,1.0,100.369,239.01,0.703,0.08,0.312,,on,-70,,2 hour NILM fridge session
2026-06-11T09:44:01.551045+00:00,2026-06-11 15:14:01,Anllia,plug_1,Tapo P110,P110,fridge,a7c73018,multi_cycle,1.0,100.317,238.878,0.703,0.08,0.312,,on,-71,,2 hour NILM fridge session
2026-06-11T09:44:02.950904+00:00,2026-06-11 15:14:02,Anllia,plug_1,Tapo P110,P110,fridge,a7c73018,multi_cycle,1.0,100.565,238.878,0.703,0.08,0.312,,on,-68,,2 hour NILM fridge session
2026-06-11T09:44:04.370429+00:00,2026-06-11 15:14:04,Anllia,plug_1,Tapo P110,P110,fridge,a7c73018,multi_cycle,1.0,100.28,239.107,0.703,0.08,0.312,,on,-64,,2 hour NILM fridge session
2026-06-11T09:44:05.760581+00:00,2026-06-11 15:14:05,Anllia,plug_1,Tapo P110,P110,fridge,a7c73018,multi_cycle,1.0,99.626,239.107,0.705,0.08,0.312,,on,-67,,2 hour NILM fridge session
2026-06-11T09:44:07.052036+00:00,2026-06-11 15:14:07,Anllia,plug_1,Tapo P110,P110,fridge,a7c73018,multi_cycle,1.0,98.405,238.68,0.705,0.08,0.312,,on,-65,,2 hour NILM fridge session
2026-06-11T09:44:08.305872+00:00,2026-06-11 15:14:08,Anllia,plug_1,Tapo P110,P110,fridge,a7c73018,multi_cycle,1.0,98.405,238.68,0.693,0.08,0.312,,on,-62,,2 hour NILM fridge session
2026-06-11T09:44:09.644062+00:00,2026-06-11 15:14:09,Anllia,plug_1,Tapo P110,P110,fridge,a7c73018,multi_cycle,1.0,97.986,239.524,0.693,0.08,0.312,,on,-65,,2 hour NILM fridge session
2026-06-11T09:44:10.926164+00:00,2026-06-11 15:14:10,Anllia,plug_1,Tapo P110,P110,fridge,a7c73018,multi_cycle,1.0,98.635,239.524,0.693,0.08,0.312,,on,-67,,2 hour NILM fridge session
2026-06-11T09:44:12.504658+00:00,2026-06-11 15:14:12,Anllia,plug_1,Tapo P110,P110,fridge,a7c73018,multi_cycle,1.0,98.061,239.524,0.689,0.08,0.312,,on,-68,,2 hour NILM fridge session
2026-06-11T09:44:13.806495+00:00,2026-06-11 15:14:13,Anllia,plug_1,Tapo P110,P110,fridge,a7c73018,multi_cycle,1.0,97.14,239.407,0.689,0.08,0.312,,on,-67,,2 hour NILM fridge session
2026-06-11T09:44:15.122201+00:00,2026-06-11 15:14:15,Anllia,plug_1,Tapo P110,P110,fridge,a7c73018,multi_cycle,1.0,96.008,239.407,0.678,0.08,0.312,,on,-69,,2 hour NILM fridge session
2026-06-11T09:44:16.388692+00:00,2026-06-11 15:14:16,Anllia,plug_1,Tapo P110,P110,fridge,a7c73018,multi_cycle,1.0,95.486,239.235,0.678,0.08,0.312,,on,-69,,2 hour NILM fridge session
2026-06-11T09:44:17.709716+00:00,2026-06-11 15:14:17,Anllia,plug_1,Tapo P110,P110,fridge,a7c73018,multi_cycle,1.0,94.917,239.235,0.672,0.08,0.312,,on,-67,,2 hour NILM fridge session
2026-06-11T09:44:19.081385+00:00,2026-06-11 15:14:19,Anllia,plug_1,Tapo P110,P110,fridge,a7c73018,multi_cycle,1.0,94.917,239.164,0.672,0.08,0.312,,on,-65,,2 hour NILM fridge session
2026-06-11T09:44:20.337599+00:00,2026-06-11 15:14:20,Anllia,plug_1,Tapo P110,P110,fridge,a7c73018,multi_cycle,1.0,94.648,239.164,0.666,0.08,0.313,,on,-65,,2 hour NILM fridge session
2026-06-11T09:44:21.704367+00:00,2026-06-11 15:14:21,Anllia,plug_1,Tapo P110,P110,fridge,a7c73018,multi_cycle,1.0,94.084,239.18,0.666,0.08,0.313,,on,-63,,2 hour NILM fridge session
2026-06-11T09:44:23.132666+00:00,2026-06-11 15:14:23,Anllia,plug_1,Tapo P110,P110,fridge,a7c73018,multi_cycle,1.0,93.88,239.18,0.663,0.08,0.313,,on,-64,,2 hour NILM fridge session
2026-06-11T09:44:24.580533+00:00,2026-06-11 15:14:24,Anllia,plug_1,Tapo P110,P110,fridge,a7c73018,multi_cycle,1.0,93.262,239.18,0.663,0.08,0.313,,on,-68,,2 hour NILM fridge session
2026-06-11T09:44:25.829841+00:00,2026-06-11 15:14:25,Anllia,plug_1,Tapo P110,P110,fridge,a7c73018,multi_cycle,1.0,96.688,238.77,0.663,0.08,0.313,,on,-65,,2 hour NILM fridge session
2026-06-11T09:44:27.086964+00:00,2026-06-11 15:14:27,Anllia,plug_1,Tapo P110,P110,fridge,a7c73018,multi_cycle,1.0,94.217,238.77,0.679,0.08,0.313,,on,-66,,2 hour NILM fridge session
2026-06-11T09:44:28.389995+00:00,2026-06-11 15:14:28,Anllia,plug_1,Tapo P110,P110,fridge,a7c73018,multi_cycle,1.0,92.835,238.79,0.679,0.08,0.313,,on,-63,,2 hour NILM fridge session
2026-06-11T09:44:29.713138+00:00,2026-06-11 15:14:29,Anllia,plug_1,Tapo P110,P110,fridge,a7c73018,multi_cycle,1.0,93.049,238.79,0.66,0.08,0.313,,on,-65,,2 hour NILM fridge session
2026-06-11T09:44:31.277534+00:00,2026-06-11 15:14:31,Anllia,plug_1,Tapo P110,P110,fridge,a7c73018,multi_cycle,1.0,93.049,239.27,0.66,0.081,0.313,,on,-65,,2 hour NILM fridge session
2026-06-11T09:44:32.572552+00:00,2026-06-11 15:14:32,Anllia,plug_1,Tapo P110,P110,fridge,a7c73018,multi_cycle,1.0,92.953,239.27,0.655,0.081,0.313,,on,-68,,2 hour NILM fridge session
2026-06-11T09:44:33.906514+00:00,2026-06-11 15:14:33,Anllia,plug_1,Tapo P110,P110,fridge,a7c73018,multi_cycle,1.0,92.717,238.959,0.655,0.081,0.313,,on,-63,,2 hour NILM fridge session
2026-06-11T09:44:35.156100+00:00,2026-06-11 15:14:35,Anllia,plug_1,Tapo P110,P110,fridge,a7c73018,multi_cycle,1.0,92.488,238.959,0.653,0.081,0.313,,on,-66,,2 hour NILM fridge session
2026-06-11T09:44:36.587262+00:00,2026-06-11 15:14:36,Anllia,plug_1,Tapo P110,P110,fridge,a7c73018,multi_cycle,1.0,92.19,239.037,0.653,0.081,0.313,,on,-66,,2 hour NILM fridge session
2026-06-11T09:44:38.007032+00:00,2026-06-11 15:14:38,Anllia,plug_1,Tapo P110,P110,fridge,a7c73018,multi_cycle,1.0,90.958,239.037,0.653,0.081,0.313,,on,-65,,2 hour NILM fridge session
2026-06-11T09:44:39.429851+00:00,2026-06-11 15:14:39,Anllia,plug_1,Tapo P110,P110,fridge,a7c73018,multi_cycle,1.0,91.643,239.037,0.647,0.081,0.313,,on,-78,,2 hour NILM fridge session
2026-06-11T09:44:40.783770+00:00,2026-06-11 15:14:40,Anllia,plug_1,Tapo P110,P110,fridge,a7c73018,multi_cycle,1.0,91.48,239.078,0.647,0.081,0.313,,on,-71,,2 hour NILM fridge session
2026-06-11T09:44:42.111980+00:00,2026-06-11 15:14:42,Anllia,plug_1,Tapo P110,P110,fridge,a7c73018,multi_cycle,1.0,90.625,239.078,0.642,0.081,0.313,,on,-67,,2 hour NILM fridge session
2026-06-11T09:44:43.368508+00:00,2026-06-11 15:14:43,Anllia,plug_1,Tapo P110,P110,fridge,a7c73018,multi_cycle,1.0,89.802,238.92,0.642,0.081,0.313,,on,-68,,2 hour NILM fridge session
2026-06-11T09:44:44.736768+00:00,2026-06-11 15:14:44,Anllia,plug_1,Tapo P110,P110,fridge,a7c73018,multi_cycle,1.0,89.802,238.92,0.632,0.081,0.313,,on,-71,,2 hour NILM fridge session
2026-06-11T09:44:46.038065+00:00,2026-06-11 15:14:46,Anllia,plug_1,Tapo P110,P110,fridge,a7c73018,multi_cycle,1.0,89.203,238.78,0.632,0.081,0.313,,on,-71,,2 hour NILM fridge session
2026-06-11T09:44:47.445793+00:00,2026-06-11 15:14:47,Anllia,plug_1,Tapo P110,P110,fridge,a7c73018,multi_cycle,1.0,88.451,238.78,0.625,0.081,0.313,,on,-65,,2 hour NILM fridge session
2026-06-11T09:44:48.760147+00:00,2026-06-11 15:14:48,Anllia,plug_1,Tapo P110,P110,fridge,a7c73018,multi_cycle,1.0,87.881,239.093,0.625,0.081,0.313,,on,-63,,2 hour NILM fridge session
2026-06-11T09:44:50.027817+00:00,2026-06-11 15:14:50,Anllia,plug_1,Tapo P110,P110,fridge,a7c73018,multi_cycle,1.0,87.966,239.093,0.625,0.081,0.313,,on,-62,,2 hour NILM fridge session
2026-06-11T09:44:51.295216+00:00,2026-06-11 15:14:51,Anllia,plug_1,Tapo P110,P110,fridge,a7c73018,multi_cycle,1.0,87.647,239.093,0.623,0.081,0.313,,on,-67,,2 hour NILM fridge session
2026-06-11T09:44:52.666387+00:00,2026-06-11 15:14:52,Anllia,plug_1,Tapo P110,P110,fridge,a7c73018,multi_cycle,1.0,87.072,239.354,0.623,0.081,0.313,,on,-71,,2 hour NILM fridge session
2026-06-11T09:44:53.910510+00:00,2026-06-11 15:14:53,Anllia,plug_1,Tapo P110,P110,fridge,a7c73018,multi_cycle,1.0,86.89,239.354,0.618,0.081,0.313,,on,-70,,2 hour NILM fridge session
2026-06-11T09:44:55.259229+00:00,2026-06-11 15:14:55,Anllia,plug_1,Tapo P110,P110,fridge,a7c73018,multi_cycle,1.0,86.89,239.272,0.618,0.081,0.313,,on,-71,,2 hour NILM fridge session
2026-06-11T09:44:56.515489+00:00,2026-06-11 15:14:56,Anllia,plug_1,Tapo P110,P110,fridge,a7c73018,multi_cycle,1.0,90.558,239.272,0.635,0.081,0.313,,on,-66,,2 hour NILM fridge session
2026-06-11T09:44:57.824692+00:00,2026-06-11 15:14:57,Anllia,plug_1,Tapo P110,P110,fridge,a7c73018,multi_cycle,1.0,89.089,239.245,0.635,0.081,0.313,,on,-61,,2 hour NILM fridge session
2026-06-11T09:44:59.081763+00:00,2026-06-11 15:14:59,Anllia,plug_1,Tapo P110,P110,fridge,a7c73018,multi_cycle,1.0,89.043,239.245,0.635,0.081,0.314,,on,-64,,2 hour NILM fridge session
2026-06-11T09:45:00.361821+00:00,2026-06-11 15:15:00,Anllia,plug_1,Tapo P110,P110,fridge,a7c73018,multi_cycle,1.0,89.246,239.245,0.633,0.081,0.314,,on,-65,,2 hour NILM fridge session
2026-06-11T09:45:01.707220+00:00,2026-06-11 15:15:01,Anllia,plug_1,Tapo P110,P110,fridge,a7c73018,multi_cycle,1.0,90.0,239.267,0.633,0.081,0.314,,on,-66,,2 hour NILM fridge session
2026-06-11T09:45:02.981773+00:00,2026-06-11 15:15:02,Anllia,plug_1,Tapo P110,P110,fridge,a7c73018,multi_cycle,1.0,89.999,239.267,0.637,0.081,0.314,,on,-67,,2 hour NILM fridge session
2026-06-11T09:45:04.309999+00:00,2026-06-11 15:15:04,Anllia,plug_1,Tapo P110,P110,fridge,a7c73018,multi_cycle,1.0,90.49,239.551,0.637,0.081,0.314,,on,-65,,2 hour NILM fridge session
2026-06-11T09:45:05.987192+00:00,2026-06-11 15:15:05,Anllia,plug_1,Tapo P110,P110,fridge,a7c73018,multi_cycle,1.0,91.237,239.551,0.643,0.081,0.314,,on,-67,,2 hour NILM fridge session
2026-06-11T09:45:07.269932+00:00,2026-06-11 15:15:07,Anllia,plug_1,Tapo P110,P110,fridge,a7c73018,multi_cycle,1.0,91.476,239.808,0.643,0.081,0.314,,on,-66,,2 hour NILM fridge session
2026-06-11T09:45:08.619466+00:00,2026-06-11 15:15:08,Anllia,plug_1,Tapo P110,P110,fridge,a7c73018,multi_cycle,1.0,91.476,239.808,0.646,0.081,0.314,,on,-66,,2 hour NILM fridge session
2026-06-11T09:45:10.000375+00:00,2026-06-11 15:15:10,Anllia,plug_1,Tapo P110,P110,fridge,a7c73018,multi_cycle,1.0,91.755,239.776,0.646,0.081,0.314,,on,-67,,2 hour NILM fridge session
2026-06-11T09:45:11.330422+00:00,2026-06-11 15:15:11,Anllia,plug_1,Tapo P110,P110,fridge,a7c73018,multi_cycle,1.0,92.113,239.776,0.653,0.082,0.314,,on,-67,,2 hour NILM fridge session
2026-06-11T09:45:12.620715+00:00,2026-06-11 15:15:12,Anllia,plug_1,Tapo P110,P110,fridge,a7c73018,multi_cycle,1.0,92.605,239.776,0.653,0.082,0.314,,on,-68,,2 hour NILM fridge session
2026-06-11T09:45:14.046289+00:00,2026-06-11 15:15:14,Anllia,plug_1,Tapo P110,P110,fridge,a7c73018,multi_cycle,1.0,92.66,239.585,0.653,0.082,0.314,,on,-69,,2 hour NILM fridge session
2026-06-11T09:45:15.410569+00:00,2026-06-11 15:15:15,Anllia,plug_1,Tapo P110,P110,fridge,a7c73018,multi_cycle,1.0,92.919,239.585,0.654,0.082,0.314,,on,-68,,2 hour NILM fridge session
2026-06-11T09:45:16.761339+00:00,2026-06-11 15:15:16,Anllia,plug_1,Tapo P110,P110,fridge,a7c73018,multi_cycle,1.0,93.307,239.503,0.654,0.082,0.314,,on,-65,,2 hour NILM fridge session
2026-06-11T09:45:18.009427+00:00,2026-06-11 15:15:18,Anllia,plug_1,Tapo P110,P110,fridge,a7c73018,multi_cycle,1.0,93.378,239.503,0.658,0.082,0.314,,on,-65,,2 hour NILM fridge session
2026-06-11T09:45:19.357955+00:00,2026-06-11 15:15:19,Anllia,plug_1,Tapo P110,P110,fridge,a7c73018,multi_cycle,1.0,93.997,239.464,0.658,0.082,0.314,,on,-65,,2 hour NILM fridge session
2026-06-11T09:45:20.627485+00:00,2026-06-11 15:15:20,Anllia,plug_1,Tapo P110,P110,fridge,a7c73018,multi_cycle,1.0,93.997,239.464,0.666,0.082,0.314,,on,-65,,2 hour NILM fridge session
2026-06-11T09:45:21.885360+00:00,2026-06-11 15:15:21,Anllia,plug_1,Tapo P110,P110,fridge,a7c73018,multi_cycle,1.0,94.128,239.493,0.666,0.082,0.314,,on,-68,,2 hour NILM fridge session
2026-06-11T09:45:23.224478+00:00,2026-06-11 15:15:23,Anllia,plug_1,Tapo P110,P110,fridge,a7c73018,multi_cycle,1.0,94.306,239.493,0.669,0.082,0.314,,on,-68,,2 hour NILM fridge session
2026-06-11T09:45:24.497355+00:00,2026-06-11 15:15:24,Anllia,plug_1,Tapo P110,P110,fridge,a7c73018,multi_cycle,1.0,94.774,239.493,0.669,0.082,0.314,,on,-74,,2 hour NILM fridge session
2026-06-11T09:45:25.775866+00:00,2026-06-11 15:15:25,Anllia,plug_1,Tapo P110,P110,fridge,a7c73018,multi_cycle,1.0,95.108,239.396,0.669,0.082,0.314,,on,-63,,2 hour NILM fridge session
2026-06-11T09:45:27.101494+00:00,2026-06-11 15:15:27,Anllia,plug_1,Tapo P110,P110,fridge,a7c73018,multi_cycle,1.0,95.485,239.396,0.673,0.082,0.314,,on,-69,,2 hour NILM fridge session
2026-06-11T09:45:28.366615+00:00,2026-06-11 15:15:28,Anllia,plug_1,Tapo P110,P110,fridge,a7c73018,multi_cycle,1.0,95.413,239.661,0.673,0.082,0.314,,on,-67,,2 hour NILM fridge session
2026-06-11T09:45:29.691463+00:00,2026-06-11 15:15:29,Anllia,plug_1,Tapo P110,P110,fridge,a7c73018,multi_cycle,1.0,95.413,239.661,0.671,0.082,0.314,,on,-65,,2 hour NILM fridge session
2026-06-11T09:45:30.968650+00:00,2026-06-11 15:15:30,Anllia,plug_1,Tapo P110,P110,fridge,a7c73018,multi_cycle,1.0,95.475,239.642,0.671,0.082,0.314,,on,-65,,2 hour NILM fridge session
2026-06-11T09:45:32.306952+00:00,2026-06-11 15:15:32,Anllia,plug_1,Tapo P110,P110,fridge,a7c73018,multi_cycle,1.0,95.644,239.642,0.674,0.082,0.314,,on,-66,,2 hour NILM fridge session
2026-06-11T09:45:33.610880+00:00,2026-06-11 15:15:33,Anllia,plug_1,Tapo P110,P110,fridge,a7c73018,multi_cycle,1.0,95.625,239.642,0.674,0.082,0.314,,on,-65,,2 hour NILM fridge session
2026-06-11T09:45:34.871809+00:00,2026-06-11 15:15:34,Anllia,plug_1,Tapo P110,P110,fridge,a7c73018,multi_cycle,1.0,95.718,239.509,0.674,0.082,0.314,,on,-62,,2 hour NILM fridge session
2026-06-11T09:45:36.171338+00:00,2026-06-11 15:15:36,Anllia,plug_1,Tapo P110,P110,fridge,a7c73018,multi_cycle,1.0,95.89,239.509,0.676,0.082,0.314,,on,-64,,2 hour NILM fridge session
2026-06-11T09:45:37.536193+00:00,2026-06-11 15:15:37,Anllia,plug_1,Tapo P110,P110,fridge,a7c73018,multi_cycle,1.0,95.916,239.298,0.676,0.082,0.314,,on,-66,,2 hour NILM fridge session
2026-06-11T09:45:38.934506+00:00,2026-06-11 15:15:38,Anllia,plug_1,Tapo P110,P110,fridge,a7c73018,multi_cycle,1.0,96.584,239.298,0.68,0.082,0.315,,on,-64,,2 hour NILM fridge session
2026-06-11T09:45:40.250719+00:00,2026-06-11 15:15:40,Anllia,plug_1,Tapo P110,P110,fridge,a7c73018,multi_cycle,1.0,96.584,239.074,0.68,0.082,0.315,,on,-66,,2 hour NILM fridge session
2026-06-11T09:45:41.601317+00:00,2026-06-11 15:15:41,Anllia,plug_1,Tapo P110,P110,fridge,a7c73018,multi_cycle,1.0,96.793,239.074,0.682,0.082,0.315,,on,-65,,2 hour NILM fridge session
2026-06-11T09:45:42.965408+00:00,2026-06-11 15:15:42,Anllia,plug_1,Tapo P110,P110,fridge,a7c73018,multi_cycle,1.0,96.839,239.003,0.682,0.082,0.315,,on,-66,,2 hour NILM fridge session
2026-06-11T09:45:44.281051+00:00,2026-06-11 15:15:44,Anllia,plug_1,Tapo P110,P110,fridge,a7c73018,multi_cycle,1.0,96.853,239.003,0.682,0.082,0.315,,on,-66,,2 hour NILM fridge session
2026-06-11T09:45:45.552667+00:00,2026-06-11 15:15:45,Anllia,plug_1,Tapo P110,P110,fridge,a7c73018,multi_cycle,1.0,96.973,239.003,0.687,0.082,0.315,,on,-64,,2 hour NILM fridge session
2026-06-11T09:45:46.918597+00:00,2026-06-11 15:15:46,Anllia,plug_1,Tapo P110,P110,fridge,a7c73018,multi_cycle,1.0,96.881,238.786,0.687,0.082,0.315,,on,-67,,2 hour NILM fridge session
2026-06-11T09:45:48.265003+00:00,2026-06-11 15:15:48,Anllia,plug_1,Tapo P110,P110,fridge,a7c73018,multi_cycle,1.0,97.007,238.786,0.686,0.083,0.315,,on,-65,,2 hour NILM fridge session
2026-06-11T09:45:49.583887+00:00,2026-06-11 15:15:49,Anllia,plug_1,Tapo P110,P110,fridge,a7c73018,multi_cycle,1.0,96.779,238.858,0.686,0.083,0.315,,on,-68,,2 hour NILM fridge session
2026-06-11T09:45:50.894906+00:00,2026-06-11 15:15:50,Anllia,plug_1,Tapo P110,P110,fridge,a7c73018,multi_cycle,1.0,96.779,238.858,0.684,0.083,0.315,,on,-65,,2 hour NILM fridge session
2026-06-11T09:45:52.215978+00:00,2026-06-11 15:15:52,Anllia,plug_1,Tapo P110,P110,fridge,a7c73018,multi_cycle,1.0,96.866,238.87,0.684,0.083,0.315,,on,-64,,2 hour NILM fridge session
2026-06-11T09:45:53.657463+00:00,2026-06-11 15:15:53,Anllia,plug_1,Tapo P110,P110,fridge,a7c73018,multi_cycle,1.0,96.839,238.87,0.686,0.083,0.315,,on,-62,,2 hour NILM fridge session
2026-06-11T09:45:55.055726+00:00,2026-06-11 15:15:55,Anllia,plug_1,Tapo P110,P110,fridge,a7c73018,multi_cycle,1.0,96.896,239.065,0.686,0.083,0.315,,on,-67,,2 hour NILM fridge session
2026-06-11T09:45:56.436646+00:00,2026-06-11 15:15:56,Anllia,plug_1,Tapo P110,P110,fridge,a7c73018,multi_cycle,1.0,97.032,239.065,0.689,0.083,0.315,,on,-67,,2 hour NILM fridge session
2026-06-11T09:45:57.769475+00:00,2026-06-11 15:15:57,Anllia,plug_1,Tapo P110,P110,fridge,a7c73018,multi_cycle,1.0,97.407,239.065,0.689,0.083,0.315,,on,-64,,2 hour NILM fridge session
2026-06-11T09:45:59.061704+00:00,2026-06-11 15:15:59,Anllia,plug_1,Tapo P110,P110,fridge,a7c73018,multi_cycle,1.0,97.58,239.27,0.689,0.083,0.315,,on,-63,,2 hour NILM fridge session
2026-06-11T09:46:00.436360+00:00,2026-06-11 15:16:00,Anllia,plug_1,Tapo P110,P110,fridge,a7c73018,multi_cycle,1.0,97.662,239.27,0.688,0.083,0.315,,on,-64,,2 hour NILM fridge session
2026-06-11T09:46:01.717618+00:00,2026-06-11 15:16:01,Anllia,plug_1,Tapo P110,P110,fridge,a7c73018,multi_cycle,1.0,97.908,239.523,0.688,0.083,0.315,,on,-67,,2 hour NILM fridge session
2026-06-11T09:46:03.031939+00:00,2026-06-11 15:16:03,Anllia,plug_1,Tapo P110,P110,fridge,a7c73018,multi_cycle,1.0,97.823,239.523,0.692,0.083,0.315,,on,-64,,2 hour NILM fridge session
2026-06-11T09:46:04.299951+00:00,2026-06-11 15:16:04,Anllia,plug_1,Tapo P110,P110,fridge,a7c73018,multi_cycle,1.0,97.823,239.706,0.692,0.083,0.315,,on,-65,,2 hour NILM fridge session
2026-06-11T09:46:05.555027+00:00,2026-06-11 15:16:05,Anllia,plug_1,Tapo P110,P110,fridge,a7c73018,multi_cycle,1.0,97.596,239.706,0.691,0.083,0.315,,on,-67,,2 hour NILM fridge session
2026-06-11T09:46:06.804178+00:00,2026-06-11 15:16:06,Anllia,plug_1,Tapo P110,P110,fridge,a7c73018,multi_cycle,1.0,97.552,239.706,0.691,0.083,0.315,,on,-64,,2 hour NILM fridge session
2026-06-11T09:46:08.051856+00:00,2026-06-11 15:16:08,Anllia,plug_1,Tapo P110,P110,fridge,a7c73018,multi_cycle,1.0,98.12,239.553,0.691,0.083,0.315,,on,-72,,2 hour NILM fridge session
2026-06-11T09:46:09.400352+00:00,2026-06-11 15:16:09,Anllia,plug_1,Tapo P110,P110,fridge,a7c73018,multi_cycle,1.0,98.294,239.553,0.697,0.083,0.315,,on,-75,,2 hour NILM fridge session
2026-06-11T09:46:10.668840+00:00,2026-06-11 15:16:10,Anllia,plug_1,Tapo P110,P110,fridge,a7c73018,multi_cycle,1.0,98.317,239.538,0.697,0.083,0.315,,on,-63,,2 hour NILM fridge session
2026-06-11T09:46:11.998992+00:00,2026-06-11 15:16:11,Anllia,plug_1,Tapo P110,P110,fridge,a7c73018,multi_cycle,1.0,98.29,239.538,0.697,0.083,0.315,,on,-69,,2 hour NILM fridge session
2026-06-11T09:46:13.315636+00:00,2026-06-11 15:16:13,Anllia,plug_1,Tapo P110,P110,fridge,a7c73018,multi_cycle,1.0,98.29,239.614,0.697,0.083,0.315,,on,-72,,2 hour NILM fridge session
2026-06-11T09:46:14.564026+00:00,2026-06-11 15:16:14,Anllia,plug_1,Tapo P110,P110,fridge,a7c73018,multi_cycle,1.0,96.661,239.614,0.709,0.083,0.316,,on,-69,,2 hour NILM fridge session
2026-06-11T09:46:15.897899+00:00,2026-06-11 15:16:15,Anllia,plug_1,Tapo P110,P110,fridge,a7c73018,multi_cycle,1.0,99.068,238.596,0.709,0.083,0.316,,on,-63,,2 hour NILM fridge session
2026-06-11T09:46:17.151648+00:00,2026-06-11 15:16:17,Anllia,plug_1,Tapo P110,P110,fridge,a7c73018,multi_cycle,1.0,98.543,238.596,0.709,0.083,0.316,,on,-67,,2 hour NILM fridge session
2026-06-11T09:46:18.495841+00:00,2026-06-11 15:16:18,Anllia,plug_1,Tapo P110,P110,fridge,a7c73018,multi_cycle,1.0,98.619,238.596,0.698,0.083,0.316,,on,-70,,2 hour NILM fridge session
2026-06-11T09:46:19.764044+00:00,2026-06-11 15:16:19,Anllia,plug_1,Tapo P110,P110,fridge,a7c73018,multi_cycle,1.0,98.344,238.417,0.698,0.083,0.316,,on,-66,,2 hour NILM fridge session
2026-06-11T09:46:21.019786+00:00,2026-06-11 15:16:21,Anllia,plug_1,Tapo P110,P110,fridge,a7c73018,multi_cycle,1.0,99.022,238.417,0.699,0.083,0.316,,on,-67,,2 hour NILM fridge session
2026-06-11T09:46:22.312570+00:00,2026-06-11 15:16:22,Anllia,plug_1,Tapo P110,P110,fridge,a7c73018,multi_cycle,1.0,99.022,239.483,0.699,0.083,0.316,,on,-63,,2 hour NILM fridge session
2026-06-11T09:46:23.629408+00:00,2026-06-11 15:16:23,Anllia,plug_1,Tapo P110,P110,fridge,a7c73018,multi_cycle,1.0,98.526,239.483,0.697,0.083,0.316,,on,-64,,2 hour NILM fridge session
2026-06-11T09:46:24.894101+00:00,2026-06-11 15:16:24,Anllia,plug_1,Tapo P110,P110,fridge,a7c73018,multi_cycle,1.0,98.389,239.483,0.697,0.083,0.316,,on,-64,,2 hour NILM fridge session
2026-06-11T09:46:26.259630+00:00,2026-06-11 15:16:26,Anllia,plug_1,Tapo P110,P110,fridge,a7c73018,multi_cycle,1.0,98.024,238.247,0.697,0.084,0.316,,on,-65,,2 hour NILM fridge session
2026-06-11T09:46:27.797822+00:00,2026-06-11 15:16:27,Anllia,plug_1,Tapo P110,P110,fridge,a7c73018,multi_cycle,1.0,99.006,238.247,0.706,0.084,0.316,,on,-66,,2 hour NILM fridge session
2026-06-11T09:46:29.070377+00:00,2026-06-11 15:16:29,Anllia,plug_1,Tapo P110,P110,fridge,a7c73018,multi_cycle,1.0,99.032,238.456,0.706,0.084,0.316,,on,-67,,2 hour NILM fridge session
2026-06-11T09:46:30.421900+00:00,2026-06-11 15:16:30,Anllia,plug_1,Tapo P110,P110,fridge,a7c73018,multi_cycle,1.0,98.396,238.456,0.698,0.084,0.316,,on,-68,,2 hour NILM fridge session
2026-06-11T09:46:31.694072+00:00,2026-06-11 15:16:31,Anllia,plug_1,Tapo P110,P110,fridge,a7c73018,multi_cycle,1.0,98.112,238.073,0.698,0.084,0.316,,on,-65,,2 hour NILM fridge session
2026-06-11T09:46:33.053235+00:00,2026-06-11 15:16:33,Anllia,plug_1,Tapo P110,P110,fridge,a7c73018,multi_cycle,1.0,98.088,238.073,0.702,0.084,0.316,,on,-63,,2 hour NILM fridge session
2026-06-11T09:46:34.322500+00:00,2026-06-11 15:16:34,Anllia,plug_1,Tapo P110,P110,fridge,a7c73018,multi_cycle,1.0,98.088,238.473,0.702,0.084,0.316,,on,-63,,2 hour NILM fridge session
2026-06-11T09:46:35.570743+00:00,2026-06-11 15:16:35,Anllia,plug_1,Tapo P110,P110,fridge,a7c73018,multi_cycle,1.0,99.064,238.473,0.699,0.084,0.316,,on,-69,,2 hour NILM fridge session
2026-06-11T09:46:36.818470+00:00,2026-06-11 15:16:36,Anllia,plug_1,Tapo P110,P110,fridge,a7c73018,multi_cycle,1.0,99.936,238.473,0.699,0.084,0.316,,on,-65,,2 hour NILM fridge session
2026-06-11T09:46:38.085156+00:00,2026-06-11 15:16:38,Anllia,plug_1,Tapo P110,P110,fridge,a7c73018,multi_cycle,1.0,98.77,239.276,0.699,0.084,0.316,,on,-65,,2 hour NILM fridge session
2026-06-11T09:46:39.439536+00:00,2026-06-11 15:16:39,Anllia,plug_1,Tapo P110,P110,fridge,a7c73018,multi_cycle,1.0,99.71,239.276,0.701,0.084,0.316,,on,-65,,2 hour NILM fridge session
2026-06-11T09:46:40.716117+00:00,2026-06-11 15:16:40,Anllia,plug_1,Tapo P110,P110,fridge,a7c73018,multi_cycle,1.0,98.751,239.096,0.701,0.084,0.316,,on,-63,,2 hour NILM fridge session
2026-06-11T09:46:42.054698+00:00,2026-06-11 15:16:42,Anllia,plug_1,Tapo P110,P110,fridge,a7c73018,multi_cycle,1.0,98.751,239.096,0.697,0.084,0.316,,on,-65,,2 hour NILM fridge session
2026-06-11T09:46:43.334168+00:00,2026-06-11 15:16:43,Anllia,plug_1,Tapo P110,P110,fridge,a7c73018,multi_cycle,1.0,99.802,238.991,0.697,0.084,0.316,,on,-65,,2 hour NILM fridge session
2026-06-11T09:46:44.652232+00:00,2026-06-11 15:16:44,Anllia,plug_1,Tapo P110,P110,fridge,a7c73018,multi_cycle,1.0,98.202,238.991,0.701,0.084,0.316,,on,-64,,2 hour NILM fridge session
2026-06-11T09:46:45.918221+00:00,2026-06-11 15:16:45,Anllia,plug_1,Tapo P110,P110,fridge,a7c73018,multi_cycle,1.0,98.9,238.991,0.701,0.084,0.316,,on,-64,,2 hour NILM fridge session
2026-06-11T09:46:47.207369+00:00,2026-06-11 15:16:47,Anllia,plug_1,Tapo P110,P110,fridge,a7c73018,multi_cycle,1.0,99.941,238.667,0.701,0.084,0.316,,on,-65,,2 hour NILM fridge session
2026-06-11T09:46:48.462955+00:00,2026-06-11 15:16:48,Anllia,plug_1,Tapo P110,P110,fridge,a7c73018,multi_cycle,1.0,97.85,238.667,0.7,0.084,0.316,,on,-66,,2 hour NILM fridge session
2026-06-11T09:46:49.780948+00:00,2026-06-11 15:16:49,Anllia,plug_1,Tapo P110,P110,fridge,a7c73018,multi_cycle,1.0,100.327,238.385,0.7,0.084,0.316,,on,-66,,2 hour NILM fridge session
2026-06-11T09:46:51.098592+00:00,2026-06-11 15:16:51,Anllia,plug_1,Tapo P110,P110,fridge,a7c73018,multi_cycle,1.0,100.327,238.385,0.701,0.084,0.317,,on,-65,,2 hour NILM fridge session
2026-06-11T09:46:52.439149+00:00,2026-06-11 15:16:52,Anllia,plug_1,Tapo P110,P110,fridge,a7c73018,multi_cycle,1.0,100.078,239.077,0.701,0.084,0.317,,on,-65,,2 hour NILM fridge session
2026-06-11T09:46:53.705006+00:00,2026-06-11 15:16:53,Anllia,plug_1,Tapo P110,P110,fridge,a7c73018,multi_cycle,1.0,98.669,239.077,0.705,0.084,0.317,,on,-65,,2 hour NILM fridge session
2026-06-11T09:46:55.117237+00:00,2026-06-11 15:16:55,Anllia,plug_1,Tapo P110,P110,fridge,a7c73018,multi_cycle,1.0,99.687,239.077,0.705,0.084,0.317,,on,-65,,2 hour NILM fridge session
2026-06-11T09:46:56.433615+00:00,2026-06-11 15:16:56,Anllia,plug_1,Tapo P110,P110,fridge,a7c73018,multi_cycle,1.0,98.754,238.518,0.705,0.084,0.317,,on,-65,,2 hour NILM fridge session
2026-06-11T09:46:57.831897+00:00,2026-06-11 15:16:57,Anllia,plug_1,Tapo P110,P110,fridge,a7c73018,multi_cycle,1.0,98.668,238.518,0.694,0.084,0.317,,on,-65,,2 hour NILM fridge session
2026-06-11T09:46:59.098426+00:00,2026-06-11 15:16:59,Anllia,plug_1,Tapo P110,P110,fridge,a7c73018,multi_cycle,1.0,99.71,238.052,0.694,0.084,0.317,,on,-65,,2 hour NILM fridge session
2026-06-11T09:47:00.437409+00:00,2026-06-11 15:17:00,Anllia,plug_1,Tapo P110,P110,fridge,a7c73018,multi_cycle,1.0,98.415,238.052,0.699,0.084,0.317,,on,-65,,2 hour NILM fridge session
2026-06-11T09:47:01.816141+00:00,2026-06-11 15:17:01,Anllia,plug_1,Tapo P110,P110,fridge,a7c73018,multi_cycle,1.0,98.415,238.343,0.699,0.085,0.317,,on,-65,,2 hour NILM fridge session
2026-06-11T09:47:03.192859+00:00,2026-06-11 15:17:03,Anllia,plug_1,Tapo P110,P110,fridge,a7c73018,multi_cycle,1.0,99.71,238.343,0.7,0.085,0.317,,on,-65,,2 hour NILM fridge session
2026-06-11T09:47:04.451257+00:00,2026-06-11 15:17:04,Anllia,plug_1,Tapo P110,P110,fridge,a7c73018,multi_cycle,1.0,98.974,238.96,0.7,0.085,0.317,,on,-65,,2 hour NILM fridge session
2026-06-11T09:47:05.777859+00:00,2026-06-11 15:17:05,Anllia,plug_1,Tapo P110,P110,fridge,a7c73018,multi_cycle,1.0,99.005,238.96,0.703,0.085,0.317,,on,-65,,2 hour NILM fridge session
2026-06-11T09:47:07.077746+00:00,2026-06-11 15:17:07,Anllia,plug_1,Tapo P110,P110,fridge,a7c73018,multi_cycle,1.0,98.798,238.96,0.703,0.085,0.317,,on,-65,,2 hour NILM fridge session
2026-06-11T09:47:08.323680+00:00,2026-06-11 15:17:08,Anllia,plug_1,Tapo P110,P110,fridge,a7c73018,multi_cycle,1.0,98.849,238.877,0.703,0.085,0.317,,on,-65,,2 hour NILM fridge session
2026-06-11T09:47:09.675483+00:00,2026-06-11 15:17:09,Anllia,plug_1,Tapo P110,P110,fridge,a7c73018,multi_cycle,1.0,99.168,238.877,0.702,0.085,0.317,,on,-65,,2 hour NILM fridge session
2026-06-11T09:47:10.939127+00:00,2026-06-11 15:17:10,Anllia,plug_1,Tapo P110,P110,fridge,a7c73018,multi_cycle,1.0,99.097,238.787,0.702,0.085,0.317,,on,-65,,2 hour NILM fridge session
2026-06-11T09:47:12.189224+00:00,2026-06-11 15:17:12,Anllia,plug_1,Tapo P110,P110,fridge,a7c73018,multi_cycle,1.0,99.097,238.787,0.703,0.085,0.317,,on,-65,,2 hour NILM fridge session
2026-06-11T09:47:13.576016+00:00,2026-06-11 15:17:13,Anllia,plug_1,Tapo P110,P110,fridge,a7c73018,multi_cycle,1.0,99.179,239.227,0.703,0.085,0.317,,on,-65,,2 hour NILM fridge session
2026-06-11T09:47:14.824432+00:00,2026-06-11 15:17:14,Anllia,plug_1,Tapo P110,P110,fridge,a7c73018,multi_cycle,1.0,99.215,239.227,0.702,0.085,0.317,,on,-65,,2 hour NILM fridge session
2026-06-11T09:47:16.099811+00:00,2026-06-11 15:17:16,Anllia,plug_1,Tapo P110,P110,fridge,a7c73018,multi_cycle,1.0,99.297,239.227,0.702,0.085,0.317,,on,-65,,2 hour NILM fridge session
2026-06-11T09:47:17.342285+00:00,2026-06-11 15:17:17,Anllia,plug_1,Tapo P110,P110,fridge,a7c73018,multi_cycle,1.0,99.228,239.02,0.702,0.085,0.317,,on,-65,,2 hour NILM fridge session
2026-06-11T09:47:18.722962+00:00,2026-06-11 15:17:18,Anllia,plug_1,Tapo P110,P110,fridge,a7c73018,multi_cycle,1.0,99.022,239.02,0.701,0.085,0.317,,on,-65,,2 hour NILM fridge session
2026-06-11T09:47:19.995585+00:00,2026-06-11 15:17:19,Anllia,plug_1,Tapo P110,P110,fridge,a7c73018,multi_cycle,1.0,99.475,238.624,0.701,0.085,0.317,,on,-66,,2 hour NILM fridge session
2026-06-11T09:47:21.273169+00:00,2026-06-11 15:17:21,Anllia,plug_1,Tapo P110,P110,fridge,a7c73018,multi_cycle,1.0,99.349,238.624,0.704,0.085,0.317,,on,-65,,2 hour NILM fridge session
2026-06-11T09:47:22.588643+00:00,2026-06-11 15:17:22,Anllia,plug_1,Tapo P110,P110,fridge,a7c73018,multi_cycle,1.0,99.349,238.464,0.704,0.085,0.317,,on,-64,,2 hour NILM fridge session
2026-06-11T09:47:23.955295+00:00,2026-06-11 15:17:23,Anllia,plug_1,Tapo P110,P110,fridge,a7c73018,multi_cycle,1.0,99.536,238.464,0.703,0.085,0.317,,on,-64,,2 hour NILM fridge session
2026-06-11T09:47:25.302907+00:00,2026-06-11 15:17:25,Anllia,plug_1,Tapo P110,P110,fridge,a7c73018,multi_cycle,1.0,99.385,238.58,0.703,0.085,0.317,,on,-65,,2 hour NILM fridge session
2026-06-11T09:47:26.623438+00:00,2026-06-11 15:17:26,Anllia,plug_1,Tapo P110,P110,fridge,a7c73018,multi_cycle,1.0,99.267,238.58,0.703,0.085,0.317,,on,-64,,2 hour NILM fridge session
2026-06-11T09:47:27.877364+00:00,2026-06-11 15:17:27,Anllia,plug_1,Tapo P110,P110,fridge,a7c73018,multi_cycle,1.0,99.326,238.58,0.701,0.085,0.318,,on,-65,,2 hour NILM fridge session
2026-06-11T09:47:29.266821+00:00,2026-06-11 15:17:29,Anllia,plug_1,Tapo P110,P110,fridge,a7c73018,multi_cycle,1.0,99.182,238.675,0.701,0.085,0.318,,on,-65,,2 hour NILM fridge session
2026-06-11T09:47:30.516434+00:00,2026-06-11 15:17:30,Anllia,plug_1,Tapo P110,P110,fridge,a7c73018,multi_cycle,1.0,99.303,238.675,0.702,0.085,0.318,,on,-65,,2 hour NILM fridge session
2026-06-11T09:47:31.997785+00:00,2026-06-11 15:17:31,Anllia,plug_1,Tapo P110,P110,fridge,a7c73018,multi_cycle,1.0,99.221,238.684,0.702,0.085,0.318,,on,-65,,2 hour NILM fridge session
2026-06-11T09:47:33.254226+00:00,2026-06-11 15:17:33,Anllia,plug_1,Tapo P110,P110,fridge,a7c73018,multi_cycle,1.0,99.16,238.684,0.702,0.085,0.318,,on,-65,,2 hour NILM fridge session
2026-06-11T09:47:34.502709+00:00,2026-06-11 15:17:34,Anllia,plug_1,Tapo P110,P110,fridge,a7c73018,multi_cycle,1.0,99.16,238.524,0.702,0.085,0.318,,on,-65,,2 hour NILM fridge session
2026-06-11T09:47:35.750373+00:00,2026-06-11 15:17:35,Anllia,plug_1,Tapo P110,P110,fridge,a7c73018,multi_cycle,1.0,99.163,238.524,0.706,0.085,0.318,,on,-65,,2 hour NILM fridge session
2026-06-11T09:47:37.147048+00:00,2026-06-11 15:17:37,Anllia,plug_1,Tapo P110,P110,fridge,a7c73018,multi_cycle,1.0,99.821,238.524,0.706,0.085,0.318,,on,-65,,2 hour NILM fridge session
2026-06-11T09:47:38.415149+00:00,2026-06-11 15:17:38,Anllia,plug_1,Tapo P110,P110,fridge,a7c73018,multi_cycle,1.0,99.832,238.588,0.706,0.086,0.318,,on,-65,,2 hour NILM fridge session
2026-06-11T09:47:39.779269+00:00,2026-06-11 15:17:39,Anllia,plug_1,Tapo P110,P110,fridge,a7c73018,multi_cycle,1.0,99.715,238.588,0.706,0.086,0.318,,on,-66,,2 hour NILM fridge session
2026-06-11T09:47:41.046150+00:00,2026-06-11 15:17:41,Anllia,plug_1,Tapo P110,P110,fridge,a7c73018,multi_cycle,1.0,99.559,238.544,0.706,0.086,0.318,,on,-65,,2 hour NILM fridge session
2026-06-11T09:47:42.333760+00:00,2026-06-11 15:17:42,Anllia,plug_1,Tapo P110,P110,fridge,a7c73018,multi_cycle,1.0,99.543,238.544,0.706,0.086,0.318,,on,-65,,2 hour NILM fridge session
2026-06-11T09:47:43.678902+00:00,2026-06-11 15:17:43,Anllia,plug_1,Tapo P110,P110,fridge,a7c73018,multi_cycle,1.0,99.543,238.423,0.706,0.086,0.318,,on,-65,,2 hour NILM fridge session
2026-06-11T09:47:44.972660+00:00,2026-06-11 15:17:44,Anllia,plug_1,Tapo P110,P110,fridge,a7c73018,multi_cycle,1.0,99.521,238.423,0.706,0.086,0.318,,on,-65,,2 hour NILM fridge session
2026-06-11T09:47:46.358155+00:00,2026-06-11 15:17:46,Anllia,plug_1,Tapo P110,P110,fridge,a7c73018,multi_cycle,1.0,99.608,238.432,0.706,0.086,0.318,,on,-65,,2 hour NILM fridge session
2026-06-11T09:47:47.707959+00:00,2026-06-11 15:17:47,Anllia,plug_1,Tapo P110,P110,fridge,a7c73018,multi_cycle,1.0,99.587,238.432,0.706,0.086,0.318,,on,-65,,2 hour NILM fridge session
2026-06-11T09:47:49.073072+00:00,2026-06-11 15:17:49,Anllia,plug_1,Tapo P110,P110,fridge,a7c73018,multi_cycle,1.0,99.711,238.432,0.706,0.086,0.318,,on,-65,,2 hour NILM fridge session
2026-06-11T09:47:50.635302+00:00,2026-06-11 15:17:50,Anllia,plug_1,Tapo P110,P110,fridge,a7c73018,multi_cycle,1.0,99.463,238.603,0.706,0.086,0.318,,on,-65,,2 hour NILM fridge session
2026-06-11T09:47:51.997005+00:00,2026-06-11 15:17:51,Anllia,plug_1,Tapo P110,P110,fridge,a7c73018,multi_cycle,1.0,99.81,238.603,0.705,0.086,0.318,,on,-65,,2 hour NILM fridge session
2026-06-11T09:47:53.273533+00:00,2026-06-11 15:17:53,Anllia,plug_1,Tapo P110,P110,fridge,a7c73018,multi_cycle,1.0,99.682,238.865,0.705,0.086,0.318,,on,-65,,2 hour NILM fridge session
2026-06-11T09:47:54.583855+00:00,2026-06-11 15:17:54,Anllia,plug_1,Tapo P110,P110,fridge,a7c73018,multi_cycle,1.0,99.652,238.865,0.705,0.086,0.318,,on,-65,,2 hour NILM fridge session
2026-06-11T09:47:55.862486+00:00,2026-06-11 15:17:55,Anllia,plug_1,Tapo P110,P110,fridge,a7c73018,multi_cycle,1.0,99.784,238.754,0.705,0.086,0.318,,on,-65,,2 hour NILM fridge session
2026-06-11T09:47:57.146740+00:00,2026-06-11 15:17:57,Anllia,plug_1,Tapo P110,P110,fridge,a7c73018,multi_cycle,1.0,99.784,238.754,0.707,0.086,0.318,,on,-65,,2 hour NILM fridge session
2026-06-11T09:47:58.531528+00:00,2026-06-11 15:17:58,Anllia,plug_1,Tapo P110,P110,fridge,a7c73018,multi_cycle,1.0,99.559,238.441,0.707,0.086,0.318,,on,-65,,2 hour NILM fridge session
2026-06-11T09:47:59.855860+00:00,2026-06-11 15:17:59,Anllia,plug_1,Tapo P110,P110,fridge,a7c73018,multi_cycle,1.0,99.527,238.441,0.707,0.086,0.318,,on,-65,,2 hour NILM fridge session
2026-06-11T09:48:01.116703+00:00,2026-06-11 15:18:01,Anllia,plug_1,Tapo P110,P110,fridge,a7c73018,multi_cycle,1.0,99.445,238.441,0.707,0.086,0.318,,on,-65,,2 hour NILM fridge session
2026-06-11T09:48:02.433064+00:00,2026-06-11 15:18:02,Anllia,plug_1,Tapo P110,P110,fridge,a7c73018,multi_cycle,1.0,99.578,238.664,0.707,0.086,0.318,,on,-66,,2 hour NILM fridge session
2026-06-11T09:48:03.796016+00:00,2026-06-11 15:18:03,Anllia,plug_1,Tapo P110,P110,fridge,a7c73018,multi_cycle,1.0,99.68,238.664,0.707,0.086,0.319,,on,-65,,2 hour NILM fridge session
2026-06-11T09:48:05.060122+00:00,2026-06-11 15:18:05,Anllia,plug_1,Tapo P110,P110,fridge,a7c73018,multi_cycle,1.0,99.868,238.649,0.707,0.086,0.319,,on,-65,,2 hour NILM fridge session
2026-06-11T09:48:06.592517+00:00,2026-06-11 15:18:06,Anllia,plug_1,Tapo P110,P110,fridge,a7c73018,multi_cycle,1.0,99.868,238.649,0.709,0.086,0.319,,on,-65,,2 hour NILM fridge session
2026-06-11T09:48:07.837372+00:00,2026-06-11 15:18:07,Anllia,plug_1,Tapo P110,P110,fridge,a7c73018,multi_cycle,1.0,99.86,238.77,0.709,0.086,0.319,,on,-65,,2 hour NILM fridge session
2026-06-11T09:48:09.175155+00:00,2026-06-11 15:18:09,Anllia,plug_1,Tapo P110,P110,fridge,a7c73018,multi_cycle,1.0,99.86,238.77,0.708,0.086,0.319,,on,-65,,2 hour NILM fridge session
2026-06-11T09:48:10.506369+00:00,2026-06-11 15:18:10,Anllia,plug_1,Tapo P110,P110,fridge,a7c73018,multi_cycle,1.0,99.746,238.413,0.708,0.086,0.319,,on,-66,,2 hour NILM fridge session
2026-06-11T09:48:12.020471+00:00,2026-06-11 15:18:12,Anllia,plug_1,Tapo P110,P110,fridge,a7c73018,multi_cycle,1.0,99.599,238.413,0.709,0.086,0.319,,on,-65,,2 hour NILM fridge session
2026-06-11T09:48:13.290849+00:00,2026-06-11 15:18:13,Anllia,plug_1,Tapo P110,P110,fridge,a7c73018,multi_cycle,1.0,99.673,238.349,0.709,0.086,0.319,,on,-64,,2 hour NILM fridge session
2026-06-11T09:48:14.548739+00:00,2026-06-11 15:18:14,Anllia,plug_1,Tapo P110,P110,fridge,a7c73018,multi_cycle,1.0,99.494,238.349,0.709,0.087,0.319,,on,-65,,2 hour NILM fridge session
2026-06-11T09:48:15.931089+00:00,2026-06-11 15:18:15,Anllia,plug_1,Tapo P110,P110,fridge,a7c73018,multi_cycle,1.0,99.485,238.349,0.708,0.087,0.319,,on,-64,,2 hour NILM fridge session
2026-06-11T09:48:17.288020+00:00,2026-06-11 15:18:17,Anllia,plug_1,Tapo P110,P110,fridge,a7c73018,multi_cycle,1.0,99.515,238.408,0.708,0.087,0.319,,on,-65,,2 hour NILM fridge session
2026-06-11T09:48:18.551009+00:00,2026-06-11 15:18:18,Anllia,plug_1,Tapo P110,P110,fridge,a7c73018,multi_cycle,1.0,99.544,238.408,0.708,0.087,0.319,,on,-66,,2 hour NILM fridge session
2026-06-11T09:48:19.801132+00:00,2026-06-11 15:18:19,Anllia,plug_1,Tapo P110,P110,fridge,a7c73018,multi_cycle,1.0,99.544,238.267,0.708,0.087,0.319,,on,-65,,2 hour NILM fridge session
2026-06-11T09:48:21.150655+00:00,2026-06-11 15:18:21,Anllia,plug_1,Tapo P110,P110,fridge,a7c73018,multi_cycle,1.0,99.669,238.267,0.71,0.087,0.319,,on,-65,,2 hour NILM fridge session
2026-06-11T09:48:22.416406+00:00,2026-06-11 15:18:22,Anllia,plug_1,Tapo P110,P110,fridge,a7c73018,multi_cycle,1.0,99.724,238.129,0.71,0.087,0.319,,on,-65,,2 hour NILM fridge session
2026-06-11T09:48:23.820095+00:00,2026-06-11 15:18:23,Anllia,plug_1,Tapo P110,P110,fridge,a7c73018,multi_cycle,1.0,99.587,238.129,0.71,0.087,0.319,,on,-65,,2 hour NILM fridge session
2026-06-11T09:48:25.137759+00:00,2026-06-11 15:18:25,Anllia,plug_1,Tapo P110,P110,fridge,a7c73018,multi_cycle,1.0,99.661,238.129,0.71,0.087,0.319,,on,-66,,2 hour NILM fridge session
2026-06-11T09:48:26.418139+00:00,2026-06-11 15:18:26,Anllia,plug_1,Tapo P110,P110,fridge,a7c73018,multi_cycle,1.0,100.015,238.011,0.71,0.087,0.319,,on,-64,,2 hour NILM fridge session
2026-06-11T09:48:27.684845+00:00,2026-06-11 15:18:27,Anllia,plug_1,Tapo P110,P110,fridge,a7c73018,multi_cycle,1.0,99.998,238.011,0.712,0.087,0.319,,on,-65,,2 hour NILM fridge session
2026-06-11T09:48:29.045324+00:00,2026-06-11 15:18:29,Anllia,plug_1,Tapo P110,P110,fridge,a7c73018,multi_cycle,1.0,99.92,238.086,0.712,0.087,0.319,,on,-65,,2 hour NILM fridge session
2026-06-11T09:48:30.360126+00:00,2026-06-11 15:18:30,Anllia,plug_1,Tapo P110,P110,fridge,a7c73018,multi_cycle,1.0,99.92,238.086,0.712,0.087,0.319,,on,-65,,2 hour NILM fridge session
2026-06-11T09:48:31.679823+00:00,2026-06-11 15:18:31,Anllia,plug_1,Tapo P110,P110,fridge,a7c73018,multi_cycle,1.0,100.015,237.864,0.712,0.087,0.319,,on,-66,,2 hour NILM fridge session
2026-06-11T09:48:32.956464+00:00,2026-06-11 15:18:32,Anllia,plug_1,Tapo P110,P110,fridge,a7c73018,multi_cycle,1.0,99.75,237.864,0.707,0.087,0.319,,on,-65,,2 hour NILM fridge session
2026-06-11T09:48:34.205129+00:00,2026-06-11 15:18:34,Anllia,plug_1,Tapo P110,P110,fridge,a7c73018,multi_cycle,1.0,99.626,237.864,0.707,0.087,0.319,,on,-65,,2 hour NILM fridge session
2026-06-11T09:48:35.543050+00:00,2026-06-11 15:18:35,Anllia,plug_1,Tapo P110,P110,fridge,a7c73018,multi_cycle,1.0,99.583,237.876,0.707,0.087,0.319,,on,-65,,2 hour NILM fridge session
2026-06-11T09:48:36.859536+00:00,2026-06-11 15:18:36,Anllia,plug_1,Tapo P110,P110,fridge,a7c73018,multi_cycle,1.0,99.757,237.876,0.709,0.087,0.319,,on,-65,,2 hour NILM fridge session
2026-06-11T09:48:38.107727+00:00,2026-06-11 15:18:38,Anllia,plug_1,Tapo P110,P110,fridge,a7c73018,multi_cycle,1.0,99.948,237.71,0.709,0.087,0.319,,on,-65,,2 hour NILM fridge session
2026-06-11T09:48:39.409117+00:00,2026-06-11 15:18:39,Anllia,plug_1,Tapo P110,P110,fridge,a7c73018,multi_cycle,1.0,99.948,237.71,0.71,0.087,0.319,,on,-65,,2 hour NILM fridge session
2026-06-11T09:48:40.675679+00:00,2026-06-11 15:18:40,Anllia,plug_1,Tapo P110,P110,fridge,a7c73018,multi_cycle,1.0,99.7,237.716,0.71,0.087,0.32,,on,-65,,2 hour NILM fridge session
2026-06-11T09:48:41.947880+00:00,2026-06-11 15:18:41,Anllia,plug_1,Tapo P110,P110,fridge,a7c73018,multi_cycle,1.0,99.73,237.716,0.71,0.087,0.32,,on,-65,,2 hour NILM fridge session
2026-06-11T09:48:43.290140+00:00,2026-06-11 15:18:43,Anllia,plug_1,Tapo P110,P110,fridge,a7c73018,multi_cycle,1.0,99.759,237.716,0.71,0.087,0.32,,on,-65,,2 hour NILM fridge session
2026-06-11T09:48:44.632870+00:00,2026-06-11 15:18:44,Anllia,plug_1,Tapo P110,P110,fridge,a7c73018,multi_cycle,1.0,99.644,237.848,0.71,0.087,0.32,,on,-65,,2 hour NILM fridge session
2026-06-11T09:48:45.942933+00:00,2026-06-11 15:18:45,Anllia,plug_1,Tapo P110,P110,fridge,a7c73018,multi_cycle,1.0,99.539,237.848,0.709,0.087,0.32,,on,-65,,2 hour NILM fridge session
2026-06-11T09:48:47.306029+00:00,2026-06-11 15:18:47,Anllia,plug_1,Tapo P110,P110,fridge,a7c73018,multi_cycle,1.0,99.539,237.846,0.709,0.087,0.32,,on,-64,,2 hour NILM fridge session
2026-06-11T09:48:48.547989+00:00,2026-06-11 15:18:48,Anllia,plug_1,Tapo P110,P110,fridge,a7c73018,multi_cycle,1.0,99.607,237.846,0.71,0.087,0.32,,on,-65,,2 hour NILM fridge session
2026-06-11T09:48:49.864054+00:00,2026-06-11 15:18:49,Anllia,plug_1,Tapo P110,P110,fridge,a7c73018,multi_cycle,1.0,99.607,238.049,0.71,0.088,0.32,,on,-65,,2 hour NILM fridge session
2026-06-11T09:48:51.176652+00:00,2026-06-11 15:18:51,Anllia,plug_1,Tapo P110,P110,fridge,a7c73018,multi_cycle,1.0,100.107,238.049,0.71,0.088,0.32,,on,-65,,2 hour NILM fridge session
2026-06-11T09:48:52.486881+00:00,2026-06-11 15:18:52,Anllia,plug_1,Tapo P110,P110,fridge,a7c73018,multi_cycle,1.0,99.82,238.049,0.71,0.088,0.32,,on,-65,,2 hour NILM fridge session
2026-06-11T09:48:53.750374+00:00,2026-06-11 15:18:53,Anllia,plug_1,Tapo P110,P110,fridge,a7c73018,multi_cycle,1.0,99.589,238.092,0.71,0.088,0.32,,on,-65,,2 hour NILM fridge session
2026-06-11T09:48:55.037832+00:00,2026-06-11 15:18:55,Anllia,plug_1,Tapo P110,P110,fridge,a7c73018,multi_cycle,1.0,99.393,238.092,0.707,0.088,0.32,,on,-64,,2 hour NILM fridge session
2026-06-11T09:48:56.349980+00:00,2026-06-11 15:18:56,Anllia,plug_1,Tapo P110,P110,fridge,a7c73018,multi_cycle,1.0,99.308,238.026,0.707,0.088,0.32,,on,-65,,2 hour NILM fridge session
2026-06-11T09:48:57.701718+00:00,2026-06-11 15:18:57,Anllia,plug_1,Tapo P110,P110,fridge,a7c73018,multi_cycle,1.0,99.447,238.026,0.707,0.088,0.32,,on,-65,,2 hour NILM fridge session
2026-06-11T09:49:00.549627+00:00,2026-06-11 15:19:00,Anllia,plug_1,Tapo P110,P110,fridge,a7c73018,multi_cycle,1.0,99.447,237.895,0.709,0.088,0.32,,on,-65,,2 hour NILM fridge session
2026-06-11T09:49:01.815575+00:00,2026-06-11 15:19:01,Anllia,plug_1,Tapo P110,P110,fridge,a7c73018,multi_cycle,1.0,99.56,237.947,0.709,0.088,0.32,,on,-65,,2 hour NILM fridge session
2026-06-11T09:49:03.196365+00:00,2026-06-11 15:19:03,Anllia,plug_1,Tapo P110,P110,fridge,a7c73018,multi_cycle,1.0,99.362,237.947,0.71,0.088,0.32,,on,-65,,2 hour NILM fridge session
2026-06-11T09:49:04.528985+00:00,2026-06-11 15:19:04,Anllia,plug_1,Tapo P110,P110,fridge,a7c73018,multi_cycle,1.0,99.56,237.803,0.71,0.088,0.32,,on,-65,,2 hour NILM fridge session
2026-06-11T09:49:05.819439+00:00,2026-06-11 15:19:05,Anllia,plug_1,Tapo P110,P110,fridge,a7c73018,multi_cycle,1.0,99.557,237.803,0.71,0.088,0.32,,on,-65,,2 hour NILM fridge session
2026-06-11T09:49:07.208636+00:00,2026-06-11 15:19:07,Anllia,plug_1,Tapo P110,P110,fridge,a7c73018,multi_cycle,1.0,99.378,237.803,0.71,0.088,0.32,,on,-65,,2 hour NILM fridge session
2026-06-11T09:49:08.475181+00:00,2026-06-11 15:19:08,Anllia,plug_1,Tapo P110,P110,fridge,a7c73018,multi_cycle,1.0,99.548,237.668,0.71,0.088,0.32,,on,-65,,2 hour NILM fridge session
2026-06-11T09:49:09.840673+00:00,2026-06-11 15:19:09,Anllia,plug_1,Tapo P110,P110,fridge,a7c73018,multi_cycle,1.0,99.686,237.668,0.711,0.088,0.32,,on,-65,,2 hour NILM fridge session
2026-06-11T09:49:11.102885+00:00,2026-06-11 15:19:11,Anllia,plug_1,Tapo P110,P110,fridge,a7c73018,multi_cycle,1.0,99.457,237.89,0.711,0.088,0.32,,on,-65,,2 hour NILM fridge session
2026-06-11T09:49:12.358626+00:00,2026-06-11 15:19:12,Anllia,plug_1,Tapo P110,P110,fridge,a7c73018,multi_cycle,1.0,99.457,237.89,0.709,0.088,0.32,,on,-65,,2 hour NILM fridge session
2026-06-11T09:49:13.706790+00:00,2026-06-11 15:19:13,Anllia,plug_1,Tapo P110,P110,fridge,a7c73018,multi_cycle,1.0,99.467,237.943,0.709,0.088,0.32,,on,-65,,2 hour NILM fridge session
2026-06-11T09:49:14.966053+00:00,2026-06-11 15:19:14,Anllia,plug_1,Tapo P110,P110,fridge,a7c73018,multi_cycle,1.0,99.394,237.943,0.709,0.088,0.32,,on,-65,,2 hour NILM fridge session
2026-06-11T09:49:16.210978+00:00,2026-06-11 15:19:16,Anllia,plug_1,Tapo P110,P110,fridge,a7c73018,multi_cycle,1.0,99.314,237.943,0.708,0.088,0.321,,on,-65,,2 hour NILM fridge session
2026-06-11T09:49:17.573556+00:00,2026-06-11 15:19:17,Anllia,plug_1,Tapo P110,P110,fridge,a7c73018,multi_cycle,1.0,99.411,238.48,0.708,0.088,0.321,,on,-65,,2 hour NILM fridge session
2026-06-11T09:49:18.841146+00:00,2026-06-11 15:19:18,Anllia,plug_1,Tapo P110,P110,fridge,a7c73018,multi_cycle,1.0,99.466,238.48,0.707,0.088,0.321,,on,-65,,2 hour NILM fridge session
2026-06-11T09:49:20.204248+00:00,2026-06-11 15:19:20,Anllia,plug_1,Tapo P110,P110,fridge,a7c73018,multi_cycle,1.0,99.466,238.504,0.707,0.088,0.321,,on,-66,,2 hour NILM fridge session
2026-06-11T09:49:21.474034+00:00,2026-06-11 15:19:21,Anllia,plug_1,Tapo P110,P110,fridge,a7c73018,multi_cycle,1.0,99.693,238.504,0.708,0.088,0.321,,on,-65,,2 hour NILM fridge session
2026-06-11T09:49:22.789188+00:00,2026-06-11 15:19:22,Anllia,plug_1,Tapo P110,P110,fridge,a7c73018,multi_cycle,1.0,99.722,238.718,0.708,0.088,0.321,,on,-65,,2 hour NILM fridge session
2026-06-11T09:49:24.188230+00:00,2026-06-11 15:19:24,Anllia,plug_1,Tapo P110,P110,fridge,a7c73018,multi_cycle,1.0,99.927,238.718,0.709,0.088,0.321,,on,-65,,2 hour NILM fridge session
2026-06-11T09:49:25.504274+00:00,2026-06-11 15:19:25,Anllia,plug_1,Tapo P110,P110,fridge,a7c73018,multi_cycle,1.0,99.814,238.718,0.709,0.088,0.321,,on,-65,,2 hour NILM fridge session
2026-06-11T09:49:26.866687+00:00,2026-06-11 15:19:26,Anllia,plug_1,Tapo P110,P110,fridge,a7c73018,multi_cycle,1.0,99.575,238.671,0.709,0.089,0.321,,on,-65,,2 hour NILM fridge session
2026-06-11T09:49:28.182822+00:00,2026-06-11 15:19:28,Anllia,plug_1,Tapo P110,P110,fridge,a7c73018,multi_cycle,1.0,99.637,238.671,0.707,0.089,0.321,,on,-65,,2 hour NILM fridge session
2026-06-11T09:49:29.450796+00:00,2026-06-11 15:19:29,Anllia,plug_1,Tapo P110,P110,fridge,a7c73018,multi_cycle,1.0,99.445,238.582,0.707,0.089,0.321,,on,-65,,2 hour NILM fridge session
2026-06-11T09:49:30.819357+00:00,2026-06-11 15:19:30,Anllia,plug_1,Tapo P110,P110,fridge,a7c73018,multi_cycle,1.0,99.361,238.582,0.708,0.089,0.321,,on,-65,,2 hour NILM fridge session
2026-06-11T09:49:32.070981+00:00,2026-06-11 15:19:32,Anllia,plug_1,Tapo P110,P110,fridge,a7c73018,multi_cycle,1.0,99.361,238.635,0.708,0.089,0.321,,on,-65,,2 hour NILM fridge session
2026-06-11T09:49:33.397222+00:00,2026-06-11 15:19:33,Anllia,plug_1,Tapo P110,P110,fridge,a7c73018,multi_cycle,1.0,99.344,238.635,0.706,0.089,0.321,,on,-65,,2 hour NILM fridge session
2026-06-11T09:49:36.178741+00:00,2026-06-11 15:19:36,Anllia,plug_1,Tapo P110,P110,fridge,a7c73018,multi_cycle,1.0,99.363,238.583,0.705,0.089,0.321,,on,-65,,2 hour NILM fridge session
2026-06-11T09:49:37.559482+00:00,2026-06-11 15:19:37,Anllia,plug_1,Tapo P110,P110,fridge,a7c73018,multi_cycle,1.0,99.035,238.583,0.705,0.089,0.321,,on,-65,,2 hour NILM fridge session
2026-06-11T09:49:38.908184+00:00,2026-06-11 15:19:38,Anllia,plug_1,Tapo P110,P110,fridge,a7c73018,multi_cycle,1.0,99.111,238.643,0.705,0.089,0.321,,on,-65,,2 hour NILM fridge session
2026-06-11T09:49:41.342209+00:00,2026-06-11 15:19:41,Anllia,plug_1,Tapo P110,P110,fridge,a7c73018,multi_cycle,1.0,99.201,238.643,0.707,0.089,0.321,,on,-65,,2 hour NILM fridge session
2026-06-11T09:49:42.776873+00:00,2026-06-11 15:19:42,Anllia,plug_1,Tapo P110,P110,fridge,a7c73018,multi_cycle,1.0,98.789,238.429,0.701,0.089,0.321,,on,-65,,2 hour NILM fridge session
2026-06-11T09:49:44.132457+00:00,2026-06-11 15:19:44,Anllia,plug_1,Tapo P110,P110,fridge,a7c73018,multi_cycle,1.0,98.854,238.418,0.701,0.089,0.321,,on,-65,,2 hour NILM fridge session
2026-06-11T09:49:47.837539+00:00,2026-06-11 15:19:47,Anllia,plug_1,Tapo P110,P110,fridge,a7c73018,multi_cycle,1.0,98.672,238.423,0.702,0.089,0.321,,on,-65,,2 hour NILM fridge session
2026-06-11T09:49:49.155697+00:00,2026-06-11 15:19:49,Anllia,plug_1,Tapo P110,P110,fridge,a7c73018,multi_cycle,1.0,99.383,238.423,0.706,0.089,0.321,,on,-65,,2 hour NILM fridge session
2026-06-11T09:49:50.423315+00:00,2026-06-11 15:19:50,Anllia,plug_1,Tapo P110,P110,fridge,a7c73018,multi_cycle,1.0,99.487,238.43,0.706,0.089,0.321,,on,-65,,2 hour NILM fridge session
2026-06-11T09:49:51.713884+00:00,2026-06-11 15:19:51,Anllia,plug_1,Tapo P110,P110,fridge,a7c73018,multi_cycle,1.0,99.859,238.43,0.706,0.089,0.321,,on,-65,,2 hour NILM fridge session
2026-06-11T09:49:53.053737+00:00,2026-06-11 15:19:53,Anllia,plug_1,Tapo P110,P110,fridge,a7c73018,multi_cycle,1.0,99.859,238.301,0.706,0.089,0.322,,on,-65,,2 hour NILM fridge session
2026-06-11T09:49:55.407021+00:00,2026-06-11 15:19:55,Anllia,plug_1,Tapo P110,P110,fridge,a7c73018,multi_cycle,1.0,99.772,238.301,0.707,0.089,0.322,,on,-65,,2 hour NILM fridge session
2026-06-11T09:49:56.737509+00:00,2026-06-11 15:19:56,Anllia,plug_1,Tapo P110,P110,fridge,a7c73018,multi_cycle,1.0,99.506,238.431,0.707,0.089,0.322,,on,-65,,2 hour NILM fridge session
2026-06-11T09:49:57.989107+00:00,2026-06-11 15:19:57,Anllia,plug_1,Tapo P110,P110,fridge,a7c73018,multi_cycle,1.0,99.206,238.431,0.705,0.089,0.322,,on,-65,,2 hour NILM fridge session
2026-06-11T09:49:59.355172+00:00,2026-06-11 15:19:59,Anllia,plug_1,Tapo P110,P110,fridge,a7c73018,multi_cycle,1.0,99.186,238.364,0.705,0.089,0.322,,on,-65,,2 hour NILM fridge session
2026-06-11T09:50:00.631445+00:00,2026-06-11 15:20:00,Anllia,plug_1,Tapo P110,P110,fridge,a7c73018,multi_cycle,1.0,99.186,238.364,0.706,0.089,0.322,,on,-65,,2 hour NILM fridge session
2026-06-11T09:50:01.986669+00:00,2026-06-11 15:20:01,Anllia,plug_1,Tapo P110,P110,fridge,a7c73018,multi_cycle,1.0,99.351,238.413,0.706,0.089,0.322,,on,-65,,2 hour NILM fridge session
2026-06-11T09:50:03.242034+00:00,2026-06-11 15:20:03,Anllia,plug_1,Tapo P110,P110,fridge,a7c73018,multi_cycle,1.0,99.378,238.413,0.707,0.09,0.322,,on,-65,,2 hour NILM fridge session
2026-06-11T09:50:04.536614+00:00,2026-06-11 15:20:04,Anllia,plug_1,Tapo P110,P110,fridge,a7c73018,multi_cycle,1.0,99.284,238.413,0.707,0.09,0.322,,on,-65,,2 hour NILM fridge session
2026-06-11T09:50:05.863035+00:00,2026-06-11 15:20:05,Anllia,plug_1,Tapo P110,P110,fridge,a7c73018,multi_cycle,1.0,99.491,238.684,0.707,0.09,0.322,,on,-65,,2 hour NILM fridge session
2026-06-11T09:50:07.149845+00:00,2026-06-11 15:20:07,Anllia,plug_1,Tapo P110,P110,fridge,a7c73018,multi_cycle,1.0,99.681,238.684,0.708,0.09,0.322,,on,-65,,2 hour NILM fridge session
2026-06-11T09:50:08.405464+00:00,2026-06-11 15:20:08,Anllia,plug_1,Tapo P110,P110,fridge,a7c73018,multi_cycle,1.0,99.373,238.809,0.708,0.09,0.322,,on,-65,,2 hour NILM fridge session
2026-06-11T09:50:09.884853+00:00,2026-06-11 15:20:09,Anllia,plug_1,Tapo P110,P110,fridge,a7c73018,multi_cycle,1.0,99.373,238.809,0.706,0.09,0.322,,on,-65,,2 hour NILM fridge session
2026-06-11T09:50:11.139385+00:00,2026-06-11 15:20:11,Anllia,plug_1,Tapo P110,P110,fridge,a7c73018,multi_cycle,1.0,99.401,238.744,0.706,0.09,0.322,,on,-65,,2 hour NILM fridge session
2026-06-11T09:50:12.468187+00:00,2026-06-11 15:20:12,Anllia,plug_1,Tapo P110,P110,fridge,a7c73018,multi_cycle,1.0,99.34,238.744,0.701,0.09,0.322,,on,-65,,2 hour NILM fridge session
2026-06-11T09:50:13.717544+00:00,2026-06-11 15:20:13,Anllia,plug_1,Tapo P110,P110,fridge,a7c73018,multi_cycle,1.0,99.481,238.865,0.701,0.09,0.322,,on,-65,,2 hour NILM fridge session
2026-06-11T09:50:14.984470+00:00,2026-06-11 15:20:14,Anllia,plug_1,Tapo P110,P110,fridge,a7c73018,multi_cycle,1.0,99.376,238.865,0.701,0.09,0.322,,on,-65,,2 hour NILM fridge session
2026-06-11T09:50:16.331963+00:00,2026-06-11 15:20:16,Anllia,plug_1,Tapo P110,P110,fridge,a7c73018,multi_cycle,1.0,99.14,238.865,0.701,0.09,0.322,,on,-65,,2 hour NILM fridge session
2026-06-11T09:50:17.580613+00:00,2026-06-11 15:20:17,Anllia,plug_1,Tapo P110,P110,fridge,a7c73018,multi_cycle,1.0,99.317,238.491,0.701,0.09,0.322,,on,-65,,2 hour NILM fridge session
2026-06-11T09:50:18.930332+00:00,2026-06-11 15:20:18,Anllia,plug_1,Tapo P110,P110,fridge,a7c73018,multi_cycle,1.0,99.519,238.491,0.706,0.09,0.322,,on,-65,,2 hour NILM fridge session
2026-06-11T09:50:20.200393+00:00,2026-06-11 15:20:20,Anllia,plug_1,Tapo P110,P110,fridge,a7c73018,multi_cycle,1.0,99.519,238.799,0.706,0.09,0.322,,on,-65,,2 hour NILM fridge session
2026-06-11T09:50:21.491139+00:00,2026-06-11 15:20:21,Anllia,plug_1,Tapo P110,P110,fridge,a7c73018,multi_cycle,1.0,99.23,238.799,0.7,0.09,0.322,,on,-65,,2 hour NILM fridge session
2026-06-11T09:50:22.913980+00:00,2026-06-11 15:20:22,Anllia,plug_1,Tapo P110,P110,fridge,a7c73018,multi_cycle,1.0,99.195,239.345,0.7,0.09,0.322,,on,-65,,2 hour NILM fridge session
2026-06-11T09:50:24.165193+00:00,2026-06-11 15:20:24,Anllia,plug_1,Tapo P110,P110,fridge,a7c73018,multi_cycle,1.0,99.177,239.345,0.7,0.09,0.322,,on,-66,,2 hour NILM fridge session
2026-06-11T09:50:25.542335+00:00,2026-06-11 15:20:25,Anllia,plug_1,Tapo P110,P110,fridge,a7c73018,multi_cycle,1.0,98.601,239.345,0.7,0.09,0.322,,on,-65,,2 hour NILM fridge session
2026-06-11T09:50:26.796145+00:00,2026-06-11 15:20:26,Anllia,plug_1,Tapo P110,P110,fridge,a7c73018,multi_cycle,1.0,98.827,239.486,0.7,0.09,0.322,,on,-65,,2 hour NILM fridge session
2026-06-11T09:50:28.051753+00:00,2026-06-11 15:20:28,Anllia,plug_1,Tapo P110,P110,fridge,a7c73018,multi_cycle,1.0,98.703,239.486,0.699,0.09,0.322,,on,-65,,2 hour NILM fridge session
2026-06-11T09:50:29.327424+00:00,2026-06-11 15:20:29,Anllia,plug_1,Tapo P110,P110,fridge,a7c73018,multi_cycle,1.0,98.703,239.474,0.699,0.09,0.323,,on,-65,,2 hour NILM fridge session
2026-06-11T09:50:31.806421+00:00,2026-06-11 15:20:31,Anllia,plug_1,Tapo P110,P110,fridge,a7c73018,multi_cycle,1.0,99.538,239.474,0.703,0.09,0.323,,on,-65,,2 hour NILM fridge session
2026-06-11T09:50:33.072304+00:00,2026-06-11 15:20:33,Anllia,plug_1,Tapo P110,P110,fridge,a7c73018,multi_cycle,1.0,99.444,239.589,0.703,0.09,0.323,,on,-65,,2 hour NILM fridge session
2026-06-11T09:50:34.420552+00:00,2026-06-11 15:20:34,Anllia,plug_1,Tapo P110,P110,fridge,a7c73018,multi_cycle,1.0,99.248,239.589,0.701,0.09,0.323,,on,-65,,2 hour NILM fridge session
2026-06-11T09:50:35.708909+00:00,2026-06-11 15:20:35,Anllia,plug_1,Tapo P110,P110,fridge,a7c73018,multi_cycle,1.0,99.279,239.446,0.701,0.09,0.323,,on,-65,,2 hour NILM fridge session
2026-06-11T09:50:37.024088+00:00,2026-06-11 15:20:37,Anllia,plug_1,Tapo P110,P110,fridge,a7c73018,multi_cycle,1.0,99.211,239.446,0.699,0.09,0.323,,on,-65,,2 hour NILM fridge session
2026-06-11T09:50:38.348881+00:00,2026-06-11 15:20:38,Anllia,plug_1,Tapo P110,P110,fridge,a7c73018,multi_cycle,1.0,99.211,239.531,0.699,0.09,0.323,,on,-65,,2 hour NILM fridge session
2026-06-11T09:50:39.763641+00:00,2026-06-11 15:20:39,Anllia,plug_1,Tapo P110,P110,fridge,a7c73018,multi_cycle,1.0,99.346,239.531,0.7,0.091,0.323,,on,-65,,2 hour NILM fridge session
2026-06-11T09:50:41.008312+00:00,2026-06-11 15:20:41,Anllia,plug_1,Tapo P110,P110,fridge,a7c73018,multi_cycle,1.0,99.528,239.557,0.7,0.091,0.323,,on,-65,,2 hour NILM fridge session
2026-06-11T09:50:42.380664+00:00,2026-06-11 15:20:42,Anllia,plug_1,Tapo P110,P110,fridge,a7c73018,multi_cycle,1.0,99.677,239.557,0.699,0.091,0.323,,on,-65,,2 hour NILM fridge session
2026-06-11T09:50:43.630817+00:00,2026-06-11 15:20:43,Anllia,plug_1,Tapo P110,P110,fridge,a7c73018,multi_cycle,1.0,99.641,239.557,0.699,0.091,0.323,,on,-65,,2 hour NILM fridge session
2026-06-11T09:50:45.002796+00:00,2026-06-11 15:20:45,Anllia,plug_1,Tapo P110,P110,fridge,a7c73018,multi_cycle,1.0,99.574,239.586,0.699,0.091,0.323,,on,-65,,2 hour NILM fridge session
2026-06-11T09:50:46.351697+00:00,2026-06-11 15:20:46,Anllia,plug_1,Tapo P110,P110,fridge,a7c73018,multi_cycle,1.0,99.806,239.586,0.7,0.091,0.323,,on,-65,,2 hour NILM fridge session
2026-06-11T09:50:47.643390+00:00,2026-06-11 15:20:47,Anllia,plug_1,Tapo P110,P110,fridge,a7c73018,multi_cycle,1.0,99.626,239.667,0.7,0.091,0.323,,on,-65,,2 hour NILM fridge session
2026-06-11T09:50:49.033505+00:00,2026-06-11 15:20:49,Anllia,plug_1,Tapo P110,P110,fridge,a7c73018,multi_cycle,1.0,99.718,239.667,0.701,0.091,0.323,,on,-65,,2 hour NILM fridge session
2026-06-11T09:50:50.346693+00:00,2026-06-11 15:20:50,Anllia,plug_1,Tapo P110,P110,fridge,a7c73018,multi_cycle,1.0,99.718,239.619,0.701,0.091,0.323,,on,-65,,2 hour NILM fridge session
2026-06-11T09:50:51.615940+00:00,2026-06-11 15:20:51,Anllia,plug_1,Tapo P110,P110,fridge,a7c73018,multi_cycle,1.0,99.38,239.619,0.699,0.091,0.323,,on,-65,,2 hour NILM fridge session
2026-06-11T09:50:55.328035+00:00,2026-06-11 15:20:55,Anllia,plug_1,Tapo P110,P110,fridge,a7c73018,multi_cycle,1.0,99.654,239.493,0.699,0.091,0.323,,on,-65,,2 hour NILM fridge session
2026-06-11T09:50:56.608360+00:00,2026-06-11 15:20:56,Anllia,plug_1,Tapo P110,P110,fridge,a7c73018,multi_cycle,1.0,99.295,239.645,0.702,0.091,0.323,,on,-65,,2 hour NILM fridge session
2026-06-11T09:50:57.951937+00:00,2026-06-11 15:20:57,Anllia,plug_1,Tapo P110,P110,fridge,a7c73018,multi_cycle,1.0,99.295,239.645,0.7,0.091,0.323,,on,-65,,2 hour NILM fridge session
2026-06-11T09:50:59.317784+00:00,2026-06-11 15:20:59,Anllia,plug_1,Tapo P110,P110,fridge,a7c73018,multi_cycle,1.0,99.276,239.646,0.7,0.091,0.323,,on,-66,,2 hour NILM fridge session
2026-06-11T09:51:00.585278+00:00,2026-06-11 15:21:00,Anllia,plug_1,Tapo P110,P110,fridge,a7c73018,multi_cycle,1.0,99.466,239.646,0.701,0.091,0.323,,on,-65,,2 hour NILM fridge session
2026-06-11T09:51:01.846033+00:00,2026-06-11 15:21:01,Anllia,plug_1,Tapo P110,P110,fridge,a7c73018,multi_cycle,1.0,99.641,239.55,0.701,0.091,0.323,,on,-66,,2 hour NILM fridge session
2026-06-11T09:51:03.110979+00:00,2026-06-11 15:21:03,Anllia,plug_1,Tapo P110,P110,fridge,a7c73018,multi_cycle,1.0,99.653,239.55,0.701,0.091,0.323,,on,-65,,2 hour NILM fridge session
2026-06-11T09:51:04.413896+00:00,2026-06-11 15:21:04,Anllia,plug_1,Tapo P110,P110,fridge,a7c73018,multi_cycle,1.0,99.647,239.55,0.702,0.091,0.324,,on,-65,,2 hour NILM fridge session
2026-06-11T09:51:05.682586+00:00,2026-06-11 15:21:05,Anllia,plug_1,Tapo P110,P110,fridge,a7c73018,multi_cycle,1.0,99.589,239.508,0.702,0.091,0.324,,on,-65,,2 hour NILM fridge session
2026-06-11T09:51:06.941889+00:00,2026-06-11 15:21:06,Anllia,plug_1,Tapo P110,P110,fridge,a7c73018,multi_cycle,1.0,99.556,239.508,0.702,0.091,0.324,,on,-65,,2 hour NILM fridge session
2026-06-11T09:51:08.198324+00:00,2026-06-11 15:21:08,Anllia,plug_1,Tapo P110,P110,fridge,a7c73018,multi_cycle,1.0,99.556,239.587,0.702,0.091,0.324,,on,-66,,2 hour NILM fridge session
2026-06-11T09:51:09.466656+00:00,2026-06-11 15:21:09,Anllia,plug_1,Tapo P110,P110,fridge,a7c73018,multi_cycle,1.0,99.75,239.587,0.701,0.091,0.324,,on,-65,,2 hour NILM fridge session
2026-06-11T09:51:10.754949+00:00,2026-06-11 15:21:10,Anllia,plug_1,Tapo P110,P110,fridge,a7c73018,multi_cycle,1.0,99.364,239.587,0.701,0.091,0.324,,on,-65,,2 hour NILM fridge session
2026-06-11T09:51:12.064531+00:00,2026-06-11 15:21:12,Anllia,plug_1,Tapo P110,P110,fridge,a7c73018,multi_cycle,1.0,99.373,239.711,0.701,0.091,0.324,,on,-65,,2 hour NILM fridge session
2026-06-11T09:51:13.331275+00:00,2026-06-11 15:21:13,Anllia,plug_1,Tapo P110,P110,fridge,a7c73018,multi_cycle,1.0,99.446,239.711,0.7,0.091,0.324,,on,-65,,2 hour NILM fridge session
2026-06-11T09:51:14.587541+00:00,2026-06-11 15:21:14,Anllia,plug_1,Tapo P110,P110,fridge,a7c73018,multi_cycle,1.0,99.419,239.91,0.7,0.091,0.324,,on,-65,,2 hour NILM fridge session
2026-06-11T09:51:15.932270+00:00,2026-06-11 15:21:15,Anllia,plug_1,Tapo P110,P110,fridge,a7c73018,multi_cycle,1.0,99.419,239.91,0.702,0.092,0.324,,on,-65,,2 hour NILM fridge session
2026-06-11T09:51:17.201689+00:00,2026-06-11 15:21:17,Anllia,plug_1,Tapo P110,P110,fridge,a7c73018,multi_cycle,1.0,99.467,240.041,0.702,0.092,0.324,,on,-65,,2 hour NILM fridge session
2026-06-11T09:51:18.503423+00:00,2026-06-11 15:21:18,Anllia,plug_1,Tapo P110,P110,fridge,a7c73018,multi_cycle,1.0,99.652,240.041,0.699,0.092,0.324,,on,-64,,2 hour NILM fridge session
2026-06-11T09:51:19.757229+00:00,2026-06-11 15:21:19,Anllia,plug_1,Tapo P110,P110,fridge,a7c73018,multi_cycle,1.0,99.038,240.041,0.699,0.092,0.324,,on,-65,,2 hour NILM fridge session
2026-06-11T09:51:21.065222+00:00,2026-06-11 15:21:21,Anllia,plug_1,Tapo P110,P110,fridge,a7c73018,multi_cycle,1.0,98.941,240.008,0.699,0.092,0.324,,on,-65,,2 hour NILM fridge session
2026-06-11T09:51:22.324606+00:00,2026-06-11 15:21:22,Anllia,plug_1,Tapo P110,P110,fridge,a7c73018,multi_cycle,1.0,98.75,240.008,0.696,0.092,0.324,,on,-65,,2 hour NILM fridge session
2026-06-11T09:51:23.600906+00:00,2026-06-11 15:21:23,Anllia,plug_1,Tapo P110,P110,fridge,a7c73018,multi_cycle,1.0,99.103,239.404,0.696,0.092,0.324,,on,-65,,2 hour NILM fridge session
2026-06-11T09:51:24.929589+00:00,2026-06-11 15:21:24,Anllia,plug_1,Tapo P110,P110,fridge,a7c73018,multi_cycle,1.0,99.103,239.404,0.701,0.092,0.324,,on,-65,,2 hour NILM fridge session
2026-06-11T09:51:26.195564+00:00,2026-06-11 15:21:26,Anllia,plug_1,Tapo P110,P110,fridge,a7c73018,multi_cycle,1.0,99.398,239.629,0.701,0.092,0.324,,on,-65,,2 hour NILM fridge session
2026-06-11T09:51:27.495180+00:00,2026-06-11 15:21:27,Anllia,plug_1,Tapo P110,P110,fridge,a7c73018,multi_cycle,1.0,99.195,239.629,0.698,0.092,0.324,,on,-65,,2 hour NILM fridge session
2026-06-11T09:51:28.830641+00:00,2026-06-11 15:21:28,Anllia,plug_1,Tapo P110,P110,fridge,a7c73018,multi_cycle,1.0,99.281,239.629,0.698,0.092,0.324,,on,-65,,2 hour NILM fridge session
2026-06-11T09:51:30.100378+00:00,2026-06-11 15:21:30,Anllia,plug_1,Tapo P110,P110,fridge,a7c73018,multi_cycle,1.0,99.581,239.703,0.698,0.092,0.324,,on,-65,,2 hour NILM fridge session
2026-06-11T09:51:31.363569+00:00,2026-06-11 15:21:31,Anllia,plug_1,Tapo P110,P110,fridge,a7c73018,multi_cycle,1.0,99.434,239.703,0.701,0.092,0.324,,on,-65,,2 hour NILM fridge session
2026-06-11T09:51:32.762916+00:00,2026-06-11 15:21:32,Anllia,plug_1,Tapo P110,P110,fridge,a7c73018,multi_cycle,1.0,99.271,239.694,0.701,0.092,0.324,,on,-65,,2 hour NILM fridge session
2026-06-11T09:51:34.074338+00:00,2026-06-11 15:21:34,Anllia,plug_1,Tapo P110,P110,fridge,a7c73018,multi_cycle,1.0,99.271,239.694,0.7,0.092,0.324,,on,-65,,2 hour NILM fridge session
2026-06-11T09:51:35.391976+00:00,2026-06-11 15:21:35,Anllia,plug_1,Tapo P110,P110,fridge,a7c73018,multi_cycle,1.0,99.233,239.625,0.7,0.092,0.324,,on,-65,,2 hour NILM fridge session
2026-06-11T09:51:36.651940+00:00,2026-06-11 15:21:36,Anllia,plug_1,Tapo P110,P110,fridge,a7c73018,multi_cycle,1.0,99.435,239.625,0.702,0.092,0.324,,on,-65,,2 hour NILM fridge session
2026-06-11T09:51:37.908696+00:00,2026-06-11 15:21:37,Anllia,plug_1,Tapo P110,P110,fridge,a7c73018,multi_cycle,1.0,99.23,239.625,0.702,0.092,0.324,,on,-66,,2 hour NILM fridge session
2026-06-11T09:51:39.242381+00:00,2026-06-11 15:21:39,Anllia,plug_1,Tapo P110,P110,fridge,a7c73018,multi_cycle,1.0,99.476,239.592,0.702,0.092,0.324,,on,-65,,2 hour NILM fridge session
2026-06-11T09:51:40.704756+00:00,2026-06-11 15:21:40,Anllia,plug_1,Tapo P110,P110,fridge,a7c73018,multi_cycle,1.0,99.376,239.592,0.703,0.092,0.324,,on,-65,,2 hour NILM fridge session
2026-06-11T09:51:42.054243+00:00,2026-06-11 15:21:42,Anllia,plug_1,Tapo P110,P110,fridge,a7c73018,multi_cycle,1.0,99.187,239.619,0.703,0.092,0.325,,on,-65,,2 hour NILM fridge session
2026-06-11T09:51:43.343793+00:00,2026-06-11 15:21:43,Anllia,plug_1,Tapo P110,P110,fridge,a7c73018,multi_cycle,1.0,99.113,239.619,0.702,0.092,0.325,,on,-65,,2 hour NILM fridge session
2026-06-11T09:51:44.684874+00:00,2026-06-11 15:21:44,Anllia,plug_1,Tapo P110,P110,fridge,a7c73018,multi_cycle,1.0,99.113,239.619,0.702,0.092,0.325,,on,-65,,2 hour NILM fridge session
2026-06-11T09:51:45.938330+00:00,2026-06-11 15:21:45,Anllia,plug_1,Tapo P110,P110,fridge,a7c73018,multi_cycle,1.0,98.957,239.619,0.7,0.092,0.325,,on,-65,,2 hour NILM fridge session
2026-06-11T09:51:47.205502+00:00,2026-06-11 15:21:47,Anllia,plug_1,Tapo P110,P110,fridge,a7c73018,multi_cycle,1.0,98.934,239.746,0.7,0.092,0.325,,on,-65,,2 hour NILM fridge session
2026-06-11T09:51:48.557989+00:00,2026-06-11 15:21:48,Anllia,plug_1,Tapo P110,P110,fridge,a7c73018,multi_cycle,1.0,98.751,239.746,0.7,0.092,0.325,,on,-65,,2 hour NILM fridge session
2026-06-11T09:51:49.845561+00:00,2026-06-11 15:21:49,Anllia,plug_1,Tapo P110,P110,fridge,a7c73018,multi_cycle,1.0,98.664,239.746,0.698,0.092,0.325,,on,-65,,2 hour NILM fridge session
2026-06-11T09:51:51.183519+00:00,2026-06-11 15:21:51,Anllia,plug_1,Tapo P110,P110,fridge,a7c73018,multi_cycle,1.0,98.549,239.473,0.698,0.093,0.325,,on,-65,,2 hour NILM fridge session
2026-06-11T09:51:53.901118+00:00,2026-06-11 15:21:53,Anllia,plug_1,Tapo P110,P110,fridge,a7c73018,multi_cycle,1.0,98.811,239.552,0.698,0.093,0.325,,on,-65,,2 hour NILM fridge session
2026-06-11T09:51:55.200423+00:00,2026-06-11 15:21:55,Anllia,plug_1,Tapo P110,P110,fridge,a7c73018,multi_cycle,1.0,98.56,239.552,0.698,0.093,0.325,,on,-65,,2 hour NILM fridge session
2026-06-11T09:51:56.533788+00:00,2026-06-11 15:21:56,Anllia,plug_1,Tapo P110,P110,fridge,a7c73018,multi_cycle,1.0,98.56,239.719,0.698,0.093,0.325,,on,-65,,2 hour NILM fridge session
2026-06-11T09:51:57.833775+00:00,2026-06-11 15:21:57,Anllia,plug_1,Tapo P110,P110,fridge,a7c73018,multi_cycle,1.0,98.408,239.719,0.698,0.093,0.325,,on,-65,,2 hour NILM fridge session
2026-06-11T09:51:59.163098+00:00,2026-06-11 15:21:59,Anllia,plug_1,Tapo P110,P110,fridge,a7c73018,multi_cycle,1.0,98.561,239.977,0.698,0.093,0.325,,on,-65,,2 hour NILM fridge session
2026-06-11T09:52:00.526372+00:00,2026-06-11 15:22:00,Anllia,plug_1,Tapo P110,P110,fridge,a7c73018,multi_cycle,1.0,98.298,239.977,0.698,0.093,0.325,,on,-65,,2 hour NILM fridge session
2026-06-11T09:52:01.842635+00:00,2026-06-11 15:22:01,Anllia,plug_1,Tapo P110,P110,fridge,a7c73018,multi_cycle,1.0,98.34,239.977,0.695,0.093,0.325,,on,-65,,2 hour NILM fridge session
2026-06-11T09:52:03.108784+00:00,2026-06-11 15:22:03,Anllia,plug_1,Tapo P110,P110,fridge,a7c73018,multi_cycle,1.0,98.602,239.74,0.695,0.093,0.325,,on,-65,,2 hour NILM fridge session
2026-06-11T09:52:04.512556+00:00,2026-06-11 15:22:04,Anllia,plug_1,Tapo P110,P110,fridge,a7c73018,multi_cycle,1.0,99.095,239.74,0.698,0.093,0.325,,on,-65,,2 hour NILM fridge session
2026-06-11T09:52:05.757811+00:00,2026-06-11 15:22:05,Anllia,plug_1,Tapo P110,P110,fridge,a7c73018,multi_cycle,1.0,99.231,240.079,0.698,0.093,0.325,,on,-65,,2 hour NILM fridge session
2026-06-11T09:52:07.106686+00:00,2026-06-11 15:22:07,Anllia,plug_1,Tapo P110,P110,fridge,a7c73018,multi_cycle,1.0,99.231,240.079,0.693,0.093,0.325,,on,-65,,2 hour NILM fridge session
2026-06-11T09:52:08.467530+00:00,2026-06-11 15:22:08,Anllia,plug_1,Tapo P110,P110,fridge,a7c73018,multi_cycle,1.0,98.727,240.576,0.693,0.093,0.325,,on,-64,,2 hour NILM fridge session
2026-06-11T09:52:09.820419+00:00,2026-06-11 15:22:09,Anllia,plug_1,Tapo P110,P110,fridge,a7c73018,multi_cycle,1.0,99.127,240.576,0.694,0.093,0.325,,on,-66,,2 hour NILM fridge session
2026-06-11T09:52:11.136609+00:00,2026-06-11 15:22:11,Anllia,plug_1,Tapo P110,P110,fridge,a7c73018,multi_cycle,1.0,98.783,240.156,0.694,0.093,0.325,,on,-65,,2 hour NILM fridge session
2026-06-11T09:52:12.453038+00:00,2026-06-11 15:22:12,Anllia,plug_1,Tapo P110,P110,fridge,a7c73018,multi_cycle,1.0,98.825,240.156,0.694,0.093,0.325,,on,-65,,2 hour NILM fridge session
2026-06-11T09:52:13.803371+00:00,2026-06-11 15:22:13,Anllia,plug_1,Tapo P110,P110,fridge,a7c73018,multi_cycle,1.0,98.928,240.156,0.697,0.093,0.325,,on,-65,,2 hour NILM fridge session
2026-06-11T09:52:15.118820+00:00,2026-06-11 15:22:15,Anllia,plug_1,Tapo P110,P110,fridge,a7c73018,multi_cycle,1.0,99.057,240.287,0.697,0.093,0.325,,on,-65,,2 hour NILM fridge session
2026-06-11T09:52:16.435709+00:00,2026-06-11 15:22:16,Anllia,plug_1,Tapo P110,P110,fridge,a7c73018,multi_cycle,1.0,99.059,240.287,0.698,0.093,0.325,,on,-65,,2 hour NILM fridge session
2026-06-11T09:52:17.694136+00:00,2026-06-11 15:22:17,Anllia,plug_1,Tapo P110,P110,fridge,a7c73018,multi_cycle,1.0,99.059,240.34,0.698,0.093,0.326,,on,-65,,2 hour NILM fridge session
2026-06-11T09:52:18.937756+00:00,2026-06-11 15:22:18,Anllia,plug_1,Tapo P110,P110,fridge,a7c73018,multi_cycle,1.0,98.924,240.34,0.697,0.093,0.326,,on,-64,,2 hour NILM fridge session
2026-06-11T09:52:20.201442+00:00,2026-06-11 15:22:20,Anllia,plug_1,Tapo P110,P110,fridge,a7c73018,multi_cycle,1.0,98.898,240.249,0.697,0.093,0.326,,on,-64,,2 hour NILM fridge session
2026-06-11T09:52:21.533308+00:00,2026-06-11 15:22:21,Anllia,plug_1,Tapo P110,P110,fridge,a7c73018,multi_cycle,1.0,98.892,240.249,0.697,0.093,0.326,,on,-65,,2 hour NILM fridge session
2026-06-11T09:52:22.849050+00:00,2026-06-11 15:22:22,Anllia,plug_1,Tapo P110,P110,fridge,a7c73018,multi_cycle,1.0,99.101,240.249,0.696,0.093,0.326,,on,-65,,2 hour NILM fridge session
2026-06-11T09:52:24.214326+00:00,2026-06-11 15:22:24,Anllia,plug_1,Tapo P110,P110,fridge,a7c73018,multi_cycle,1.0,98.715,240.197,0.696,0.093,0.326,,on,-64,,2 hour NILM fridge session
2026-06-11T09:52:25.568934+00:00,2026-06-11 15:22:25,Anllia,plug_1,Tapo P110,P110,fridge,a7c73018,multi_cycle,1.0,98.564,240.197,0.696,0.093,0.326,,on,-64,,2 hour NILM fridge session
2026-06-11T09:52:26.928725+00:00,2026-06-11 15:22:26,Anllia,plug_1,Tapo P110,P110,fridge,a7c73018,multi_cycle,1.0,98.305,240.135,0.696,0.093,0.326,,on,-64,,2 hour NILM fridge session
2026-06-11T09:52:28.194677+00:00,2026-06-11 15:22:28,Anllia,plug_1,Tapo P110,P110,fridge,a7c73018,multi_cycle,1.0,98.305,240.135,0.693,0.094,0.326,,on,-65,,2 hour NILM fridge session
2026-06-11T09:52:29.493880+00:00,2026-06-11 15:22:29,Anllia,plug_1,Tapo P110,P110,fridge,a7c73018,multi_cycle,1.0,98.128,240.271,0.693,0.094,0.326,,on,-65,,2 hour NILM fridge session
2026-06-11T09:52:31.952874+00:00,2026-06-11 15:22:31,Anllia,plug_1,Tapo P110,P110,fridge,a7c73018,multi_cycle,1.0,98.323,240.271,0.692,0.094,0.326,,on,-65,,2 hour NILM fridge session
2026-06-11T09:52:33.210462+00:00,2026-06-11 15:22:33,Anllia,plug_1,Tapo P110,P110,fridge,a7c73018,multi_cycle,1.0,98.97,240.286,0.692,0.094,0.326,,on,-65,,2 hour NILM fridge session
2026-06-11T09:52:34.525504+00:00,2026-06-11 15:22:34,Anllia,plug_1,Tapo P110,P110,fridge,a7c73018,multi_cycle,1.0,98.908,240.286,0.697,0.094,0.326,,on,-64,,2 hour NILM fridge session
2026-06-11T09:52:35.822365+00:00,2026-06-11 15:22:35,Anllia,plug_1,Tapo P110,P110,fridge,a7c73018,multi_cycle,1.0,98.908,240.203,0.697,0.094,0.326,,on,-65,,2 hour NILM fridge session
2026-06-11T09:52:37.163466+00:00,2026-06-11 15:22:37,Anllia,plug_1,Tapo P110,P110,fridge,a7c73018,multi_cycle,1.0,98.254,240.203,0.698,0.094,0.326,,on,-65,,2 hour NILM fridge session
2026-06-11T09:52:38.458070+00:00,2026-06-11 15:22:38,Anllia,plug_1,Tapo P110,P110,fridge,a7c73018,multi_cycle,1.0,98.541,238.75,0.698,0.094,0.326,,on,-66,,2 hour NILM fridge session
2026-06-11T09:52:39.757245+00:00,2026-06-11 15:22:39,Anllia,plug_1,Tapo P110,P110,fridge,a7c73018,multi_cycle,1.0,98.768,238.75,0.699,0.094,0.326,,on,-66,,2 hour NILM fridge session
2026-06-11T09:52:41.022844+00:00,2026-06-11 15:22:41,Anllia,plug_1,Tapo P110,P110,fridge,a7c73018,multi_cycle,1.0,98.739,238.75,0.699,0.094,0.326,,on,-65,,2 hour NILM fridge session
2026-06-11T09:52:42.283158+00:00,2026-06-11 15:22:42,Anllia,plug_1,Tapo P110,P110,fridge,a7c73018,multi_cycle,1.0,98.602,239.954,0.699,0.094,0.326,,on,-65,,2 hour NILM fridge session
2026-06-11T09:52:43.577378+00:00,2026-06-11 15:22:43,Anllia,plug_1,Tapo P110,P110,fridge,a7c73018,multi_cycle,1.0,98.747,239.954,0.695,0.094,0.326,,on,-65,,2 hour NILM fridge session
2026-06-11T09:52:44.858965+00:00,2026-06-11 15:22:44,Anllia,plug_1,Tapo P110,P110,fridge,a7c73018,multi_cycle,1.0,98.784,239.949,0.695,0.094,0.326,,on,-64,,2 hour NILM fridge session
2026-06-11T09:52:46.127186+00:00,2026-06-11 15:22:46,Anllia,plug_1,Tapo P110,P110,fridge,a7c73018,multi_cycle,1.0,98.784,239.949,0.694,0.094,0.326,,on,-66,,2 hour NILM fridge session
2026-06-11T09:52:47.371474+00:00,2026-06-11 15:22:47,Anllia,plug_1,Tapo P110,P110,fridge,a7c73018,multi_cycle,1.0,98.426,240.036,0.694,0.094,0.326,,on,-68,,2 hour NILM fridge session
2026-06-11T09:52:48.760266+00:00,2026-06-11 15:22:48,Anllia,plug_1,Tapo P110,P110,fridge,a7c73018,multi_cycle,1.0,98.391,240.036,0.697,0.094,0.326,,on,-64,,2 hour NILM fridge session
2026-06-11T09:52:50.009923+00:00,2026-06-11 15:22:50,Anllia,plug_1,Tapo P110,P110,fridge,a7c73018,multi_cycle,1.0,97.99,240.036,0.697,0.094,0.326,,on,-62,,2 hour NILM fridge session
2026-06-11T09:52:51.357222+00:00,2026-06-11 15:22:51,Anllia,plug_1,Tapo P110,P110,fridge,a7c73018,multi_cycle,1.0,98.721,239.691,0.697,0.094,0.326,,on,-63,,2 hour NILM fridge session
2026-06-11T09:52:54.991153+00:00,2026-06-11 15:22:54,Anllia,plug_1,Tapo P110,P110,fridge,a7c73018,multi_cycle,1.0,99.814,239.465,0.699,0.094,0.326,,on,-69,,2 hour NILM fridge session
2026-06-11T09:52:56.344070+00:00,2026-06-11 15:22:56,Anllia,plug_1,Tapo P110,P110,fridge,a7c73018,multi_cycle,1.0,99.642,239.463,0.699,0.094,0.327,,on,-67,,2 hour NILM fridge session
2026-06-11T09:52:57.717072+00:00,2026-06-11 15:22:57,Anllia,plug_1,Tapo P110,P110,fridge,a7c73018,multi_cycle,1.0,98.721,239.463,0.699,0.094,0.327,,on,-68,,2 hour NILM fridge session
2026-06-11T09:52:58.983147+00:00,2026-06-11 15:22:58,Anllia,plug_1,Tapo P110,P110,fridge,a7c73018,multi_cycle,1.0,97.31,239.463,0.694,0.094,0.327,,on,-65,,2 hour NILM fridge session
2026-06-11T09:53:00.327254+00:00,2026-06-11 15:23:00,Anllia,plug_1,Tapo P110,P110,fridge,a7c73018,multi_cycle,1.0,99.354,237.722,0.694,0.094,0.327,,on,-65,,2 hour NILM fridge session
2026-06-11T09:53:01.746570+00:00,2026-06-11 15:23:01,Anllia,plug_1,Tapo P110,P110,fridge,a7c73018,multi_cycle,1.0,98.83,237.722,0.702,0.094,0.327,,on,-67,,2 hour NILM fridge session
2026-06-11T09:53:03.016411+00:00,2026-06-11 15:23:03,Anllia,plug_1,Tapo P110,P110,fridge,a7c73018,multi_cycle,1.0,98.967,239.488,0.702,0.094,0.327,,on,-65,,2 hour NILM fridge session
2026-06-11T09:53:04.273456+00:00,2026-06-11 15:23:04,Anllia,plug_1,Tapo P110,P110,fridge,a7c73018,multi_cycle,1.0,98.967,239.488,0.697,0.095,0.327,,on,-64,,2 hour NILM fridge session
2026-06-11T09:53:05.543438+00:00,2026-06-11 15:23:05,Anllia,plug_1,Tapo P110,P110,fridge,a7c73018,multi_cycle,1.0,98.98,239.761,0.697,0.095,0.327,,on,-65,,2 hour NILM fridge session
2026-06-11T09:53:06.895783+00:00,2026-06-11 15:23:06,Anllia,plug_1,Tapo P110,P110,fridge,a7c73018,multi_cycle,1.0,98.721,239.761,0.699,0.095,0.327,,on,-65,,2 hour NILM fridge session
2026-06-11T09:53:08.170168+00:00,2026-06-11 15:23:08,Anllia,plug_1,Tapo P110,P110,fridge,a7c73018,multi_cycle,1.0,99.075,239.761,0.699,0.095,0.327,,on,-65,,2 hour NILM fridge session
2026-06-11T09:53:09.560726+00:00,2026-06-11 15:23:09,Anllia,plug_1,Tapo P110,P110,fridge,a7c73018,multi_cycle,1.0,99.071,238.96,0.699,0.095,0.327,,on,-65,,2 hour NILM fridge session
2026-06-11T09:53:10.833868+00:00,2026-06-11 15:23:10,Anllia,plug_1,Tapo P110,P110,fridge,a7c73018,multi_cycle,1.0,97.383,238.96,0.692,0.095,0.327,,on,-65,,2 hour NILM fridge session
2026-06-11T09:53:13.344460+00:00,2026-06-11 15:23:13,Anllia,plug_1,Tapo P110,P110,fridge,a7c73018,multi_cycle,1.0,98.983,239.147,0.692,0.095,0.327,,on,-65,,2 hour NILM fridge session
2026-06-11T09:53:14.824664+00:00,2026-06-11 15:23:14,Anllia,plug_1,Tapo P110,P110,fridge,a7c73018,multi_cycle,1.0,96.94,238.252,0.693,0.095,0.327,,on,-65,,2 hour NILM fridge session
2026-06-11T09:53:16.251080+00:00,2026-06-11 15:23:16,Anllia,plug_1,Tapo P110,P110,fridge,a7c73018,multi_cycle,1.0,98.049,238.252,0.686,0.095,0.327,,on,-65,,2 hour NILM fridge session
2026-06-11T09:53:17.505141+00:00,2026-06-11 15:23:17,Anllia,plug_1,Tapo P110,P110,fridge,a7c73018,multi_cycle,1.0,97.052,238.538,0.686,0.095,0.327,,on,-66,,2 hour NILM fridge session
2026-06-11T09:53:18.814725+00:00,2026-06-11 15:23:18,Anllia,plug_1,Tapo P110,P110,fridge,a7c73018,multi_cycle,1.0,98.51,238.538,0.686,0.095,0.327,,on,-65,,2 hour NILM fridge session
2026-06-11T09:53:20.140827+00:00,2026-06-11 15:23:20,Anllia,plug_1,Tapo P110,P110,fridge,a7c73018,multi_cycle,1.0,97.163,238.538,0.686,0.095,0.327,,on,-65,,2 hour NILM fridge session
2026-06-11T09:53:21.497800+00:00,2026-06-11 15:23:21,Anllia,plug_1,Tapo P110,P110,fridge,a7c73018,multi_cycle,1.0,99.042,238.757,0.686,0.095,0.327,,on,-65,,2 hour NILM fridge session
2026-06-11T09:53:22.762657+00:00,2026-06-11 15:23:22,Anllia,plug_1,Tapo P110,P110,fridge,a7c73018,multi_cycle,1.0,96.873,238.757,0.687,0.095,0.327,,on,-65,,2 hour NILM fridge session
2026-06-11T09:53:24.295994+00:00,2026-06-11 15:23:24,Anllia,plug_1,Tapo P110,P110,fridge,a7c73018,multi_cycle,1.0,98.745,238.747,0.687,0.095,0.327,,on,-65,,2 hour NILM fridge session
2026-06-11T09:53:25.566948+00:00,2026-06-11 15:23:25,Anllia,plug_1,Tapo P110,P110,fridge,a7c73018,multi_cycle,1.0,96.861,238.747,0.685,0.095,0.327,,on,-65,,2 hour NILM fridge session
2026-06-11T09:53:27.092478+00:00,2026-06-11 15:23:27,Anllia,plug_1,Tapo P110,P110,fridge,a7c73018,multi_cycle,1.0,96.861,238.928,0.685,0.095,0.327,,on,-65,,2 hour NILM fridge session
2026-06-11T09:53:28.360240+00:00,2026-06-11 15:23:28,Anllia,plug_1,Tapo P110,P110,fridge,a7c73018,multi_cycle,1.0,97.697,238.928,0.696,0.095,0.327,,on,-65,,2 hour NILM fridge session
2026-06-11T09:53:29.791154+00:00,2026-06-11 15:23:29,Anllia,plug_1,Tapo P110,P110,fridge,a7c73018,multi_cycle,1.0,98.234,237.859,0.696,0.095,0.327,,on,-65,,2 hour NILM fridge session
2026-06-11T09:53:31.122704+00:00,2026-06-11 15:23:31,Anllia,plug_1,Tapo P110,P110,fridge,a7c73018,multi_cycle,1.0,98.036,237.859,0.695,0.095,0.328,,on,-66,,2 hour NILM fridge session
2026-06-11T09:53:32.568036+00:00,2026-06-11 15:23:32,Anllia,plug_1,Tapo P110,P110,fridge,a7c73018,multi_cycle,1.0,98.551,239.28,0.695,0.095,0.328,,on,-65,,2 hour NILM fridge session
2026-06-11T09:53:33.920098+00:00,2026-06-11 15:23:33,Anllia,plug_1,Tapo P110,P110,fridge,a7c73018,multi_cycle,1.0,98.415,239.28,0.693,0.095,0.328,,on,-65,,2 hour NILM fridge session
2026-06-11T09:53:35.263287+00:00,2026-06-11 15:23:35,Anllia,plug_1,Tapo P110,P110,fridge,a7c73018,multi_cycle,1.0,98.17,239.28,0.693,0.095,0.328,,on,-65,,2 hour NILM fridge session
2026-06-11T09:53:36.715521+00:00,2026-06-11 15:23:36,Anllia,plug_1,Tapo P110,P110,fridge,a7c73018,multi_cycle,1.0,96.762,239.37,0.693,0.095,0.328,,on,-65,,2 hour NILM fridge session
2026-06-11T09:53:38.030895+00:00,2026-06-11 15:23:38,Anllia,plug_1,Tapo P110,P110,fridge,a7c73018,multi_cycle,1.0,99.034,239.37,0.702,0.095,0.328,,on,-65,,2 hour NILM fridge session
2026-06-11T09:53:39.308969+00:00,2026-06-11 15:23:39,Anllia,plug_1,Tapo P110,P110,fridge,a7c73018,multi_cycle,1.0,98.251,238.267,0.702,0.095,0.328,,on,-65,,2 hour NILM fridge session
2026-06-11T09:53:40.554511+00:00,2026-06-11 15:23:40,Anllia,plug_1,Tapo P110,P110,fridge,a7c73018,multi_cycle,1.0,97.979,238.267,0.697,0.096,0.328,,on,-65,,2 hour NILM fridge session
2026-06-11T09:53:41.807948+00:00,2026-06-11 15:23:41,Anllia,plug_1,Tapo P110,P110,fridge,a7c73018,multi_cycle,1.0,97.979,238.763,0.697,0.096,0.328,,on,-65,,2 hour NILM fridge session
2026-06-11T09:53:43.089693+00:00,2026-06-11 15:23:43,Anllia,plug_1,Tapo P110,P110,fridge,a7c73018,multi_cycle,1.0,97.336,238.763,0.7,0.096,0.328,,on,-65,,2 hour NILM fridge session
2026-06-11T09:53:44.408062+00:00,2026-06-11 15:23:44,Anllia,plug_1,Tapo P110,P110,fridge,a7c73018,multi_cycle,1.0,99.136,238.005,0.7,0.096,0.328,,on,-65,,2 hour NILM fridge session
2026-06-11T09:53:45.653189+00:00,2026-06-11 15:23:45,Anllia,plug_1,Tapo P110,P110,fridge,a7c73018,multi_cycle,1.0,98.734,238.005,0.7,0.096,0.328,,on,-65,,2 hour NILM fridge session
2026-06-11T09:53:46.953990+00:00,2026-06-11 15:23:46,Anllia,plug_1,Tapo P110,P110,fridge,a7c73018,multi_cycle,1.0,98.988,238.005,0.699,0.096,0.328,,on,-65,,2 hour NILM fridge session
2026-06-11T09:53:48.209406+00:00,2026-06-11 15:23:48,Anllia,plug_1,Tapo P110,P110,fridge,a7c73018,multi_cycle,1.0,96.68,239.279,0.699,0.096,0.328,,on,-65,,2 hour NILM fridge session
2026-06-11T09:53:49.473665+00:00,2026-06-11 15:23:49,Anllia,plug_1,Tapo P110,P110,fridge,a7c73018,multi_cycle,1.0,98.305,239.279,0.699,0.096,0.328,,on,-65,,2 hour NILM fridge session
2026-06-11T09:53:50.817765+00:00,2026-06-11 15:23:50,Anllia,plug_1,Tapo P110,P110,fridge,a7c73018,multi_cycle,1.0,98.305,237.384,0.699,0.096,0.328,,on,-65,,2 hour NILM fridge session
2026-06-11T09:53:52.181899+00:00,2026-06-11 15:23:52,Anllia,plug_1,Tapo P110,P110,fridge,a7c73018,multi_cycle,1.0,98.559,237.384,0.685,0.096,0.328,,on,-65,,2 hour NILM fridge session
2026-06-11T09:53:54.816043+00:00,2026-06-11 15:23:54,Anllia,plug_1,Tapo P110,P110,fridge,a7c73018,multi_cycle,1.0,98.548,239.195,0.685,0.096,0.328,,on,-65,,2 hour NILM fridge session
2026-06-11T09:53:56.178101+00:00,2026-06-11 15:23:56,Anllia,plug_1,Tapo P110,P110,fridge,a7c73018,multi_cycle,1.0,96.785,239.195,0.686,0.096,0.328,,on,-65,,2 hour NILM fridge session
2026-06-11T09:53:57.564097+00:00,2026-06-11 15:23:57,Anllia,plug_1,Tapo P110,P110,fridge,a7c73018,multi_cycle,1.0,98.311,237.445,0.686,0.096,0.328,,on,-65,,2 hour NILM fridge session
2026-06-11T09:54:00.616972+00:00,2026-06-11 15:24:00,Anllia,plug_1,Tapo P110,P110,fridge,a7c73018,multi_cycle,1.0,97.144,237.445,0.691,0.096,0.328,,on,-65,,2 hour NILM fridge session
2026-06-11T09:54:02.318935+00:00,2026-06-11 15:24:02,Anllia,plug_1,Tapo P110,P110,fridge,a7c73018,multi_cycle,1.0,97.766,238.549,0.696,0.096,0.328,,on,-65,,2 hour NILM fridge session
2026-06-11T09:54:04.863388+00:00,2026-06-11 15:24:04,Anllia,plug_1,Tapo P110,P110,fridge,a7c73018,multi_cycle,1.0,96.588,238.844,0.696,0.096,0.328,,on,-66,,2 hour NILM fridge session
2026-06-11T09:54:06.204709+00:00,2026-06-11 15:24:06,Anllia,plug_1,Tapo P110,P110,fridge,a7c73018,multi_cycle,1.0,96.241,238.965,0.699,0.096,0.328,,on,-65,,2 hour NILM fridge session
2026-06-11T09:54:15.269059+00:00,2026-06-11 15:24:15,Anllia,plug_1,Tapo P110,P110,fridge,a7c73018,multi_cycle,1.0,98.243,237.764,0.689,0.096,0.329,,on,-65,,2 hour NILM fridge session
2026-06-11T09:54:16.531366+00:00,2026-06-11 15:24:16,Anllia,plug_1,Tapo P110,P110,fridge,a7c73018,multi_cycle,1.0,97.998,237.764,0.69,0.096,0.329,,on,-65,,2 hour NILM fridge session
2026-06-11T09:54:17.848943+00:00,2026-06-11 15:24:17,Anllia,plug_1,Tapo P110,P110,fridge,a7c73018,multi_cycle,1.0,97.998,237.225,0.69,0.097,0.329,,on,-65,,2 hour NILM fridge session
2026-06-11T09:54:19.121519+00:00,2026-06-11 15:24:19,Anllia,plug_1,Tapo P110,P110,fridge,a7c73018,multi_cycle,1.0,97.022,237.225,0.698,0.097,0.329,,on,-65,,2 hour NILM fridge session
2026-06-11T09:54:20.366430+00:00,2026-06-11 15:24:20,Anllia,plug_1,Tapo P110,P110,fridge,a7c73018,multi_cycle,1.0,98.132,237.225,0.698,0.097,0.329,,on,-65,,2 hour NILM fridge session
2026-06-11T09:54:21.714028+00:00,2026-06-11 15:24:21,Anllia,plug_1,Tapo P110,P110,fridge,a7c73018,multi_cycle,1.0,98.092,238.326,0.698,0.097,0.329,,on,-64,,2 hour NILM fridge session
2026-06-11T09:54:22.978978+00:00,2026-06-11 15:24:22,Anllia,plug_1,Tapo P110,P110,fridge,a7c73018,multi_cycle,1.0,97.06,238.326,0.686,0.097,0.329,,on,-64,,2 hour NILM fridge session
2026-06-11T09:54:24.222731+00:00,2026-06-11 15:24:24,Anllia,plug_1,Tapo P110,P110,fridge,a7c73018,multi_cycle,1.0,98.529,236.984,0.686,0.097,0.329,,on,-63,,2 hour NILM fridge session
2026-06-11T09:54:25.470853+00:00,2026-06-11 15:24:25,Anllia,plug_1,Tapo P110,P110,fridge,a7c73018,multi_cycle,1.0,98.529,236.984,0.682,0.097,0.329,,on,-67,,2 hour NILM fridge session
2026-06-11T09:54:26.767014+00:00,2026-06-11 15:24:26,Anllia,plug_1,Tapo P110,P110,fridge,a7c73018,multi_cycle,1.0,97.742,237.221,0.682,0.097,0.329,,on,-66,,2 hour NILM fridge session
2026-06-11T09:54:28.079360+00:00,2026-06-11 15:24:28,Anllia,plug_1,Tapo P110,P110,fridge,a7c73018,multi_cycle,1.0,98.684,237.221,0.693,0.097,0.329,,on,-67,,2 hour NILM fridge session
2026-06-11T09:54:29.448031+00:00,2026-06-11 15:24:29,Anllia,plug_1,Tapo P110,P110,fridge,a7c73018,multi_cycle,1.0,98.027,237.221,0.693,0.097,0.329,,on,-65,,2 hour NILM fridge session
2026-06-11T09:54:31.839330+00:00,2026-06-11 15:24:31,Anllia,plug_1,Tapo P110,P110,fridge,a7c73018,multi_cycle,1.0,99.006,237.85,0.693,0.097,0.329,,on,-69,,2 hour NILM fridge session
2026-06-11T09:54:33.135938+00:00,2026-06-11 15:24:33,Anllia,plug_1,Tapo P110,P110,fridge,a7c73018,multi_cycle,1.0,98.065,239.072,0.686,0.097,0.329,,on,-62,,2 hour NILM fridge session
2026-06-11T09:54:34.414729+00:00,2026-06-11 15:24:34,Anllia,plug_1,Tapo P110,P110,fridge,a7c73018,multi_cycle,1.0,98.065,239.072,0.685,0.097,0.329,,on,-64,,2 hour NILM fridge session
2026-06-11T09:54:35.787816+00:00,2026-06-11 15:24:35,Anllia,plug_1,Tapo P110,P110,fridge,a7c73018,multi_cycle,1.0,97.993,239.001,0.685,0.097,0.329,,on,-66,,2 hour NILM fridge session
2026-06-11T09:54:37.055997+00:00,2026-06-11 15:24:37,Anllia,plug_1,Tapo P110,P110,fridge,a7c73018,multi_cycle,1.0,97.969,239.001,0.684,0.097,0.329,,on,-69,,2 hour NILM fridge session
2026-06-11T09:54:38.454618+00:00,2026-06-11 15:24:38,Anllia,plug_1,Tapo P110,P110,fridge,a7c73018,multi_cycle,1.0,97.926,239.001,0.684,0.097,0.329,,on,-72,,2 hour NILM fridge session
2026-06-11T09:54:39.711582+00:00,2026-06-11 15:24:39,Anllia,plug_1,Tapo P110,P110,fridge,a7c73018,multi_cycle,1.0,98.043,238.864,0.684,0.097,0.329,,on,-69,,2 hour NILM fridge session
2026-06-11T09:54:40.995237+00:00,2026-06-11 15:24:40,Anllia,plug_1,Tapo P110,P110,fridge,a7c73018,multi_cycle,1.0,98.15,238.864,0.687,0.097,0.329,,on,-69,,2 hour NILM fridge session
2026-06-11T09:54:42.359884+00:00,2026-06-11 15:24:42,Anllia,plug_1,Tapo P110,P110,fridge,a7c73018,multi_cycle,1.0,98.294,239.294,0.687,0.097,0.329,,on,-69,,2 hour NILM fridge session
2026-06-11T09:54:43.630072+00:00,2026-06-11 15:24:43,Anllia,plug_1,Tapo P110,P110,fridge,a7c73018,multi_cycle,1.0,97.912,239.294,0.686,0.097,0.33,,on,-68,,2 hour NILM fridge session
2026-06-11T09:54:44.931249+00:00,2026-06-11 15:24:44,Anllia,plug_1,Tapo P110,P110,fridge,a7c73018,multi_cycle,1.0,97.912,238.963,0.686,0.097,0.33,,on,-78,,2 hour NILM fridge session
2026-06-11T09:54:46.192021+00:00,2026-06-11 15:24:46,Anllia,plug_1,Tapo P110,P110,fridge,a7c73018,multi_cycle,1.0,98.413,238.963,0.684,0.097,0.33,,on,-67,,2 hour NILM fridge session
2026-06-11T09:54:47.487964+00:00,2026-06-11 15:24:47,Anllia,plug_1,Tapo P110,P110,fridge,a7c73018,multi_cycle,1.0,97.879,238.963,0.684,0.097,0.33,,on,-66,,2 hour NILM fridge session
2026-06-11T09:54:48.778590+00:00,2026-06-11 15:24:48,Anllia,plug_1,Tapo P110,P110,fridge,a7c73018,multi_cycle,1.0,97.791,239.244,0.684,0.097,0.33,,on,-67,,2 hour NILM fridge session
2026-06-11T09:54:50.208824+00:00,2026-06-11 15:24:50,Anllia,plug_1,Tapo P110,P110,fridge,a7c73018,multi_cycle,1.0,97.74,239.244,0.684,0.097,0.33,,on,-67,,2 hour NILM fridge session
2026-06-11T09:54:51.572015+00:00,2026-06-11 15:24:51,Anllia,plug_1,Tapo P110,P110,fridge,a7c73018,multi_cycle,1.0,97.549,239.07,0.684,0.097,0.33,,on,-65,,2 hour NILM fridge session
2026-06-11T09:54:52.887306+00:00,2026-06-11 15:24:52,Anllia,plug_1,Tapo P110,P110,fridge,a7c73018,multi_cycle,1.0,97.839,239.07,0.684,0.097,0.33,,on,-65,,2 hour NILM fridge session
2026-06-11T09:54:54.236172+00:00,2026-06-11 15:24:54,Anllia,plug_1,Tapo P110,P110,fridge,a7c73018,multi_cycle,1.0,97.832,239.208,0.684,0.098,0.33,,on,-65,,2 hour NILM fridge session
2026-06-11T09:54:55.553629+00:00,2026-06-11 15:24:55,Anllia,plug_1,Tapo P110,P110,fridge,a7c73018,multi_cycle,1.0,97.832,239.208,0.686,0.098,0.33,,on,-68,,2 hour NILM fridge session
2026-06-11T09:54:56.838092+00:00,2026-06-11 15:24:56,Anllia,plug_1,Tapo P110,P110,fridge,a7c73018,multi_cycle,1.0,98.039,239.192,0.686,0.098,0.33,,on,-65,,2 hour NILM fridge session
2026-06-11T09:54:58.170447+00:00,2026-06-11 15:24:58,Anllia,plug_1,Tapo P110,P110,fridge,a7c73018,multi_cycle,1.0,95.899,239.192,0.68,0.098,0.33,,on,-68,,2 hour NILM fridge session
2026-06-11T09:54:59.419605+00:00,2026-06-11 15:24:59,Anllia,plug_1,Tapo P110,P110,fridge,a7c73018,multi_cycle,1.0,96.733,239.192,0.68,0.098,0.33,,on,-68,,2 hour NILM fridge session
2026-06-11T09:55:00.782890+00:00,2026-06-11 15:25:00,Anllia,plug_1,Tapo P110,P110,fridge,a7c73018,multi_cycle,1.0,96.203,238.971,0.68,0.098,0.33,,on,-67,,2 hour NILM fridge session
2026-06-11T09:55:02.088371+00:00,2026-06-11 15:25:02,Anllia,plug_1,Tapo P110,P110,fridge,a7c73018,multi_cycle,1.0,95.947,238.971,0.674,0.098,0.33,,on,-68,,2 hour NILM fridge session
2026-06-11T09:55:03.455793+00:00,2026-06-11 15:25:03,Anllia,plug_1,Tapo P110,P110,fridge,a7c73018,multi_cycle,1.0,95.593,238.586,0.674,0.098,0.33,,on,-67,,2 hour NILM fridge session
2026-06-11T09:55:04.813061+00:00,2026-06-11 15:25:04,Anllia,plug_1,Tapo P110,P110,fridge,a7c73018,multi_cycle,1.0,95.331,238.586,0.67,0.098,0.33,,on,-66,,2 hour NILM fridge session
2026-06-11T09:55:06.211562+00:00,2026-06-11 15:25:06,Anllia,plug_1,Tapo P110,P110,fridge,a7c73018,multi_cycle,1.0,95.331,238.592,0.67,0.098,0.33,,on,-65,,2 hour NILM fridge session
2026-06-11T09:55:07.516413+00:00,2026-06-11 15:25:07,Anllia,plug_1,Tapo P110,P110,fridge,a7c73018,multi_cycle,1.0,94.566,238.592,0.661,0.098,0.33,,on,-68,,2 hour NILM fridge session
2026-06-11T09:55:09.043735+00:00,2026-06-11 15:25:09,Anllia,plug_1,Tapo P110,P110,fridge,a7c73018,multi_cycle,1.0,93.717,238.627,0.661,0.098,0.33,,on,-65,,2 hour NILM fridge session
2026-06-11T09:55:10.357435+00:00,2026-06-11 15:25:10,Anllia,plug_1,Tapo P110,P110,fridge,a7c73018,multi_cycle,1.0,93.674,238.627,0.654,0.098,0.33,,on,-70,,2 hour NILM fridge session
2026-06-11T09:55:11.804078+00:00,2026-06-11 15:25:11,Anllia,plug_1,Tapo P110,P110,fridge,a7c73018,multi_cycle,1.0,92.748,238.394,0.654,0.098,0.33,,on,-65,,2 hour NILM fridge session
2026-06-11T09:55:13.133119+00:00,2026-06-11 15:25:13,Anllia,plug_1,Tapo P110,P110,fridge,a7c73018,multi_cycle,1.0,91.96,238.394,0.643,0.098,0.33,,on,-67,,2 hour NILM fridge session
2026-06-11T09:55:14.438176+00:00,2026-06-11 15:25:14,Anllia,plug_1,Tapo P110,P110,fridge,a7c73018,multi_cycle,1.0,91.14,238.394,0.643,0.098,0.33,,on,-69,,2 hour NILM fridge session
2026-06-11T09:55:15.870181+00:00,2026-06-11 15:25:15,Anllia,plug_1,Tapo P110,P110,fridge,a7c73018,multi_cycle,1.0,91.028,238.76,0.643,0.098,0.33,,on,-68,,2 hour NILM fridge session
2026-06-11T09:55:17.264481+00:00,2026-06-11 15:25:17,Anllia,plug_1,Tapo P110,P110,fridge,a7c73018,multi_cycle,1.0,90.425,238.76,0.639,0.098,0.33,,on,-68,,2 hour NILM fridge session
2026-06-11T09:55:18.510461+00:00,2026-06-11 15:25:18,Anllia,plug_1,Tapo P110,P110,fridge,a7c73018,multi_cycle,1.0,90.079,238.136,0.639,0.098,0.33,,on,-70,,2 hour NILM fridge session
2026-06-11T09:55:19.866339+00:00,2026-06-11 15:25:19,Anllia,plug_1,Tapo P110,P110,fridge,a7c73018,multi_cycle,1.0,89.657,238.136,0.636,0.098,0.33,,on,-62,,2 hour NILM fridge session
2026-06-11T09:55:23.483987+00:00,2026-06-11 15:25:23,Anllia,plug_1,Tapo P110,P110,fridge,a7c73018,multi_cycle,1.0,89.657,238.054,0.633,0.098,0.33,,on,-69,,2 hour NILM fridge session
2026-06-11T09:55:24.965581+00:00,2026-06-11 15:25:24,Anllia,plug_1,Tapo P110,P110,fridge,a7c73018,multi_cycle,1.0,92.05,237.901,0.633,0.098,0.331,,on,-65,,2 hour NILM fridge session
2026-06-11T09:55:26.257658+00:00,2026-06-11 15:25:26,Anllia,plug_1,Tapo P110,P110,fridge,a7c73018,multi_cycle,1.0,91.197,237.901,0.648,0.098,0.331,,on,-64,,2 hour NILM fridge session
2026-06-11T09:55:29.945492+00:00,2026-06-11 15:25:29,Anllia,plug_1,Tapo P110,P110,fridge,a7c73018,multi_cycle,1.0,91.061,237.949,0.646,0.098,0.331,,on,-64,,2 hour NILM fridge session
2026-06-11T09:55:31.482822+00:00,2026-06-11 15:25:31,Anllia,plug_1,Tapo P110,P110,fridge,a7c73018,multi_cycle,1.0,91.474,237.949,0.649,0.098,0.331,,on,-65,,2 hour NILM fridge session
2026-06-11T09:55:34.171378+00:00,2026-06-11 15:25:34,Anllia,plug_1,Tapo P110,P110,fridge,a7c73018,multi_cycle,1.0,91.834,238.441,0.649,0.098,0.331,,on,-65,,2 hour NILM fridge session
2026-06-11T09:56:44.253553+00:00,2026-06-11 15:26:44,Anllia,plug_1,Tapo P110,P110,fridge,a7c73018,multi_cycle,1.0,97.062,237.952,0.685,0.1,0.333,,on,-65,,2 hour NILM fridge session
2026-06-11T09:56:45.621967+00:00,2026-06-11 15:26:45,Anllia,plug_1,Tapo P110,P110,fridge,a7c73018,multi_cycle,1.0,97.168,237.817,0.685,0.1,0.333,,on,-63,,2 hour NILM fridge session
2026-06-11T09:56:47.053807+00:00,2026-06-11 15:26:47,Anllia,plug_1,Tapo P110,P110,fridge,a7c73018,multi_cycle,1.0,97.415,237.817,0.686,0.1,0.333,,on,-68,,2 hour NILM fridge session
2026-06-11T09:56:48.331797+00:00,2026-06-11 15:26:48,Anllia,plug_1,Tapo P110,P110,fridge,a7c73018,multi_cycle,1.0,97.684,237.858,0.686,0.101,0.333,,on,-63,,2 hour NILM fridge session
2026-06-11T09:56:49.573701+00:00,2026-06-11 15:26:49,Anllia,plug_1,Tapo P110,P110,fridge,a7c73018,multi_cycle,1.0,97.684,237.858,0.694,0.101,0.333,,on,-64,,2 hour NILM fridge session
2026-06-11T09:56:50.921364+00:00,2026-06-11 15:26:50,Anllia,plug_1,Tapo P110,P110,fridge,a7c73018,multi_cycle,1.0,97.623,238.052,0.694,0.101,0.333,,on,-62,,2 hour NILM fridge session
2026-06-11T09:56:52.269644+00:00,2026-06-11 15:26:52,Anllia,plug_1,Tapo P110,P110,fridge,a7c73018,multi_cycle,1.0,97.384,238.052,0.688,0.101,0.333,,on,-64,,2 hour NILM fridge session
2026-06-11T09:56:53.637274+00:00,2026-06-11 15:26:53,Anllia,plug_1,Tapo P110,P110,fridge,a7c73018,multi_cycle,1.0,97.289,238.052,0.688,0.101,0.333,,on,-63,,2 hour NILM fridge session
2026-06-11T09:56:55.032031+00:00,2026-06-11 15:26:55,Anllia,plug_1,Tapo P110,P110,fridge,a7c73018,multi_cycle,1.0,97.194,237.771,0.688,0.101,0.333,,on,-63,,2 hour NILM fridge session
2026-06-11T09:56:56.402281+00:00,2026-06-11 15:26:56,Anllia,plug_1,Tapo P110,P110,fridge,a7c73018,multi_cycle,1.0,97.437,237.771,0.689,0.101,0.333,,on,-66,,2 hour NILM fridge session
2026-06-11T09:56:57.751458+00:00,2026-06-11 15:26:57,Anllia,plug_1,Tapo P110,P110,fridge,a7c73018,multi_cycle,1.0,97.503,237.628,0.689,0.101,0.333,,on,-69,,2 hour NILM fridge session
2026-06-11T09:56:59.143234+00:00,2026-06-11 15:26:59,Anllia,plug_1,Tapo P110,P110,fridge,a7c73018,multi_cycle,1.0,97.486,237.628,0.689,0.101,0.333,,on,-70,,2 hour NILM fridge session
2026-06-11T09:57:00.519800+00:00,2026-06-11 15:27:00,Anllia,plug_1,Tapo P110,P110,fridge,a7c73018,multi_cycle,1.0,97.653,237.777,0.689,0.101,0.333,,on,-69,,2 hour NILM fridge session
2026-06-11T09:57:01.824434+00:00,2026-06-11 15:27:01,Anllia,plug_1,Tapo P110,P110,fridge,a7c73018,multi_cycle,1.0,97.653,237.777,0.69,0.101,0.333,,on,-67,,2 hour NILM fridge session
2026-06-11T09:57:03.310473+00:00,2026-06-11 15:27:03,Anllia,plug_1,Tapo P110,P110,fridge,a7c73018,multi_cycle,1.0,97.736,237.991,0.69,0.101,0.333,,on,-65,,2 hour NILM fridge session
2026-06-11T09:57:04.675640+00:00,2026-06-11 15:27:04,Anllia,plug_1,Tapo P110,P110,fridge,a7c73018,multi_cycle,1.0,97.568,237.991,0.689,0.101,0.333,,on,-66,,2 hour NILM fridge session
2026-06-11T09:57:06.104820+00:00,2026-06-11 15:27:06,Anllia,plug_1,Tapo P110,P110,fridge,a7c73018,multi_cycle,1.0,97.678,238.358,0.689,0.101,0.333,,on,-67,,2 hour NILM fridge session
2026-06-11T09:57:07.377385+00:00,2026-06-11 15:27:07,Anllia,plug_1,Tapo P110,P110,fridge,a7c73018,multi_cycle,1.0,95.903,238.358,0.677,0.101,0.333,,on,-67,,2 hour NILM fridge session
2026-06-11T09:57:08.630597+00:00,2026-06-11 15:27:08,Anllia,plug_1,Tapo P110,P110,fridge,a7c73018,multi_cycle,1.0,96.187,238.358,0.677,0.101,0.333,,on,-69,,2 hour NILM fridge session
2026-06-11T09:57:09.971557+00:00,2026-06-11 15:27:09,Anllia,plug_1,Tapo P110,P110,fridge,a7c73018,multi_cycle,1.0,96.104,238.45,0.677,0.101,0.333,,on,-65,,2 hour NILM fridge session
2026-06-11T09:57:11.420100+00:00,2026-06-11 15:27:11,Anllia,plug_1,Tapo P110,P110,fridge,a7c73018,multi_cycle,1.0,96.124,238.45,0.674,0.101,0.333,,on,-64,,2 hour NILM fridge session
2026-06-11T09:57:12.724409+00:00,2026-06-11 15:27:12,Anllia,plug_1,Tapo P110,P110,fridge,a7c73018,multi_cycle,1.0,95.85,239.02,0.674,0.101,0.333,,on,-66,,2 hour NILM fridge session
2026-06-11T09:57:14.058173+00:00,2026-06-11 15:27:14,Anllia,plug_1,Tapo P110,P110,fridge,a7c73018,multi_cycle,1.0,95.173,239.02,0.671,0.101,0.333,,on,-69,,2 hour NILM fridge session
2026-06-11T09:57:15.398935+00:00,2026-06-11 15:27:15,Anllia,plug_1,Tapo P110,P110,fridge,a7c73018,multi_cycle,1.0,95.173,239.27,0.671,0.101,0.334,,on,-67,,2 hour NILM fridge session
2026-06-11T09:57:16.715584+00:00,2026-06-11 15:27:16,Anllia,plug_1,Tapo P110,P110,fridge,a7c73018,multi_cycle,1.0,94.531,239.27,0.665,0.101,0.334,,on,-65,,2 hour NILM fridge session
2026-06-11T09:57:18.034608+00:00,2026-06-11 15:27:18,Anllia,plug_1,Tapo P110,P110,fridge,a7c73018,multi_cycle,1.0,94.118,238.438,0.665,0.101,0.334,,on,-67,,2 hour NILM fridge session
2026-06-11T09:57:19.345280+00:00,2026-06-11 15:27:19,Anllia,plug_1,Tapo P110,P110,fridge,a7c73018,multi_cycle,1.0,93.942,238.438,0.664,0.101,0.334,,on,-65,,2 hour NILM fridge session
2026-06-11T09:57:20.598640+00:00,2026-06-11 15:27:20,Anllia,plug_1,Tapo P110,P110,fridge,a7c73018,multi_cycle,1.0,93.261,238.438,0.664,0.101,0.334,,on,-65,,2 hour NILM fridge session
2026-06-11T09:57:21.929588+00:00,2026-06-11 15:27:21,Anllia,plug_1,Tapo P110,P110,fridge,a7c73018,multi_cycle,1.0,92.573,238.599,0.664,0.101,0.334,,on,-65,,2 hour NILM fridge session
2026-06-11T09:57:23.246459+00:00,2026-06-11 15:27:23,Anllia,plug_1,Tapo P110,P110,fridge,a7c73018,multi_cycle,1.0,92.44,238.599,0.656,0.101,0.334,,on,-65,,2 hour NILM fridge session
2026-06-11T09:57:24.537689+00:00,2026-06-11 15:27:24,Anllia,plug_1,Tapo P110,P110,fridge,a7c73018,multi_cycle,1.0,91.91,238.943,0.656,0.101,0.334,,on,-65,,2 hour NILM fridge session
2026-06-11T09:57:25.878222+00:00,2026-06-11 15:27:25,Anllia,plug_1,Tapo P110,P110,fridge,a7c73018,multi_cycle,1.0,91.91,238.943,0.645,0.102,0.334,,on,-63,,2 hour NILM fridge session
2026-06-11T09:57:27.244987+00:00,2026-06-11 15:27:27,Anllia,plug_1,Tapo P110,P110,fridge,a7c73018,multi_cycle,1.0,91.209,238.817,0.645,0.102,0.334,,on,-64,,2 hour NILM fridge session
2026-06-11T09:57:28.559009+00:00,2026-06-11 15:27:28,Anllia,plug_1,Tapo P110,P110,fridge,a7c73018,multi_cycle,1.0,90.557,238.817,0.638,0.102,0.334,,on,-65,,2 hour NILM fridge session
2026-06-11T09:57:29.942563+00:00,2026-06-11 15:27:29,Anllia,plug_1,Tapo P110,P110,fridge,a7c73018,multi_cycle,1.0,90.177,238.671,0.638,0.102,0.334,,on,-65,,2 hour NILM fridge session
2026-06-11T09:57:31.198616+00:00,2026-06-11 15:27:31,Anllia,plug_1,Tapo P110,P110,fridge,a7c73018,multi_cycle,1.0,90.022,238.671,0.638,0.102,0.334,,on,-71,,2 hour NILM fridge session
2026-06-11T09:57:32.944576+00:00,2026-06-11 15:27:32,Anllia,plug_1,Tapo P110,P110,fridge,a7c73018,multi_cycle,1.0,90.157,238.704,0.636,0.102,0.334,,on,-67,,2 hour NILM fridge session
2026-06-11T09:57:37.660467+00:00,2026-06-11 15:27:37,Anllia,plug_1,Tapo P110,P110,fridge,a7c73018,multi_cycle,1.0,89.839,238.762,0.628,0.102,0.334,,on,-68,,2 hour NILM fridge session
2026-06-11T09:57:40.330206+00:00,2026-06-11 15:27:40,Anllia,plug_1,Tapo P110,P110,fridge,a7c73018,multi_cycle,1.0,87.47,238.772,0.628,0.102,0.334,,on,-67,,2 hour NILM fridge session
2026-06-11T09:57:41.811169+00:00,2026-06-11 15:27:41,Anllia,plug_1,Tapo P110,P110,fridge,a7c73018,multi_cycle,1.0,86.702,238.715,0.623,0.102,0.334,,on,-67,,2 hour NILM fridge session
2026-06-11T09:57:43.179325+00:00,2026-06-11 15:27:43,Anllia,plug_1,Tapo P110,P110,fridge,a7c73018,multi_cycle,1.0,86.708,238.715,0.623,0.102,0.334,,on,-65,,2 hour NILM fridge session
2026-06-11T09:57:44.560435+00:00,2026-06-11 15:27:44,Anllia,plug_1,Tapo P110,P110,fridge,a7c73018,multi_cycle,1.0,86.634,238.715,0.619,0.102,0.334,,on,-69,,2 hour NILM fridge session
2026-06-11T09:57:45.910437+00:00,2026-06-11 15:27:45,Anllia,plug_1,Tapo P110,P110,fridge,a7c73018,multi_cycle,1.0,87.841,239.078,0.619,0.102,0.334,,on,-67,,2 hour NILM fridge session
2026-06-11T09:57:47.167476+00:00,2026-06-11 15:27:47,Anllia,plug_1,Tapo P110,P110,fridge,a7c73018,multi_cycle,1.0,88.702,239.078,0.633,0.102,0.334,,on,-71,,2 hour NILM fridge session
2026-06-11T09:57:48.428699+00:00,2026-06-11 15:27:48,Anllia,plug_1,Tapo P110,P110,fridge,a7c73018,multi_cycle,1.0,88.229,239.266,0.633,0.102,0.334,,on,-61,,2 hour NILM fridge session
2026-06-11T09:57:49.772777+00:00,2026-06-11 15:27:49,Anllia,plug_1,Tapo P110,P110,fridge,a7c73018,multi_cycle,1.0,88.229,239.266,0.624,0.102,0.334,,on,-65,,2 hour NILM fridge session
2026-06-11T09:57:51.198638+00:00,2026-06-11 15:27:51,Anllia,plug_1,Tapo P110,P110,fridge,a7c73018,multi_cycle,1.0,88.019,239.1,0.624,0.102,0.334,,on,-64,,2 hour NILM fridge session
2026-06-11T09:57:53.321809+00:00,2026-06-11 15:27:53,Anllia,plug_1,Tapo P110,P110,fridge,a7c73018,multi_cycle,1.0,88.676,239.1,0.628,0.102,0.334,,on,-66,,2 hour NILM fridge session
2026-06-11T09:57:54.751938+00:00,2026-06-11 15:27:54,Anllia,plug_1,Tapo P110,P110,fridge,a7c73018,multi_cycle,1.0,88.963,239.103,0.628,0.102,0.334,,on,-65,,2 hour NILM fridge session
2026-06-11T09:57:56.074630+00:00,2026-06-11 15:27:56,Anllia,plug_1,Tapo P110,P110,fridge,a7c73018,multi_cycle,1.0,89.277,239.103,0.638,0.102,0.335,,on,-65,,2 hour NILM fridge session
2026-06-11T09:57:57.377956+00:00,2026-06-11 15:27:57,Anllia,plug_1,Tapo P110,P110,fridge,a7c73018,multi_cycle,1.0,89.277,238.855,0.638,0.102,0.335,,on,-65,,2 hour NILM fridge session
2026-06-11T09:57:58.648502+00:00,2026-06-11 15:27:58,Anllia,plug_1,Tapo P110,P110,fridge,a7c73018,multi_cycle,1.0,89.534,238.855,0.638,0.102,0.335,,on,-65,,2 hour NILM fridge session
2026-06-11T09:58:00.021252+00:00,2026-06-11 15:28:00,Anllia,plug_1,Tapo P110,P110,fridge,a7c73018,multi_cycle,1.0,89.881,238.616,0.638,0.102,0.335,,on,-65,,2 hour NILM fridge session
2026-06-11T09:58:01.285078+00:00,2026-06-11 15:28:01,Anllia,plug_1,Tapo P110,P110,fridge,a7c73018,multi_cycle,1.0,90.164,238.616,0.638,0.102,0.335,,on,-65,,2 hour NILM fridge session
2026-06-11T09:58:02.902255+00:00,2026-06-11 15:28:02,Anllia,plug_1,Tapo P110,P110,fridge,a7c73018,multi_cycle,1.0,90.377,238.616,0.642,0.102,0.335,,on,-64,,2 hour NILM fridge session
2026-06-11T09:58:05.451493+00:00,2026-06-11 15:28:05,Anllia,plug_1,Tapo P110,P110,fridge,a7c73018,multi_cycle,1.0,90.902,238.491,0.642,0.102,0.335,,on,-65,,2 hour NILM fridge session
2026-06-11T09:58:09.636560+00:00,2026-06-11 15:28:09,Anllia,plug_1,Tapo P110,P110,fridge,a7c73018,multi_cycle,1.0,91.247,238.435,0.656,0.103,0.335,,on,-65,,2 hour NILM fridge session
2026-06-11T09:58:22.258702+00:00,2026-06-11 15:28:22,Anllia,plug_1,Tapo P110,P110,fridge,a7c73018,multi_cycle,1.0,94.148,238.738,0.666,0.103,0.335,,on,-65,,2 hour NILM fridge session
2026-06-11T09:58:23.521420+00:00,2026-06-11 15:28:23,Anllia,plug_1,Tapo P110,P110,fridge,a7c73018,multi_cycle,1.0,94.01,238.738,0.666,0.103,0.335,,on,-65,,2 hour NILM fridge session
2026-06-11T09:58:24.829639+00:00,2026-06-11 15:28:24,Anllia,plug_1,Tapo P110,P110,fridge,a7c73018,multi_cycle,1.0,94.107,238.347,0.666,0.103,0.335,,on,-65,,2 hour NILM fridge session
2026-06-11T09:58:26.062414+00:00,2026-06-11 15:28:26,Anllia,plug_1,Tapo P110,P110,fridge,a7c73018,multi_cycle,1.0,94.246,238.347,0.664,0.103,0.335,,on,-64,,2 hour NILM fridge session
2026-06-11T09:58:27.428435+00:00,2026-06-11 15:28:27,Anllia,plug_1,Tapo P110,P110,fridge,a7c73018,multi_cycle,1.0,94.246,238.728,0.664,0.103,0.335,,on,-64,,2 hour NILM fridge session
2026-06-11T09:58:28.843270+00:00,2026-06-11 15:28:28,Anllia,plug_1,Tapo P110,P110,fridge,a7c73018,multi_cycle,1.0,94.192,238.728,0.665,0.103,0.335,,on,-65,,2 hour NILM fridge session
2026-06-11T09:58:30.163816+00:00,2026-06-11 15:28:30,Anllia,plug_1,Tapo P110,P110,fridge,a7c73018,multi_cycle,1.0,94.256,238.536,0.665,0.103,0.335,,on,-65,,2 hour NILM fridge session
2026-06-11T09:58:32.806879+00:00,2026-06-11 15:28:32,Anllia,plug_1,Tapo P110,P110,fridge,a7c73018,multi_cycle,1.0,94.26,238.536,0.669,0.103,0.335,,on,-64,,2 hour NILM fridge session
2026-06-11T09:58:34.108858+00:00,2026-06-11 15:28:34,Anllia,plug_1,Tapo P110,P110,fridge,a7c73018,multi_cycle,1.0,94.702,238.53,0.669,0.103,0.336,,on,-65,,2 hour NILM fridge session
2026-06-11T09:58:35.370995+00:00,2026-06-11 15:28:35,Anllia,plug_1,Tapo P110,P110,fridge,a7c73018,multi_cycle,1.0,94.71,238.53,0.67,0.103,0.336,,on,-65,,2 hour NILM fridge session
2026-06-11T09:58:36.686792+00:00,2026-06-11 15:28:36,Anllia,plug_1,Tapo P110,P110,fridge,a7c73018,multi_cycle,1.0,94.745,238.523,0.67,0.103,0.336,,on,-66,,2 hour NILM fridge session
2026-06-11T09:58:39.483940+00:00,2026-06-11 15:28:39,Anllia,plug_1,Tapo P110,P110,fridge,a7c73018,multi_cycle,1.0,94.745,238.586,0.674,0.103,0.336,,on,-64,,2 hour NILM fridge session
2026-06-11T09:58:40.877494+00:00,2026-06-11 15:28:40,Anllia,plug_1,Tapo P110,P110,fridge,a7c73018,multi_cycle,1.0,94.659,238.586,0.673,0.103,0.336,,on,-66,,2 hour NILM fridge session
2026-06-11T09:58:42.145079+00:00,2026-06-11 15:28:42,Anllia,plug_1,Tapo P110,P110,fridge,a7c73018,multi_cycle,1.0,94.782,238.644,0.673,0.103,0.336,,on,-62,,2 hour NILM fridge session
2026-06-11T09:58:43.480300+00:00,2026-06-11 15:28:43,Anllia,plug_1,Tapo P110,P110,fridge,a7c73018,multi_cycle,1.0,95.33,238.644,0.673,0.103,0.336,,on,-67,,2 hour NILM fridge session
2026-06-11T09:58:44.824472+00:00,2026-06-11 15:28:44,Anllia,plug_1,Tapo P110,P110,fridge,a7c73018,multi_cycle,1.0,95.225,238.644,0.67,0.104,0.336,,on,-68,,2 hour NILM fridge session
2026-06-11T09:58:46.115615+00:00,2026-06-11 15:28:46,Anllia,plug_1,Tapo P110,P110,fridge,a7c73018,multi_cycle,1.0,95.585,238.711,0.67,0.104,0.336,,on,-72,,2 hour NILM fridge session
2026-06-11T09:58:47.388464+00:00,2026-06-11 15:28:47,Anllia,plug_1,Tapo P110,P110,fridge,a7c73018,multi_cycle,1.0,95.5,238.711,0.672,0.104,0.336,,on,-64,,2 hour NILM fridge session
2026-06-11T09:58:48.690547+00:00,2026-06-11 15:28:48,Anllia,plug_1,Tapo P110,P110,fridge,a7c73018,multi_cycle,1.0,95.53,238.642,0.672,0.104,0.336,,on,-65,,2 hour NILM fridge session
2026-06-11T09:58:49.987914+00:00,2026-06-11 15:28:49,Anllia,plug_1,Tapo P110,P110,fridge,a7c73018,multi_cycle,1.0,95.53,238.642,0.672,0.104,0.336,,on,-67,,2 hour NILM fridge session
2026-06-11T09:58:51.312151+00:00,2026-06-11 15:28:51,Anllia,plug_1,Tapo P110,P110,fridge,a7c73018,multi_cycle,1.0,95.756,238.673,0.672,0.104,0.336,,on,-65,,2 hour NILM fridge session
2026-06-11T09:58:52.576418+00:00,2026-06-11 15:28:52,Anllia,plug_1,Tapo P110,P110,fridge,a7c73018,multi_cycle,1.0,95.878,238.673,0.675,0.104,0.336,,on,-65,,2 hour NILM fridge session
2026-06-11T09:58:53.934732+00:00,2026-06-11 15:28:53,Anllia,plug_1,Tapo P110,P110,fridge,a7c73018,multi_cycle,1.0,96.074,238.673,0.675,0.104,0.336,,on,-65,,2 hour NILM fridge session
2026-06-11T09:58:55.241747+00:00,2026-06-11 15:28:55,Anllia,plug_1,Tapo P110,P110,fridge,a7c73018,multi_cycle,1.0,96.06,238.605,0.675,0.104,0.336,,on,-65,,2 hour NILM fridge session
2026-06-11T09:58:56.492393+00:00,2026-06-11 15:28:56,Anllia,plug_1,Tapo P110,P110,fridge,a7c73018,multi_cycle,1.0,96.101,238.605,0.675,0.104,0.336,,on,-65,,2 hour NILM fridge session
2026-06-11T09:58:57.803614+00:00,2026-06-11 15:28:57,Anllia,plug_1,Tapo P110,P110,fridge,a7c73018,multi_cycle,1.0,95.996,238.485,0.675,0.104,0.336,,on,-65,,2 hour NILM fridge session
2026-06-11T09:58:59.065760+00:00,2026-06-11 15:28:59,Anllia,plug_1,Tapo P110,P110,fridge,a7c73018,multi_cycle,1.0,95.996,238.485,0.677,0.104,0.336,,on,-65,,2 hour NILM fridge session
2026-06-11T09:59:00.380301+00:00,2026-06-11 15:29:00,Anllia,plug_1,Tapo P110,P110,fridge,a7c73018,multi_cycle,1.0,96.157,238.282,0.677,0.104,0.336,,on,-65,,2 hour NILM fridge session
2026-06-11T09:59:01.683294+00:00,2026-06-11 15:29:01,Anllia,plug_1,Tapo P110,P110,fridge,a7c73018,multi_cycle,1.0,96.279,238.282,0.676,0.104,0.336,,on,-65,,2 hour NILM fridge session
2026-06-11T09:59:02.929702+00:00,2026-06-11 15:29:02,Anllia,plug_1,Tapo P110,P110,fridge,a7c73018,multi_cycle,1.0,96.124,238.282,0.676,0.104,0.336,,on,-66,,2 hour NILM fridge session
2026-06-11T09:59:04.199730+00:00,2026-06-11 15:29:04,Anllia,plug_1,Tapo P110,P110,fridge,a7c73018,multi_cycle,1.0,96.27,238.223,0.676,0.104,0.336,,on,-65,,2 hour NILM fridge session
2026-06-11T09:59:05.551297+00:00,2026-06-11 15:29:05,Anllia,plug_1,Tapo P110,P110,fridge,a7c73018,multi_cycle,1.0,96.312,238.223,0.679,0.104,0.336,,on,-65,,2 hour NILM fridge session
2026-06-11T09:59:06.839125+00:00,2026-06-11 15:29:06,Anllia,plug_1,Tapo P110,P110,fridge,a7c73018,multi_cycle,1.0,96.378,238.198,0.679,0.104,0.336,,on,-65,,2 hour NILM fridge session
2026-06-11T09:59:08.151570+00:00,2026-06-11 15:29:08,Anllia,plug_1,Tapo P110,P110,fridge,a7c73018,multi_cycle,1.0,96.378,238.198,0.678,0.104,0.336,,on,-65,,2 hour NILM fridge session
2026-06-11T09:59:09.496581+00:00,2026-06-11 15:29:09,Anllia,plug_1,Tapo P110,P110,fridge,a7c73018,multi_cycle,1.0,96.271,238.275,0.678,0.104,0.336,,on,-66,,2 hour NILM fridge session
2026-06-11T09:59:10.864366+00:00,2026-06-11 15:29:10,Anllia,plug_1,Tapo P110,P110,fridge,a7c73018,multi_cycle,1.0,97.108,238.275,0.678,0.104,0.336,,on,-65,,2 hour NILM fridge session
2026-06-11T09:59:12.214078+00:00,2026-06-11 15:29:12,Anllia,plug_1,Tapo P110,P110,fridge,a7c73018,multi_cycle,1.0,96.735,238.731,0.678,0.104,0.337,,on,-65,,2 hour NILM fridge session
2026-06-11T09:59:13.464813+00:00,2026-06-11 15:29:13,Anllia,plug_1,Tapo P110,P110,fridge,a7c73018,multi_cycle,1.0,96.716,238.731,0.678,0.104,0.337,,on,-66,,2 hour NILM fridge session
2026-06-11T09:59:14.730476+00:00,2026-06-11 15:29:14,Anllia,plug_1,Tapo P110,P110,fridge,a7c73018,multi_cycle,1.0,97.01,238.731,0.682,0.104,0.337,,on,-66,,2 hour NILM fridge session
2026-06-11T09:59:16.076996+00:00,2026-06-11 15:29:16,Anllia,plug_1,Tapo P110,P110,fridge,a7c73018,multi_cycle,1.0,96.915,238.223,0.682,0.104,0.337,,on,-73,,2 hour NILM fridge session
2026-06-11T09:59:17.324058+00:00,2026-06-11 15:29:17,Anllia,plug_1,Tapo P110,P110,fridge,a7c73018,multi_cycle,1.0,97.001,238.223,0.682,0.104,0.337,,on,-63,,2 hour NILM fridge session
2026-06-11T09:59:18.599146+00:00,2026-06-11 15:29:18,Anllia,plug_1,Tapo P110,P110,fridge,a7c73018,multi_cycle,1.0,97.001,238.272,0.682,0.104,0.337,,on,-71,,2 hour NILM fridge session
2026-06-11T09:59:19.943534+00:00,2026-06-11 15:29:19,Anllia,plug_1,Tapo P110,P110,fridge,a7c73018,multi_cycle,1.0,96.791,238.272,0.679,0.104,0.337,,on,-67,,2 hour NILM fridge session
2026-06-11T09:59:21.196362+00:00,2026-06-11 15:29:21,Anllia,plug_1,Tapo P110,P110,fridge,a7c73018,multi_cycle,1.0,96.813,238.44,0.679,0.104,0.337,,on,-68,,2 hour NILM fridge session
2026-06-11T09:59:22.576388+00:00,2026-06-11 15:29:22,Anllia,plug_1,Tapo P110,P110,fridge,a7c73018,multi_cycle,1.0,96.833,238.44,0.679,0.105,0.337,,on,-66,,2 hour NILM fridge session
2026-06-11T09:59:23.895840+00:00,2026-06-11 15:29:23,Anllia,plug_1,Tapo P110,P110,fridge,a7c73018,multi_cycle,1.0,96.811,238.44,0.678,0.105,0.337,,on,-68,,2 hour NILM fridge session
2026-06-11T09:59:25.206382+00:00,2026-06-11 15:29:25,Anllia,plug_1,Tapo P110,P110,fridge,a7c73018,multi_cycle,1.0,97.1,238.747,0.678,0.105,0.337,,on,-67,,2 hour NILM fridge session
2026-06-11T09:59:26.491488+00:00,2026-06-11 15:29:26,Anllia,plug_1,Tapo P110,P110,fridge,a7c73018,multi_cycle,1.0,97.253,238.747,0.682,0.105,0.337,,on,-67,,2 hour NILM fridge session
2026-06-11T09:59:27.806131+00:00,2026-06-11 15:29:27,Anllia,plug_1,Tapo P110,P110,fridge,a7c73018,multi_cycle,1.0,97.052,238.724,0.682,0.105,0.337,,on,-67,,2 hour NILM fridge session
2026-06-11T09:59:29.077187+00:00,2026-06-11 15:29:29,Anllia,plug_1,Tapo P110,P110,fridge,a7c73018,multi_cycle,1.0,97.052,238.724,0.679,0.105,0.337,,on,-66,,2 hour NILM fridge session
2026-06-11T09:59:30.326790+00:00,2026-06-11 15:29:30,Anllia,plug_1,Tapo P110,P110,fridge,a7c73018,multi_cycle,1.0,97.029,238.81,0.679,0.105,0.337,,on,-67,,2 hour NILM fridge session
2026-06-11T09:59:31.573870+00:00,2026-06-11 15:29:31,Anllia,plug_1,Tapo P110,P110,fridge,a7c73018,multi_cycle,1.0,96.994,238.81,0.679,0.105,0.337,,on,-63,,2 hour NILM fridge session
2026-06-11T09:59:32.823005+00:00,2026-06-11 15:29:32,Anllia,plug_1,Tapo P110,P110,fridge,a7c73018,multi_cycle,1.0,97.218,238.81,0.68,0.105,0.337,,on,-65,,2 hour NILM fridge session
2026-06-11T09:59:34.171825+00:00,2026-06-11 15:29:34,Anllia,plug_1,Tapo P110,P110,fridge,a7c73018,multi_cycle,1.0,97.176,238.74,0.68,0.105,0.337,,on,-63,,2 hour NILM fridge session
2026-06-11T09:59:35.463293+00:00,2026-06-11 15:29:35,Anllia,plug_1,Tapo P110,P110,fridge,a7c73018,multi_cycle,1.0,97.101,238.74,0.68,0.105,0.337,,on,-63,,2 hour NILM fridge session
2026-06-11T09:59:36.773425+00:00,2026-06-11 15:29:36,Anllia,plug_1,Tapo P110,P110,fridge,a7c73018,multi_cycle,1.0,97.101,238.9,0.68,0.105,0.337,,on,-62,,2 hour NILM fridge session
2026-06-11T09:59:38.037897+00:00,2026-06-11 15:29:38,Anllia,plug_1,Tapo P110,P110,fridge,a7c73018,multi_cycle,1.0,97.19,238.9,0.681,0.105,0.337,,on,-62,,2 hour NILM fridge session
2026-06-11T09:59:39.404698+00:00,2026-06-11 15:29:39,Anllia,plug_1,Tapo P110,P110,fridge,a7c73018,multi_cycle,1.0,97.258,238.816,0.681,0.105,0.337,,on,-62,,2 hour NILM fridge session
2026-06-11T09:59:40.653504+00:00,2026-06-11 15:29:40,Anllia,plug_1,Tapo P110,P110,fridge,a7c73018,multi_cycle,1.0,96.493,238.816,0.681,0.105,0.337,,on,-63,,2 hour NILM fridge session
2026-06-11T09:59:41.905060+00:00,2026-06-11 15:29:41,Anllia,plug_1,Tapo P110,P110,fridge,a7c73018,multi_cycle,1.0,97.2,238.816,0.688,0.105,0.337,,on,-63,,2 hour NILM fridge session
2026-06-11T09:59:43.199724+00:00,2026-06-11 15:29:43,Anllia,plug_1,Tapo P110,P110,fridge,a7c73018,multi_cycle,1.0,97.532,238.292,0.688,0.105,0.337,,on,-63,,2 hour NILM fridge session
2026-06-11T09:59:44.523017+00:00,2026-06-11 15:29:44,Anllia,plug_1,Tapo P110,P110,fridge,a7c73018,multi_cycle,1.0,97.292,238.292,0.686,0.105,0.337,,on,-64,,2 hour NILM fridge session
2026-06-11T09:59:45.860580+00:00,2026-06-11 15:29:45,Anllia,plug_1,Tapo P110,P110,fridge,a7c73018,multi_cycle,1.0,97.292,238.18,0.686,0.105,0.337,,on,-64,,2 hour NILM fridge session
2026-06-11T09:59:47.582913+00:00,2026-06-11 15:29:47,Anllia,plug_1,Tapo P110,P110,fridge,a7c73018,multi_cycle,1.0,97.523,238.18,0.687,0.105,0.337,,on,-66,,2 hour NILM fridge session
2026-06-11T09:59:48.850593+00:00,2026-06-11 15:29:48,Anllia,plug_1,Tapo P110,P110,fridge,a7c73018,multi_cycle,1.0,97.516,238.302,0.687,0.105,0.338,,on,-65,,2 hour NILM fridge session
2026-06-11T09:59:50.204046+00:00,2026-06-11 15:29:50,Anllia,plug_1,Tapo P110,P110,fridge,a7c73018,multi_cycle,1.0,97.336,238.302,0.686,0.105,0.338,,on,-70,,2 hour NILM fridge session
2026-06-11T09:59:51.490292+00:00,2026-06-11 15:29:51,Anllia,plug_1,Tapo P110,P110,fridge,a7c73018,multi_cycle,1.0,97.611,238.292,0.686,0.105,0.338,,on,-70,,2 hour NILM fridge session
2026-06-11T09:59:52.745857+00:00,2026-06-11 15:29:52,Anllia,plug_1,Tapo P110,P110,fridge,a7c73018,multi_cycle,1.0,97.563,238.292,0.686,0.105,0.338,,on,-68,,2 hour NILM fridge session
2026-06-11T09:59:54.078499+00:00,2026-06-11 15:29:54,Anllia,plug_1,Tapo P110,P110,fridge,a7c73018,multi_cycle,1.0,97.61,238.292,0.685,0.105,0.338,,on,-65,,2 hour NILM fridge session
2026-06-11T09:59:55.360334+00:00,2026-06-11 15:29:55,Anllia,plug_1,Tapo P110,P110,fridge,a7c73018,multi_cycle,1.0,97.673,238.462,0.685,0.105,0.338,,on,-67,,2 hour NILM fridge session
2026-06-11T09:59:56.974440+00:00,2026-06-11 15:29:56,Anllia,plug_1,Tapo P110,P110,fridge,a7c73018,multi_cycle,1.0,97.546,238.462,0.685,0.105,0.338,,on,-66,,2 hour NILM fridge session
2026-06-11T09:59:58.288342+00:00,2026-06-11 15:29:58,Anllia,plug_1,Tapo P110,P110,fridge,a7c73018,multi_cycle,1.0,97.832,238.428,0.685,0.105,0.338,,on,-65,,2 hour NILM fridge session
2026-06-11T10:00:07.452685+00:00,2026-06-11 15:30:07,Anllia,plug_1,Tapo P110,P110,fridge,a7c73018,multi_cycle,1.0,97.386,238.583,0.686,0.106,0.338,,on,-79,,2 hour NILM fridge session
2026-06-11T10:00:47.753655+00:00,2026-06-11 15:30:47,Anllia,plug_1,Tapo P110,P110,fridge,a7c73018,multi_cycle,1.0,97.428,238.753,0.685,0.107,0.339,,on,-65,,2 hour NILM fridge session
2026-06-11T10:00:55.749338+00:00,2026-06-11 15:30:55,Anllia,plug_1,Tapo P110,P110,fridge,a7c73018,multi_cycle,1.0,97.916,239.009,0.687,0.107,0.339,,on,-65,,2 hour NILM fridge session
2026-06-11T10:00:57.055787+00:00,2026-06-11 15:30:57,Anllia,plug_1,Tapo P110,P110,fridge,a7c73018,multi_cycle,1.0,98.081,239.009,0.688,0.107,0.339,,on,-65,,2 hour NILM fridge session
2026-06-11T10:01:02.359355+00:00,2026-06-11 15:31:02,Anllia,plug_1,Tapo P110,P110,fridge,a7c73018,multi_cycle,1.0,98.026,238.954,0.687,0.107,0.339,,on,-65,,2 hour NILM fridge session
2026-06-11T10:01:03.607972+00:00,2026-06-11 15:31:03,Anllia,plug_1,Tapo P110,P110,fridge,a7c73018,multi_cycle,1.0,97.741,238.832,0.687,0.107,0.34,,on,-65,,2 hour NILM fridge session
2026-06-11T10:01:04.853891+00:00,2026-06-11 15:31:04,Anllia,plug_1,Tapo P110,P110,fridge,a7c73018,multi_cycle,1.0,97.904,238.832,0.687,0.107,0.34,,on,-66,,2 hour NILM fridge session
2026-06-11T10:01:06.178795+00:00,2026-06-11 15:31:06,Anllia,plug_1,Tapo P110,P110,fridge,a7c73018,multi_cycle,1.0,97.8,238.832,0.688,0.107,0.34,,on,-65,,2 hour NILM fridge session
2026-06-11T10:01:07.460671+00:00,2026-06-11 15:31:07,Anllia,plug_1,Tapo P110,P110,fridge,a7c73018,multi_cycle,1.0,97.811,238.639,0.688,0.107,0.34,,on,-65,,2 hour NILM fridge session
2026-06-11T10:01:08.776447+00:00,2026-06-11 15:31:08,Anllia,plug_1,Tapo P110,P110,fridge,a7c73018,multi_cycle,1.0,97.647,238.639,0.686,0.107,0.34,,on,-65,,2 hour NILM fridge session
2026-06-11T10:01:10.119514+00:00,2026-06-11 15:31:10,Anllia,plug_1,Tapo P110,P110,fridge,a7c73018,multi_cycle,1.0,97.647,238.635,0.686,0.107,0.34,,on,-65,,2 hour NILM fridge session
2026-06-11T10:01:11.380064+00:00,2026-06-11 15:31:11,Anllia,plug_1,Tapo P110,P110,fridge,a7c73018,multi_cycle,1.0,97.722,238.635,0.685,0.107,0.34,,on,-65,,2 hour NILM fridge session
2026-06-11T10:01:12.677007+00:00,2026-06-11 15:31:12,Anllia,plug_1,Tapo P110,P110,fridge,a7c73018,multi_cycle,1.0,97.664,238.608,0.685,0.108,0.34,,on,-65,,2 hour NILM fridge session
2026-06-11T10:01:13.984835+00:00,2026-06-11 15:31:13,Anllia,plug_1,Tapo P110,P110,fridge,a7c73018,multi_cycle,1.0,97.869,238.608,0.685,0.108,0.34,,on,-65,,2 hour NILM fridge session
2026-06-11T10:01:15.448258+00:00,2026-06-11 15:31:15,Anllia,plug_1,Tapo P110,P110,fridge,a7c73018,multi_cycle,1.0,97.78,238.608,0.687,0.108,0.34,,on,-65,,2 hour NILM fridge session
2026-06-11T10:01:16.697641+00:00,2026-06-11 15:31:16,Anllia,plug_1,Tapo P110,P110,fridge,a7c73018,multi_cycle,1.0,97.708,238.779,0.687,0.108,0.34,,on,-65,,2 hour NILM fridge session
2026-06-11T10:01:19.320872+00:00,2026-06-11 15:31:19,Anllia,plug_1,Tapo P110,P110,fridge,a7c73018,multi_cycle,1.0,97.424,238.779,0.685,0.108,0.34,,on,-65,,2 hour NILM fridge session
2026-06-11T10:01:20.587666+00:00,2026-06-11 15:31:20,Anllia,plug_1,Tapo P110,P110,fridge,a7c73018,multi_cycle,1.0,97.333,238.859,0.684,0.108,0.34,,on,-65,,2 hour NILM fridge session
2026-06-11T10:01:21.946144+00:00,2026-06-11 15:31:21,Anllia,plug_1,Tapo P110,P110,fridge,a7c73018,multi_cycle,1.0,97.396,239.012,0.684,0.108,0.34,,on,-65,,2 hour NILM fridge session
2026-06-11T10:01:23.295899+00:00,2026-06-11 15:31:23,Anllia,plug_1,Tapo P110,P110,fridge,a7c73018,multi_cycle,1.0,97.855,239.012,0.687,0.108,0.34,,on,-65,,2 hour NILM fridge session
2026-06-11T10:01:24.611562+00:00,2026-06-11 15:31:24,Anllia,plug_1,Tapo P110,P110,fridge,a7c73018,multi_cycle,1.0,97.846,239.067,0.687,0.108,0.34,,on,-65,,2 hour NILM fridge session
2026-06-11T10:01:25.900727+00:00,2026-06-11 15:31:25,Anllia,plug_1,Tapo P110,P110,fridge,a7c73018,multi_cycle,1.0,97.894,239.067,0.687,0.108,0.34,,on,-65,,2 hour NILM fridge session
2026-06-11T10:01:27.244774+00:00,2026-06-11 15:31:27,Anllia,plug_1,Tapo P110,P110,fridge,a7c73018,multi_cycle,1.0,98.063,239.067,0.686,0.108,0.34,,on,-65,,2 hour NILM fridge session
2026-06-11T10:01:28.652127+00:00,2026-06-11 15:31:28,Anllia,plug_1,Tapo P110,P110,fridge,a7c73018,multi_cycle,1.0,98.217,239.269,0.686,0.108,0.34,,on,-65,,2 hour NILM fridge session
2026-06-11T10:01:29.971493+00:00,2026-06-11 15:31:29,Anllia,plug_1,Tapo P110,P110,fridge,a7c73018,multi_cycle,1.0,98.097,239.269,0.685,0.108,0.34,,on,-65,,2 hour NILM fridge session
2026-06-11T10:01:31.252414+00:00,2026-06-11 15:31:31,Anllia,plug_1,Tapo P110,P110,fridge,a7c73018,multi_cycle,1.0,97.913,239.625,0.685,0.108,0.34,,on,-65,,2 hour NILM fridge session
2026-06-11T10:01:32.563056+00:00,2026-06-11 15:31:32,Anllia,plug_1,Tapo P110,P110,fridge,a7c73018,multi_cycle,1.0,97.913,239.625,0.686,0.108,0.34,,on,-65,,2 hour NILM fridge session
2026-06-11T10:01:33.830257+00:00,2026-06-11 15:31:33,Anllia,plug_1,Tapo P110,P110,fridge,a7c73018,multi_cycle,1.0,98.042,239.757,0.686,0.108,0.34,,on,-65,,2 hour NILM fridge session
2026-06-11T10:01:35.120107+00:00,2026-06-11 15:31:35,Anllia,plug_1,Tapo P110,P110,fridge,a7c73018,multi_cycle,1.0,97.599,239.757,0.681,0.108,0.34,,on,-65,,2 hour NILM fridge session
2026-06-11T10:01:36.460467+00:00,2026-06-11 15:31:36,Anllia,plug_1,Tapo P110,P110,fridge,a7c73018,multi_cycle,1.0,97.365,239.757,0.681,0.108,0.34,,on,-65,,2 hour NILM fridge session
2026-06-11T10:01:37.778471+00:00,2026-06-11 15:31:37,Anllia,plug_1,Tapo P110,P110,fridge,a7c73018,multi_cycle,1.0,97.254,239.888,0.681,0.108,0.34,,on,-65,,2 hour NILM fridge session
2026-06-11T10:01:39.116628+00:00,2026-06-11 15:31:39,Anllia,plug_1,Tapo P110,P110,fridge,a7c73018,multi_cycle,1.0,97.431,239.888,0.681,0.108,0.341,,on,-65,,2 hour NILM fridge session
2026-06-11T10:01:40.548354+00:00,2026-06-11 15:31:40,Anllia,plug_1,Tapo P110,P110,fridge,a7c73018,multi_cycle,1.0,97.701,239.833,0.681,0.108,0.341,,on,-66,,2 hour NILM fridge session
2026-06-11T10:01:41.820713+00:00,2026-06-11 15:31:41,Anllia,plug_1,Tapo P110,P110,fridge,a7c73018,multi_cycle,1.0,97.618,239.833,0.681,0.108,0.341,,on,-65,,2 hour NILM fridge session
2026-06-11T10:01:43.139075+00:00,2026-06-11 15:31:43,Anllia,plug_1,Tapo P110,P110,fridge,a7c73018,multi_cycle,1.0,97.618,239.89,0.681,0.108,0.341,,on,-65,,2 hour NILM fridge session
2026-06-11T10:01:44.414600+00:00,2026-06-11 15:31:44,Anllia,plug_1,Tapo P110,P110,fridge,a7c73018,multi_cycle,1.0,97.913,239.89,0.684,0.108,0.341,,on,-65,,2 hour NILM fridge session
2026-06-11T10:01:45.680481+00:00,2026-06-11 15:31:45,Anllia,plug_1,Tapo P110,P110,fridge,a7c73018,multi_cycle,1.0,97.744,239.849,0.684,0.108,0.341,,on,-65,,2 hour NILM fridge session
2026-06-11T10:01:47.075703+00:00,2026-06-11 15:31:47,Anllia,plug_1,Tapo P110,P110,fridge,a7c73018,multi_cycle,1.0,97.765,239.849,0.684,0.108,0.341,,on,-65,,2 hour NILM fridge session
2026-06-11T10:01:48.462448+00:00,2026-06-11 15:31:48,Anllia,plug_1,Tapo P110,P110,fridge,a7c73018,multi_cycle,1.0,97.841,239.849,0.686,0.108,0.341,,on,-66,,2 hour NILM fridge session
2026-06-11T10:01:51.326151+00:00,2026-06-11 15:31:51,Anllia,plug_1,Tapo P110,P110,fridge,a7c73018,multi_cycle,1.0,98.053,239.719,0.686,0.109,0.341,,on,-65,,2 hour NILM fridge session
2026-06-11T10:01:52.594736+00:00,2026-06-11 15:31:52,Anllia,plug_1,Tapo P110,P110,fridge,a7c73018,multi_cycle,1.0,98.104,239.711,0.692,0.109,0.341,,on,-68,,2 hour NILM fridge session
2026-06-11T10:01:54.237058+00:00,2026-06-11 15:31:54,Anllia,plug_1,Tapo P110,P110,fridge,a7c73018,multi_cycle,1.0,98.073,239.711,0.692,0.109,0.341,,on,-67,,2 hour NILM fridge session
2026-06-11T10:01:55.488987+00:00,2026-06-11 15:31:55,Anllia,plug_1,Tapo P110,P110,fridge,a7c73018,multi_cycle,1.0,98.036,239.648,0.692,0.109,0.341,,on,-65,,2 hour NILM fridge session
2026-06-11T10:01:56.788360+00:00,2026-06-11 15:31:56,Anllia,plug_1,Tapo P110,P110,fridge,a7c73018,multi_cycle,1.0,98.061,239.648,0.694,0.109,0.341,,on,-65,,2 hour NILM fridge session
2026-06-11T10:01:58.102998+00:00,2026-06-11 15:31:58,Anllia,plug_1,Tapo P110,P110,fridge,a7c73018,multi_cycle,1.0,98.061,239.353,0.694,0.109,0.341,,on,-64,,2 hour NILM fridge session
2026-06-11T10:01:59.371704+00:00,2026-06-11 15:31:59,Anllia,plug_1,Tapo P110,P110,fridge,a7c73018,multi_cycle,1.0,98.356,239.353,0.695,0.109,0.341,,on,-65,,2 hour NILM fridge session
2026-06-11T10:02:00.708634+00:00,2026-06-11 15:32:00,Anllia,plug_1,Tapo P110,P110,fridge,a7c73018,multi_cycle,1.0,98.185,239.854,0.695,0.109,0.341,,on,-65,,2 hour NILM fridge session
2026-06-11T10:02:01.976703+00:00,2026-06-11 15:32:01,Anllia,plug_1,Tapo P110,P110,fridge,a7c73018,multi_cycle,1.0,98.268,239.854,0.695,0.109,0.341,,on,-66,,2 hour NILM fridge session
2026-06-11T10:02:03.230320+00:00,2026-06-11 15:32:03,Anllia,plug_1,Tapo P110,P110,fridge,a7c73018,multi_cycle,1.0,98.11,239.854,0.696,0.109,0.341,,on,-68,,2 hour NILM fridge session
2026-06-11T10:02:04.523471+00:00,2026-06-11 15:32:04,Anllia,plug_1,Tapo P110,P110,fridge,a7c73018,multi_cycle,1.0,97.985,239.935,0.696,0.109,0.341,,on,-67,,2 hour NILM fridge session
2026-06-11T10:02:05.773072+00:00,2026-06-11 15:32:05,Anllia,plug_1,Tapo P110,P110,fridge,a7c73018,multi_cycle,1.0,97.983,239.935,0.693,0.109,0.341,,on,-67,,2 hour NILM fridge session
2026-06-11T10:02:07.124022+00:00,2026-06-11 15:32:07,Anllia,plug_1,Tapo P110,P110,fridge,a7c73018,multi_cycle,1.0,97.983,240.129,0.693,0.109,0.341,,on,-64,,2 hour NILM fridge session
2026-06-11T10:02:08.389692+00:00,2026-06-11 15:32:08,Anllia,plug_1,Tapo P110,P110,fridge,a7c73018,multi_cycle,1.0,98.064,240.129,0.695,0.109,0.341,,on,-73,,2 hour NILM fridge session
2026-06-11T10:02:09.656006+00:00,2026-06-11 15:32:09,Anllia,plug_1,Tapo P110,P110,fridge,a7c73018,multi_cycle,1.0,97.954,240.129,0.695,0.109,0.341,,on,-70,,2 hour NILM fridge session
2026-06-11T10:02:10.940921+00:00,2026-06-11 15:32:10,Anllia,plug_1,Tapo P110,P110,fridge,a7c73018,multi_cycle,1.0,97.881,240.221,0.695,0.109,0.341,,on,-73,,2 hour NILM fridge session
2026-06-11T10:02:12.196821+00:00,2026-06-11 15:32:12,Anllia,plug_1,Tapo P110,P110,fridge,a7c73018,multi_cycle,1.0,98.051,240.221,0.689,0.109,0.341,,on,-72,,2 hour NILM fridge session
2026-06-11T10:02:13.540781+00:00,2026-06-11 15:32:13,Anllia,plug_1,Tapo P110,P110,fridge,a7c73018,multi_cycle,1.0,97.732,240.184,0.689,0.109,0.341,,on,-70,,2 hour NILM fridge session
2026-06-11T10:02:14.810150+00:00,2026-06-11 15:32:14,Anllia,plug_1,Tapo P110,P110,fridge,a7c73018,multi_cycle,1.0,97.991,240.184,0.691,0.109,0.341,,on,-68,,2 hour NILM fridge session
2026-06-11T10:02:16.089878+00:00,2026-06-11 15:32:16,Anllia,plug_1,Tapo P110,P110,fridge,a7c73018,multi_cycle,1.0,97.991,240.113,0.691,0.109,0.342,,on,-65,,2 hour NILM fridge session
2026-06-11T10:02:17.333337+00:00,2026-06-11 15:32:17,Anllia,plug_1,Tapo P110,P110,fridge,a7c73018,multi_cycle,1.0,97.928,240.113,0.691,0.109,0.342,,on,-65,,2 hour NILM fridge session
2026-06-11T10:02:18.583892+00:00,2026-06-11 15:32:18,Anllia,plug_1,Tapo P110,P110,fridge,a7c73018,multi_cycle,1.0,97.987,240.113,0.691,0.109,0.342,,on,-67,,2 hour NILM fridge session
2026-06-11T10:02:19.904900+00:00,2026-06-11 15:32:19,Anllia,plug_1,Tapo P110,P110,fridge,a7c73018,multi_cycle,1.0,98.104,239.988,0.691,0.109,0.342,,on,-65,,2 hour NILM fridge session
2026-06-11T10:02:21.170732+00:00,2026-06-11 15:32:21,Anllia,plug_1,Tapo P110,P110,fridge,a7c73018,multi_cycle,1.0,98.236,239.988,0.692,0.109,0.342,,on,-66,,2 hour NILM fridge session
2026-06-11T10:02:22.416325+00:00,2026-06-11 15:32:22,Anllia,plug_1,Tapo P110,P110,fridge,a7c73018,multi_cycle,1.0,98.129,239.999,0.692,0.109,0.342,,on,-64,,2 hour NILM fridge session
2026-06-11T10:02:23.692746+00:00,2026-06-11 15:32:23,Anllia,plug_1,Tapo P110,P110,fridge,a7c73018,multi_cycle,1.0,98.129,239.999,0.692,0.109,0.342,,on,-66,,2 hour NILM fridge session
2026-06-11T10:02:24.944810+00:00,2026-06-11 15:32:24,Anllia,plug_1,Tapo P110,P110,fridge,a7c73018,multi_cycle,1.0,98.008,239.998,0.692,0.109,0.342,,on,-65,,2 hour NILM fridge session
2026-06-11T10:02:26.189050+00:00,2026-06-11 15:32:26,Anllia,plug_1,Tapo P110,P110,fridge,a7c73018,multi_cycle,1.0,97.906,239.998,0.692,0.11,0.342,,on,-65,,2 hour NILM fridge session
2026-06-11T10:02:27.452891+00:00,2026-06-11 15:32:27,Anllia,plug_1,Tapo P110,P110,fridge,a7c73018,multi_cycle,1.0,97.683,239.998,0.69,0.11,0.342,,on,-65,,2 hour NILM fridge session
2026-06-11T10:02:28.793396+00:00,2026-06-11 15:32:28,Anllia,plug_1,Tapo P110,P110,fridge,a7c73018,multi_cycle,1.0,97.733,240.125,0.69,0.11,0.342,,on,-66,,2 hour NILM fridge session
2026-06-11T10:02:30.077172+00:00,2026-06-11 15:32:30,Anllia,plug_1,Tapo P110,P110,fridge,a7c73018,multi_cycle,1.0,97.519,240.125,0.687,0.11,0.342,,on,-66,,2 hour NILM fridge session
2026-06-11T10:02:31.392925+00:00,2026-06-11 15:32:31,Anllia,plug_1,Tapo P110,P110,fridge,a7c73018,multi_cycle,1.0,97.519,240.009,0.687,0.11,0.342,,on,-66,,2 hour NILM fridge session
2026-06-11T10:02:32.665105+00:00,2026-06-11 15:32:32,Anllia,plug_1,Tapo P110,P110,fridge,a7c73018,multi_cycle,1.0,97.625,240.009,0.689,0.11,0.342,,on,-66,,2 hour NILM fridge session
2026-06-11T10:02:33.911099+00:00,2026-06-11 15:32:33,Anllia,plug_1,Tapo P110,P110,fridge,a7c73018,multi_cycle,1.0,97.846,240.257,0.689,0.11,0.342,,on,-66,,2 hour NILM fridge session
2026-06-11T10:02:35.207079+00:00,2026-06-11 15:32:35,Anllia,plug_1,Tapo P110,P110,fridge,a7c73018,multi_cycle,1.0,97.968,240.257,0.689,0.11,0.342,,on,-67,,2 hour NILM fridge session
2026-06-11T10:02:36.449831+00:00,2026-06-11 15:32:36,Anllia,plug_1,Tapo P110,P110,fridge,a7c73018,multi_cycle,1.0,97.91,240.257,0.689,0.11,0.342,,on,-67,,2 hour NILM fridge session
2026-06-11T10:02:37.764260+00:00,2026-06-11 15:32:37,Anllia,plug_1,Tapo P110,P110,fridge,a7c73018,multi_cycle,1.0,98.052,240.263,0.689,0.11,0.342,,on,-68,,2 hour NILM fridge session
2026-06-11T10:02:39.011912+00:00,2026-06-11 15:32:39,Anllia,plug_1,Tapo P110,P110,fridge,a7c73018,multi_cycle,1.0,97.859,240.263,0.69,0.11,0.342,,on,-66,,2 hour NILM fridge session
2026-06-11T10:02:40.357446+00:00,2026-06-11 15:32:40,Anllia,plug_1,Tapo P110,P110,fridge,a7c73018,multi_cycle,1.0,97.859,240.17,0.69,0.11,0.342,,on,-68,,2 hour NILM fridge session
2026-06-11T10:02:41.624009+00:00,2026-06-11 15:32:41,Anllia,plug_1,Tapo P110,P110,fridge,a7c73018,multi_cycle,1.0,97.767,240.17,0.689,0.11,0.342,,on,-63,,2 hour NILM fridge session
2026-06-11T10:02:42.881317+00:00,2026-06-11 15:32:42,Anllia,plug_1,Tapo P110,P110,fridge,a7c73018,multi_cycle,1.0,97.699,240.17,0.689,0.11,0.342,,on,-65,,2 hour NILM fridge session
2026-06-11T10:02:44.174283+00:00,2026-06-11 15:32:44,Anllia,plug_1,Tapo P110,P110,fridge,a7c73018,multi_cycle,1.0,97.626,240.242,0.689,0.11,0.342,,on,-66,,2 hour NILM fridge session
2026-06-11T10:02:45.419458+00:00,2026-06-11 15:32:45,Anllia,plug_1,Tapo P110,P110,fridge,a7c73018,multi_cycle,1.0,97.841,240.242,0.689,0.11,0.342,,on,-67,,2 hour NILM fridge session
2026-06-11T10:02:46.665940+00:00,2026-06-11 15:32:46,Anllia,plug_1,Tapo P110,P110,fridge,a7c73018,multi_cycle,1.0,97.954,240.361,0.689,0.11,0.342,,on,-66,,2 hour NILM fridge session
2026-06-11T10:02:48.088950+00:00,2026-06-11 15:32:48,Anllia,plug_1,Tapo P110,P110,fridge,a7c73018,multi_cycle,1.0,97.954,240.361,0.688,0.11,0.342,,on,-65,,2 hour NILM fridge session
2026-06-11T10:02:49.395023+00:00,2026-06-11 15:32:49,Anllia,plug_1,Tapo P110,P110,fridge,a7c73018,multi_cycle,1.0,97.871,240.504,0.688,0.11,0.342,,on,-67,,2 hour NILM fridge session
2026-06-11T10:02:50.652386+00:00,2026-06-11 15:32:50,Anllia,plug_1,Tapo P110,P110,fridge,a7c73018,multi_cycle,1.0,97.948,240.504,0.69,0.11,0.342,,on,-64,,2 hour NILM fridge session
2026-06-11T10:02:51.910451+00:00,2026-06-11 15:32:51,Anllia,plug_1,Tapo P110,P110,fridge,a7c73018,multi_cycle,1.0,97.829,240.621,0.69,0.11,0.342,,on,-69,,2 hour NILM fridge session
2026-06-11T10:02:53.221881+00:00,2026-06-11 15:32:53,Anllia,plug_1,Tapo P110,P110,fridge,a7c73018,multi_cycle,1.0,97.89,240.621,0.69,0.11,0.343,,on,-72,,2 hour NILM fridge session
2026-06-11T10:02:54.587573+00:00,2026-06-11 15:32:54,Anllia,plug_1,Tapo P110,P110,fridge,a7c73018,multi_cycle,1.0,98.042,240.621,0.69,0.11,0.343,,on,-65,,2 hour NILM fridge session
2026-06-11T10:02:55.854330+00:00,2026-06-11 15:32:55,Anllia,plug_1,Tapo P110,P110,fridge,a7c73018,multi_cycle,1.0,97.966,240.646,0.69,0.11,0.343,,on,-66,,2 hour NILM fridge session
2026-06-11T10:02:57.267943+00:00,2026-06-11 15:32:57,Anllia,plug_1,Tapo P110,P110,fridge,a7c73018,multi_cycle,1.0,98.165,240.646,0.691,0.11,0.343,,on,-65,,2 hour NILM fridge session
2026-06-11T10:02:58.617959+00:00,2026-06-11 15:32:58,Anllia,plug_1,Tapo P110,P110,fridge,a7c73018,multi_cycle,1.0,97.909,240.648,0.691,0.11,0.343,,on,-66,,2 hour NILM fridge session
2026-06-11T10:02:59.966316+00:00,2026-06-11 15:32:59,Anllia,plug_1,Tapo P110,P110,fridge,a7c73018,multi_cycle,1.0,97.909,240.648,0.689,0.11,0.343,,on,-69,,2 hour NILM fridge session
2026-06-11T10:03:01.332473+00:00,2026-06-11 15:33:01,Anllia,plug_1,Tapo P110,P110,fridge,a7c73018,multi_cycle,1.0,97.907,240.543,0.689,0.11,0.343,,on,-78,,2 hour NILM fridge session
2026-06-11T10:03:02.579968+00:00,2026-06-11 15:33:02,Anllia,plug_1,Tapo P110,P110,fridge,a7c73018,multi_cycle,1.0,97.971,240.543,0.687,0.11,0.343,,on,-64,,2 hour NILM fridge session
2026-06-11T10:03:03.840609+00:00,2026-06-11 15:33:03,Anllia,plug_1,Tapo P110,P110,fridge,a7c73018,multi_cycle,1.0,97.815,240.543,0.687,0.111,0.343,,on,-65,,2 hour NILM fridge session
2026-06-11T10:03:05.401074+00:00,2026-06-11 15:33:05,Anllia,plug_1,Tapo P110,P110,fridge,a7c73018,multi_cycle,1.0,97.939,240.484,0.69,0.111,0.343,,on,-66,,2 hour NILM fridge session
2026-06-11T10:03:06.687574+00:00,2026-06-11 15:33:06,Anllia,plug_1,Tapo P110,P110,fridge,a7c73018,multi_cycle,1.0,97.99,240.484,0.69,0.111,0.343,,on,-65,,2 hour NILM fridge session
2026-06-11T10:03:08.083274+00:00,2026-06-11 15:33:08,Anllia,plug_1,Tapo P110,P110,fridge,a7c73018,multi_cycle,1.0,97.973,240.317,0.69,0.111,0.343,,on,-66,,2 hour NILM fridge session
2026-06-11T10:03:09.426858+00:00,2026-06-11 15:33:09,Anllia,plug_1,Tapo P110,P110,fridge,a7c73018,multi_cycle,1.0,98.005,240.317,0.691,0.111,0.343,,on,-66,,2 hour NILM fridge session
2026-06-11T10:03:10.690786+00:00,2026-06-11 15:33:10,Anllia,plug_1,Tapo P110,P110,fridge,a7c73018,multi_cycle,1.0,98.102,240.256,0.691,0.111,0.343,,on,-65,,2 hour NILM fridge session
2026-06-11T10:03:12.070372+00:00,2026-06-11 15:33:12,Anllia,plug_1,Tapo P110,P110,fridge,a7c73018,multi_cycle,1.0,98.102,240.256,0.692,0.111,0.343,,on,-67,,2 hour NILM fridge session
2026-06-11T10:03:13.386011+00:00,2026-06-11 15:33:13,Anllia,plug_1,Tapo P110,P110,fridge,a7c73018,multi_cycle,1.0,97.98,240.017,0.692,0.111,0.343,,on,-65,,2 hour NILM fridge session
2026-06-11T10:03:14.702394+00:00,2026-06-11 15:33:14,Anllia,plug_1,Tapo P110,P110,fridge,a7c73018,multi_cycle,1.0,97.845,240.017,0.692,0.111,0.343,,on,-66,,2 hour NILM fridge session
2026-06-11T10:03:15.990083+00:00,2026-06-11 15:33:15,Anllia,plug_1,Tapo P110,P110,fridge,a7c73018,multi_cycle,1.0,97.757,240.021,0.692,0.111,0.343,,on,-67,,2 hour NILM fridge session
2026-06-11T10:03:17.333394+00:00,2026-06-11 15:33:17,Anllia,plug_1,Tapo P110,P110,fridge,a7c73018,multi_cycle,1.0,97.733,240.021,0.692,0.111,0.343,,on,-65,,2 hour NILM fridge session
2026-06-11T10:03:18.616398+00:00,2026-06-11 15:33:18,Anllia,plug_1,Tapo P110,P110,fridge,a7c73018,multi_cycle,1.0,97.58,240.021,0.691,0.111,0.343,,on,-66,,2 hour NILM fridge session
2026-06-11T10:03:19.933701+00:00,2026-06-11 15:33:19,Anllia,plug_1,Tapo P110,P110,fridge,a7c73018,multi_cycle,1.0,97.55,239.972,0.691,0.111,0.343,,on,-66,,2 hour NILM fridge session
2026-06-11T10:03:21.218314+00:00,2026-06-11 15:33:21,Anllia,plug_1,Tapo P110,P110,fridge,a7c73018,multi_cycle,1.0,97.358,239.972,0.69,0.111,0.343,,on,-65,,2 hour NILM fridge session
2026-06-11T10:03:22.489230+00:00,2026-06-11 15:33:22,Anllia,plug_1,Tapo P110,P110,fridge,a7c73018,multi_cycle,1.0,97.106,240.112,0.69,0.111,0.343,,on,-66,,2 hour NILM fridge session
2026-06-11T10:03:23.834153+00:00,2026-06-11 15:33:23,Anllia,plug_1,Tapo P110,P110,fridge,a7c73018,multi_cycle,1.0,97.106,240.112,0.686,0.111,0.343,,on,-65,,2 hour NILM fridge session
2026-06-11T10:03:25.086962+00:00,2026-06-11 15:33:25,Anllia,plug_1,Tapo P110,P110,fridge,a7c73018,multi_cycle,1.0,97.126,239.948,0.686,0.111,0.343,,on,-65,,2 hour NILM fridge session
2026-06-11T10:03:26.333784+00:00,2026-06-11 15:33:26,Anllia,plug_1,Tapo P110,P110,fridge,a7c73018,multi_cycle,1.0,97.066,239.948,0.686,0.111,0.343,,on,-66,,2 hour NILM fridge session
2026-06-11T10:03:27.666523+00:00,2026-06-11 15:33:27,Anllia,plug_1,Tapo P110,P110,fridge,a7c73018,multi_cycle,1.0,97.226,239.948,0.687,0.111,0.343,,on,-66,,2 hour NILM fridge session
2026-06-11T10:03:28.932894+00:00,2026-06-11 15:33:28,Anllia,plug_1,Tapo P110,P110,fridge,a7c73018,multi_cycle,1.0,97.645,239.729,0.687,0.111,0.343,,on,-66,,2 hour NILM fridge session
2026-06-11T10:03:30.222848+00:00,2026-06-11 15:33:30,Anllia,plug_1,Tapo P110,P110,fridge,a7c73018,multi_cycle,1.0,97.535,239.729,0.689,0.111,0.344,,on,-63,,2 hour NILM fridge session
2026-06-11T10:03:32.852094+00:00,2026-06-11 15:33:32,Anllia,plug_1,Tapo P110,P110,fridge,a7c73018,multi_cycle,1.0,97.535,239.505,0.689,0.111,0.344,,on,-65,,2 hour NILM fridge session
2026-06-11T10:03:34.107369+00:00,2026-06-11 15:33:34,Anllia,plug_1,Tapo P110,P110,fridge,a7c73018,multi_cycle,1.0,97.417,239.636,0.689,0.111,0.344,,on,-68,,2 hour NILM fridge session
2026-06-11T10:03:35.401700+00:00,2026-06-11 15:33:35,Anllia,plug_1,Tapo P110,P110,fridge,a7c73018,multi_cycle,1.0,97.794,239.636,0.689,0.111,0.344,,on,-67,,2 hour NILM fridge session
2026-06-11T10:03:36.667951+00:00,2026-06-11 15:33:36,Anllia,plug_1,Tapo P110,P110,fridge,a7c73018,multi_cycle,1.0,97.759,239.636,0.691,0.111,0.344,,on,-64,,2 hour NILM fridge session
2026-06-11T10:03:38.014954+00:00,2026-06-11 15:33:38,Anllia,plug_1,Tapo P110,P110,fridge,a7c73018,multi_cycle,1.0,97.669,239.747,0.691,0.111,0.344,,on,-65,,2 hour NILM fridge session
2026-06-11T10:03:39.299446+00:00,2026-06-11 15:33:39,Anllia,plug_1,Tapo P110,P110,fridge,a7c73018,multi_cycle,1.0,97.798,239.747,0.692,0.111,0.344,,on,-67,,2 hour NILM fridge session
2026-06-11T10:03:40.709798+00:00,2026-06-11 15:33:40,Anllia,plug_1,Tapo P110,P110,fridge,a7c73018,multi_cycle,1.0,97.905,239.699,0.692,0.112,0.344,,on,-66,,2 hour NILM fridge session
2026-06-11T10:03:42.066004+00:00,2026-06-11 15:33:42,Anllia,plug_1,Tapo P110,P110,fridge,a7c73018,multi_cycle,1.0,97.905,239.699,0.694,0.112,0.344,,on,-65,,2 hour NILM fridge session
2026-06-11T10:03:43.575538+00:00,2026-06-11 15:33:43,Anllia,plug_1,Tapo P110,P110,fridge,a7c73018,multi_cycle,1.0,97.994,239.763,0.694,0.112,0.344,,on,-67,,2 hour NILM fridge session
2026-06-11T10:03:44.898166+00:00,2026-06-11 15:33:44,Anllia,plug_1,Tapo P110,P110,fridge,a7c73018,multi_cycle,1.0,97.749,239.763,0.693,0.112,0.344,,on,-74,,2 hour NILM fridge session
2026-06-11T10:03:46.268852+00:00,2026-06-11 15:33:46,Anllia,plug_1,Tapo P110,P110,fridge,a7c73018,multi_cycle,1.0,97.684,239.859,0.693,0.112,0.344,,on,-73,,2 hour NILM fridge session
2026-06-11T10:03:47.520690+00:00,2026-06-11 15:33:47,Anllia,plug_1,Tapo P110,P110,fridge,a7c73018,multi_cycle,1.0,97.726,239.859,0.692,0.112,0.344,,on,-71,,2 hour NILM fridge session
2026-06-11T10:03:48.812824+00:00,2026-06-11 15:33:48,Anllia,plug_1,Tapo P110,P110,fridge,a7c73018,multi_cycle,1.0,97.515,239.859,0.692,0.112,0.344,,on,-64,,2 hour NILM fridge session
2026-06-11T10:03:50.102316+00:00,2026-06-11 15:33:50,Anllia,plug_1,Tapo P110,P110,fridge,a7c73018,multi_cycle,1.0,97.285,239.994,0.692,0.112,0.344,,on,-67,,2 hour NILM fridge session
2026-06-11T10:03:51.356268+00:00,2026-06-11 15:33:51,Anllia,plug_1,Tapo P110,P110,fridge,a7c73018,multi_cycle,1.0,97.567,239.994,0.689,0.112,0.344,,on,-67,,2 hour NILM fridge session
2026-06-11T10:03:52.630798+00:00,2026-06-11 15:33:52,Anllia,plug_1,Tapo P110,P110,fridge,a7c73018,multi_cycle,1.0,97.612,239.933,0.689,0.112,0.344,,on,-64,,2 hour NILM fridge session
2026-06-11T10:03:53.933189+00:00,2026-06-11 15:33:53,Anllia,plug_1,Tapo P110,P110,fridge,a7c73018,multi_cycle,1.0,97.612,239.933,0.687,0.112,0.344,,on,-69,,2 hour NILM fridge session
2026-06-11T10:03:55.190604+00:00,2026-06-11 15:33:55,Anllia,plug_1,Tapo P110,P110,fridge,a7c73018,multi_cycle,1.0,97.148,239.847,0.687,0.112,0.344,,on,-68,,2 hour NILM fridge session
2026-06-11T10:03:56.438364+00:00,2026-06-11 15:33:56,Anllia,plug_1,Tapo P110,P110,fridge,a7c73018,multi_cycle,1.0,96.949,239.847,0.687,0.112,0.344,,on,-66,,2 hour NILM fridge session
2026-06-11T10:03:57.740442+00:00,2026-06-11 15:33:57,Anllia,plug_1,Tapo P110,P110,fridge,a7c73018,multi_cycle,1.0,97.308,239.847,0.687,0.112,0.344,,on,-67,,2 hour NILM fridge session
2026-06-11T10:03:59.055887+00:00,2026-06-11 15:33:59,Anllia,plug_1,Tapo P110,P110,fridge,a7c73018,multi_cycle,1.0,97.356,240.012,0.687,0.112,0.344,,on,-64,,2 hour NILM fridge session
2026-06-11T10:04:00.641782+00:00,2026-06-11 15:34:00,Anllia,plug_1,Tapo P110,P110,fridge,a7c73018,multi_cycle,1.0,97.338,240.012,0.687,0.112,0.344,,on,-66,,2 hour NILM fridge session
2026-06-11T10:04:01.955028+00:00,2026-06-11 15:34:01,Anllia,plug_1,Tapo P110,P110,fridge,a7c73018,multi_cycle,1.0,97.443,240.162,0.687,0.112,0.344,,on,-64,,2 hour NILM fridge session
2026-06-11T10:04:03.304481+00:00,2026-06-11 15:34:03,Anllia,plug_1,Tapo P110,P110,fridge,a7c73018,multi_cycle,1.0,97.813,240.162,0.689,0.112,0.344,,on,-65,,2 hour NILM fridge session
2026-06-11T10:04:04.655109+00:00,2026-06-11 15:34:04,Anllia,plug_1,Tapo P110,P110,fridge,a7c73018,multi_cycle,1.0,97.813,240.088,0.689,0.112,0.344,,on,-67,,2 hour NILM fridge session
2026-06-11T10:04:05.941716+00:00,2026-06-11 15:34:05,Anllia,plug_1,Tapo P110,P110,fridge,a7c73018,multi_cycle,1.0,97.722,240.088,0.69,0.112,0.344,,on,-66,,2 hour NILM fridge session
2026-06-11T10:04:07.252363+00:00,2026-06-11 15:34:07,Anllia,plug_1,Tapo P110,P110,fridge,a7c73018,multi_cycle,1.0,97.75,240.147,0.69,0.112,0.345,,on,-70,,2 hour NILM fridge session
2026-06-11T10:04:08.600314+00:00,2026-06-11 15:34:08,Anllia,plug_1,Tapo P110,P110,fridge,a7c73018,multi_cycle,1.0,97.43,240.147,0.69,0.112,0.345,,on,-68,,2 hour NILM fridge session
2026-06-11T10:04:09.850059+00:00,2026-06-11 15:34:09,Anllia,plug_1,Tapo P110,P110,fridge,a7c73018,multi_cycle,1.0,97.71,240.147,0.69,0.112,0.345,,on,-66,,2 hour NILM fridge session
2026-06-11T10:04:11.199923+00:00,2026-06-11 15:34:11,Anllia,plug_1,Tapo P110,P110,fridge,a7c73018,multi_cycle,1.0,97.433,240.084,0.69,0.112,0.345,,on,-68,,2 hour NILM fridge session
2026-06-11T10:04:12.468125+00:00,2026-06-11 15:34:12,Anllia,plug_1,Tapo P110,P110,fridge,a7c73018,multi_cycle,1.0,97.366,240.084,0.689,0.112,0.345,,on,-72,,2 hour NILM fridge session
2026-06-11T10:04:13.713949+00:00,2026-06-11 15:34:13,Anllia,plug_1,Tapo P110,P110,fridge,a7c73018,multi_cycle,1.0,97.195,239.872,0.689,0.112,0.345,,on,-69,,2 hour NILM fridge session
2026-06-11T10:04:14.964531+00:00,2026-06-11 15:34:14,Anllia,plug_1,Tapo P110,P110,fridge,a7c73018,multi_cycle,1.0,97.195,239.872,0.687,0.112,0.345,,on,-65,,2 hour NILM fridge session
2026-06-11T10:04:16.305122+00:00,2026-06-11 15:34:16,Anllia,plug_1,Tapo P110,P110,fridge,a7c73018,multi_cycle,1.0,97.402,239.78,0.687,0.112,0.345,,on,-67,,2 hour NILM fridge session
2026-06-11T10:04:17.585659+00:00,2026-06-11 15:34:17,Anllia,plug_1,Tapo P110,P110,fridge,a7c73018,multi_cycle,1.0,97.423,239.78,0.688,0.113,0.345,,on,-64,,2 hour NILM fridge session
2026-06-11T10:04:18.834763+00:00,2026-06-11 15:34:18,Anllia,plug_1,Tapo P110,P110,fridge,a7c73018,multi_cycle,1.0,97.551,239.78,0.688,0.113,0.345,,on,-66,,2 hour NILM fridge session
2026-06-11T10:04:20.127130+00:00,2026-06-11 15:34:20,Anllia,plug_1,Tapo P110,P110,fridge,a7c73018,multi_cycle,1.0,97.64,239.668,0.688,0.113,0.345,,on,-66,,2 hour NILM fridge session
2026-06-11T10:04:21.407246+00:00,2026-06-11 15:34:21,Anllia,plug_1,Tapo P110,P110,fridge,a7c73018,multi_cycle,1.0,97.765,239.668,0.69,0.113,0.345,,on,-67,,2 hour NILM fridge session
2026-06-11T10:04:22.721768+00:00,2026-06-11 15:34:22,Anllia,plug_1,Tapo P110,P110,fridge,a7c73018,multi_cycle,1.0,97.524,239.599,0.69,0.113,0.345,,on,-67,,2 hour NILM fridge session
2026-06-11T10:04:24.000842+00:00,2026-06-11 15:34:24,Anllia,plug_1,Tapo P110,P110,fridge,a7c73018,multi_cycle,1.0,97.524,239.599,0.686,0.113,0.345,,on,-65,,2 hour NILM fridge session
2026-06-11T10:04:25.251651+00:00,2026-06-11 15:34:25,Anllia,plug_1,Tapo P110,P110,fridge,a7c73018,multi_cycle,1.0,97.385,239.176,0.686,0.113,0.345,,on,-66,,2 hour NILM fridge session
2026-06-11T10:04:26.511528+00:00,2026-06-11 15:34:26,Anllia,plug_1,Tapo P110,P110,fridge,a7c73018,multi_cycle,1.0,97.526,239.176,0.686,0.113,0.345,,on,-66,,2 hour NILM fridge session
2026-06-11T10:04:27.863204+00:00,2026-06-11 15:34:27,Anllia,plug_1,Tapo P110,P110,fridge,a7c73018,multi_cycle,1.0,97.33,239.176,0.689,0.113,0.345,,on,-65,,2 hour NILM fridge session
2026-06-11T10:04:29.264879+00:00,2026-06-11 15:34:29,Anllia,plug_1,Tapo P110,P110,fridge,a7c73018,multi_cycle,1.0,97.217,239.061,0.689,0.113,0.345,,on,-65,,2 hour NILM fridge session
2026-06-11T10:04:30.579457+00:00,2026-06-11 15:34:30,Anllia,plug_1,Tapo P110,P110,fridge,a7c73018,multi_cycle,1.0,97.094,239.061,0.691,0.113,0.345,,on,-65,,2 hour NILM fridge session
2026-06-11T10:04:32.042073+00:00,2026-06-11 15:34:32,Anllia,plug_1,Tapo P110,P110,fridge,a7c73018,multi_cycle,1.0,97.324,238.981,0.691,0.113,0.345,,on,-66,,2 hour NILM fridge session
2026-06-11T10:04:33.357501+00:00,2026-06-11 15:34:33,Anllia,plug_1,Tapo P110,P110,fridge,a7c73018,multi_cycle,1.0,97.079,238.981,0.691,0.113,0.345,,on,-66,,2 hour NILM fridge session
2026-06-11T10:04:34.701309+00:00,2026-06-11 15:34:34,Anllia,plug_1,Tapo P110,P110,fridge,a7c73018,multi_cycle,1.0,97.079,239.023,0.691,0.113,0.345,,on,-66,,2 hour NILM fridge session
2026-06-11T10:04:35.978116+00:00,2026-06-11 15:34:35,Anllia,plug_1,Tapo P110,P110,fridge,a7c73018,multi_cycle,1.0,97.178,239.023,0.69,0.113,0.345,,on,-65,,2 hour NILM fridge session
2026-06-11T10:04:37.301176+00:00,2026-06-11 15:34:37,Anllia,plug_1,Tapo P110,P110,fridge,a7c73018,multi_cycle,1.0,97.413,238.996,0.69,0.113,0.345,,on,-65,,2 hour NILM fridge session
2026-06-11T10:04:38.561068+00:00,2026-06-11 15:34:38,Anllia,plug_1,Tapo P110,P110,fridge,a7c73018,multi_cycle,1.0,97.676,238.996,0.69,0.113,0.345,,on,-71,,2 hour NILM fridge session
2026-06-11T10:04:39.842911+00:00,2026-06-11 15:34:39,Anllia,plug_1,Tapo P110,P110,fridge,a7c73018,multi_cycle,1.0,97.389,238.996,0.685,0.113,0.345,,on,-64,,2 hour NILM fridge session
2026-06-11T10:04:41.158306+00:00,2026-06-11 15:34:41,Anllia,plug_1,Tapo P110,P110,fridge,a7c73018,multi_cycle,1.0,97.336,238.843,0.685,0.113,0.345,,on,-67,,2 hour NILM fridge session
2026-06-11T10:04:42.640043+00:00,2026-06-11 15:34:42,Anllia,plug_1,Tapo P110,P110,fridge,a7c73018,multi_cycle,1.0,97.539,238.843,0.688,0.113,0.345,,on,-67,,2 hour NILM fridge session
2026-06-11T10:04:43.905176+00:00,2026-06-11 15:34:43,Anllia,plug_1,Tapo P110,P110,fridge,a7c73018,multi_cycle,1.0,97.645,238.83,0.688,0.113,0.346,,on,-64,,2 hour NILM fridge session
2026-06-11T10:04:45.160123+00:00,2026-06-11 15:34:45,Anllia,plug_1,Tapo P110,P110,fridge,a7c73018,multi_cycle,1.0,97.645,238.83,0.685,0.113,0.346,,on,-66,,2 hour NILM fridge session
2026-06-11T10:04:46.506041+00:00,2026-06-11 15:34:46,Anllia,plug_1,Tapo P110,P110,fridge,a7c73018,multi_cycle,1.0,97.595,238.837,0.685,0.113,0.346,,on,-65,,2 hour NILM fridge session
2026-06-11T10:04:47.775013+00:00,2026-06-11 15:34:47,Anllia,plug_1,Tapo P110,P110,fridge,a7c73018,multi_cycle,1.0,97.352,238.837,0.684,0.113,0.346,,on,-67,,2 hour NILM fridge session
2026-06-11T10:04:49.029968+00:00,2026-06-11 15:34:49,Anllia,plug_1,Tapo P110,P110,fridge,a7c73018,multi_cycle,1.0,97.199,238.837,0.684,0.113,0.346,,on,-70,,2 hour NILM fridge session
2026-06-11T10:04:50.372521+00:00,2026-06-11 15:34:50,Anllia,plug_1,Tapo P110,P110,fridge,a7c73018,multi_cycle,1.0,97.352,238.909,0.684,0.113,0.346,,on,-70,,2 hour NILM fridge session
2026-06-11T10:04:51.721365+00:00,2026-06-11 15:34:51,Anllia,plug_1,Tapo P110,P110,fridge,a7c73018,multi_cycle,1.0,97.412,238.909,0.687,0.113,0.346,,on,-69,,2 hour NILM fridge session
2026-06-11T10:04:53.086629+00:00,2026-06-11 15:34:53,Anllia,plug_1,Tapo P110,P110,fridge,a7c73018,multi_cycle,1.0,97.027,238.888,0.687,0.113,0.346,,on,-70,,2 hour NILM fridge session
2026-06-11T10:04:54.351718+00:00,2026-06-11 15:34:54,Anllia,plug_1,Tapo P110,P110,fridge,a7c73018,multi_cycle,1.0,97.296,238.888,0.686,0.114,0.346,,on,-64,,2 hour NILM fridge session
2026-06-11T10:04:55.599095+00:00,2026-06-11 15:34:55,Anllia,plug_1,Tapo P110,P110,fridge,a7c73018,multi_cycle,1.0,97.296,239.136,0.686,0.114,0.346,,on,-65,,2 hour NILM fridge session
2026-06-11T10:04:56.951478+00:00,2026-06-11 15:34:56,Anllia,plug_1,Tapo P110,P110,fridge,a7c73018,multi_cycle,1.0,97.37,239.136,0.689,0.114,0.346,,on,-66,,2 hour NILM fridge session
2026-06-11T10:04:58.432097+00:00,2026-06-11 15:34:58,Anllia,plug_1,Tapo P110,P110,fridge,a7c73018,multi_cycle,1.0,97.238,238.65,0.689,0.114,0.346,,on,-69,,2 hour NILM fridge session
2026-06-11T10:04:59.708581+00:00,2026-06-11 15:34:59,Anllia,plug_1,Tapo P110,P110,fridge,a7c73018,multi_cycle,1.0,97.125,238.65,0.689,0.114,0.346,,on,-65,,2 hour NILM fridge session
2026-06-11T10:05:00.981947+00:00,2026-06-11 15:35:00,Anllia,plug_1,Tapo P110,P110,fridge,a7c73018,multi_cycle,1.0,97.12,238.65,0.691,0.114,0.346,,on,-69,,2 hour NILM fridge session
2026-06-11T10:05:02.298197+00:00,2026-06-11 15:35:02,Anllia,plug_1,Tapo P110,P110,fridge,a7c73018,multi_cycle,1.0,97.255,238.681,0.691,0.114,0.346,,on,-66,,2 hour NILM fridge session
2026-06-11T10:05:03.648342+00:00,2026-06-11 15:35:03,Anllia,plug_1,Tapo P110,P110,fridge,a7c73018,multi_cycle,1.0,97.251,238.681,0.692,0.114,0.346,,on,-74,,2 hour NILM fridge session
2026-06-11T10:05:04.940172+00:00,2026-06-11 15:35:04,Anllia,plug_1,Tapo P110,P110,fridge,a7c73018,multi_cycle,1.0,97.345,238.643,0.692,0.114,0.346,,on,-67,,2 hour NILM fridge session
2026-06-11T10:05:06.246059+00:00,2026-06-11 15:35:06,Anllia,plug_1,Tapo P110,P110,fridge,a7c73018,multi_cycle,1.0,97.345,238.643,0.69,0.114,0.346,,on,-65,,2 hour NILM fridge session
2026-06-11T10:05:07.599801+00:00,2026-06-11 15:35:07,Anllia,plug_1,Tapo P110,P110,fridge,a7c73018,multi_cycle,1.0,97.309,238.402,0.69,0.114,0.346,,on,-65,,2 hour NILM fridge session
2026-06-11T10:05:08.845341+00:00,2026-06-11 15:35:08,Anllia,plug_1,Tapo P110,P110,fridge,a7c73018,multi_cycle,1.0,97.031,238.402,0.689,0.114,0.346,,on,-66,,2 hour NILM fridge session
2026-06-11T10:05:10.139701+00:00,2026-06-11 15:35:10,Anllia,plug_1,Tapo P110,P110,fridge,a7c73018,multi_cycle,1.0,97.136,238.402,0.689,0.114,0.346,,on,-68,,2 hour NILM fridge session
2026-06-11T10:05:11.426605+00:00,2026-06-11 15:35:11,Anllia,plug_1,Tapo P110,P110,fridge,a7c73018,multi_cycle,1.0,96.891,238.537,0.689,0.114,0.346,,on,-66,,2 hour NILM fridge session
2026-06-11T10:05:12.689021+00:00,2026-06-11 15:35:12,Anllia,plug_1,Tapo P110,P110,fridge,a7c73018,multi_cycle,1.0,96.589,238.537,0.685,0.114,0.346,,on,-66,,2 hour NILM fridge session
2026-06-11T10:05:13.932663+00:00,2026-06-11 15:35:13,Anllia,plug_1,Tapo P110,P110,fridge,a7c73018,multi_cycle,1.0,96.896,238.48,0.685,0.114,0.346,,on,-68,,2 hour NILM fridge session
2026-06-11T10:05:15.293249+00:00,2026-06-11 15:35:15,Anllia,plug_1,Tapo P110,P110,fridge,a7c73018,multi_cycle,1.0,96.896,238.48,0.684,0.114,0.346,,on,-65,,2 hour NILM fridge session
2026-06-11T10:05:16.604608+00:00,2026-06-11 15:35:16,Anllia,plug_1,Tapo P110,P110,fridge,a7c73018,multi_cycle,1.0,96.659,238.681,0.684,0.114,0.346,,on,-67,,2 hour NILM fridge session
2026-06-11T10:05:17.876924+00:00,2026-06-11 15:35:17,Anllia,plug_1,Tapo P110,P110,fridge,a7c73018,multi_cycle,1.0,96.871,238.681,0.684,0.114,0.346,,on,-60,,2 hour NILM fridge session
2026-06-11T10:05:19.161737+00:00,2026-06-11 15:35:19,Anllia,plug_1,Tapo P110,P110,fridge,a7c73018,multi_cycle,1.0,96.884,238.681,0.684,0.114,0.346,,on,-62,,2 hour NILM fridge session
2026-06-11T10:05:20.507527+00:00,2026-06-11 15:35:20,Anllia,plug_1,Tapo P110,P110,fridge,a7c73018,multi_cycle,1.0,96.725,238.615,0.684,0.114,0.347,,on,-64,,2 hour NILM fridge session
2026-06-11T10:05:22.037890+00:00,2026-06-11 15:35:22,Anllia,plug_1,Tapo P110,P110,fridge,a7c73018,multi_cycle,1.0,96.7,238.615,0.683,0.114,0.347,,on,-63,,2 hour NILM fridge session
2026-06-11T10:05:23.304632+00:00,2026-06-11 15:35:23,Anllia,plug_1,Tapo P110,P110,fridge,a7c73018,multi_cycle,1.0,96.712,238.571,0.683,0.114,0.347,,on,-65,,2 hour NILM fridge session
2026-06-11T10:05:24.621284+00:00,2026-06-11 15:35:24,Anllia,plug_1,Tapo P110,P110,fridge,a7c73018,multi_cycle,1.0,97.156,238.571,0.687,0.114,0.347,,on,-65,,2 hour NILM fridge session
2026-06-11T10:05:25.984692+00:00,2026-06-11 15:35:25,Anllia,plug_1,Tapo P110,P110,fridge,a7c73018,multi_cycle,1.0,97.156,238.578,0.687,0.114,0.347,,on,-65,,2 hour NILM fridge session
2026-06-11T10:05:27.303363+00:00,2026-06-11 15:35:27,Anllia,plug_1,Tapo P110,P110,fridge,a7c73018,multi_cycle,1.0,97.112,238.578,0.685,0.114,0.347,,on,-64,,2 hour NILM fridge session
2026-06-11T10:05:28.618037+00:00,2026-06-11 15:35:28,Anllia,plug_1,Tapo P110,P110,fridge,a7c73018,multi_cycle,1.0,97.215,238.493,0.685,0.114,0.347,,on,-66,,2 hour NILM fridge session
2026-06-11T10:05:29.893218+00:00,2026-06-11 15:35:29,Anllia,plug_1,Tapo P110,P110,fridge,a7c73018,multi_cycle,1.0,97.247,238.493,0.685,0.114,0.347,,on,-65,,2 hour NILM fridge session
2026-06-11T10:05:31.221631+00:00,2026-06-11 15:35:31,Anllia,plug_1,Tapo P110,P110,fridge,a7c73018,multi_cycle,1.0,96.788,238.493,0.685,0.115,0.347,,on,-66,,2 hour NILM fridge session
2026-06-11T10:05:32.598110+00:00,2026-06-11 15:35:32,Anllia,plug_1,Tapo P110,P110,fridge,a7c73018,multi_cycle,1.0,97.537,238.083,0.685,0.115,0.347,,on,-65,,2 hour NILM fridge session
2026-06-11T10:05:33.916027+00:00,2026-06-11 15:35:33,Anllia,plug_1,Tapo P110,P110,fridge,a7c73018,multi_cycle,1.0,97.122,238.083,0.688,0.115,0.347,,on,-65,,2 hour NILM fridge session
2026-06-11T10:05:35.197754+00:00,2026-06-11 15:35:35,Anllia,plug_1,Tapo P110,P110,fridge,a7c73018,multi_cycle,1.0,97.098,237.78,0.688,0.115,0.347,,on,-65,,2 hour NILM fridge session
2026-06-11T10:05:36.447357+00:00,2026-06-11 15:35:36,Anllia,plug_1,Tapo P110,P110,fridge,a7c73018,multi_cycle,1.0,97.029,237.78,0.689,0.115,0.347,,on,-65,,2 hour NILM fridge session
2026-06-11T10:05:37.699513+00:00,2026-06-11 15:35:37,Anllia,plug_1,Tapo P110,P110,fridge,a7c73018,multi_cycle,1.0,97.029,237.652,0.689,0.115,0.347,,on,-65,,2 hour NILM fridge session
2026-06-11T10:05:39.065182+00:00,2026-06-11 15:35:39,Anllia,plug_1,Tapo P110,P110,fridge,a7c73018,multi_cycle,1.0,97.069,237.652,0.691,0.115,0.347,,on,-65,,2 hour NILM fridge session
2026-06-11T10:05:40.471692+00:00,2026-06-11 15:35:40,Anllia,plug_1,Tapo P110,P110,fridge,a7c73018,multi_cycle,1.0,96.895,237.923,0.691,0.115,0.347,,on,-66,,2 hour NILM fridge session
2026-06-11T10:05:41.941757+00:00,2026-06-11 15:35:41,Anllia,plug_1,Tapo P110,P110,fridge,a7c73018,multi_cycle,1.0,96.905,237.923,0.691,0.115,0.347,,on,-64,,2 hour NILM fridge session
2026-06-11T10:05:43.204082+00:00,2026-06-11 15:35:43,Anllia,plug_1,Tapo P110,P110,fridge,a7c73018,multi_cycle,1.0,97.167,237.923,0.691,0.115,0.347,,on,-65,,2 hour NILM fridge session
2026-06-11T10:05:44.527447+00:00,2026-06-11 15:35:44,Anllia,plug_1,Tapo P110,P110,fridge,a7c73018,multi_cycle,1.0,97.106,237.922,0.691,0.115,0.347,,on,-65,,2 hour NILM fridge session
2026-06-11T10:05:45.781566+00:00,2026-06-11 15:35:45,Anllia,plug_1,Tapo P110,P110,fridge,a7c73018,multi_cycle,1.0,97.335,237.922,0.692,0.115,0.347,,on,-65,,2 hour NILM fridge session
2026-06-11T10:05:47.126501+00:00,2026-06-11 15:35:47,Anllia,plug_1,Tapo P110,P110,fridge,a7c73018,multi_cycle,1.0,97.101,237.91,0.692,0.115,0.347,,on,-65,,2 hour NILM fridge session
2026-06-11T10:05:48.393995+00:00,2026-06-11 15:35:48,Anllia,plug_1,Tapo P110,P110,fridge,a7c73018,multi_cycle,1.0,97.101,237.91,0.692,0.115,0.347,,on,-65,,2 hour NILM fridge session
2026-06-11T10:05:49.717437+00:00,2026-06-11 15:35:49,Anllia,plug_1,Tapo P110,P110,fridge,a7c73018,multi_cycle,1.0,97.229,237.832,0.692,0.115,0.347,,on,-65,,2 hour NILM fridge session
2026-06-11T10:05:51.011235+00:00,2026-06-11 15:35:51,Anllia,plug_1,Tapo P110,P110,fridge,a7c73018,multi_cycle,1.0,96.939,237.832,0.687,0.115,0.347,,on,-65,,2 hour NILM fridge session
2026-06-11T10:05:52.396121+00:00,2026-06-11 15:35:52,Anllia,plug_1,Tapo P110,P110,fridge,a7c73018,multi_cycle,1.0,96.736,237.832,0.687,0.115,0.347,,on,-66,,2 hour NILM fridge session
2026-06-11T10:05:53.877753+00:00,2026-06-11 15:35:53,Anllia,plug_1,Tapo P110,P110,fridge,a7c73018,multi_cycle,1.0,96.879,237.86,0.687,0.115,0.347,,on,-65,,2 hour NILM fridge session
2026-06-11T10:05:55.350278+00:00,2026-06-11 15:35:55,Anllia,plug_1,Tapo P110,P110,fridge,a7c73018,multi_cycle,1.0,96.838,237.86,0.687,0.115,0.347,,on,-65,,2 hour NILM fridge session
2026-06-11T10:05:56.768748+00:00,2026-06-11 15:35:56,Anllia,plug_1,Tapo P110,P110,fridge,a7c73018,multi_cycle,1.0,96.795,237.935,0.687,0.115,0.347,,on,-66,,2 hour NILM fridge session
2026-06-11T10:05:58.019228+00:00,2026-06-11 15:35:58,Anllia,plug_1,Tapo P110,P110,fridge,a7c73018,multi_cycle,1.0,96.979,237.935,0.688,0.115,0.348,,on,-65,,2 hour NILM fridge session
2026-06-11T10:05:59.330735+00:00,2026-06-11 15:35:59,Anllia,plug_1,Tapo P110,P110,fridge,a7c73018,multi_cycle,1.0,97.049,237.764,0.688,0.115,0.348,,on,-66,,2 hour NILM fridge session
2026-06-11T10:06:00.617010+00:00,2026-06-11 15:36:00,Anllia,plug_1,Tapo P110,P110,fridge,a7c73018,multi_cycle,1.0,96.96,237.764,0.688,0.115,0.348,,on,-65,,2 hour NILM fridge session
2026-06-11T10:06:02.130555+00:00,2026-06-11 15:36:02,Anllia,plug_1,Tapo P110,P110,fridge,a7c73018,multi_cycle,1.0,96.96,237.468,0.688,0.115,0.348,,on,-66,,2 hour NILM fridge session
2026-06-11T10:06:03.583718+00:00,2026-06-11 15:36:03,Anllia,plug_1,Tapo P110,P110,fridge,a7c73018,multi_cycle,1.0,96.964,237.468,0.691,0.115,0.348,,on,-65,,2 hour NILM fridge session
2026-06-11T10:06:04.922930+00:00,2026-06-11 15:36:04,Anllia,plug_1,Tapo P110,P110,fridge,a7c73018,multi_cycle,1.0,96.899,237.45,0.691,0.115,0.348,,on,-65,,2 hour NILM fridge session
2026-06-11T10:06:06.181786+00:00,2026-06-11 15:36:06,Anllia,plug_1,Tapo P110,P110,fridge,a7c73018,multi_cycle,1.0,95.906,237.45,0.703,0.115,0.348,,on,-65,,2 hour NILM fridge session
2026-06-11T10:06:07.522360+00:00,2026-06-11 15:36:07,Anllia,plug_1,Tapo P110,P110,fridge,a7c73018,multi_cycle,1.0,97.629,236.894,0.703,0.115,0.348,,on,-66,,2 hour NILM fridge session
2026-06-11T10:06:08.920504+00:00,2026-06-11 15:36:08,Anllia,plug_1,Tapo P110,P110,fridge,a7c73018,multi_cycle,1.0,97.144,236.894,0.703,0.116,0.348,,on,-66,,2 hour NILM fridge session
2026-06-11T10:06:10.163949+00:00,2026-06-11 15:36:10,Anllia,plug_1,Tapo P110,P110,fridge,a7c73018,multi_cycle,1.0,96.854,236.894,0.694,0.116,0.348,,on,-65,,2 hour NILM fridge session
2026-06-11T10:06:11.799450+00:00,2026-06-11 15:36:11,Anllia,plug_1,Tapo P110,P110,fridge,a7c73018,multi_cycle,1.0,97.183,236.947,0.694,0.116,0.348,,on,-67,,2 hour NILM fridge session
2026-06-11T10:06:13.043397+00:00,2026-06-11 15:36:13,Anllia,plug_1,Tapo P110,P110,fridge,a7c73018,multi_cycle,1.0,96.735,236.947,0.694,0.116,0.348,,on,-65,,2 hour NILM fridge session
2026-06-11T10:06:14.351738+00:00,2026-06-11 15:36:14,Anllia,plug_1,Tapo P110,P110,fridge,a7c73018,multi_cycle,1.0,96.803,237.032,0.694,0.116,0.348,,on,-66,,2 hour NILM fridge session
2026-06-11T10:06:15.912295+00:00,2026-06-11 15:36:15,Anllia,plug_1,Tapo P110,P110,fridge,a7c73018,multi_cycle,1.0,96.614,237.032,0.687,0.116,0.348,,on,-65,,2 hour NILM fridge session
2026-06-11T10:06:17.262640+00:00,2026-06-11 15:36:17,Anllia,plug_1,Tapo P110,P110,fridge,a7c73018,multi_cycle,1.0,96.593,237.183,0.687,0.116,0.348,,on,-66,,2 hour NILM fridge session
2026-06-11T10:06:18.625922+00:00,2026-06-11 15:36:18,Anllia,plug_1,Tapo P110,P110,fridge,a7c73018,multi_cycle,1.0,96.593,237.183,0.69,0.116,0.348,,on,-64,,2 hour NILM fridge session
2026-06-11T10:06:19.878884+00:00,2026-06-11 15:36:19,Anllia,plug_1,Tapo P110,P110,fridge,a7c73018,multi_cycle,1.0,96.668,237.102,0.69,0.116,0.348,,on,-64,,2 hour NILM fridge session
2026-06-11T10:06:21.130974+00:00,2026-06-11 15:36:21,Anllia,plug_1,Tapo P110,P110,fridge,a7c73018,multi_cycle,1.0,97.025,237.102,0.694,0.116,0.348,,on,-65,,2 hour NILM fridge session
2026-06-11T10:06:22.374052+00:00,2026-06-11 15:36:22,Anllia,plug_1,Tapo P110,P110,fridge,a7c73018,multi_cycle,1.0,96.937,237.102,0.694,0.116,0.348,,on,-64,,2 hour NILM fridge session
2026-06-11T10:06:23.756807+00:00,2026-06-11 15:36:23,Anllia,plug_1,Tapo P110,P110,fridge,a7c73018,multi_cycle,1.0,96.691,236.943,0.694,0.116,0.348,,on,-65,,2 hour NILM fridge session
2026-06-11T10:06:25.006539+00:00,2026-06-11 15:36:25,Anllia,plug_1,Tapo P110,P110,fridge,a7c73018,multi_cycle,1.0,96.604,236.943,0.691,0.116,0.348,,on,-65,,2 hour NILM fridge session
2026-06-11T10:06:26.280507+00:00,2026-06-11 15:36:26,Anllia,plug_1,Tapo P110,P110,fridge,a7c73018,multi_cycle,1.0,96.635,236.919,0.691,0.116,0.348,,on,-64,,2 hour NILM fridge session
2026-06-11T10:06:27.623006+00:00,2026-06-11 15:36:27,Anllia,plug_1,Tapo P110,P110,fridge,a7c73018,multi_cycle,1.0,96.635,236.919,0.692,0.116,0.348,,on,-65,,2 hour NILM fridge session
2026-06-11T10:06:28.871299+00:00,2026-06-11 15:36:28,Anllia,plug_1,Tapo P110,P110,fridge,a7c73018,multi_cycle,1.0,96.792,236.791,0.692,0.116,0.348,,on,-65,,2 hour NILM fridge session
2026-06-11T10:06:30.172801+00:00,2026-06-11 15:36:30,Anllia,plug_1,Tapo P110,P110,fridge,a7c73018,multi_cycle,1.0,96.83,236.791,0.691,0.116,0.348,,on,-64,,2 hour NILM fridge session
2026-06-11T10:06:31.494049+00:00,2026-06-11 15:36:31,Anllia,plug_1,Tapo P110,P110,fridge,a7c73018,multi_cycle,1.0,96.753,236.791,0.691,0.116,0.348,,on,-65,,2 hour NILM fridge session
2026-06-11T10:06:32.776642+00:00,2026-06-11 15:36:32,Anllia,plug_1,Tapo P110,P110,fridge,a7c73018,multi_cycle,1.0,96.792,236.879,0.691,0.116,0.348,,on,-64,,2 hour NILM fridge session
2026-06-11T10:06:34.026452+00:00,2026-06-11 15:36:34,Anllia,plug_1,Tapo P110,P110,fridge,a7c73018,multi_cycle,1.0,96.986,236.879,0.693,0.116,0.348,,on,-65,,2 hour NILM fridge session
2026-06-11T10:06:35.321553+00:00,2026-06-11 15:36:35,Anllia,plug_1,Tapo P110,P110,fridge,a7c73018,multi_cycle,1.0,96.823,236.934,0.693,0.116,0.349,,on,-65,,2 hour NILM fridge session
2026-06-11T10:06:36.581707+00:00,2026-06-11 15:36:36,Anllia,plug_1,Tapo P110,P110,fridge,a7c73018,multi_cycle,1.0,96.823,236.934,0.69,0.116,0.349,,on,-65,,2 hour NILM fridge session
2026-06-11T10:06:37.833760+00:00,2026-06-11 15:36:37,Anllia,plug_1,Tapo P110,P110,fridge,a7c73018,multi_cycle,1.0,96.587,236.981,0.69,0.116,0.349,,on,-66,,2 hour NILM fridge session
2026-06-11T10:06:39.137554+00:00,2026-06-11 15:36:39,Anllia,plug_1,Tapo P110,P110,fridge,a7c73018,multi_cycle,1.0,96.508,236.981,0.69,0.116,0.349,,on,-65,,2 hour NILM fridge session
2026-06-11T10:06:40.399849+00:00,2026-06-11 15:36:40,Anllia,plug_1,Tapo P110,P110,fridge,a7c73018,multi_cycle,1.0,96.702,236.981,0.69,0.116,0.349,,on,-65,,2 hour NILM fridge session
2026-06-11T10:06:41.642226+00:00,2026-06-11 15:36:41,Anllia,plug_1,Tapo P110,P110,fridge,a7c73018,multi_cycle,1.0,96.851,236.905,0.69,0.116,0.349,,on,-64,,2 hour NILM fridge session
2026-06-11T10:06:42.927338+00:00,2026-06-11 15:36:42,Anllia,plug_1,Tapo P110,P110,fridge,a7c73018,multi_cycle,1.0,96.703,236.905,0.693,0.116,0.349,,on,-64,,2 hour NILM fridge session
2026-06-11T10:06:44.222163+00:00,2026-06-11 15:36:44,Anllia,plug_1,Tapo P110,P110,fridge,a7c73018,multi_cycle,1.0,96.647,237.01,0.693,0.116,0.349,,on,-64,,2 hour NILM fridge session
2026-06-11T10:06:45.523913+00:00,2026-06-11 15:36:45,Anllia,plug_1,Tapo P110,P110,fridge,a7c73018,multi_cycle,1.0,96.647,237.01,0.693,0.117,0.349,,on,-64,,2 hour NILM fridge session
2026-06-11T10:06:46.791887+00:00,2026-06-11 15:36:46,Anllia,plug_1,Tapo P110,P110,fridge,a7c73018,multi_cycle,1.0,96.919,237.111,0.693,0.117,0.349,,on,-64,,2 hour NILM fridge session
2026-06-11T10:06:48.106496+00:00,2026-06-11 15:36:48,Anllia,plug_1,Tapo P110,P110,fridge,a7c73018,multi_cycle,1.0,96.765,237.111,0.693,0.117,0.349,,on,-65,,2 hour NILM fridge session
2026-06-11T10:06:49.400937+00:00,2026-06-11 15:36:49,Anllia,plug_1,Tapo P110,P110,fridge,a7c73018,multi_cycle,1.0,96.818,237.111,0.693,0.117,0.349,,on,-64,,2 hour NILM fridge session
2026-06-11T10:06:50.790829+00:00,2026-06-11 15:36:50,Anllia,plug_1,Tapo P110,P110,fridge,a7c73018,multi_cycle,1.0,96.595,236.98,0.693,0.117,0.349,,on,-65,,2 hour NILM fridge session
2026-06-11T10:06:52.051202+00:00,2026-06-11 15:36:52,Anllia,plug_1,Tapo P110,P110,fridge,a7c73018,multi_cycle,1.0,96.591,236.98,0.691,0.117,0.349,,on,-64,,2 hour NILM fridge session
2026-06-11T10:06:53.307143+00:00,2026-06-11 15:36:53,Anllia,plug_1,Tapo P110,P110,fridge,a7c73018,multi_cycle,1.0,96.459,236.979,0.691,0.117,0.349,,on,-64,,2 hour NILM fridge session
2026-06-11T10:06:54.571470+00:00,2026-06-11 15:36:54,Anllia,plug_1,Tapo P110,P110,fridge,a7c73018,multi_cycle,1.0,96.459,236.979,0.688,0.117,0.349,,on,-65,,2 hour NILM fridge session
2026-06-11T10:06:55.889505+00:00,2026-06-11 15:36:55,Anllia,plug_1,Tapo P110,P110,fridge,a7c73018,multi_cycle,1.0,96.242,237.289,0.688,0.117,0.349,,on,-66,,2 hour NILM fridge session
2026-06-11T10:06:57.143867+00:00,2026-06-11 15:36:57,Anllia,plug_1,Tapo P110,P110,fridge,a7c73018,multi_cycle,1.0,96.601,237.289,0.685,0.117,0.349,,on,-65,,2 hour NILM fridge session
2026-06-11T10:06:58.471414+00:00,2026-06-11 15:36:58,Anllia,plug_1,Tapo P110,P110,fridge,a7c73018,multi_cycle,1.0,96.412,237.289,0.685,0.117,0.349,,on,-65,,2 hour NILM fridge session
2026-06-11T10:06:59.843328+00:00,2026-06-11 15:36:59,Anllia,plug_1,Tapo P110,P110,fridge,a7c73018,multi_cycle,1.0,96.649,237.879,0.685,0.117,0.349,,on,-64,,2 hour NILM fridge session
2026-06-11T10:07:01.089500+00:00,2026-06-11 15:37:01,Anllia,plug_1,Tapo P110,P110,fridge,a7c73018,multi_cycle,1.0,96.676,237.879,0.688,0.117,0.349,,on,-65,,2 hour NILM fridge session
2026-06-11T10:07:02.420045+00:00,2026-06-11 15:37:02,Anllia,plug_1,Tapo P110,P110,fridge,a7c73018,multi_cycle,1.0,96.974,237.569,0.688,0.117,0.349,,on,-64,,2 hour NILM fridge session
2026-06-11T10:07:03.735909+00:00,2026-06-11 15:37:03,Anllia,plug_1,Tapo P110,P110,fridge,a7c73018,multi_cycle,1.0,96.838,237.569,0.689,0.117,0.349,,on,-64,,2 hour NILM fridge session
2026-06-11T10:07:04.991840+00:00,2026-06-11 15:37:04,Anllia,plug_1,Tapo P110,P110,fridge,a7c73018,multi_cycle,1.0,96.838,237.574,0.689,0.117,0.349,,on,-65,,2 hour NILM fridge session
2026-06-11T10:07:06.335482+00:00,2026-06-11 15:37:06,Anllia,plug_1,Tapo P110,P110,fridge,a7c73018,multi_cycle,1.0,96.514,237.574,0.687,0.117,0.349,,on,-65,,2 hour NILM fridge session
2026-06-11T10:07:07.651390+00:00,2026-06-11 15:37:07,Anllia,plug_1,Tapo P110,P110,fridge,a7c73018,multi_cycle,1.0,96.565,237.574,0.687,0.117,0.349,,on,-65,,2 hour NILM fridge session
2026-06-11T10:07:08.969543+00:00,2026-06-11 15:37:08,Anllia,plug_1,Tapo P110,P110,fridge,a7c73018,multi_cycle,1.0,96.264,237.672,0.687,0.117,0.349,,on,-65,,2 hour NILM fridge session
2026-06-11T10:07:10.236514+00:00,2026-06-11 15:37:10,Anllia,plug_1,Tapo P110,P110,fridge,a7c73018,multi_cycle,1.0,96.521,237.672,0.689,0.117,0.349,,on,-64,,2 hour NILM fridge session
2026-06-11T10:07:11.483288+00:00,2026-06-11 15:37:11,Anllia,plug_1,Tapo P110,P110,fridge,a7c73018,multi_cycle,1.0,96.605,237.477,0.689,0.117,0.349,,on,-65,,2 hour NILM fridge session
2026-06-11T10:07:12.754776+00:00,2026-06-11 15:37:12,Anllia,plug_1,Tapo P110,P110,fridge,a7c73018,multi_cycle,1.0,96.82,237.477,0.692,0.117,0.35,,on,-65,,2 hour NILM fridge session
2026-06-11T10:07:14.111750+00:00,2026-06-11 15:37:14,Anllia,plug_1,Tapo P110,P110,fridge,a7c73018,multi_cycle,1.0,96.82,237.468,0.692,0.117,0.35,,on,-66,,2 hour NILM fridge session
2026-06-11T10:07:15.386358+00:00,2026-06-11 15:37:15,Anllia,plug_1,Tapo P110,P110,fridge,a7c73018,multi_cycle,1.0,96.705,237.468,0.692,0.117,0.35,,on,-65,,2 hour NILM fridge session
2026-06-11T10:07:16.731755+00:00,2026-06-11 15:37:16,Anllia,plug_1,Tapo P110,P110,fridge,a7c73018,multi_cycle,1.0,96.753,237.482,0.692,0.117,0.35,,on,-64,,2 hour NILM fridge session
2026-06-11T10:07:18.002162+00:00,2026-06-11 15:37:18,Anllia,plug_1,Tapo P110,P110,fridge,a7c73018,multi_cycle,1.0,96.984,237.482,0.692,0.117,0.35,,on,-65,,2 hour NILM fridge session
2026-06-11T10:07:19.333028+00:00,2026-06-11 15:37:19,Anllia,plug_1,Tapo P110,P110,fridge,a7c73018,multi_cycle,1.0,96.93,237.482,0.692,0.117,0.35,,on,-64,,2 hour NILM fridge session
2026-06-11T10:07:20.682327+00:00,2026-06-11 15:37:20,Anllia,plug_1,Tapo P110,P110,fridge,a7c73018,multi_cycle,1.0,96.495,237.237,0.692,0.117,0.35,,on,-65,,2 hour NILM fridge session
2026-06-11T10:07:21.942401+00:00,2026-06-11 15:37:21,Anllia,plug_1,Tapo P110,P110,fridge,a7c73018,multi_cycle,1.0,96.445,237.237,0.688,0.117,0.35,,on,-65,,2 hour NILM fridge session
2026-06-11T10:07:23.199231+00:00,2026-06-11 15:37:23,Anllia,plug_1,Tapo P110,P110,fridge,a7c73018,multi_cycle,1.0,96.445,237.462,0.688,0.118,0.35,,on,-64,,2 hour NILM fridge session
2026-06-11T10:07:24.512249+00:00,2026-06-11 15:37:24,Anllia,plug_1,Tapo P110,P110,fridge,a7c73018,multi_cycle,1.0,96.382,237.462,0.684,0.118,0.35,,on,-65,,2 hour NILM fridge session
2026-06-11T10:07:25.784643+00:00,2026-06-11 15:37:25,Anllia,plug_1,Tapo P110,P110,fridge,a7c73018,multi_cycle,1.0,96.329,237.732,0.684,0.118,0.35,,on,-65,,2 hour NILM fridge session
2026-06-11T10:07:27.044141+00:00,2026-06-11 15:37:27,Anllia,plug_1,Tapo P110,P110,fridge,a7c73018,multi_cycle,1.0,96.176,237.732,0.684,0.118,0.35,,on,-65,,2 hour NILM fridge session
2026-06-11T10:07:28.379263+00:00,2026-06-11 15:37:28,Anllia,plug_1,Tapo P110,P110,fridge,a7c73018,multi_cycle,1.0,96.287,237.732,0.684,0.118,0.35,,on,-65,,2 hour NILM fridge session
2026-06-11T10:07:29.650664+00:00,2026-06-11 15:37:29,Anllia,plug_1,Tapo P110,P110,fridge,a7c73018,multi_cycle,1.0,96.245,237.821,0.684,0.118,0.35,,on,-65,,2 hour NILM fridge session
2026-06-11T10:07:31.009677+00:00,2026-06-11 15:37:31,Anllia,plug_1,Tapo P110,P110,fridge,a7c73018,multi_cycle,1.0,96.338,237.821,0.684,0.118,0.35,,on,-65,,2 hour NILM fridge session
2026-06-11T10:07:32.259072+00:00,2026-06-11 15:37:32,Anllia,plug_1,Tapo P110,P110,fridge,a7c73018,multi_cycle,1.0,96.338,237.725,0.684,0.118,0.35,,on,-65,,2 hour NILM fridge session
2026-06-11T10:07:33.559663+00:00,2026-06-11 15:37:33,Anllia,plug_1,Tapo P110,P110,fridge,a7c73018,multi_cycle,1.0,96.539,237.725,0.687,0.118,0.35,,on,-64,,2 hour NILM fridge session
2026-06-11T10:07:34.830274+00:00,2026-06-11 15:37:34,Anllia,plug_1,Tapo P110,P110,fridge,a7c73018,multi_cycle,1.0,96.582,237.721,0.687,0.118,0.35,,on,-65,,2 hour NILM fridge session
2026-06-11T10:07:36.191721+00:00,2026-06-11 15:37:36,Anllia,plug_1,Tapo P110,P110,fridge,a7c73018,multi_cycle,1.0,96.718,237.721,0.687,0.118,0.35,,on,-65,,2 hour NILM fridge session
2026-06-11T10:07:37.458258+00:00,2026-06-11 15:37:37,Anllia,plug_1,Tapo P110,P110,fridge,a7c73018,multi_cycle,1.0,96.586,237.721,0.689,0.118,0.35,,on,-65,,2 hour NILM fridge session
2026-06-11T10:07:38.716036+00:00,2026-06-11 15:37:38,Anllia,plug_1,Tapo P110,P110,fridge,a7c73018,multi_cycle,1.0,96.402,237.774,0.689,0.118,0.35,,on,-64,,2 hour NILM fridge session
2026-06-11T10:07:40.091081+00:00,2026-06-11 15:37:40,Anllia,plug_1,Tapo P110,P110,fridge,a7c73018,multi_cycle,1.0,96.429,237.774,0.688,0.118,0.35,,on,-64,,2 hour NILM fridge session
2026-06-11T10:07:41.348847+00:00,2026-06-11 15:37:41,Anllia,plug_1,Tapo P110,P110,fridge,a7c73018,multi_cycle,1.0,96.219,237.389,0.688,0.118,0.35,,on,-65,,2 hour NILM fridge session
2026-06-11T10:07:42.617491+00:00,2026-06-11 15:37:42,Anllia,plug_1,Tapo P110,P110,fridge,a7c73018,multi_cycle,1.0,96.219,237.389,0.685,0.118,0.35,,on,-65,,2 hour NILM fridge session
2026-06-11T10:07:43.877733+00:00,2026-06-11 15:37:43,Anllia,plug_1,Tapo P110,P110,fridge,a7c73018,multi_cycle,1.0,96.093,237.539,0.685,0.118,0.35,,on,-65,,2 hour NILM fridge session
2026-06-11T10:07:45.164625+00:00,2026-06-11 15:37:45,Anllia,plug_1,Tapo P110,P110,fridge,a7c73018,multi_cycle,1.0,96.135,237.539,0.685,0.118,0.35,,on,-64,,2 hour NILM fridge session
2026-06-11T10:07:46.422556+00:00,2026-06-11 15:37:46,Anllia,plug_1,Tapo P110,P110,fridge,a7c73018,multi_cycle,1.0,96.063,237.539,0.685,0.118,0.35,,on,-65,,2 hour NILM fridge session
2026-06-11T10:07:47.672021+00:00,2026-06-11 15:37:47,Anllia,plug_1,Tapo P110,P110,fridge,a7c73018,multi_cycle,1.0,96.142,237.446,0.685,0.118,0.35,,on,-64,,2 hour NILM fridge session
2026-06-11T10:07:48.972452+00:00,2026-06-11 15:37:48,Anllia,plug_1,Tapo P110,P110,fridge,a7c73018,multi_cycle,1.0,96.005,237.446,0.683,0.118,0.35,,on,-65,,2 hour NILM fridge session
2026-06-11T10:07:50.214500+00:00,2026-06-11 15:37:50,Anllia,plug_1,Tapo P110,P110,fridge,a7c73018,multi_cycle,1.0,96.005,237.417,0.683,0.118,0.351,,on,-65,,2 hour NILM fridge session
2026-06-11T10:07:51.557225+00:00,2026-06-11 15:37:51,Anllia,plug_1,Tapo P110,P110,fridge,a7c73018,multi_cycle,1.0,96.057,237.417,0.683,0.118,0.351,,on,-64,,2 hour NILM fridge session
2026-06-11T10:07:52.833466+00:00,2026-06-11 15:37:52,Anllia,plug_1,Tapo P110,P110,fridge,a7c73018,multi_cycle,1.0,96.036,237.417,0.683,0.118,0.351,,on,-65,,2 hour NILM fridge session
2026-06-11T10:07:54.241103+00:00,2026-06-11 15:37:54,Anllia,plug_1,Tapo P110,P110,fridge,a7c73018,multi_cycle,1.0,95.988,237.586,0.683,0.118,0.351,,on,-65,,2 hour NILM fridge session
2026-06-11T10:07:55.556041+00:00,2026-06-11 15:37:55,Anllia,plug_1,Tapo P110,P110,fridge,a7c73018,multi_cycle,1.0,96.296,237.586,0.685,0.118,0.351,,on,-65,,2 hour NILM fridge session
2026-06-11T10:07:56.918416+00:00,2026-06-11 15:37:56,Anllia,plug_1,Tapo P110,P110,fridge,a7c73018,multi_cycle,1.0,96.281,237.559,0.685,0.118,0.351,,on,-65,,2 hour NILM fridge session
2026-06-11T10:07:58.234285+00:00,2026-06-11 15:37:58,Anllia,plug_1,Tapo P110,P110,fridge,a7c73018,multi_cycle,1.0,96.117,237.559,0.685,0.118,0.351,,on,-65,,2 hour NILM fridge session
2026-06-11T10:07:59.592242+00:00,2026-06-11 15:37:59,Anllia,plug_1,Tapo P110,P110,fridge,a7c73018,multi_cycle,1.0,96.109,237.786,0.685,0.118,0.351,,on,-65,,2 hour NILM fridge session
2026-06-11T10:08:00.906146+00:00,2026-06-11 15:38:00,Anllia,plug_1,Tapo P110,P110,fridge,a7c73018,multi_cycle,1.0,96.109,237.786,0.684,0.119,0.351,,on,-65,,2 hour NILM fridge session
2026-06-11T10:08:02.188796+00:00,2026-06-11 15:38:02,Anllia,plug_1,Tapo P110,P110,fridge,a7c73018,multi_cycle,1.0,96.328,237.59,0.684,0.119,0.351,,on,-65,,2 hour NILM fridge session
2026-06-11T10:08:03.531228+00:00,2026-06-11 15:38:03,Anllia,plug_1,Tapo P110,P110,fridge,a7c73018,multi_cycle,1.0,96.295,237.59,0.686,0.119,0.351,,on,-66,,2 hour NILM fridge session
2026-06-11T10:08:04.851421+00:00,2026-06-11 15:38:04,Anllia,plug_1,Tapo P110,P110,fridge,a7c73018,multi_cycle,1.0,96.36,237.59,0.686,0.119,0.351,,on,-64,,2 hour NILM fridge session
2026-06-11T10:08:06.093479+00:00,2026-06-11 15:38:06,Anllia,plug_1,Tapo P110,P110,fridge,a7c73018,multi_cycle,1.0,96.34,237.534,0.686,0.119,0.351,,on,-65,,2 hour NILM fridge session
2026-06-11T10:08:07.401718+00:00,2026-06-11 15:38:07,Anllia,plug_1,Tapo P110,P110,fridge,a7c73018,multi_cycle,1.0,96.339,237.534,0.686,0.119,0.351,,on,-65,,2 hour NILM fridge session
2026-06-11T10:08:08.681701+00:00,2026-06-11 15:38:08,Anllia,plug_1,Tapo P110,P110,fridge,a7c73018,multi_cycle,1.0,96.407,237.138,0.686,0.119,0.351,,on,-65,,2 hour NILM fridge session
2026-06-11T10:08:09.928750+00:00,2026-06-11 15:38:09,Anllia,plug_1,Tapo P110,P110,fridge,a7c73018,multi_cycle,1.0,96.407,237.138,0.689,0.119,0.351,,on,-65,,2 hour NILM fridge session
2026-06-11T10:08:11.232517+00:00,2026-06-11 15:38:11,Anllia,plug_1,Tapo P110,P110,fridge,a7c73018,multi_cycle,1.0,96.404,237.099,0.689,0.119,0.351,,on,-65,,2 hour NILM fridge session
2026-06-11T10:08:12.579595+00:00,2026-06-11 15:38:12,Anllia,plug_1,Tapo P110,P110,fridge,a7c73018,multi_cycle,1.0,96.212,237.099,0.69,0.119,0.351,,on,-65,,2 hour NILM fridge session
2026-06-11T10:08:13.828616+00:00,2026-06-11 15:38:13,Anllia,plug_1,Tapo P110,P110,fridge,a7c73018,multi_cycle,1.0,96.296,237.099,0.69,0.119,0.351,,on,-65,,2 hour NILM fridge session
2026-06-11T10:08:15.084473+00:00,2026-06-11 15:38:15,Anllia,plug_1,Tapo P110,P110,fridge,a7c73018,multi_cycle,1.0,96.274,237.378,0.69,0.119,0.351,,on,-64,,2 hour NILM fridge session
2026-06-11T10:08:16.527106+00:00,2026-06-11 15:38:16,Anllia,plug_1,Tapo P110,P110,fridge,a7c73018,multi_cycle,1.0,96.19,237.378,0.688,0.119,0.351,,on,-65,,2 hour NILM fridge session
2026-06-11T10:08:17.811680+00:00,2026-06-11 15:38:17,Anllia,plug_1,Tapo P110,P110,fridge,a7c73018,multi_cycle,1.0,96.256,237.478,0.688,0.119,0.351,,on,-66,,2 hour NILM fridge session
2026-06-11T10:08:19.078245+00:00,2026-06-11 15:38:19,Anllia,plug_1,Tapo P110,P110,fridge,a7c73018,multi_cycle,1.0,96.174,237.478,0.687,0.119,0.351,,on,-65,,2 hour NILM fridge session
2026-06-11T10:08:20.363725+00:00,2026-06-11 15:38:20,Anllia,plug_1,Tapo P110,P110,fridge,a7c73018,multi_cycle,1.0,96.174,237.688,0.687,0.119,0.351,,on,-65,,2 hour NILM fridge session
2026-06-11T10:08:21.611568+00:00,2026-06-11 15:38:21,Anllia,plug_1,Tapo P110,P110,fridge,a7c73018,multi_cycle,1.0,96.209,237.688,0.683,0.119,0.351,,on,-65,,2 hour NILM fridge session
2026-06-11T10:08:22.942989+00:00,2026-06-11 15:38:22,Anllia,plug_1,Tapo P110,P110,fridge,a7c73018,multi_cycle,1.0,96.057,237.688,0.683,0.119,0.351,,on,-65,,2 hour NILM fridge session
2026-06-11T10:08:24.234544+00:00,2026-06-11 15:38:24,Anllia,plug_1,Tapo P110,P110,fridge,a7c73018,multi_cycle,1.0,95.844,237.707,0.683,0.119,0.351,,on,-65,,2 hour NILM fridge session
2026-06-11T10:08:25.493088+00:00,2026-06-11 15:38:25,Anllia,plug_1,Tapo P110,P110,fridge,a7c73018,multi_cycle,1.0,95.865,237.707,0.682,0.119,0.351,,on,-65,,2 hour NILM fridge session
2026-06-11T10:08:26.858328+00:00,2026-06-11 15:38:26,Anllia,plug_1,Tapo P110,P110,fridge,a7c73018,multi_cycle,1.0,95.786,237.787,0.682,0.119,0.352,,on,-65,,2 hour NILM fridge session
2026-06-11T10:08:28.136481+00:00,2026-06-11 15:38:28,Anllia,plug_1,Tapo P110,P110,fridge,a7c73018,multi_cycle,1.0,95.81,237.787,0.683,0.119,0.352,,on,-65,,2 hour NILM fridge session
2026-06-11T10:08:29.416339+00:00,2026-06-11 15:38:29,Anllia,plug_1,Tapo P110,P110,fridge,a7c73018,multi_cycle,1.0,95.81,238.061,0.683,0.119,0.352,,on,-65,,2 hour NILM fridge session
2026-06-11T10:08:30.759723+00:00,2026-06-11 15:38:30,Anllia,plug_1,Tapo P110,P110,fridge,a7c73018,multi_cycle,1.0,95.876,238.061,0.683,0.119,0.352,,on,-65,,2 hour NILM fridge session
2026-06-11T10:08:32.015342+00:00,2026-06-11 15:38:32,Anllia,plug_1,Tapo P110,P110,fridge,a7c73018,multi_cycle,1.0,96.17,238.061,0.683,0.119,0.352,,on,-65,,2 hour NILM fridge session
2026-06-11T10:08:33.298468+00:00,2026-06-11 15:38:33,Anllia,plug_1,Tapo P110,P110,fridge,a7c73018,multi_cycle,1.0,96.365,237.885,0.683,0.119,0.352,,on,-65,,2 hour NILM fridge session
2026-06-11T10:08:34.618005+00:00,2026-06-11 15:38:34,Anllia,plug_1,Tapo P110,P110,fridge,a7c73018,multi_cycle,1.0,96.36,237.885,0.686,0.119,0.352,,on,-65,,2 hour NILM fridge session
2026-06-11T10:08:35.863727+00:00,2026-06-11 15:38:35,Anllia,plug_1,Tapo P110,P110,fridge,a7c73018,multi_cycle,1.0,96.354,237.755,0.686,0.119,0.352,,on,-64,,2 hour NILM fridge session
2026-06-11T10:08:37.122700+00:00,2026-06-11 15:38:37,Anllia,plug_1,Tapo P110,P110,fridge,a7c73018,multi_cycle,1.0,96.354,237.755,0.685,0.12,0.352,,on,-64,,2 hour NILM fridge session
2026-06-11T10:08:38.407264+00:00,2026-06-11 15:38:38,Anllia,plug_1,Tapo P110,P110,fridge,a7c73018,multi_cycle,1.0,96.318,237.904,0.685,0.12,0.352,,on,-64,,2 hour NILM fridge session
2026-06-11T10:08:39.724481+00:00,2026-06-11 15:38:39,Anllia,plug_1,Tapo P110,P110,fridge,a7c73018,multi_cycle,1.0,96.078,237.904,0.686,0.12,0.352,,on,-64,,2 hour NILM fridge session
2026-06-11T10:08:41.121620+00:00,2026-06-11 15:38:41,Anllia,plug_1,Tapo P110,P110,fridge,a7c73018,multi_cycle,1.0,96.384,237.939,0.686,0.12,0.352,,on,-64,,2 hour NILM fridge session
2026-06-11T10:08:42.390848+00:00,2026-06-11 15:38:42,Anllia,plug_1,Tapo P110,P110,fridge,a7c73018,multi_cycle,1.0,96.355,237.939,0.686,0.12,0.352,,on,-64,,2 hour NILM fridge session
2026-06-11T10:08:43.753842+00:00,2026-06-11 15:38:43,Anllia,plug_1,Tapo P110,P110,fridge,a7c73018,multi_cycle,1.0,96.48,237.939,0.687,0.12,0.352,,on,-65,,2 hour NILM fridge session
2026-06-11T10:08:45.021706+00:00,2026-06-11 15:38:45,Anllia,plug_1,Tapo P110,P110,fridge,a7c73018,multi_cycle,1.0,96.362,237.92,0.687,0.12,0.352,,on,-65,,2 hour NILM fridge session
2026-06-11T10:08:46.307575+00:00,2026-06-11 15:38:46,Anllia,plug_1,Tapo P110,P110,fridge,a7c73018,multi_cycle,1.0,96.273,237.92,0.686,0.12,0.352,,on,-64,,2 hour NILM fridge session
2026-06-11T10:08:47.652299+00:00,2026-06-11 15:38:47,Anllia,plug_1,Tapo P110,P110,fridge,a7c73018,multi_cycle,1.0,96.273,237.834,0.686,0.12,0.352,,on,-65,,2 hour NILM fridge session
2026-06-11T10:08:48.931618+00:00,2026-06-11 15:38:48,Anllia,plug_1,Tapo P110,P110,fridge,a7c73018,multi_cycle,1.0,96.183,237.834,0.686,0.12,0.352,,on,-65,,2 hour NILM fridge session
2026-06-11T10:08:50.190005+00:00,2026-06-11 15:38:50,Anllia,plug_1,Tapo P110,P110,fridge,a7c73018,multi_cycle,1.0,96.206,237.873,0.686,0.12,0.352,,on,-65,,2 hour NILM fridge session
2026-06-11T10:08:51.453893+00:00,2026-06-11 15:38:51,Anllia,plug_1,Tapo P110,P110,fridge,a7c73018,multi_cycle,1.0,96.32,237.873,0.686,0.12,0.352,,on,-65,,2 hour NILM fridge session
2026-06-11T10:08:52.718163+00:00,2026-06-11 15:38:52,Anllia,plug_1,Tapo P110,P110,fridge,a7c73018,multi_cycle,1.0,96.213,237.873,0.686,0.12,0.352,,on,-65,,2 hour NILM fridge session
2026-06-11T10:08:54.054476+00:00,2026-06-11 15:38:54,Anllia,plug_1,Tapo P110,P110,fridge,a7c73018,multi_cycle,1.0,96.22,238.014,0.686,0.12,0.352,,on,-65,,2 hour NILM fridge session
2026-06-11T10:08:55.306305+00:00,2026-06-11 15:38:55,Anllia,plug_1,Tapo P110,P110,fridge,a7c73018,multi_cycle,1.0,95.974,238.014,0.684,0.12,0.352,,on,-64,,2 hour NILM fridge session
2026-06-11T10:08:56.571372+00:00,2026-06-11 15:38:56,Anllia,plug_1,Tapo P110,P110,fridge,a7c73018,multi_cycle,1.0,95.974,237.946,0.684,0.12,0.352,,on,-65,,2 hour NILM fridge session
2026-06-11T10:08:57.818493+00:00,2026-06-11 15:38:57,Anllia,plug_1,Tapo P110,P110,fridge,a7c73018,multi_cycle,1.0,95.858,237.946,0.683,0.12,0.352,,on,-64,,2 hour NILM fridge session
2026-06-11T10:08:59.143056+00:00,2026-06-11 15:38:59,Anllia,plug_1,Tapo P110,P110,fridge,a7c73018,multi_cycle,1.0,95.727,237.76,0.683,0.12,0.352,,on,-65,,2 hour NILM fridge session
2026-06-11T10:09:00.449873+00:00,2026-06-11 15:39:00,Anllia,plug_1,Tapo P110,P110,fridge,a7c73018,multi_cycle,1.0,95.735,237.76,0.683,0.12,0.352,,on,-65,,2 hour NILM fridge session
2026-06-11T10:09:01.797224+00:00,2026-06-11 15:39:01,Anllia,plug_1,Tapo P110,P110,fridge,a7c73018,multi_cycle,1.0,95.765,237.76,0.685,0.12,0.352,,on,-65,,2 hour NILM fridge session
2026-06-11T10:09:03.139107+00:00,2026-06-11 15:39:03,Anllia,plug_1,Tapo P110,P110,fridge,a7c73018,multi_cycle,1.0,95.932,237.469,0.685,0.12,0.352,,on,-65,,2 hour NILM fridge session
2026-06-11T10:09:04.668871+00:00,2026-06-11 15:39:04,Anllia,plug_1,Tapo P110,P110,fridge,a7c73018,multi_cycle,1.0,96.134,237.469,0.686,0.12,0.353,,on,-65,,2 hour NILM fridge session
2026-06-11T10:09:05.941890+00:00,2026-06-11 15:39:05,Anllia,plug_1,Tapo P110,P110,fridge,a7c73018,multi_cycle,1.0,96.179,237.574,0.686,0.12,0.353,,on,-65,,2 hour NILM fridge session
2026-06-11T10:09:07.254487+00:00,2026-06-11 15:39:07,Anllia,plug_1,Tapo P110,P110,fridge,a7c73018,multi_cycle,1.0,96.179,237.574,0.685,0.12,0.353,,on,-64,,2 hour NILM fridge session
2026-06-11T10:09:08.649422+00:00,2026-06-11 15:39:08,Anllia,plug_1,Tapo P110,P110,fridge,a7c73018,multi_cycle,1.0,96.093,237.567,0.685,0.12,0.353,,on,-65,,2 hour NILM fridge session
2026-06-11T10:09:09.964621+00:00,2026-06-11 15:39:09,Anllia,plug_1,Tapo P110,P110,fridge,a7c73018,multi_cycle,1.0,96.016,237.567,0.685,0.12,0.353,,on,-65,,2 hour NILM fridge session
2026-06-11T10:09:11.201710+00:00,2026-06-11 15:39:11,Anllia,plug_1,Tapo P110,P110,fridge,a7c73018,multi_cycle,1.0,95.883,237.347,0.685,0.12,0.353,,on,-65,,2 hour NILM fridge session
2026-06-11T10:09:12.763841+00:00,2026-06-11 15:39:12,Anllia,plug_1,Tapo P110,P110,fridge,a7c73018,multi_cycle,1.0,96.15,237.347,0.685,0.12,0.353,,on,-65,,2 hour NILM fridge session
2026-06-11T10:09:14.128101+00:00,2026-06-11 15:39:14,Anllia,plug_1,Tapo P110,P110,fridge,a7c73018,multi_cycle,1.0,95.892,237.347,0.685,0.12,0.353,,on,-65,,2 hour NILM fridge session
2026-06-11T10:09:15.445780+00:00,2026-06-11 15:39:15,Anllia,plug_1,Tapo P110,P110,fridge,a7c73018,multi_cycle,1.0,95.879,237.448,0.685,0.121,0.353,,on,-65,,2 hour NILM fridge session
2026-06-11T10:09:16.957563+00:00,2026-06-11 15:39:16,Anllia,plug_1,Tapo P110,P110,fridge,a7c73018,multi_cycle,1.0,95.932,237.448,0.685,0.121,0.353,,on,-65,,2 hour NILM fridge session
2026-06-11T10:09:18.323083+00:00,2026-06-11 15:39:18,Anllia,plug_1,Tapo P110,P110,fridge,a7c73018,multi_cycle,1.0,95.767,237.53,0.685,0.121,0.353,,on,-65,,2 hour NILM fridge session
2026-06-11T10:09:19.588090+00:00,2026-06-11 15:39:19,Anllia,plug_1,Tapo P110,P110,fridge,a7c73018,multi_cycle,1.0,95.78,237.53,0.683,0.121,0.353,,on,-65,,2 hour NILM fridge session
2026-06-11T10:09:20.886123+00:00,2026-06-11 15:39:20,Anllia,plug_1,Tapo P110,P110,fridge,a7c73018,multi_cycle,1.0,95.74,237.506,0.683,0.121,0.353,,on,-64,,2 hour NILM fridge session
2026-06-11T10:09:22.467145+00:00,2026-06-11 15:39:22,Anllia,plug_1,Tapo P110,P110,fridge,a7c73018,multi_cycle,1.0,95.898,237.506,0.685,0.121,0.353,,on,-65,,2 hour NILM fridge session
2026-06-11T10:09:23.833820+00:00,2026-06-11 15:39:23,Anllia,plug_1,Tapo P110,P110,fridge,a7c73018,multi_cycle,1.0,95.898,237.357,0.685,0.121,0.353,,on,-65,,2 hour NILM fridge session
2026-06-11T10:09:25.100156+00:00,2026-06-11 15:39:25,Anllia,plug_1,Tapo P110,P110,fridge,a7c73018,multi_cycle,1.0,95.569,237.357,0.685,0.121,0.353,,on,-65,,2 hour NILM fridge session
2026-06-11T10:09:26.581688+00:00,2026-06-11 15:39:26,Anllia,plug_1,Tapo P110,P110,fridge,a7c73018,multi_cycle,1.0,95.672,237.357,0.685,0.121,0.353,,on,-65,,2 hour NILM fridge session
2026-06-11T10:09:27.895652+00:00,2026-06-11 15:39:27,Anllia,plug_1,Tapo P110,P110,fridge,a7c73018,multi_cycle,1.0,95.675,237.357,0.684,0.121,0.353,,on,-65,,2 hour NILM fridge session
2026-06-11T10:09:29.261877+00:00,2026-06-11 15:39:29,Anllia,plug_1,Tapo P110,P110,fridge,a7c73018,multi_cycle,1.0,95.864,237.357,0.684,0.121,0.353,,on,-64,,2 hour NILM fridge session
2026-06-11T10:09:30.525469+00:00,2026-06-11 15:39:30,Anllia,plug_1,Tapo P110,P110,fridge,a7c73018,multi_cycle,1.0,95.91,237.336,0.684,0.121,0.353,,on,-65,,2 hour NILM fridge session
2026-06-11T10:09:31.801211+00:00,2026-06-11 15:39:31,Anllia,plug_1,Tapo P110,P110,fridge,a7c73018,multi_cycle,1.0,95.915,237.336,0.686,0.121,0.353,,on,-65,,2 hour NILM fridge session
2026-06-11T10:09:33.164407+00:00,2026-06-11 15:39:33,Anllia,plug_1,Tapo P110,P110,fridge,a7c73018,multi_cycle,1.0,96.136,236.837,0.686,0.121,0.353,,on,-65,,2 hour NILM fridge session
2026-06-11T10:09:34.484092+00:00,2026-06-11 15:39:34,Anllia,plug_1,Tapo P110,P110,fridge,a7c73018,multi_cycle,1.0,95.96,236.837,0.687,0.121,0.353,,on,-66,,2 hour NILM fridge session
2026-06-11T10:09:35.842396+00:00,2026-06-11 15:39:35,Anllia,plug_1,Tapo P110,P110,fridge,a7c73018,multi_cycle,1.0,95.96,236.804,0.687,0.121,0.353,,on,-64,,2 hour NILM fridge session
2026-06-11T10:09:37.108903+00:00,2026-06-11 15:39:37,Anllia,plug_1,Tapo P110,P110,fridge,a7c73018,multi_cycle,1.0,95.978,236.804,0.688,0.121,0.353,,on,-65,,2 hour NILM fridge session
2026-06-11T10:09:38.435710+00:00,2026-06-11 15:39:38,Anllia,plug_1,Tapo P110,P110,fridge,a7c73018,multi_cycle,1.0,95.973,236.807,0.688,0.121,0.353,,on,-65,,2 hour NILM fridge session
2026-06-11T10:09:39.741005+00:00,2026-06-11 15:39:39,Anllia,plug_1,Tapo P110,P110,fridge,a7c73018,multi_cycle,1.0,95.954,236.807,0.688,0.121,0.353,,on,-64,,2 hour NILM fridge session
2026-06-11T10:09:41.106758+00:00,2026-06-11 15:39:41,Anllia,plug_1,Tapo P110,P110,fridge,a7c73018,multi_cycle,1.0,95.945,236.807,0.691,0.121,0.353,,on,-65,,2 hour NILM fridge session
2026-06-11T10:09:42.353073+00:00,2026-06-11 15:39:42,Anllia,plug_1,Tapo P110,P110,fridge,a7c73018,multi_cycle,1.0,96.027,236.748,0.691,0.121,0.354,,on,-64,,2 hour NILM fridge session
2026-06-11T10:09:43.704328+00:00,2026-06-11 15:39:43,Anllia,plug_1,Tapo P110,P110,fridge,a7c73018,multi_cycle,1.0,96.092,236.748,0.691,0.121,0.354,,on,-65,,2 hour NILM fridge session
2026-06-11T10:09:45.136429+00:00,2026-06-11 15:39:45,Anllia,plug_1,Tapo P110,P110,fridge,a7c73018,multi_cycle,1.0,96.029,236.891,0.691,0.121,0.354,,on,-64,,2 hour NILM fridge session
2026-06-11T10:09:46.485015+00:00,2026-06-11 15:39:46,Anllia,plug_1,Tapo P110,P110,fridge,a7c73018,multi_cycle,1.0,96.029,236.891,0.689,0.121,0.354,,on,-64,,2 hour NILM fridge session
2026-06-11T10:09:47.801259+00:00,2026-06-11 15:39:47,Anllia,plug_1,Tapo P110,P110,fridge,a7c73018,multi_cycle,1.0,95.916,236.711,0.689,0.121,0.354,,on,-65,,2 hour NILM fridge session
2026-06-11T10:09:49.045880+00:00,2026-06-11 15:39:49,Anllia,plug_1,Tapo P110,P110,fridge,a7c73018,multi_cycle,1.0,95.767,236.711,0.685,0.121,0.354,,on,-65,,2 hour NILM fridge session
2026-06-11T10:09:50.321358+00:00,2026-06-11 15:39:50,Anllia,plug_1,Tapo P110,P110,fridge,a7c73018,multi_cycle,1.0,95.652,236.763,0.685,0.121,0.354,,on,-64,,2 hour NILM fridge session
2026-06-11T10:09:51.584947+00:00,2026-06-11 15:39:51,Anllia,plug_1,Tapo P110,P110,fridge,a7c73018,multi_cycle,1.0,95.623,236.763,0.685,0.121,0.354,,on,-65,,2 hour NILM fridge session
2026-06-11T10:09:52.863371+00:00,2026-06-11 15:39:52,Anllia,plug_1,Tapo P110,P110,fridge,a7c73018,multi_cycle,1.0,95.686,236.763,0.683,0.122,0.354,,on,-65,,2 hour NILM fridge session
2026-06-11T10:09:54.221223+00:00,2026-06-11 15:39:54,Anllia,plug_1,Tapo P110,P110,fridge,a7c73018,multi_cycle,1.0,95.581,236.973,0.683,0.122,0.354,,on,-65,,2 hour NILM fridge session
2026-06-11T10:09:55.464287+00:00,2026-06-11 15:39:55,Anllia,plug_1,Tapo P110,P110,fridge,a7c73018,multi_cycle,1.0,95.518,236.973,0.682,0.122,0.354,,on,-64,,2 hour NILM fridge session
2026-06-11T10:09:56.727803+00:00,2026-06-11 15:39:56,Anllia,plug_1,Tapo P110,P110,fridge,a7c73018,multi_cycle,1.0,95.518,235.972,0.682,0.122,0.354,,on,-64,,2 hour NILM fridge session
2026-06-11T10:09:58.000204+00:00,2026-06-11 15:39:58,Anllia,plug_1,Tapo P110,P110,fridge,a7c73018,multi_cycle,1.0,95.847,235.972,0.683,0.122,0.354,,on,-65,,2 hour NILM fridge session
2026-06-11T10:09:59.321785+00:00,2026-06-11 15:39:59,Anllia,plug_1,Tapo P110,P110,fridge,a7c73018,multi_cycle,1.0,95.57,235.972,0.683,0.122,0.354,,on,-65,,2 hour NILM fridge session
2026-06-11T10:10:00.571025+00:00,2026-06-11 15:40:00,Anllia,plug_1,Tapo P110,P110,fridge,a7c73018,multi_cycle,1.0,95.508,236.499,0.683,0.122,0.354,,on,-65,,2 hour NILM fridge session
2026-06-11T10:10:01.942901+00:00,2026-06-11 15:40:01,Anllia,plug_1,Tapo P110,P110,fridge,a7c73018,multi_cycle,1.0,95.457,236.499,0.684,0.122,0.354,,on,-65,,2 hour NILM fridge session
2026-06-11T10:10:03.363637+00:00,2026-06-11 15:40:03,Anllia,plug_1,Tapo P110,P110,fridge,a7c73018,multi_cycle,1.0,95.646,236.409,0.684,0.122,0.354,,on,-65,,2 hour NILM fridge session
2026-06-11T10:10:04.678641+00:00,2026-06-11 15:40:04,Anllia,plug_1,Tapo P110,P110,fridge,a7c73018,multi_cycle,1.0,95.657,236.409,0.686,0.122,0.354,,on,-65,,2 hour NILM fridge session
2026-06-11T10:10:05.924446+00:00,2026-06-11 15:40:05,Anllia,plug_1,Tapo P110,P110,fridge,a7c73018,multi_cycle,1.0,95.657,236.418,0.686,0.122,0.354,,on,-66,,2 hour NILM fridge session
2026-06-11T10:10:07.222568+00:00,2026-06-11 15:40:07,Anllia,plug_1,Tapo P110,P110,fridge,a7c73018,multi_cycle,1.0,95.669,236.418,0.687,0.122,0.354,,on,-64,,2 hour NILM fridge session
2026-06-11T10:10:08.472483+00:00,2026-06-11 15:40:08,Anllia,plug_1,Tapo P110,P110,fridge,a7c73018,multi_cycle,1.0,95.596,236.349,0.687,0.122,0.354,,on,-65,,2 hour NILM fridge session
2026-06-11T10:10:09.728070+00:00,2026-06-11 15:40:09,Anllia,plug_1,Tapo P110,P110,fridge,a7c73018,multi_cycle,1.0,95.179,236.349,0.687,0.122,0.354,,on,-65,,2 hour NILM fridge session
2026-06-11T10:10:11.074732+00:00,2026-06-11 15:40:11,Anllia,plug_1,Tapo P110,P110,fridge,a7c73018,multi_cycle,1.0,95.743,236.349,0.692,0.122,0.354,,on,-64,,2 hour NILM fridge session
2026-06-11T10:10:12.578923+00:00,2026-06-11 15:40:12,Anllia,plug_1,Tapo P110,P110,fridge,a7c73018,multi_cycle,1.0,95.435,235.681,0.692,0.122,0.354,,on,-64,,2 hour NILM fridge session
2026-06-11T10:10:13.862580+00:00,2026-06-11 15:40:13,Anllia,plug_1,Tapo P110,P110,fridge,a7c73018,multi_cycle,1.0,95.424,235.681,0.691,0.122,0.354,,on,-65,,2 hour NILM fridge session
2026-06-11T10:10:15.128726+00:00,2026-06-11 15:40:15,Anllia,plug_1,Tapo P110,P110,fridge,a7c73018,multi_cycle,1.0,95.461,235.58,0.691,0.122,0.354,,on,-65,,2 hour NILM fridge session
2026-06-11T10:10:16.419518+00:00,2026-06-11 15:40:16,Anllia,plug_1,Tapo P110,P110,fridge,a7c73018,multi_cycle,1.0,95.461,235.58,0.691,0.122,0.354,,on,-65,,2 hour NILM fridge session
2026-06-11T10:10:17.980175+00:00,2026-06-11 15:40:17,Anllia,plug_1,Tapo P110,P110,fridge,a7c73018,multi_cycle,1.0,95.441,235.855,0.691,0.122,0.354,,on,-65,,2 hour NILM fridge session
2026-06-11T10:10:19.252343+00:00,2026-06-11 15:40:19,Anllia,plug_1,Tapo P110,P110,fridge,a7c73018,multi_cycle,1.0,95.877,235.855,0.693,0.122,0.355,,on,-65,,2 hour NILM fridge session
2026-06-11T10:10:20.701680+00:00,2026-06-11 15:40:20,Anllia,plug_1,Tapo P110,P110,fridge,a7c73018,multi_cycle,1.0,96.245,235.932,0.693,0.122,0.355,,on,-65,,2 hour NILM fridge session
2026-06-11T10:10:22.049632+00:00,2026-06-11 15:40:22,Anllia,plug_1,Tapo P110,P110,fridge,a7c73018,multi_cycle,1.0,96.2,235.932,0.692,0.122,0.355,,on,-66,,2 hour NILM fridge session
2026-06-11T10:10:23.332676+00:00,2026-06-11 15:40:23,Anllia,plug_1,Tapo P110,P110,fridge,a7c73018,multi_cycle,1.0,96.067,235.932,0.692,0.122,0.355,,on,-65,,2 hour NILM fridge session
2026-06-11T10:10:24.680725+00:00,2026-06-11 15:40:24,Anllia,plug_1,Tapo P110,P110,fridge,a7c73018,multi_cycle,1.0,96.046,235.771,0.692,0.122,0.355,,on,-65,,2 hour NILM fridge session
2026-06-11T10:10:26.078110+00:00,2026-06-11 15:40:26,Anllia,plug_1,Tapo P110,P110,fridge,a7c73018,multi_cycle,1.0,95.956,235.771,0.693,0.122,0.355,,on,-66,,2 hour NILM fridge session
2026-06-11T10:11:08.999859+00:00,2026-06-11 15:41:08,Anllia,plug_1,Tapo P110,P110,fridge,a7c73018,multi_cycle,1.0,95.367,236.338,0.686,0.124,0.356,,on,-66,,2 hour NILM fridge session
2026-06-11T10:11:10.354799+00:00,2026-06-11 15:41:10,Anllia,plug_1,Tapo P110,P110,fridge,a7c73018,multi_cycle,1.0,95.515,236.338,0.685,0.124,0.356,,on,-65,,2 hour NILM fridge session
2026-06-11T10:11:11.650641+00:00,2026-06-11 15:41:11,Anllia,plug_1,Tapo P110,P110,fridge,a7c73018,multi_cycle,1.0,95.546,236.131,0.685,0.124,0.356,,on,-67,,2 hour NILM fridge session
2026-06-11T10:11:12.907154+00:00,2026-06-11 15:41:12,Anllia,plug_1,Tapo P110,P110,fridge,a7c73018,multi_cycle,1.0,95.524,236.131,0.685,0.124,0.356,,on,-66,,2 hour NILM fridge session
2026-06-11T10:11:14.168801+00:00,2026-06-11 15:41:14,Anllia,plug_1,Tapo P110,P110,fridge,a7c73018,multi_cycle,1.0,95.356,236.131,0.685,0.124,0.356,,on,-66,,2 hour NILM fridge session
2026-06-11T10:11:15.426268+00:00,2026-06-11 15:41:15,Anllia,plug_1,Tapo P110,P110,fridge,a7c73018,multi_cycle,1.0,95.494,236.006,0.685,0.124,0.356,,on,-67,,2 hour NILM fridge session
2026-06-11T10:11:16.706761+00:00,2026-06-11 15:41:16,Anllia,plug_1,Tapo P110,P110,fridge,a7c73018,multi_cycle,1.0,95.577,236.006,0.687,0.124,0.356,,on,-67,,2 hour NILM fridge session
2026-06-11T10:11:17.967984+00:00,2026-06-11 15:41:17,Anllia,plug_1,Tapo P110,P110,fridge,a7c73018,multi_cycle,1.0,95.577,235.967,0.687,0.124,0.356,,on,-60,,2 hour NILM fridge session
2026-06-11T10:11:19.262119+00:00,2026-06-11 15:41:19,Anllia,plug_1,Tapo P110,P110,fridge,a7c73018,multi_cycle,1.0,95.846,235.967,0.688,0.124,0.356,,on,-72,,2 hour NILM fridge session
2026-06-11T10:11:20.585111+00:00,2026-06-11 15:41:20,Anllia,plug_1,Tapo P110,P110,fridge,a7c73018,multi_cycle,1.0,95.657,235.967,0.688,0.124,0.356,,on,-63,,2 hour NILM fridge session
2026-06-11T10:11:21.837962+00:00,2026-06-11 15:41:21,Anllia,plug_1,Tapo P110,P110,fridge,a7c73018,multi_cycle,1.0,95.449,236.48,0.688,0.124,0.356,,on,-71,,2 hour NILM fridge session
2026-06-11T10:11:23.306871+00:00,2026-06-11 15:41:23,Anllia,plug_1,Tapo P110,P110,fridge,a7c73018,multi_cycle,1.0,95.638,236.48,0.687,0.124,0.356,,on,-68,,2 hour NILM fridge session
2026-06-11T10:11:24.545767+00:00,2026-06-11 15:41:24,Anllia,plug_1,Tapo P110,P110,fridge,a7c73018,multi_cycle,1.0,95.329,236.031,0.687,0.124,0.356,,on,-66,,2 hour NILM fridge session
2026-06-11T10:11:25.799398+00:00,2026-06-11 15:41:25,Anllia,plug_1,Tapo P110,P110,fridge,a7c73018,multi_cycle,1.0,95.299,236.031,0.687,0.124,0.356,,on,-68,,2 hour NILM fridge session
2026-06-11T10:11:27.065907+00:00,2026-06-11 15:41:27,Anllia,plug_1,Tapo P110,P110,fridge,a7c73018,multi_cycle,1.0,95.299,235.821,0.687,0.124,0.356,,on,-66,,2 hour NILM fridge session
2026-06-11T10:11:28.319203+00:00,2026-06-11 15:41:28,Anllia,plug_1,Tapo P110,P110,fridge,a7c73018,multi_cycle,1.0,95.525,235.821,0.689,0.124,0.356,,on,-67,,2 hour NILM fridge session
2026-06-11T10:11:29.621968+00:00,2026-06-11 15:41:29,Anllia,plug_1,Tapo P110,P110,fridge,a7c73018,multi_cycle,1.0,95.599,235.821,0.689,0.124,0.356,,on,-68,,2 hour NILM fridge session
2026-06-11T10:11:30.878775+00:00,2026-06-11 15:41:30,Anllia,plug_1,Tapo P110,P110,fridge,a7c73018,multi_cycle,1.0,95.819,236.127,0.689,0.124,0.356,,on,-68,,2 hour NILM fridge session
2026-06-11T10:11:32.143720+00:00,2026-06-11 15:41:32,Anllia,plug_1,Tapo P110,P110,fridge,a7c73018,multi_cycle,1.0,95.925,236.127,0.685,0.124,0.356,,on,-65,,2 hour NILM fridge session
2026-06-11T10:11:33.391647+00:00,2026-06-11 15:41:33,Anllia,plug_1,Tapo P110,P110,fridge,a7c73018,multi_cycle,1.0,95.596,235.917,0.685,0.124,0.356,,on,-65,,2 hour NILM fridge session
2026-06-11T10:11:34.666771+00:00,2026-06-11 15:41:34,Anllia,plug_1,Tapo P110,P110,fridge,a7c73018,multi_cycle,1.0,95.596,235.917,0.685,0.124,0.357,,on,-69,,2 hour NILM fridge session
2026-06-11T10:11:35.912196+00:00,2026-06-11 15:41:35,Anllia,plug_1,Tapo P110,P110,fridge,a7c73018,multi_cycle,1.0,95.75,236.055,0.685,0.124,0.357,,on,-68,,2 hour NILM fridge session
2026-06-11T10:11:37.218354+00:00,2026-06-11 15:41:37,Anllia,plug_1,Tapo P110,P110,fridge,a7c73018,multi_cycle,1.0,95.422,236.055,0.684,0.124,0.357,,on,-66,,2 hour NILM fridge session
2026-06-11T10:11:38.528343+00:00,2026-06-11 15:41:38,Anllia,plug_1,Tapo P110,P110,fridge,a7c73018,multi_cycle,1.0,95.166,236.055,0.684,0.124,0.357,,on,-69,,2 hour NILM fridge session
2026-06-11T10:11:39.996624+00:00,2026-06-11 15:41:39,Anllia,plug_1,Tapo P110,P110,fridge,a7c73018,multi_cycle,1.0,95.049,235.894,0.684,0.124,0.357,,on,-63,,2 hour NILM fridge session
2026-06-11T10:11:41.236967+00:00,2026-06-11 15:41:41,Anllia,plug_1,Tapo P110,P110,fridge,a7c73018,multi_cycle,1.0,95.068,235.894,0.681,0.124,0.357,,on,-66,,2 hour NILM fridge session
2026-06-11T10:11:42.480305+00:00,2026-06-11 15:41:42,Anllia,plug_1,Tapo P110,P110,fridge,a7c73018,multi_cycle,1.0,95.275,235.871,0.681,0.124,0.357,,on,-65,,2 hour NILM fridge session
2026-06-11T10:11:43.740730+00:00,2026-06-11 15:41:43,Anllia,plug_1,Tapo P110,P110,fridge,a7c73018,multi_cycle,1.0,95.129,235.871,0.685,0.124,0.357,,on,-64,,2 hour NILM fridge session
2026-06-11T10:11:44.990776+00:00,2026-06-11 15:41:44,Anllia,plug_1,Tapo P110,P110,fridge,a7c73018,multi_cycle,1.0,95.129,235.955,0.685,0.124,0.357,,on,-64,,2 hour NILM fridge session
2026-06-11T10:11:46.241529+00:00,2026-06-11 15:41:46,Anllia,plug_1,Tapo P110,P110,fridge,a7c73018,multi_cycle,1.0,95.039,235.955,0.684,0.125,0.357,,on,-65,,2 hour NILM fridge session
2026-06-11T10:11:47.485268+00:00,2026-06-11 15:41:47,Anllia,plug_1,Tapo P110,P110,fridge,a7c73018,multi_cycle,1.0,95.18,235.955,0.684,0.125,0.357,,on,-65,,2 hour NILM fridge session
2026-06-11T10:11:48.862071+00:00,2026-06-11 15:41:48,Anllia,plug_1,Tapo P110,P110,fridge,a7c73018,multi_cycle,1.0,95.263,235.825,0.684,0.125,0.357,,on,-65,,2 hour NILM fridge session
2026-06-11T10:11:50.100050+00:00,2026-06-11 15:41:50,Anllia,plug_1,Tapo P110,P110,fridge,a7c73018,multi_cycle,1.0,94.937,235.825,0.687,0.125,0.357,,on,-65,,2 hour NILM fridge session
2026-06-11T10:11:51.346452+00:00,2026-06-11 15:41:51,Anllia,plug_1,Tapo P110,P110,fridge,a7c73018,multi_cycle,1.0,95.441,235.976,0.687,0.125,0.357,,on,-66,,2 hour NILM fridge session
2026-06-11T10:11:52.633150+00:00,2026-06-11 15:41:52,Anllia,plug_1,Tapo P110,P110,fridge,a7c73018,multi_cycle,1.0,95.441,235.976,0.685,0.125,0.357,,on,-65,,2 hour NILM fridge session
2026-06-11T10:11:53.921482+00:00,2026-06-11 15:41:53,Anllia,plug_1,Tapo P110,P110,fridge,a7c73018,multi_cycle,1.0,95.161,236.333,0.685,0.125,0.357,,on,-66,,2 hour NILM fridge session
2026-06-11T10:11:55.261449+00:00,2026-06-11 15:41:55,Anllia,plug_1,Tapo P110,P110,fridge,a7c73018,multi_cycle,1.0,95.303,236.333,0.684,0.125,0.357,,on,-65,,2 hour NILM fridge session
2026-06-11T10:11:56.508226+00:00,2026-06-11 15:41:56,Anllia,plug_1,Tapo P110,P110,fridge,a7c73018,multi_cycle,1.0,95.029,236.333,0.684,0.125,0.357,,on,-66,,2 hour NILM fridge session
2026-06-11T10:11:57.884967+00:00,2026-06-11 15:41:57,Anllia,plug_1,Tapo P110,P110,fridge,a7c73018,multi_cycle,1.0,95.25,235.606,0.684,0.125,0.357,,on,-66,,2 hour NILM fridge session
2026-06-11T10:12:00.387310+00:00,2026-06-11 15:42:00,Anllia,plug_1,Tapo P110,P110,fridge,a7c73018,multi_cycle,1.0,95.237,235.369,0.686,0.125,0.357,,on,-65,,2 hour NILM fridge session
2026-06-11T10:12:01.639718+00:00,2026-06-11 15:42:01,Anllia,plug_1,Tapo P110,P110,fridge,a7c73018,multi_cycle,1.0,95.356,235.369,0.688,0.125,0.357,,on,-64,,2 hour NILM fridge session
2026-06-11T10:12:02.901153+00:00,2026-06-11 15:42:02,Anllia,plug_1,Tapo P110,P110,fridge,a7c73018,multi_cycle,1.0,95.424,235.309,0.688,0.125,0.357,,on,-65,,2 hour NILM fridge session
2026-06-11T10:12:04.149435+00:00,2026-06-11 15:42:04,Anllia,plug_1,Tapo P110,P110,fridge,a7c73018,multi_cycle,1.0,95.114,235.309,0.688,0.125,0.357,,on,-65,,2 hour NILM fridge session
2026-06-11T10:12:05.391287+00:00,2026-06-11 15:42:05,Anllia,plug_1,Tapo P110,P110,fridge,a7c73018,multi_cycle,1.0,95.199,235.309,0.69,0.125,0.357,,on,-65,,2 hour NILM fridge session
2026-06-11T10:12:06.644645+00:00,2026-06-11 15:42:06,Anllia,plug_1,Tapo P110,P110,fridge,a7c73018,multi_cycle,1.0,95.009,235.147,0.69,0.125,0.357,,on,-65,,2 hour NILM fridge session
2026-06-11T10:12:08.116213+00:00,2026-06-11 15:42:08,Anllia,plug_1,Tapo P110,P110,fridge,a7c73018,multi_cycle,1.0,95.009,235.147,0.687,0.125,0.357,,on,-65,,2 hour NILM fridge session
2026-06-11T10:12:09.506270+00:00,2026-06-11 15:42:09,Anllia,plug_1,Tapo P110,P110,fridge,a7c73018,multi_cycle,1.0,95.279,235.715,0.687,0.125,0.357,,on,-65,,2 hour NILM fridge session
2026-06-11T10:12:10.780505+00:00,2026-06-11 15:42:10,Anllia,plug_1,Tapo P110,P110,fridge,a7c73018,multi_cycle,1.0,95.001,235.715,0.687,0.125,0.357,,on,-65,,2 hour NILM fridge session
2026-06-11T10:12:12.031262+00:00,2026-06-11 15:42:12,Anllia,plug_1,Tapo P110,P110,fridge,a7c73018,multi_cycle,1.0,95.175,235.912,0.687,0.125,0.357,,on,-65,,2 hour NILM fridge session
2026-06-11T10:12:13.281481+00:00,2026-06-11 15:42:13,Anllia,plug_1,Tapo P110,P110,fridge,a7c73018,multi_cycle,1.0,94.863,235.912,0.687,0.125,0.358,,on,-66,,2 hour NILM fridge session
2026-06-11T10:12:14.528799+00:00,2026-06-11 15:42:14,Anllia,plug_1,Tapo P110,P110,fridge,a7c73018,multi_cycle,1.0,94.987,235.912,0.685,0.125,0.358,,on,-66,,2 hour NILM fridge session
2026-06-11T10:12:15.773788+00:00,2026-06-11 15:42:15,Anllia,plug_1,Tapo P110,P110,fridge,a7c73018,multi_cycle,1.0,95.153,236.023,0.685,0.125,0.358,,on,-65,,2 hour NILM fridge session
2026-06-11T10:12:17.028453+00:00,2026-06-11 15:42:17,Anllia,plug_1,Tapo P110,P110,fridge,a7c73018,multi_cycle,1.0,95.243,236.023,0.685,0.125,0.358,,on,-66,,2 hour NILM fridge session
2026-06-11T10:12:18.339122+00:00,2026-06-11 15:42:18,Anllia,plug_1,Tapo P110,P110,fridge,a7c73018,multi_cycle,1.0,95.243,236.071,0.685,0.125,0.358,,on,-67,,2 hour NILM fridge session
2026-06-11T10:12:19.665337+00:00,2026-06-11 15:42:19,Anllia,plug_1,Tapo P110,P110,fridge,a7c73018,multi_cycle,1.0,95.3,236.071,0.686,0.125,0.358,,on,-65,,2 hour NILM fridge session
2026-06-11T10:12:20.917134+00:00,2026-06-11 15:42:20,Anllia,plug_1,Tapo P110,P110,fridge,a7c73018,multi_cycle,1.0,95.385,236.041,0.686,0.125,0.358,,on,-66,,2 hour NILM fridge session
2026-06-11T10:12:22.302179+00:00,2026-06-11 15:42:22,Anllia,plug_1,Tapo P110,P110,fridge,a7c73018,multi_cycle,1.0,95.329,236.041,0.686,0.125,0.358,,on,-65,,2 hour NILM fridge session
2026-06-11T10:12:23.549173+00:00,2026-06-11 15:42:23,Anllia,plug_1,Tapo P110,P110,fridge,a7c73018,multi_cycle,1.0,95.112,236.041,0.686,0.126,0.358,,on,-64,,2 hour NILM fridge session
2026-06-11T10:12:24.798801+00:00,2026-06-11 15:42:24,Anllia,plug_1,Tapo P110,P110,fridge,a7c73018,multi_cycle,1.0,94.891,235.788,0.686,0.126,0.358,,on,-65,,2 hour NILM fridge session
2026-06-11T10:12:26.212980+00:00,2026-06-11 15:42:26,Anllia,plug_1,Tapo P110,P110,fridge,a7c73018,multi_cycle,1.0,94.737,235.788,0.685,0.126,0.358,,on,-64,,2 hour NILM fridge session
2026-06-11T10:12:27.462582+00:00,2026-06-11 15:42:27,Anllia,plug_1,Tapo P110,P110,fridge,a7c73018,multi_cycle,1.0,95.267,235.851,0.685,0.126,0.358,,on,-65,,2 hour NILM fridge session
2026-06-11T10:12:28.711242+00:00,2026-06-11 15:42:28,Anllia,plug_1,Tapo P110,P110,fridge,a7c73018,multi_cycle,1.0,95.267,235.851,0.683,0.126,0.358,,on,-65,,2 hour NILM fridge session
2026-06-11T10:12:30.104541+00:00,2026-06-11 15:42:30,Anllia,plug_1,Tapo P110,P110,fridge,a7c73018,multi_cycle,1.0,94.69,236.366,0.683,0.126,0.358,,on,-67,,2 hour NILM fridge session
2026-06-11T10:12:31.810960+00:00,2026-06-11 15:42:31,Anllia,plug_1,Tapo P110,P110,fridge,a7c73018,multi_cycle,1.0,95.064,236.366,0.684,0.126,0.358,,on,-65,,2 hour NILM fridge session
2026-06-11T10:12:33.106882+00:00,2026-06-11 15:42:33,Anllia,plug_1,Tapo P110,P110,fridge,a7c73018,multi_cycle,1.0,95.075,236.231,0.684,0.126,0.358,,on,-67,,2 hour NILM fridge session
2026-06-11T10:12:35.408370+00:00,2026-06-11 15:42:35,Anllia,plug_1,Tapo P110,P110,fridge,a7c73018,multi_cycle,1.0,95.16,236.231,0.684,0.126,0.358,,on,-65,,2 hour NILM fridge session
2026-06-11T10:12:36.732321+00:00,2026-06-11 15:42:36,Anllia,plug_1,Tapo P110,P110,fridge,a7c73018,multi_cycle,1.0,95.04,236.234,0.684,0.126,0.358,,on,-66,,2 hour NILM fridge session
2026-06-11T10:12:38.439268+00:00,2026-06-11 15:42:38,Anllia,plug_1,Tapo P110,P110,fridge,a7c73018,multi_cycle,1.0,95.208,236.234,0.682,0.126,0.358,,on,-65,,2 hour NILM fridge session
2026-06-11T10:12:40.545778+00:00,2026-06-11 15:42:40,Anllia,plug_1,Tapo P110,P110,fridge,a7c73018,multi_cycle,1.0,94.835,236.383,0.679,0.126,0.358,,on,-65,,2 hour NILM fridge session
2026-06-11T10:12:42.223523+00:00,2026-06-11 15:42:42,Anllia,plug_1,Tapo P110,P110,fridge,a7c73018,multi_cycle,1.0,94.626,236.514,0.679,0.126,0.358,,on,-65,,2 hour NILM fridge session
2026-06-11T10:12:46.177895+00:00,2026-06-11 15:42:46,Anllia,plug_1,Tapo P110,P110,fridge,a7c73018,multi_cycle,1.0,94.222,236.242,0.682,0.126,0.358,,on,-65,,2 hour NILM fridge session
2026-06-11T10:12:47.486681+00:00,2026-06-11 15:42:47,Anllia,plug_1,Tapo P110,P110,fridge,a7c73018,multi_cycle,1.0,95.057,236.242,0.681,0.126,0.358,,on,-67,,2 hour NILM fridge session
2026-06-11T10:12:48.842485+00:00,2026-06-11 15:42:48,Anllia,plug_1,Tapo P110,P110,fridge,a7c73018,multi_cycle,1.0,95.051,235.942,0.681,0.126,0.358,,on,-65,,2 hour NILM fridge session
2026-06-11T10:12:50.179790+00:00,2026-06-11 15:42:50,Anllia,plug_1,Tapo P110,P110,fridge,a7c73018,multi_cycle,1.0,94.958,235.942,0.682,0.126,0.359,,on,-65,,2 hour NILM fridge session
2026-06-11T10:12:51.874239+00:00,2026-06-11 15:42:51,Anllia,plug_1,Tapo P110,P110,fridge,a7c73018,multi_cycle,1.0,95.013,236.188,0.682,0.126,0.359,,on,-66,,2 hour NILM fridge session
2026-06-11T10:12:54.451026+00:00,2026-06-11 15:42:54,Anllia,plug_1,Tapo P110,P110,fridge,a7c73018,multi_cycle,1.0,95.305,235.907,0.685,0.126,0.359,,on,-66,,2 hour NILM fridge session
2026-06-11T10:12:55.734652+00:00,2026-06-11 15:42:55,Anllia,plug_1,Tapo P110,P110,fridge,a7c73018,multi_cycle,1.0,95.261,235.907,0.686,0.126,0.359,,on,-65,,2 hour NILM fridge session
2026-06-11T10:12:57.080425+00:00,2026-06-11 15:42:57,Anllia,plug_1,Tapo P110,P110,fridge,a7c73018,multi_cycle,1.0,95.265,235.963,0.686,0.126,0.359,,on,-65,,2 hour NILM fridge session
2026-06-11T10:12:58.353269+00:00,2026-06-11 15:42:58,Anllia,plug_1,Tapo P110,P110,fridge,a7c73018,multi_cycle,1.0,95.283,235.963,0.686,0.126,0.359,,on,-65,,2 hour NILM fridge session
2026-06-11T10:12:59.699624+00:00,2026-06-11 15:42:59,Anllia,plug_1,Tapo P110,P110,fridge,a7c73018,multi_cycle,1.0,95.158,235.963,0.683,0.126,0.359,,on,-65,,2 hour NILM fridge session
2026-06-11T10:13:02.365262+00:00,2026-06-11 15:43:02,Anllia,plug_1,Tapo P110,P110,fridge,a7c73018,multi_cycle,1.0,95.102,235.973,0.687,0.127,0.359,,on,-65,,2 hour NILM fridge session
2026-06-11T10:13:06.666836+00:00,2026-06-11 15:43:06,Anllia,plug_1,Tapo P110,P110,fridge,a7c73018,multi_cycle,1.0,95.064,235.409,0.687,0.127,0.359,,on,-65,,2 hour NILM fridge session
2026-06-11T10:13:08.080492+00:00,2026-06-11 15:43:08,Anllia,plug_1,Tapo P110,P110,fridge,a7c73018,multi_cycle,1.0,95.13,235.409,0.687,0.127,0.359,,on,-65,,2 hour NILM fridge session
2026-06-11T10:13:11.256595+00:00,2026-06-11 15:43:11,Anllia,plug_1,Tapo P110,P110,fridge,a7c73018,multi_cycle,1.0,95.149,236.077,0.683,0.127,0.359,,on,-65,,2 hour NILM fridge session
2026-06-11T10:13:15.254965+00:00,2026-06-11 15:43:15,Anllia,plug_1,Tapo P110,P110,fridge,a7c73018,multi_cycle,1.0,94.899,236.138,0.681,0.127,0.359,,on,-66,,2 hour NILM fridge session
2026-06-11T10:13:16.533119+00:00,2026-06-11 15:43:16,Anllia,plug_1,Tapo P110,P110,fridge,a7c73018,multi_cycle,1.0,94.869,236.138,0.681,0.127,0.359,,on,-65,,2 hour NILM fridge session
2026-06-11T10:13:17.809466+00:00,2026-06-11 15:43:17,Anllia,plug_1,Tapo P110,P110,fridge,a7c73018,multi_cycle,1.0,94.882,236.138,0.681,0.127,0.359,,on,-65,,2 hour NILM fridge session
2026-06-11T10:13:19.211631+00:00,2026-06-11 15:43:19,Anllia,plug_1,Tapo P110,P110,fridge,a7c73018,multi_cycle,1.0,95.104,236.176,0.681,0.127,0.359,,on,-66,,2 hour NILM fridge session
2026-06-11T10:13:20.542500+00:00,2026-06-11 15:43:20,Anllia,plug_1,Tapo P110,P110,fridge,a7c73018,multi_cycle,1.0,95.043,236.176,0.683,0.127,0.359,,on,-66,,2 hour NILM fridge session
2026-06-11T10:13:21.813446+00:00,2026-06-11 15:43:21,Anllia,plug_1,Tapo P110,P110,fridge,a7c73018,multi_cycle,1.0,94.14,236.328,0.683,0.127,0.359,,on,-68,,2 hour NILM fridge session
2026-06-11T10:13:23.411588+00:00,2026-06-11 15:43:23,Anllia,plug_1,Tapo P110,P110,fridge,a7c73018,multi_cycle,1.0,93.502,236.328,0.674,0.127,0.359,,on,-69,,2 hour NILM fridge session
2026-06-11T10:13:24.783411+00:00,2026-06-11 15:43:24,Anllia,plug_1,Tapo P110,P110,fridge,a7c73018,multi_cycle,1.0,93.224,236.258,0.674,0.127,0.359,,on,-66,,2 hour NILM fridge session
2026-06-11T10:13:28.541309+00:00,2026-06-11 15:43:28,Anllia,plug_1,Tapo P110,P110,fridge,a7c73018,multi_cycle,1.0,93.224,236.053,0.669,0.127,0.359,,on,-65,,2 hour NILM fridge session
2026-06-11T10:13:30.539464+00:00,2026-06-11 15:43:30,Anllia,plug_1,Tapo P110,P110,fridge,a7c73018,multi_cycle,1.0,92.423,236.413,0.665,0.127,0.36,,on,-65,,2 hour NILM fridge session
2026-06-11T10:13:34.307351+00:00,2026-06-11 15:43:34,Anllia,plug_1,Tapo P110,P110,fridge,a7c73018,multi_cycle,1.0,92.031,236.413,0.664,0.127,0.36,,on,-69,,2 hour NILM fridge session
2026-06-11T10:13:35.575147+00:00,2026-06-11 15:43:35,Anllia,plug_1,Tapo P110,P110,fridge,a7c73018,multi_cycle,1.0,91.443,236.221,0.663,0.127,0.36,,on,-70,,2 hour NILM fridge session
2026-06-11T10:13:36.838245+00:00,2026-06-11 15:43:36,Anllia,plug_1,Tapo P110,P110,fridge,a7c73018,multi_cycle,1.0,90.075,236.442,0.663,0.127,0.36,,on,-69,,2 hour NILM fridge session
2026-06-11T10:13:38.141948+00:00,2026-06-11 15:43:38,Anllia,plug_1,Tapo P110,P110,fridge,a7c73018,multi_cycle,1.0,90.075,236.442,0.657,0.127,0.36,,on,-66,,2 hour NILM fridge session
2026-06-11T10:13:39.409846+00:00,2026-06-11 15:43:39,Anllia,plug_1,Tapo P110,P110,fridge,a7c73018,multi_cycle,1.0,90.045,236.018,0.657,0.128,0.36,,on,-68,,2 hour NILM fridge session
2026-06-11T10:13:40.662254+00:00,2026-06-11 15:43:40,Anllia,plug_1,Tapo P110,P110,fridge,a7c73018,multi_cycle,1.0,89.601,236.018,0.643,0.128,0.36,,on,-66,,2 hour NILM fridge session
2026-06-11T10:13:41.943454+00:00,2026-06-11 15:43:41,Anllia,plug_1,Tapo P110,P110,fridge,a7c73018,multi_cycle,1.0,88.707,236.018,0.643,0.128,0.36,,on,-73,,2 hour NILM fridge session
2026-06-11T10:13:44.425724+00:00,2026-06-11 15:43:44,Anllia,plug_1,Tapo P110,P110,fridge,a7c73018,multi_cycle,1.0,87.699,235.872,0.639,0.128,0.36,,on,-66,,2 hour NILM fridge session
2026-06-11T10:13:45.677407+00:00,2026-06-11 15:43:45,Anllia,plug_1,Tapo P110,P110,fridge,a7c73018,multi_cycle,1.0,87.525,235.745,0.639,0.128,0.36,,on,-64,,2 hour NILM fridge session
2026-06-11T10:13:46.971780+00:00,2026-06-11 15:43:46,Anllia,plug_1,Tapo P110,P110,fridge,a7c73018,multi_cycle,1.0,86.959,235.745,0.63,0.128,0.36,,on,-66,,2 hour NILM fridge session
2026-06-11T10:13:49.047648+00:00,2026-06-11 15:43:49,Anllia,plug_1,Tapo P110,P110,fridge,a7c73018,multi_cycle,1.0,86.17,235.932,0.63,0.128,0.36,,on,-66,,2 hour NILM fridge session
2026-06-11T10:13:50.523206+00:00,2026-06-11 15:43:50,Anllia,plug_1,Tapo P110,P110,fridge,a7c73018,multi_cycle,1.0,85.94,235.932,0.63,0.128,0.36,,on,-67,,2 hour NILM fridge session
2026-06-11T10:13:52.045215+00:00,2026-06-11 15:43:52,Anllia,plug_1,Tapo P110,P110,fridge,a7c73018,multi_cycle,1.0,88.975,235.936,0.63,0.128,0.36,,on,-69,,2 hour NILM fridge session
2026-06-11T10:13:53.612327+00:00,2026-06-11 15:43:53,Anllia,plug_1,Tapo P110,P110,fridge,a7c73018,multi_cycle,1.0,88.424,235.936,0.651,0.128,0.36,,on,-66,,2 hour NILM fridge session
2026-06-11T10:13:54.908964+00:00,2026-06-11 15:43:54,Anllia,plug_1,Tapo P110,P110,fridge,a7c73018,multi_cycle,1.0,88.025,235.657,0.651,0.128,0.36,,on,-67,,2 hour NILM fridge session
2026-06-11T10:13:56.203990+00:00,2026-06-11 15:43:56,Anllia,plug_1,Tapo P110,P110,fridge,a7c73018,multi_cycle,1.0,88.025,235.657,0.642,0.128,0.36,,on,-66,,2 hour NILM fridge session
2026-06-11T10:13:58.934007+00:00,2026-06-11 15:43:58,Anllia,plug_1,Tapo P110,P110,fridge,a7c73018,multi_cycle,1.0,87.943,235.806,0.644,0.128,0.36,,on,-67,,2 hour NILM fridge session
2026-06-11T10:14:02.132770+00:00,2026-06-11 15:44:02,Anllia,plug_1,Tapo P110,P110,fridge,a7c73018,multi_cycle,1.0,88.357,235.69,0.647,0.128,0.36,,on,-67,,2 hour NILM fridge session
2026-06-11T10:14:05.151948+00:00,2026-06-11 15:44:05,Anllia,plug_1,Tapo P110,P110,fridge,a7c73018,multi_cycle,1.0,88.878,236.039,0.651,0.128,0.36,,on,-64,,2 hour NILM fridge session
2026-06-11T10:14:06.409537+00:00,2026-06-11 15:44:06,Anllia,plug_1,Tapo P110,P110,fridge,a7c73018,multi_cycle,1.0,89.554,236.092,0.651,0.128,0.36,,on,-65,,2 hour NILM fridge session
2026-06-11T10:14:07.784253+00:00,2026-06-11 15:44:07,Anllia,plug_1,Tapo P110,P110,fridge,a7c73018,multi_cycle,1.0,89.886,236.092,0.652,0.128,0.36,,on,-69,,2 hour NILM fridge session
2026-06-11T10:14:09.035793+00:00,2026-06-11 15:44:09,Anllia,plug_1,Tapo P110,P110,fridge,a7c73018,multi_cycle,1.0,90.186,236.092,0.652,0.128,0.361,,on,-68,,2 hour NILM fridge session
2026-06-11T10:14:10.301045+00:00,2026-06-11 15:44:10,Anllia,plug_1,Tapo P110,P110,fridge,a7c73018,multi_cycle,1.0,90.421,236.307,0.652,0.128,0.361,,on,-69,,2 hour NILM fridge session
2026-06-11T10:14:11.607032+00:00,2026-06-11 15:44:11,Anllia,plug_1,Tapo P110,P110,fridge,a7c73018,multi_cycle,1.0,90.315,236.307,0.653,0.128,0.361,,on,-67,,2 hour NILM fridge session
2026-06-11T10:14:12.935725+00:00,2026-06-11 15:44:12,Anllia,plug_1,Tapo P110,P110,fridge,a7c73018,multi_cycle,1.0,90.526,236.352,0.653,0.128,0.361,,on,-66,,2 hour NILM fridge session
2026-06-11T10:14:14.253844+00:00,2026-06-11 15:44:14,Anllia,plug_1,Tapo P110,P110,fridge,a7c73018,multi_cycle,1.0,90.526,236.352,0.658,0.128,0.361,,on,-65,,2 hour NILM fridge session
2026-06-11T10:14:15.579418+00:00,2026-06-11 15:44:15,Anllia,plug_1,Tapo P110,P110,fridge,a7c73018,multi_cycle,1.0,90.708,236.896,0.658,0.128,0.361,,on,-68,,2 hour NILM fridge session
2026-06-11T10:14:16.909400+00:00,2026-06-11 15:44:16,Anllia,plug_1,Tapo P110,P110,fridge,a7c73018,multi_cycle,1.0,90.95,236.896,0.657,0.128,0.361,,on,-66,,2 hour NILM fridge session
2026-06-11T10:14:22.480552+00:00,2026-06-11 15:44:22,Anllia,plug_1,Tapo P110,P110,fridge,a7c73018,multi_cycle,1.0,91.237,237.342,0.659,0.128,0.361,,on,-60,,2 hour NILM fridge session
2026-06-11T10:14:23.768816+00:00,2026-06-11 15:44:23,Anllia,plug_1,Tapo P110,P110,fridge,a7c73018,multi_cycle,1.0,92.102,237.342,0.662,0.129,0.361,,on,-66,,2 hour NILM fridge session
2026-06-11T10:14:25.038337+00:00,2026-06-11 15:44:25,Anllia,plug_1,Tapo P110,P110,fridge,a7c73018,multi_cycle,1.0,91.915,237.372,0.662,0.129,0.361,,on,-65,,2 hour NILM fridge session
2026-06-11T10:14:26.322116+00:00,2026-06-11 15:44:26,Anllia,plug_1,Tapo P110,P110,fridge,a7c73018,multi_cycle,1.0,91.915,237.372,0.664,0.129,0.361,,on,-65,,2 hour NILM fridge session
2026-06-11T10:14:27.598650+00:00,2026-06-11 15:44:27,Anllia,plug_1,Tapo P110,P110,fridge,a7c73018,multi_cycle,1.0,92.495,237.875,0.664,0.129,0.361,,on,-65,,2 hour NILM fridge session
2026-06-11T10:14:28.876762+00:00,2026-06-11 15:44:28,Anllia,plug_1,Tapo P110,P110,fridge,a7c73018,multi_cycle,1.0,91.57,237.875,0.663,0.129,0.361,,on,-65,,2 hour NILM fridge session
2026-06-11T10:14:30.148958+00:00,2026-06-11 15:44:30,Anllia,plug_1,Tapo P110,P110,fridge,a7c73018,multi_cycle,1.0,92.203,237.875,0.663,0.129,0.361,,on,-67,,2 hour NILM fridge session
2026-06-11T10:14:31.516484+00:00,2026-06-11 15:44:31,Anllia,plug_1,Tapo P110,P110,fridge,a7c73018,multi_cycle,1.0,92.272,237.522,0.663,0.129,0.361,,on,-65,,2 hour NILM fridge session
2026-06-11T10:14:32.862157+00:00,2026-06-11 15:44:32,Anllia,plug_1,Tapo P110,P110,fridge,a7c73018,multi_cycle,1.0,92.185,237.522,0.663,0.129,0.361,,on,-67,,2 hour NILM fridge session
2026-06-11T10:14:35.423962+00:00,2026-06-11 15:44:35,Anllia,plug_1,Tapo P110,P110,fridge,a7c73018,multi_cycle,1.0,92.319,237.379,0.669,0.129,0.361,,on,-63,,2 hour NILM fridge session
2026-06-11T10:14:36.693319+00:00,2026-06-11 15:44:36,Anllia,plug_1,Tapo P110,P110,fridge,a7c73018,multi_cycle,1.0,92.531,237.322,0.669,0.129,0.361,,on,-65,,2 hour NILM fridge session
2026-06-11T10:14:37.956387+00:00,2026-06-11 15:44:37,Anllia,plug_1,Tapo P110,P110,fridge,a7c73018,multi_cycle,1.0,92.55,237.322,0.667,0.129,0.361,,on,-68,,2 hour NILM fridge session
2026-06-11T10:14:39.215339+00:00,2026-06-11 15:44:39,Anllia,plug_1,Tapo P110,P110,fridge,a7c73018,multi_cycle,1.0,92.726,237.322,0.667,0.129,0.361,,on,-73,,2 hour NILM fridge session
2026-06-11T10:14:40.585860+00:00,2026-06-11 15:44:40,Anllia,plug_1,Tapo P110,P110,fridge,a7c73018,multi_cycle,1.0,92.89,237.193,0.667,0.129,0.361,,on,-67,,2 hour NILM fridge session
2026-06-11T10:14:42.010191+00:00,2026-06-11 15:44:42,Anllia,plug_1,Tapo P110,P110,fridge,a7c73018,multi_cycle,1.0,92.967,237.193,0.671,0.129,0.361,,on,-65,,2 hour NILM fridge session
2026-06-11T10:14:43.404876+00:00,2026-06-11 15:44:43,Anllia,plug_1,Tapo P110,P110,fridge,a7c73018,multi_cycle,1.0,92.22,237.048,0.671,0.129,0.361,,on,-68,,2 hour NILM fridge session
2026-06-11T10:14:44.676134+00:00,2026-06-11 15:44:44,Anllia,plug_1,Tapo P110,P110,fridge,a7c73018,multi_cycle,1.0,93.289,237.048,0.678,0.129,0.361,,on,-69,,2 hour NILM fridge session
2026-06-11T10:14:46.121537+00:00,2026-06-11 15:44:46,Anllia,plug_1,Tapo P110,P110,fridge,a7c73018,multi_cycle,1.0,93.148,236.575,0.678,0.129,0.361,,on,-68,,2 hour NILM fridge session
2026-06-11T10:14:47.445261+00:00,2026-06-11 15:44:47,Anllia,plug_1,Tapo P110,P110,fridge,a7c73018,multi_cycle,1.0,93.148,236.575,0.667,0.129,0.361,,on,-68,,2 hour NILM fridge session
2026-06-11T10:14:48.693135+00:00,2026-06-11 15:44:48,Anllia,plug_1,Tapo P110,P110,fridge,a7c73018,multi_cycle,1.0,93.101,236.863,0.667,0.129,0.362,,on,-65,,2 hour NILM fridge session
2026-06-11T10:14:50.018195+00:00,2026-06-11 15:44:50,Anllia,plug_1,Tapo P110,P110,fridge,a7c73018,multi_cycle,1.0,93.177,236.863,0.668,0.129,0.362,,on,-68,,2 hour NILM fridge session
2026-06-11T10:14:51.302470+00:00,2026-06-11 15:44:51,Anllia,plug_1,Tapo P110,P110,fridge,a7c73018,multi_cycle,1.0,93.032,236.863,0.668,0.129,0.362,,on,-66,,2 hour NILM fridge session
2026-06-11T10:14:52.806930+00:00,2026-06-11 15:44:52,Anllia,plug_1,Tapo P110,P110,fridge,a7c73018,multi_cycle,1.0,93.007,237.021,0.668,0.129,0.362,,on,-66,,2 hour NILM fridge session
2026-06-11T10:14:54.076993+00:00,2026-06-11 15:44:54,Anllia,plug_1,Tapo P110,P110,fridge,a7c73018,multi_cycle,1.0,93.378,237.021,0.672,0.129,0.362,,on,-68,,2 hour NILM fridge session
2026-06-11T10:14:55.354371+00:00,2026-06-11 15:44:55,Anllia,plug_1,Tapo P110,P110,fridge,a7c73018,multi_cycle,1.0,93.489,236.811,0.672,0.129,0.362,,on,-66,,2 hour NILM fridge session
2026-06-11T10:14:56.667688+00:00,2026-06-11 15:44:56,Anllia,plug_1,Tapo P110,P110,fridge,a7c73018,multi_cycle,1.0,93.692,236.811,0.676,0.129,0.362,,on,-66,,2 hour NILM fridge session
2026-06-11T10:14:58.015785+00:00,2026-06-11 15:44:58,Anllia,plug_1,Tapo P110,P110,fridge,a7c73018,multi_cycle,1.0,93.692,236.906,0.676,0.129,0.362,,on,-65,,2 hour NILM fridge session
2026-06-11T10:14:59.258848+00:00,2026-06-11 15:44:59,Anllia,plug_1,Tapo P110,P110,fridge,a7c73018,multi_cycle,1.0,93.754,236.906,0.678,0.13,0.362,,on,-67,,2 hour NILM fridge session
2026-06-11T10:15:00.572424+00:00,2026-06-11 15:45:00,Anllia,plug_1,Tapo P110,P110,fridge,a7c73018,multi_cycle,1.0,93.911,237.013,0.678,0.13,0.362,,on,-68,,2 hour NILM fridge session
2026-06-11T10:15:01.827659+00:00,2026-06-11 15:45:01,Anllia,plug_1,Tapo P110,P110,fridge,a7c73018,multi_cycle,1.0,94.064,237.013,0.678,0.13,0.362,,on,-66,,2 hour NILM fridge session
2026-06-11T10:15:03.256693+00:00,2026-06-11 15:45:03,Anllia,plug_1,Tapo P110,P110,fridge,a7c73018,multi_cycle,1.0,94.029,237.013,0.677,0.13,0.362,,on,-68,,2 hour NILM fridge session
2026-06-11T10:15:04.530736+00:00,2026-06-11 15:45:04,Anllia,plug_1,Tapo P110,P110,fridge,a7c73018,multi_cycle,1.0,94.02,236.695,0.677,0.13,0.362,,on,-66,,2 hour NILM fridge session
2026-06-11T10:15:06.809191+00:00,2026-06-11 15:45:06,Anllia,plug_1,Tapo P110,P110,fridge,a7c73018,multi_cycle,1.0,93.916,236.695,0.678,0.13,0.362,,on,-65,,2 hour NILM fridge session
2026-06-11T10:15:08.157522+00:00,2026-06-11 15:45:08,Anllia,plug_1,Tapo P110,P110,fridge,a7c73018,multi_cycle,1.0,94.037,236.896,0.677,0.13,0.362,,on,-65,,2 hour NILM fridge session
2026-06-11T10:15:09.639706+00:00,2026-06-11 15:45:09,Anllia,plug_1,Tapo P110,P110,fridge,a7c73018,multi_cycle,1.0,94.117,236.896,0.677,0.13,0.362,,on,-66,,2 hour NILM fridge session
2026-06-11T10:15:10.929264+00:00,2026-06-11 15:45:10,Anllia,plug_1,Tapo P110,P110,fridge,a7c73018,multi_cycle,1.0,94.271,236.897,0.677,0.13,0.362,,on,-67,,2 hour NILM fridge session
2026-06-11T10:15:12.260689+00:00,2026-06-11 15:45:12,Anllia,plug_1,Tapo P110,P110,fridge,a7c73018,multi_cycle,1.0,94.503,236.897,0.68,0.13,0.362,,on,-67,,2 hour NILM fridge session
2026-06-11T10:15:13.661860+00:00,2026-06-11 15:45:13,Anllia,plug_1,Tapo P110,P110,fridge,a7c73018,multi_cycle,1.0,94.71,237.295,0.68,0.13,0.362,,on,-68,,2 hour NILM fridge session
2026-06-11T10:15:15.049739+00:00,2026-06-11 15:45:15,Anllia,plug_1,Tapo P110,P110,fridge,a7c73018,multi_cycle,1.0,94.867,237.295,0.681,0.13,0.362,,on,-67,,2 hour NILM fridge session
2026-06-11T10:15:16.317943+00:00,2026-06-11 15:45:16,Anllia,plug_1,Tapo P110,P110,fridge,a7c73018,multi_cycle,1.0,94.973,237.954,0.681,0.13,0.362,,on,-68,,2 hour NILM fridge session
2026-06-11T10:15:17.635864+00:00,2026-06-11 15:45:17,Anllia,plug_1,Tapo P110,P110,fridge,a7c73018,multi_cycle,1.0,94.973,237.954,0.681,0.13,0.362,,on,-68,,2 hour NILM fridge session
2026-06-11T10:15:18.951644+00:00,2026-06-11 15:45:18,Anllia,plug_1,Tapo P110,P110,fridge,a7c73018,multi_cycle,1.0,94.646,238.118,0.681,0.13,0.362,,on,-67,,2 hour NILM fridge session
2026-06-11T10:15:20.203501+00:00,2026-06-11 15:45:20,Anllia,plug_1,Tapo P110,P110,fridge,a7c73018,multi_cycle,1.0,95.045,238.118,0.681,0.13,0.362,,on,-71,,2 hour NILM fridge session
2026-06-11T10:15:21.580908+00:00,2026-06-11 15:45:21,Anllia,plug_1,Tapo P110,P110,fridge,a7c73018,multi_cycle,1.0,94.824,237.699,0.681,0.13,0.362,,on,-65,,2 hour NILM fridge session
2026-06-11T10:15:22.828406+00:00,2026-06-11 15:45:22,Anllia,plug_1,Tapo P110,P110,fridge,a7c73018,multi_cycle,1.0,94.561,237.699,0.681,0.13,0.362,,on,-65,,2 hour NILM fridge session
2026-06-11T10:15:24.093612+00:00,2026-06-11 15:45:24,Anllia,plug_1,Tapo P110,P110,fridge,a7c73018,multi_cycle,1.0,94.277,237.699,0.678,0.13,0.362,,on,-65,,2 hour NILM fridge session
2026-06-11T10:15:25.418037+00:00,2026-06-11 15:45:25,Anllia,plug_1,Tapo P110,P110,fridge,a7c73018,multi_cycle,1.0,94.691,237.599,0.678,0.13,0.362,,on,-65,,2 hour NILM fridge session
2026-06-11T10:15:26.764887+00:00,2026-06-11 15:45:26,Anllia,plug_1,Tapo P110,P110,fridge,a7c73018,multi_cycle,1.0,94.691,237.599,0.681,0.13,0.363,,on,-67,,2 hour NILM fridge session
2026-06-11T10:15:28.031496+00:00,2026-06-11 15:45:28,Anllia,plug_1,Tapo P110,P110,fridge,a7c73018,multi_cycle,1.0,94.856,238.263,0.681,0.13,0.363,,on,-64,,2 hour NILM fridge session
2026-06-11T10:15:29.317054+00:00,2026-06-11 15:45:29,Anllia,plug_1,Tapo P110,P110,fridge,a7c73018,multi_cycle,1.0,94.785,238.263,0.678,0.13,0.363,,on,-64,,2 hour NILM fridge session
2026-06-11T10:15:30.631158+00:00,2026-06-11 15:45:30,Anllia,plug_1,Tapo P110,P110,fridge,a7c73018,multi_cycle,1.0,94.68,238.263,0.678,0.13,0.363,,on,-63,,2 hour NILM fridge session
2026-06-11T10:15:31.947820+00:00,2026-06-11 15:45:31,Anllia,plug_1,Tapo P110,P110,fridge,a7c73018,multi_cycle,1.0,94.935,238.248,0.678,0.13,0.363,,on,-65,,2 hour NILM fridge session
2026-06-11T10:15:33.342620+00:00,2026-06-11 15:45:33,Anllia,plug_1,Tapo P110,P110,fridge,a7c73018,multi_cycle,1.0,95.393,238.248,0.678,0.13,0.363,,on,-65,,2 hour NILM fridge session
2026-06-11T10:15:34.706646+00:00,2026-06-11 15:45:34,Anllia,plug_1,Tapo P110,P110,fridge,a7c73018,multi_cycle,1.0,95.55,238.234,0.678,0.13,0.363,,on,-63,,2 hour NILM fridge session
2026-06-11T10:15:36.095143+00:00,2026-06-11 15:45:36,Anllia,plug_1,Tapo P110,P110,fridge,a7c73018,multi_cycle,1.0,95.868,238.234,0.681,0.13,0.363,,on,-65,,2 hour NILM fridge session
2026-06-11T10:15:37.369612+00:00,2026-06-11 15:45:37,Anllia,plug_1,Tapo P110,P110,fridge,a7c73018,multi_cycle,1.0,96.302,238.242,0.681,0.131,0.363,,on,-64,,2 hour NILM fridge session
2026-06-11T10:15:38.648380+00:00,2026-06-11 15:45:38,Anllia,plug_1,Tapo P110,P110,fridge,a7c73018,multi_cycle,1.0,96.302,238.242,0.684,0.131,0.363,,on,-65,,2 hour NILM fridge session
2026-06-11T10:15:39.961022+00:00,2026-06-11 15:45:39,Anllia,plug_1,Tapo P110,P110,fridge,a7c73018,multi_cycle,1.0,96.194,238.231,0.684,0.131,0.363,,on,-65,,2 hour NILM fridge session
2026-06-11T10:15:41.359628+00:00,2026-06-11 15:45:41,Anllia,plug_1,Tapo P110,P110,fridge,a7c73018,multi_cycle,1.0,96.532,238.231,0.684,0.131,0.363,,on,-67,,2 hour NILM fridge session
2026-06-11T10:15:42.607441+00:00,2026-06-11 15:45:42,Anllia,plug_1,Tapo P110,P110,fridge,a7c73018,multi_cycle,1.0,96.184,237.93,0.684,0.131,0.363,,on,-68,,2 hour NILM fridge session
2026-06-11T10:15:44.166744+00:00,2026-06-11 15:45:44,Anllia,plug_1,Tapo P110,P110,fridge,a7c73018,multi_cycle,1.0,96.277,237.93,0.686,0.131,0.363,,on,-63,,2 hour NILM fridge session
2026-06-11T10:15:45.486303+00:00,2026-06-11 15:45:45,Anllia,plug_1,Tapo P110,P110,fridge,a7c73018,multi_cycle,1.0,96.202,237.93,0.686,0.131,0.363,,on,-68,,2 hour NILM fridge session
2026-06-11T10:15:46.753691+00:00,2026-06-11 15:45:46,Anllia,plug_1,Tapo P110,P110,fridge,a7c73018,multi_cycle,1.0,95.944,237.876,0.686,0.131,0.363,,on,-67,,2 hour NILM fridge session
2026-06-11T10:15:48.013211+00:00,2026-06-11 15:45:48,Anllia,plug_1,Tapo P110,P110,fridge,a7c73018,multi_cycle,1.0,95.872,237.876,0.684,0.131,0.363,,on,-68,,2 hour NILM fridge session
2026-06-11T10:15:49.466212+00:00,2026-06-11 15:45:49,Anllia,plug_1,Tapo P110,P110,fridge,a7c73018,multi_cycle,1.0,95.923,238.142,0.684,0.131,0.363,,on,-69,,2 hour NILM fridge session
2026-06-11T10:15:50.840305+00:00,2026-06-11 15:45:50,Anllia,plug_1,Tapo P110,P110,fridge,a7c73018,multi_cycle,1.0,95.789,238.142,0.684,0.131,0.363,,on,-64,,2 hour NILM fridge session
2026-06-11T10:15:52.318649+00:00,2026-06-11 15:45:52,Anllia,plug_1,Tapo P110,P110,fridge,a7c73018,multi_cycle,1.0,95.912,238.177,0.684,0.131,0.363,,on,-66,,2 hour NILM fridge session
2026-06-11T10:15:53.709192+00:00,2026-06-11 15:45:53,Anllia,plug_1,Tapo P110,P110,fridge,a7c73018,multi_cycle,1.0,95.912,238.177,0.684,0.131,0.363,,on,-66,,2 hour NILM fridge session
2026-06-11T10:15:55.056543+00:00,2026-06-11 15:45:55,Anllia,plug_1,Tapo P110,P110,fridge,a7c73018,multi_cycle,1.0,95.868,238.317,0.684,0.131,0.363,,on,-67,,2 hour NILM fridge session
2026-06-11T10:15:56.364095+00:00,2026-06-11 15:45:56,Anllia,plug_1,Tapo P110,P110,fridge,a7c73018,multi_cycle,1.0,96.0,238.317,0.683,0.131,0.363,,on,-72,,2 hour NILM fridge session
2026-06-11T10:15:57.879011+00:00,2026-06-11 15:45:57,Anllia,plug_1,Tapo P110,P110,fridge,a7c73018,multi_cycle,1.0,95.985,238.3,0.683,0.131,0.363,,on,-66,,2 hour NILM fridge session
2026-06-11T10:15:59.159831+00:00,2026-06-11 15:45:59,Anllia,plug_1,Tapo P110,P110,fridge,a7c73018,multi_cycle,1.0,95.954,238.3,0.683,0.131,0.363,,on,-70,,2 hour NILM fridge session
2026-06-11T10:16:00.406024+00:00,2026-06-11 15:46:00,Anllia,plug_1,Tapo P110,P110,fridge,a7c73018,multi_cycle,1.0,96.238,238.3,0.683,0.131,0.363,,on,-69,,2 hour NILM fridge session
2026-06-11T10:16:01.661535+00:00,2026-06-11 15:46:01,Anllia,plug_1,Tapo P110,P110,fridge,a7c73018,multi_cycle,1.0,96.146,238.4,0.683,0.131,0.363,,on,-72,,2 hour NILM fridge session
2026-06-11T10:16:02.952983+00:00,2026-06-11 15:46:02,Anllia,plug_1,Tapo P110,P110,fridge,a7c73018,multi_cycle,1.0,96.279,238.4,0.683,0.131,0.363,,on,-69,,2 hour NILM fridge session
2026-06-11T10:16:04.291395+00:00,2026-06-11 15:46:04,Anllia,plug_1,Tapo P110,P110,fridge,a7c73018,multi_cycle,1.0,96.279,238.297,0.683,0.131,0.364,,on,-68,,2 hour NILM fridge session
2026-06-11T10:16:05.645935+00:00,2026-06-11 15:46:05,Anllia,plug_1,Tapo P110,P110,fridge,a7c73018,multi_cycle,1.0,96.274,238.297,0.683,0.131,0.364,,on,-68,,2 hour NILM fridge session
2026-06-11T10:16:07.010275+00:00,2026-06-11 15:46:07,Anllia,plug_1,Tapo P110,P110,fridge,a7c73018,multi_cycle,1.0,96.184,238.222,0.683,0.131,0.364,,on,-70,,2 hour NILM fridge session
2026-06-11T10:16:08.298666+00:00,2026-06-11 15:46:08,Anllia,plug_1,Tapo P110,P110,fridge,a7c73018,multi_cycle,1.0,95.894,238.222,0.684,0.131,0.364,,on,-71,,2 hour NILM fridge session
2026-06-11T10:16:09.550372+00:00,2026-06-11 15:46:09,Anllia,plug_1,Tapo P110,P110,fridge,a7c73018,multi_cycle,1.0,96.202,238.222,0.684,0.131,0.364,,on,-70,,2 hour NILM fridge session
2026-06-11T10:16:10.842667+00:00,2026-06-11 15:46:10,Anllia,plug_1,Tapo P110,P110,fridge,a7c73018,multi_cycle,1.0,96.17,238.044,0.684,0.131,0.364,,on,-74,,2 hour NILM fridge session
2026-06-11T10:16:12.108688+00:00,2026-06-11 15:46:12,Anllia,plug_1,Tapo P110,P110,fridge,a7c73018,multi_cycle,1.0,96.263,238.044,0.687,0.131,0.364,,on,-70,,2 hour NILM fridge session
2026-06-11T10:16:13.359459+00:00,2026-06-11 15:46:13,Anllia,plug_1,Tapo P110,P110,fridge,a7c73018,multi_cycle,1.0,96.254,238.071,0.687,0.131,0.364,,on,-77,,2 hour NILM fridge session
2026-06-11T10:16:14.645006+00:00,2026-06-11 15:46:14,Anllia,plug_1,Tapo P110,P110,fridge,a7c73018,multi_cycle,1.0,96.254,238.071,0.688,0.132,0.364,,on,-74,,2 hour NILM fridge session
2026-06-11T10:16:16.049758+00:00,2026-06-11 15:46:16,Anllia,plug_1,Tapo P110,P110,fridge,a7c73018,multi_cycle,1.0,96.384,237.949,0.688,0.132,0.364,,on,-76,,2 hour NILM fridge session
2026-06-11T10:16:17.326922+00:00,2026-06-11 15:46:17,Anllia,plug_1,Tapo P110,P110,fridge,a7c73018,multi_cycle,1.0,96.321,237.949,0.69,0.132,0.364,,on,-84,,2 hour NILM fridge session
2026-06-11T10:16:18.703627+00:00,2026-06-11 15:46:18,Anllia,plug_1,Tapo P110,P110,fridge,a7c73018,multi_cycle,1.0,96.477,237.949,0.69,0.132,0.364,,on,-80,,2 hour NILM fridge session
2026-06-11T10:16:20.148963+00:00,2026-06-11 15:46:20,Anllia,plug_1,Tapo P110,P110,fridge,a7c73018,multi_cycle,1.0,96.462,237.964,0.69,0.132,0.364,,on,-72,,2 hour NILM fridge session
2026-06-11T10:16:21.496407+00:00,2026-06-11 15:46:21,Anllia,plug_1,Tapo P110,P110,fridge,a7c73018,multi_cycle,1.0,96.56,237.964,0.69,0.132,0.364,,on,-67,,2 hour NILM fridge session
2026-06-11T10:16:22.788955+00:00,2026-06-11 15:46:22,Anllia,plug_1,Tapo P110,P110,fridge,a7c73018,multi_cycle,1.0,96.295,238.728,0.69,0.132,0.364,,on,-67,,2 hour NILM fridge session
2026-06-11T10:16:24.129562+00:00,2026-06-11 15:46:24,Anllia,plug_1,Tapo P110,P110,fridge,a7c73018,multi_cycle,1.0,96.378,238.728,0.684,0.132,0.364,,on,-69,,2 hour NILM fridge session
2026-06-11T10:16:25.544520+00:00,2026-06-11 15:46:25,Anllia,plug_1,Tapo P110,P110,fridge,a7c73018,multi_cycle,1.0,96.425,238.752,0.684,0.132,0.364,,on,-64,,2 hour NILM fridge session
2026-06-11T10:16:26.805779+00:00,2026-06-11 15:46:26,Anllia,plug_1,Tapo P110,P110,fridge,a7c73018,multi_cycle,1.0,96.425,238.752,0.685,0.132,0.364,,on,-65,,2 hour NILM fridge session
2026-06-11T10:16:28.052633+00:00,2026-06-11 15:46:28,Anllia,plug_1,Tapo P110,P110,fridge,a7c73018,multi_cycle,1.0,96.377,238.628,0.685,0.132,0.364,,on,-64,,2 hour NILM fridge session
2026-06-11T10:16:29.392504+00:00,2026-06-11 15:46:29,Anllia,plug_1,Tapo P110,P110,fridge,a7c73018,multi_cycle,1.0,96.627,238.628,0.685,0.132,0.364,,on,-67,,2 hour NILM fridge session
2026-06-11T10:16:30.657449+00:00,2026-06-11 15:46:30,Anllia,plug_1,Tapo P110,P110,fridge,a7c73018,multi_cycle,1.0,96.595,238.628,0.685,0.132,0.364,,on,-64,,2 hour NILM fridge session
2026-06-11T10:16:31.944239+00:00,2026-06-11 15:46:31,Anllia,plug_1,Tapo P110,P110,fridge,a7c73018,multi_cycle,1.0,96.309,238.692,0.685,0.132,0.364,,on,-66,,2 hour NILM fridge session
2026-06-11T10:16:33.259045+00:00,2026-06-11 15:46:33,Anllia,plug_1,Tapo P110,P110,fridge,a7c73018,multi_cycle,1.0,96.287,238.692,0.683,0.132,0.364,,on,-63,,2 hour NILM fridge session
2026-06-11T10:16:34.857647+00:00,2026-06-11 15:46:34,Anllia,plug_1,Tapo P110,P110,fridge,a7c73018,multi_cycle,1.0,95.6,238.783,0.683,0.132,0.364,,on,-61,,2 hour NILM fridge session
2026-06-11T10:16:36.235745+00:00,2026-06-11 15:46:36,Anllia,plug_1,Tapo P110,P110,fridge,a7c73018,multi_cycle,1.0,96.215,238.783,0.689,0.132,0.364,,on,-65,,2 hour NILM fridge session
2026-06-11T10:16:37.659663+00:00,2026-06-11 15:46:37,Anllia,plug_1,Tapo P110,P110,fridge,a7c73018,multi_cycle,1.0,96.38,238.15,0.689,0.132,0.364,,on,-63,,2 hour NILM fridge session
2026-06-11T10:16:38.920286+00:00,2026-06-11 15:46:38,Anllia,plug_1,Tapo P110,P110,fridge,a7c73018,multi_cycle,1.0,96.38,238.15,0.689,0.132,0.364,,on,-60,,2 hour NILM fridge session
2026-06-11T10:16:40.184656+00:00,2026-06-11 15:46:40,Anllia,plug_1,Tapo P110,P110,fridge,a7c73018,multi_cycle,1.0,96.554,237.977,0.689,0.132,0.364,,on,-68,,2 hour NILM fridge session
2026-06-11T10:16:41.493092+00:00,2026-06-11 15:46:41,Anllia,plug_1,Tapo P110,P110,fridge,a7c73018,multi_cycle,1.0,96.403,237.977,0.691,0.132,0.365,,on,-64,,2 hour NILM fridge session
2026-06-11T10:16:42.844541+00:00,2026-06-11 15:46:42,Anllia,plug_1,Tapo P110,P110,fridge,a7c73018,multi_cycle,1.0,96.521,237.977,0.691,0.132,0.365,,on,-67,,2 hour NILM fridge session
2026-06-11T10:16:44.094669+00:00,2026-06-11 15:46:44,Anllia,plug_1,Tapo P110,P110,fridge,a7c73018,multi_cycle,1.0,96.483,237.95,0.691,0.132,0.365,,on,-66,,2 hour NILM fridge session
2026-06-11T10:16:45.392085+00:00,2026-06-11 15:46:45,Anllia,plug_1,Tapo P110,P110,fridge,a7c73018,multi_cycle,1.0,96.434,237.95,0.692,0.132,0.365,,on,-65,,2 hour NILM fridge session
2026-06-11T10:16:46.708477+00:00,2026-06-11 15:46:46,Anllia,plug_1,Tapo P110,P110,fridge,a7c73018,multi_cycle,1.0,96.308,238.089,0.692,0.132,0.365,,on,-68,,2 hour NILM fridge session
2026-06-11T10:16:47.998445+00:00,2026-06-11 15:46:47,Anllia,plug_1,Tapo P110,P110,fridge,a7c73018,multi_cycle,1.0,96.644,238.089,0.69,0.132,0.365,,on,-71,,2 hour NILM fridge session
2026-06-11T10:16:49.300686+00:00,2026-06-11 15:46:49,Anllia,plug_1,Tapo P110,P110,fridge,a7c73018,multi_cycle,1.0,96.644,238.412,0.69,0.132,0.365,,on,-70,,2 hour NILM fridge session
2026-06-11T10:16:50.630226+00:00,2026-06-11 15:46:50,Anllia,plug_1,Tapo P110,P110,fridge,a7c73018,multi_cycle,1.0,96.221,238.412,0.684,0.132,0.365,,on,-79,,2 hour NILM fridge session
2026-06-11T10:16:51.972599+00:00,2026-06-11 15:46:51,Anllia,plug_1,Tapo P110,P110,fridge,a7c73018,multi_cycle,1.0,96.141,238.436,0.684,0.133,0.365,,on,-61,,2 hour NILM fridge session
2026-06-11T10:16:53.289145+00:00,2026-06-11 15:46:53,Anllia,plug_1,Tapo P110,P110,fridge,a7c73018,multi_cycle,1.0,96.02,238.436,0.684,0.133,0.365,,on,-63,,2 hour NILM fridge session
2026-06-11T10:16:54.652837+00:00,2026-06-11 15:46:54,Anllia,plug_1,Tapo P110,P110,fridge,a7c73018,multi_cycle,1.0,95.692,238.436,0.681,0.133,0.365,,on,-66,,2 hour NILM fridge session
2026-06-11T10:16:55.924580+00:00,2026-06-11 15:46:55,Anllia,plug_1,Tapo P110,P110,fridge,a7c73018,multi_cycle,1.0,95.516,238.485,0.681,0.133,0.365,,on,-65,,2 hour NILM fridge session
2026-06-11T10:16:57.167427+00:00,2026-06-11 15:46:57,Anllia,plug_1,Tapo P110,P110,fridge,a7c73018,multi_cycle,1.0,95.674,238.485,0.679,0.133,0.365,,on,-65,,2 hour NILM fridge session
2026-06-11T10:16:58.468758+00:00,2026-06-11 15:46:58,Anllia,plug_1,Tapo P110,P110,fridge,a7c73018,multi_cycle,1.0,95.674,238.704,0.679,0.133,0.365,,on,-64,,2 hour NILM fridge session
2026-06-11T10:16:59.919338+00:00,2026-06-11 15:46:59,Anllia,plug_1,Tapo P110,P110,fridge,a7c73018,multi_cycle,1.0,95.428,238.704,0.679,0.133,0.365,,on,-65,,2 hour NILM fridge session
2026-06-11T10:17:01.184339+00:00,2026-06-11 15:47:01,Anllia,plug_1,Tapo P110,P110,fridge,a7c73018,multi_cycle,1.0,95.666,238.668,0.679,0.133,0.365,,on,-65,,2 hour NILM fridge session
2026-06-11T10:17:02.466757+00:00,2026-06-11 15:47:02,Anllia,plug_1,Tapo P110,P110,fridge,a7c73018,multi_cycle,1.0,95.697,238.668,0.678,0.133,0.365,,on,-65,,2 hour NILM fridge session
2026-06-11T10:17:03.817222+00:00,2026-06-11 15:47:03,Anllia,plug_1,Tapo P110,P110,fridge,a7c73018,multi_cycle,1.0,95.567,238.668,0.678,0.133,0.365,,on,-65,,2 hour NILM fridge session
2026-06-11T10:17:05.108019+00:00,2026-06-11 15:47:05,Anllia,plug_1,Tapo P110,P110,fridge,a7c73018,multi_cycle,1.0,95.821,238.46,0.678,0.133,0.365,,on,-65,,2 hour NILM fridge session
2026-06-11T10:17:06.368811+00:00,2026-06-11 15:47:06,Anllia,plug_1,Tapo P110,P110,fridge,a7c73018,multi_cycle,1.0,96.095,238.46,0.685,0.133,0.365,,on,-66,,2 hour NILM fridge session
2026-06-11T10:17:07.684571+00:00,2026-06-11 15:47:07,Anllia,plug_1,Tapo P110,P110,fridge,a7c73018,multi_cycle,1.0,96.292,238.346,0.685,0.133,0.365,,on,-65,,2 hour NILM fridge session
2026-06-11T10:17:08.966591+00:00,2026-06-11 15:47:08,Anllia,plug_1,Tapo P110,P110,fridge,a7c73018,multi_cycle,1.0,96.292,238.346,0.688,0.133,0.365,,on,-65,,2 hour NILM fridge session
2026-06-11T10:17:10.216151+00:00,2026-06-11 15:47:10,Anllia,plug_1,Tapo P110,P110,fridge,a7c73018,multi_cycle,1.0,96.256,238.132,0.688,0.133,0.365,,on,-65,,2 hour NILM fridge session
2026-06-11T10:17:11.540272+00:00,2026-06-11 15:47:11,Anllia,plug_1,Tapo P110,P110,fridge,a7c73018,multi_cycle,1.0,96.277,238.132,0.688,0.133,0.365,,on,-64,,2 hour NILM fridge session
2026-06-11T10:17:12.906336+00:00,2026-06-11 15:47:12,Anllia,plug_1,Tapo P110,P110,fridge,a7c73018,multi_cycle,1.0,96.234,238.132,0.688,0.133,0.365,,on,-65,,2 hour NILM fridge session
2026-06-11T10:17:14.236386+00:00,2026-06-11 15:47:14,Anllia,plug_1,Tapo P110,P110,fridge,a7c73018,multi_cycle,1.0,96.232,238.193,0.688,0.133,0.365,,on,-65,,2 hour NILM fridge session
2026-06-11T10:17:15.495332+00:00,2026-06-11 15:47:15,Anllia,plug_1,Tapo P110,P110,fridge,a7c73018,multi_cycle,1.0,96.051,238.193,0.687,0.133,0.365,,on,-66,,2 hour NILM fridge session
2026-06-11T10:17:16.789388+00:00,2026-06-11 15:47:16,Anllia,plug_1,Tapo P110,P110,fridge,a7c73018,multi_cycle,1.0,95.978,238.485,0.687,0.133,0.365,,on,-64,,2 hour NILM fridge session
2026-06-11T10:17:18.178356+00:00,2026-06-11 15:47:18,Anllia,plug_1,Tapo P110,P110,fridge,a7c73018,multi_cycle,1.0,95.978,238.485,0.681,0.133,0.365,,on,-67,,2 hour NILM fridge session
2026-06-11T10:17:19.524449+00:00,2026-06-11 15:47:19,Anllia,plug_1,Tapo P110,P110,fridge,a7c73018,multi_cycle,1.0,95.737,238.664,0.681,0.133,0.366,,on,-63,,2 hour NILM fridge session
2026-06-11T10:17:20.792133+00:00,2026-06-11 15:47:20,Anllia,plug_1,Tapo P110,P110,fridge,a7c73018,multi_cycle,1.0,95.961,238.664,0.682,0.133,0.366,,on,-63,,2 hour NILM fridge session
2026-06-11T10:17:22.216194+00:00,2026-06-11 15:47:22,Anllia,plug_1,Tapo P110,P110,fridge,a7c73018,multi_cycle,1.0,96.035,239.022,0.682,0.133,0.366,,on,-72,,2 hour NILM fridge session
2026-06-11T10:17:23.508619+00:00,2026-06-11 15:47:23,Anllia,plug_1,Tapo P110,P110,fridge,a7c73018,multi_cycle,1.0,96.173,239.022,0.682,0.133,0.366,,on,-71,,2 hour NILM fridge session
2026-06-11T10:17:24.823901+00:00,2026-06-11 15:47:24,Anllia,plug_1,Tapo P110,P110,fridge,a7c73018,multi_cycle,1.0,95.798,239.022,0.68,0.133,0.366,,on,-64,,2 hour NILM fridge session
2026-06-11T10:17:26.100914+00:00,2026-06-11 15:47:26,Anllia,plug_1,Tapo P110,P110,fridge,a7c73018,multi_cycle,1.0,95.724,238.994,0.68,0.133,0.366,,on,-73,,2 hour NILM fridge session
2026-06-11T10:17:27.408472+00:00,2026-06-11 15:47:27,Anllia,plug_1,Tapo P110,P110,fridge,a7c73018,multi_cycle,1.0,96.181,238.994,0.682,0.133,0.366,,on,-68,,2 hour NILM fridge session
2026-06-11T10:17:28.726475+00:00,2026-06-11 15:47:28,Anllia,plug_1,Tapo P110,P110,fridge,a7c73018,multi_cycle,1.0,96.323,238.735,0.682,0.133,0.366,,on,-65,,2 hour NILM fridge session
2026-06-11T10:17:30.005885+00:00,2026-06-11 15:47:30,Anllia,plug_1,Tapo P110,P110,fridge,a7c73018,multi_cycle,1.0,96.323,238.735,0.683,0.134,0.366,,on,-65,,2 hour NILM fridge session
2026-06-11T10:17:31.329388+00:00,2026-06-11 15:47:31,Anllia,plug_1,Tapo P110,P110,fridge,a7c73018,multi_cycle,1.0,96.103,238.259,0.683,0.134,0.366,,on,-66,,2 hour NILM fridge session
2026-06-11T10:17:32.779291+00:00,2026-06-11 15:47:32,Anllia,plug_1,Tapo P110,P110,fridge,a7c73018,multi_cycle,1.0,96.184,238.259,0.687,0.134,0.366,,on,-65,,2 hour NILM fridge session
2026-06-11T10:17:34.292485+00:00,2026-06-11 15:47:34,Anllia,plug_1,Tapo P110,P110,fridge,a7c73018,multi_cycle,1.0,96.19,238.086,0.687,0.134,0.366,,on,-66,,2 hour NILM fridge session
2026-06-11T10:17:35.579973+00:00,2026-06-11 15:47:35,Anllia,plug_1,Tapo P110,P110,fridge,a7c73018,multi_cycle,1.0,96.153,238.086,0.687,0.134,0.366,,on,-65,,2 hour NILM fridge session
2026-06-11T10:17:36.848934+00:00,2026-06-11 15:47:36,Anllia,plug_1,Tapo P110,P110,fridge,a7c73018,multi_cycle,1.0,96.047,238.086,0.687,0.134,0.366,,on,-65,,2 hour NILM fridge session
2026-06-11T10:17:38.287969+00:00,2026-06-11 15:47:38,Anllia,plug_1,Tapo P110,P110,fridge,a7c73018,multi_cycle,1.0,96.292,238.026,0.687,0.134,0.366,,on,-65,,2 hour NILM fridge session
2026-06-11T10:17:39.555297+00:00,2026-06-11 15:47:39,Anllia,plug_1,Tapo P110,P110,fridge,a7c73018,multi_cycle,1.0,96.272,238.026,0.688,0.134,0.366,,on,-65,,2 hour NILM fridge session
2026-06-11T10:17:40.836220+00:00,2026-06-11 15:47:40,Anllia,plug_1,Tapo P110,P110,fridge,a7c73018,multi_cycle,1.0,96.349,238.0,0.688,0.134,0.366,,on,-66,,2 hour NILM fridge session
2026-06-11T10:17:42.213454+00:00,2026-06-11 15:47:42,Anllia,plug_1,Tapo P110,P110,fridge,a7c73018,multi_cycle,1.0,96.349,238.0,0.687,0.134,0.366,,on,-66,,2 hour NILM fridge session
2026-06-11T10:17:43.778470+00:00,2026-06-11 15:47:43,Anllia,plug_1,Tapo P110,P110,fridge,a7c73018,multi_cycle,1.0,96.191,238.036,0.687,0.134,0.366,,on,-65,,2 hour NILM fridge session
2026-06-11T10:17:45.284668+00:00,2026-06-11 15:47:45,Anllia,plug_1,Tapo P110,P110,fridge,a7c73018,multi_cycle,1.0,96.264,238.036,0.683,0.134,0.366,,on,-65,,2 hour NILM fridge session
2026-06-11T10:17:46.691023+00:00,2026-06-11 15:47:46,Anllia,plug_1,Tapo P110,P110,fridge,a7c73018,multi_cycle,1.0,96.035,238.117,0.683,0.134,0.366,,on,-65,,2 hour NILM fridge session
2026-06-11T10:17:48.003241+00:00,2026-06-11 15:47:48,Anllia,plug_1,Tapo P110,P110,fridge,a7c73018,multi_cycle,1.0,95.839,238.117,0.681,0.134,0.366,,on,-65,,2 hour NILM fridge session
2026-06-11T10:17:49.732655+00:00,2026-06-11 15:47:49,Anllia,plug_1,Tapo P110,P110,fridge,a7c73018,multi_cycle,1.0,95.567,238.062,0.681,0.134,0.366,,on,-65,,2 hour NILM fridge session
2026-06-11T10:17:51.403468+00:00,2026-06-11 15:47:51,Anllia,plug_1,Tapo P110,P110,fridge,a7c73018,multi_cycle,1.0,95.789,238.062,0.682,0.134,0.366,,on,-66,,2 hour NILM fridge session
2026-06-11T10:17:52.974001+00:00,2026-06-11 15:47:52,Anllia,plug_1,Tapo P110,P110,fridge,a7c73018,multi_cycle,1.0,95.564,238.137,0.682,0.134,0.366,,on,-66,,2 hour NILM fridge session
2026-06-11T10:17:54.780211+00:00,2026-06-11 15:47:54,Anllia,plug_1,Tapo P110,P110,fridge,a7c73018,multi_cycle,1.0,95.622,238.137,0.682,0.134,0.366,,on,-65,,2 hour NILM fridge session
2026-06-11T10:17:56.170156+00:00,2026-06-11 15:47:56,Anllia,plug_1,Tapo P110,P110,fridge,a7c73018,multi_cycle,1.0,95.493,238.149,0.682,0.134,0.367,,on,-65,,2 hour NILM fridge session
2026-06-11T10:17:57.616060+00:00,2026-06-11 15:47:57,Anllia,plug_1,Tapo P110,P110,fridge,a7c73018,multi_cycle,1.0,95.684,238.149,0.681,0.134,0.367,,on,-67,,2 hour NILM fridge session
2026-06-11T10:17:58.875317+00:00,2026-06-11 15:47:58,Anllia,plug_1,Tapo P110,P110,fridge,a7c73018,multi_cycle,1.0,95.948,238.075,0.681,0.134,0.367,,on,-66,,2 hour NILM fridge session
2026-06-11T10:18:00.138225+00:00,2026-06-11 15:48:00,Anllia,plug_1,Tapo P110,P110,fridge,a7c73018,multi_cycle,1.0,95.948,238.075,0.686,0.134,0.367,,on,-66,,2 hour NILM fridge session
2026-06-11T10:18:01.407515+00:00,2026-06-11 15:48:01,Anllia,plug_1,Tapo P110,P110,fridge,a7c73018,multi_cycle,1.0,96.017,238.089,0.686,0.134,0.367,,on,-66,,2 hour NILM fridge session
2026-06-11T10:18:05.372334+00:00,2026-06-11 15:48:05,Anllia,plug_1,Tapo P110,P110,fridge,a7c73018,multi_cycle,1.0,96.023,238.089,0.685,0.134,0.367,,on,-66,,2 hour NILM fridge session
2026-06-11T10:18:06.641273+00:00,2026-06-11 15:48:06,Anllia,plug_1,Tapo P110,P110,fridge,a7c73018,multi_cycle,1.0,96.035,237.801,0.685,0.135,0.367,,on,-65,,2 hour NILM fridge session
2026-06-11T10:18:07.890403+00:00,2026-06-11 15:48:07,Anllia,plug_1,Tapo P110,P110,fridge,a7c73018,multi_cycle,1.0,95.673,237.707,0.685,0.135,0.367,,on,-65,,2 hour NILM fridge session
2026-06-11T10:18:09.353627+00:00,2026-06-11 15:48:09,Anllia,plug_1,Tapo P110,P110,fridge,a7c73018,multi_cycle,1.0,95.673,237.707,0.684,0.135,0.367,,on,-65,,2 hour NILM fridge session
2026-06-11T10:18:10.601612+00:00,2026-06-11 15:48:10,Anllia,plug_1,Tapo P110,P110,fridge,a7c73018,multi_cycle,1.0,95.681,237.643,0.684,0.135,0.367,,on,-65,,2 hour NILM fridge session
2026-06-11T10:18:11.979556+00:00,2026-06-11 15:48:11,Anllia,plug_1,Tapo P110,P110,fridge,a7c73018,multi_cycle,1.0,95.531,237.643,0.682,0.135,0.367,,on,-65,,2 hour NILM fridge session
2026-06-11T10:18:13.523051+00:00,2026-06-11 15:48:13,Anllia,plug_1,Tapo P110,P110,fridge,a7c73018,multi_cycle,1.0,95.425,237.455,0.682,0.135,0.367,,on,-65,,2 hour NILM fridge session
2026-06-11T10:18:14.931416+00:00,2026-06-11 15:48:14,Anllia,plug_1,Tapo P110,P110,fridge,a7c73018,multi_cycle,1.0,95.288,237.455,0.683,0.135,0.367,,on,-65,,2 hour NILM fridge session
2026-06-11T10:18:16.305240+00:00,2026-06-11 15:48:16,Anllia,plug_1,Tapo P110,P110,fridge,a7c73018,multi_cycle,1.0,95.684,237.582,0.683,0.135,0.367,,on,-65,,2 hour NILM fridge session
2026-06-11T10:18:17.617473+00:00,2026-06-11 15:48:17,Anllia,plug_1,Tapo P110,P110,fridge,a7c73018,multi_cycle,1.0,95.746,237.582,0.683,0.135,0.367,,on,-65,,2 hour NILM fridge session
2026-06-11T10:18:18.933771+00:00,2026-06-11 15:48:18,Anllia,plug_1,Tapo P110,P110,fridge,a7c73018,multi_cycle,1.0,95.723,237.582,0.684,0.135,0.367,,on,-65,,2 hour NILM fridge session
2026-06-11T10:18:20.187417+00:00,2026-06-11 15:48:20,Anllia,plug_1,Tapo P110,P110,fridge,a7c73018,multi_cycle,1.0,95.745,237.45,0.684,0.135,0.367,,on,-65,,2 hour NILM fridge session
2026-06-11T10:18:21.483205+00:00,2026-06-11 15:48:21,Anllia,plug_1,Tapo P110,P110,fridge,a7c73018,multi_cycle,1.0,95.701,237.45,0.683,0.135,0.367,,on,-65,,2 hour NILM fridge session
2026-06-11T10:18:23.202218+00:00,2026-06-11 15:48:23,Anllia,plug_1,Tapo P110,P110,fridge,a7c73018,multi_cycle,1.0,95.548,237.296,0.683,0.135,0.367,,on,-66,,2 hour NILM fridge session
2026-06-11T10:18:24.631583+00:00,2026-06-11 15:48:24,Anllia,plug_1,Tapo P110,P110,fridge,a7c73018,multi_cycle,1.0,95.814,237.296,0.684,0.135,0.367,,on,-64,,2 hour NILM fridge session
2026-06-11T10:18:25.972438+00:00,2026-06-11 15:48:25,Anllia,plug_1,Tapo P110,P110,fridge,a7c73018,multi_cycle,1.0,96.174,237.304,0.684,0.135,0.367,,on,-64,,2 hour NILM fridge session
2026-06-11T10:18:27.288940+00:00,2026-06-11 15:48:27,Anllia,plug_1,Tapo P110,P110,fridge,a7c73018,multi_cycle,1.0,96.112,237.304,0.688,0.135,0.367,,on,-65,,2 hour NILM fridge session
2026-06-11T10:18:28.578223+00:00,2026-06-11 15:48:28,Anllia,plug_1,Tapo P110,P110,fridge,a7c73018,multi_cycle,1.0,96.112,237.206,0.688,0.135,0.367,,on,-64,,2 hour NILM fridge session
2026-06-11T10:18:30.068034+00:00,2026-06-11 15:48:30,Anllia,plug_1,Tapo P110,P110,fridge,a7c73018,multi_cycle,1.0,96.086,237.206,0.688,0.135,0.367,,on,-65,,2 hour NILM fridge session
2026-06-11T10:18:31.400087+00:00,2026-06-11 15:48:31,Anllia,plug_1,Tapo P110,P110,fridge,a7c73018,multi_cycle,1.0,95.984,237.242,0.688,0.135,0.367,,on,-64,,2 hour NILM fridge session
2026-06-11T10:18:32.725485+00:00,2026-06-11 15:48:32,Anllia,plug_1,Tapo P110,P110,fridge,a7c73018,multi_cycle,1.0,96.052,237.242,0.687,0.135,0.367,,on,-66,,2 hour NILM fridge session
2026-06-11T10:18:34.023414+00:00,2026-06-11 15:48:34,Anllia,plug_1,Tapo P110,P110,fridge,a7c73018,multi_cycle,1.0,95.948,237.242,0.687,0.135,0.368,,on,-66,,2 hour NILM fridge session
2026-06-11T10:18:35.359237+00:00,2026-06-11 15:48:35,Anllia,plug_1,Tapo P110,P110,fridge,a7c73018,multi_cycle,1.0,95.874,237.16,0.687,0.135,0.368,,on,-66,,2 hour NILM fridge session
2026-06-11T10:18:36.707252+00:00,2026-06-11 15:48:36,Anllia,plug_1,Tapo P110,P110,fridge,a7c73018,multi_cycle,1.0,96.048,237.16,0.686,0.135,0.368,,on,-66,,2 hour NILM fridge session
2026-06-11T10:18:37.987334+00:00,2026-06-11 15:48:37,Anllia,plug_1,Tapo P110,P110,fridge,a7c73018,multi_cycle,1.0,96.11,237.063,0.686,0.135,0.368,,on,-65,,2 hour NILM fridge session
2026-06-11T10:18:39.268461+00:00,2026-06-11 15:48:39,Anllia,plug_1,Tapo P110,P110,fridge,a7c73018,multi_cycle,1.0,96.11,237.063,0.688,0.135,0.368,,on,-65,,2 hour NILM fridge session
2026-06-11T10:18:40.617349+00:00,2026-06-11 15:48:40,Anllia,plug_1,Tapo P110,P110,fridge,a7c73018,multi_cycle,1.0,95.968,236.788,0.688,0.135,0.368,,on,-65,,2 hour NILM fridge session
2026-06-11T10:18:42.018900+00:00,2026-06-11 15:48:42,Anllia,plug_1,Tapo P110,P110,fridge,a7c73018,multi_cycle,1.0,96.136,236.788,0.688,0.135,0.368,,on,-66,,2 hour NILM fridge session
2026-06-11T10:18:43.278200+00:00,2026-06-11 15:48:43,Anllia,plug_1,Tapo P110,P110,fridge,a7c73018,multi_cycle,1.0,95.897,236.724,0.688,0.135,0.368,,on,-66,,2 hour NILM fridge session
2026-06-11T10:18:44.585461+00:00,2026-06-11 15:48:44,Anllia,plug_1,Tapo P110,P110,fridge,a7c73018,multi_cycle,1.0,95.618,236.724,0.688,0.136,0.368,,on,-66,,2 hour NILM fridge session
2026-06-11T10:18:45.843914+00:00,2026-06-11 15:48:45,Anllia,plug_1,Tapo P110,P110,fridge,a7c73018,multi_cycle,1.0,95.58,236.724,0.686,0.136,0.368,,on,-65,,2 hour NILM fridge session
2026-06-11T10:18:47.091073+00:00,2026-06-11 15:48:47,Anllia,plug_1,Tapo P110,P110,fridge,a7c73018,multi_cycle,1.0,95.832,236.875,0.686,0.136,0.368,,on,-66,,2 hour NILM fridge session
2026-06-11T10:18:48.364930+00:00,2026-06-11 15:48:48,Anllia,plug_1,Tapo P110,P110,fridge,a7c73018,multi_cycle,1.0,95.764,236.875,0.688,0.136,0.368,,on,-65,,2 hour NILM fridge session
2026-06-11T10:18:49.682059+00:00,2026-06-11 15:48:49,Anllia,plug_1,Tapo P110,P110,fridge,a7c73018,multi_cycle,1.0,95.764,236.954,0.688,0.136,0.368,,on,-66,,2 hour NILM fridge session
2026-06-11T10:18:50.926670+00:00,2026-06-11 15:48:50,Anllia,plug_1,Tapo P110,P110,fridge,a7c73018,multi_cycle,1.0,95.761,236.954,0.687,0.136,0.368,,on,-65,,2 hour NILM fridge session
2026-06-11T10:18:52.254075+00:00,2026-06-11 15:48:52,Anllia,plug_1,Tapo P110,P110,fridge,a7c73018,multi_cycle,1.0,95.852,236.954,0.687,0.136,0.368,,on,-66,,2 hour NILM fridge session
2026-06-11T10:18:53.612497+00:00,2026-06-11 15:48:53,Anllia,plug_1,Tapo P110,P110,fridge,a7c73018,multi_cycle,1.0,95.675,237.401,0.687,0.136,0.368,,on,-66,,2 hour NILM fridge session
2026-06-11T10:18:54.879766+00:00,2026-06-11 15:48:54,Anllia,plug_1,Tapo P110,P110,fridge,a7c73018,multi_cycle,1.0,95.853,237.401,0.688,0.136,0.368,,on,-65,,2 hour NILM fridge session
2026-06-11T10:18:56.246286+00:00,2026-06-11 15:48:56,Anllia,plug_1,Tapo P110,P110,fridge,a7c73018,multi_cycle,1.0,95.588,237.526,0.688,0.136,0.368,,on,-66,,2 hour NILM fridge session
2026-06-11T10:18:57.516838+00:00,2026-06-11 15:48:57,Anllia,plug_1,Tapo P110,P110,fridge,a7c73018,multi_cycle,1.0,95.703,237.526,0.686,0.136,0.368,,on,-65,,2 hour NILM fridge session
2026-06-11T10:18:58.877712+00:00,2026-06-11 15:48:58,Anllia,plug_1,Tapo P110,P110,fridge,a7c73018,multi_cycle,1.0,95.703,237.65,0.686,0.136,0.368,,on,-66,,2 hour NILM fridge session
2026-06-11T10:19:00.223971+00:00,2026-06-11 15:49:00,Anllia,plug_1,Tapo P110,P110,fridge,a7c73018,multi_cycle,1.0,95.633,237.65,0.688,0.136,0.368,,on,-70,,2 hour NILM fridge session
2026-06-11T10:19:01.623633+00:00,2026-06-11 15:49:01,Anllia,plug_1,Tapo P110,P110,fridge,a7c73018,multi_cycle,1.0,95.701,237.555,0.688,0.136,0.368,,on,-65,,2 hour NILM fridge session
2026-06-11T10:19:03.349027+00:00,2026-06-11 15:49:03,Anllia,plug_1,Tapo P110,P110,fridge,a7c73018,multi_cycle,1.0,95.415,237.555,0.687,0.136,0.368,,on,-63,,2 hour NILM fridge session
2026-06-11T10:19:04.743206+00:00,2026-06-11 15:49:04,Anllia,plug_1,Tapo P110,P110,fridge,a7c73018,multi_cycle,1.0,95.467,237.658,0.687,0.136,0.368,,on,-64,,2 hour NILM fridge session
2026-06-11T10:19:06.088615+00:00,2026-06-11 15:49:06,Anllia,plug_1,Tapo P110,P110,fridge,a7c73018,multi_cycle,1.0,95.385,237.658,0.683,0.136,0.368,,on,-66,,2 hour NILM fridge session
2026-06-11T10:19:07.442774+00:00,2026-06-11 15:49:07,Anllia,plug_1,Tapo P110,P110,fridge,a7c73018,multi_cycle,1.0,95.185,237.462,0.683,0.136,0.368,,on,-66,,2 hour NILM fridge session
2026-06-11T10:19:08.797759+00:00,2026-06-11 15:49:08,Anllia,plug_1,Tapo P110,P110,fridge,a7c73018,multi_cycle,1.0,95.111,237.462,0.683,0.136,0.368,,on,-65,,2 hour NILM fridge session
2026-06-11T10:19:10.092625+00:00,2026-06-11 15:49:10,Anllia,plug_1,Tapo P110,P110,fridge,a7c73018,multi_cycle,1.0,94.934,237.462,0.681,0.136,0.368,,on,-65,,2 hour NILM fridge session
2026-06-11T10:19:11.398723+00:00,2026-06-11 15:49:11,Anllia,plug_1,Tapo P110,P110,fridge,a7c73018,multi_cycle,1.0,94.86,237.286,0.681,0.136,0.369,,on,-66,,2 hour NILM fridge session
2026-06-11T10:19:12.661539+00:00,2026-06-11 15:49:12,Anllia,plug_1,Tapo P110,P110,fridge,a7c73018,multi_cycle,1.0,94.829,237.286,0.68,0.136,0.369,,on,-65,,2 hour NILM fridge session
2026-06-11T10:19:14.305331+00:00,2026-06-11 15:49:14,Anllia,plug_1,Tapo P110,P110,fridge,a7c73018,multi_cycle,1.0,94.829,237.106,0.68,0.136,0.369,,on,-66,,2 hour NILM fridge session
2026-06-11T10:19:15.856386+00:00,2026-06-11 15:49:15,Anllia,plug_1,Tapo P110,P110,fridge,a7c73018,multi_cycle,1.0,94.959,237.106,0.68,0.136,0.369,,on,-66,,2 hour NILM fridge session
2026-06-11T10:19:17.167892+00:00,2026-06-11 15:49:17,Anllia,plug_1,Tapo P110,P110,fridge,a7c73018,multi_cycle,1.0,94.879,237.548,0.68,0.136,0.369,,on,-66,,2 hour NILM fridge session
2026-06-11T10:19:18.425802+00:00,2026-06-11 15:49:18,Anllia,plug_1,Tapo P110,P110,fridge,a7c73018,multi_cycle,1.0,94.879,237.548,0.68,0.136,0.369,,on,-65,,2 hour NILM fridge session
2026-06-11T10:19:19.770983+00:00,2026-06-11 15:49:19,Anllia,plug_1,Tapo P110,P110,fridge,a7c73018,multi_cycle,1.0,95.197,237.727,0.68,0.136,0.369,,on,-65,,2 hour NILM fridge session
2026-06-11T10:19:21.039751+00:00,2026-06-11 15:49:21,Anllia,plug_1,Tapo P110,P110,fridge,a7c73018,multi_cycle,1.0,94.887,237.727,0.678,0.136,0.369,,on,-65,,2 hour NILM fridge session
2026-06-11T10:19:22.289089+00:00,2026-06-11 15:49:22,Anllia,plug_1,Tapo P110,P110,fridge,a7c73018,multi_cycle,1.0,95.232,237.727,0.678,0.137,0.369,,on,-66,,2 hour NILM fridge session
2026-06-11T10:19:23.750162+00:00,2026-06-11 15:49:23,Anllia,plug_1,Tapo P110,P110,fridge,a7c73018,multi_cycle,1.0,95.094,237.63,0.678,0.137,0.369,,on,-66,,2 hour NILM fridge session
2026-06-11T10:19:25.061000+00:00,2026-06-11 15:49:25,Anllia,plug_1,Tapo P110,P110,fridge,a7c73018,multi_cycle,1.0,95.395,237.63,0.684,0.137,0.369,,on,-65,,2 hour NILM fridge session
2026-06-11T10:19:26.581385+00:00,2026-06-11 15:49:26,Anllia,plug_1,Tapo P110,P110,fridge,a7c73018,multi_cycle,1.0,95.357,237.709,0.684,0.137,0.369,,on,-65,,2 hour NILM fridge session
2026-06-11T10:19:27.836376+00:00,2026-06-11 15:49:27,Anllia,plug_1,Tapo P110,P110,fridge,a7c73018,multi_cycle,1.0,95.468,237.709,0.685,0.137,0.369,,on,-65,,2 hour NILM fridge session
2026-06-11T10:19:29.084839+00:00,2026-06-11 15:49:29,Anllia,plug_1,Tapo P110,P110,fridge,a7c73018,multi_cycle,1.0,95.298,237.518,0.685,0.137,0.369,,on,-66,,2 hour NILM fridge session
2026-06-11T10:19:30.366607+00:00,2026-06-11 15:49:30,Anllia,plug_1,Tapo P110,P110,fridge,a7c73018,multi_cycle,1.0,95.298,237.518,0.685,0.137,0.369,,on,-65,,2 hour NILM fridge session
2026-06-11T10:19:31.651712+00:00,2026-06-11 15:49:31,Anllia,plug_1,Tapo P110,P110,fridge,a7c73018,multi_cycle,1.0,95.396,237.371,0.685,0.137,0.369,,on,-65,,2 hour NILM fridge session
2026-06-11T10:19:33.043955+00:00,2026-06-11 15:49:33,Anllia,plug_1,Tapo P110,P110,fridge,a7c73018,multi_cycle,1.0,95.338,237.371,0.685,0.137,0.369,,on,-64,,2 hour NILM fridge session
2026-06-11T10:19:34.365967+00:00,2026-06-11 15:49:34,Anllia,plug_1,Tapo P110,P110,fridge,a7c73018,multi_cycle,1.0,95.118,237.371,0.684,0.137,0.369,,on,-60,,2 hour NILM fridge session
2026-06-11T10:19:35.755468+00:00,2026-06-11 15:49:35,Anllia,plug_1,Tapo P110,P110,fridge,a7c73018,multi_cycle,1.0,95.179,236.996,0.684,0.137,0.369,,on,-68,,2 hour NILM fridge session
2026-06-11T10:19:37.127447+00:00,2026-06-11 15:49:37,Anllia,plug_1,Tapo P110,P110,fridge,a7c73018,multi_cycle,1.0,95.438,236.996,0.683,0.137,0.369,,on,-68,,2 hour NILM fridge session
2026-06-11T10:19:38.382211+00:00,2026-06-11 15:49:38,Anllia,plug_1,Tapo P110,P110,fridge,a7c73018,multi_cycle,1.0,95.521,236.694,0.683,0.137,0.369,,on,-65,,2 hour NILM fridge session
2026-06-11T10:19:39.875513+00:00,2026-06-11 15:49:39,Anllia,plug_1,Tapo P110,P110,fridge,a7c73018,multi_cycle,1.0,95.701,236.694,0.685,0.137,0.369,,on,-67,,2 hour NILM fridge session
2026-06-11T10:19:41.239330+00:00,2026-06-11 15:49:41,Anllia,plug_1,Tapo P110,P110,fridge,a7c73018,multi_cycle,1.0,95.701,237.312,0.685,0.137,0.369,,on,-65,,2 hour NILM fridge session
2026-06-11T10:19:42.719746+00:00,2026-06-11 15:49:42,Anllia,plug_1,Tapo P110,P110,fridge,a7c73018,multi_cycle,1.0,95.662,237.312,0.682,0.137,0.369,,on,-65,,2 hour NILM fridge session
2026-06-11T10:19:44.244466+00:00,2026-06-11 15:49:44,Anllia,plug_1,Tapo P110,P110,fridge,a7c73018,multi_cycle,1.0,95.662,237.368,0.682,0.137,0.369,,on,-65,,2 hour NILM fridge session
2026-06-11T10:19:45.650764+00:00,2026-06-11 15:49:45,Anllia,plug_1,Tapo P110,P110,fridge,a7c73018,multi_cycle,1.0,95.695,237.368,0.685,0.137,0.369,,on,-66,,2 hour NILM fridge session
2026-06-11T10:19:47.015993+00:00,2026-06-11 15:49:47,Anllia,plug_1,Tapo P110,P110,fridge,a7c73018,multi_cycle,1.0,95.845,237.207,0.685,0.137,0.369,,on,-65,,2 hour NILM fridge session
2026-06-11T10:19:48.375474+00:00,2026-06-11 15:49:48,Anllia,plug_1,Tapo P110,P110,fridge,a7c73018,multi_cycle,1.0,95.624,237.207,0.683,0.137,0.369,,on,-66,,2 hour NILM fridge session
2026-06-11T10:19:49.660180+00:00,2026-06-11 15:49:49,Anllia,plug_1,Tapo P110,P110,fridge,a7c73018,multi_cycle,1.0,95.722,237.274,0.683,0.137,0.37,,on,-65,,2 hour NILM fridge session
2026-06-11T10:19:52.459334+00:00,2026-06-11 15:49:52,Anllia,plug_1,Tapo P110,P110,fridge,a7c73018,multi_cycle,1.0,95.825,237.274,0.684,0.137,0.37,,on,-65,,2 hour NILM fridge session
2026-06-11T10:19:55.323249+00:00,2026-06-11 15:49:55,Anllia,plug_1,Tapo P110,P110,fridge,a7c73018,multi_cycle,1.0,95.494,237.374,0.684,0.137,0.37,,on,-66,,2 hour NILM fridge session
2026-06-11T10:19:56.911099+00:00,2026-06-11 15:49:56,Anllia,plug_1,Tapo P110,P110,fridge,a7c73018,multi_cycle,1.0,95.468,237.374,0.685,0.137,0.37,,on,-66,,2 hour NILM fridge session
2026-06-11T10:19:58.236059+00:00,2026-06-11 15:49:58,Anllia,plug_1,Tapo P110,P110,fridge,a7c73018,multi_cycle,1.0,95.015,237.374,0.679,0.137,0.37,,on,-67,,2 hour NILM fridge session
2026-06-11T10:19:59.498964+00:00,2026-06-11 15:49:59,Anllia,plug_1,Tapo P110,P110,fridge,a7c73018,multi_cycle,1.0,95.449,236.807,0.679,0.137,0.37,,on,-69,,2 hour NILM fridge session
2026-06-11T10:20:02.914101+00:00,2026-06-11 15:50:02,Anllia,plug_1,Tapo P110,P110,fridge,a7c73018,multi_cycle,1.0,95.453,236.608,0.683,0.138,0.37,,on,-65,,2 hour NILM fridge session
2026-06-11T10:20:04.558580+00:00,2026-06-11 15:50:04,Anllia,plug_1,Tapo P110,P110,fridge,a7c73018,multi_cycle,1.0,95.473,236.608,0.684,0.138,0.37,,on,-63,,2 hour NILM fridge session
2026-06-11T10:20:07.954879+00:00,2026-06-11 15:50:07,Anllia,plug_1,Tapo P110,P110,fridge,a7c73018,multi_cycle,1.0,95.425,236.031,0.684,0.138,0.37,,on,-67,,2 hour NILM fridge session
2026-06-11T10:20:09.245538+00:00,2026-06-11 15:50:09,Anllia,plug_1,Tapo P110,P110,fridge,a7c73018,multi_cycle,1.0,95.024,236.031,0.682,0.138,0.37,,on,-65,,2 hour NILM fridge session
2026-06-11T10:20:10.529998+00:00,2026-06-11 15:50:10,Anllia,plug_1,Tapo P110,P110,fridge,a7c73018,multi_cycle,1.0,95.549,236.031,0.682,0.138,0.37,,on,-66,,2 hour NILM fridge session
2026-06-11T10:20:11.782828+00:00,2026-06-11 15:50:11,Anllia,plug_1,Tapo P110,P110,fridge,a7c73018,multi_cycle,1.0,95.325,236.046,0.682,0.138,0.37,,on,-62,,2 hour NILM fridge session
2026-06-11T10:20:13.071936+00:00,2026-06-11 15:50:13,Anllia,plug_1,Tapo P110,P110,fridge,a7c73018,multi_cycle,1.0,95.247,236.046,0.676,0.138,0.37,,on,-62,,2 hour NILM fridge session
2026-06-11T10:20:14.681868+00:00,2026-06-11 15:50:14,Anllia,plug_1,Tapo P110,P110,fridge,a7c73018,multi_cycle,1.0,95.517,236.119,0.676,0.138,0.37,,on,-63,,2 hour NILM fridge session
2026-06-11T10:20:16.205939+00:00,2026-06-11 15:50:16,Anllia,plug_1,Tapo P110,P110,fridge,a7c73018,multi_cycle,1.0,95.227,236.119,0.673,0.138,0.37,,on,-62,,2 hour NILM fridge session
2026-06-11T10:20:17.483657+00:00,2026-06-11 15:50:17,Anllia,plug_1,Tapo P110,P110,fridge,a7c73018,multi_cycle,1.0,95.154,236.454,0.673,0.138,0.37,,on,-67,,2 hour NILM fridge session
2026-06-11T10:20:18.771424+00:00,2026-06-11 15:50:18,Anllia,plug_1,Tapo P110,P110,fridge,a7c73018,multi_cycle,1.0,95.154,236.454,0.675,0.138,0.37,,on,-65,,2 hour NILM fridge session
2026-06-11T10:20:20.018884+00:00,2026-06-11 15:50:20,Anllia,plug_1,Tapo P110,P110,fridge,a7c73018,multi_cycle,1.0,95.328,236.388,0.675,0.138,0.37,,on,-65,,2 hour NILM fridge session
2026-06-11T10:20:21.281234+00:00,2026-06-11 15:50:21,Anllia,plug_1,Tapo P110,P110,fridge,a7c73018,multi_cycle,1.0,95.448,236.388,0.674,0.138,0.37,,on,-66,,2 hour NILM fridge session
2026-06-11T10:20:22.641737+00:00,2026-06-11 15:50:22,Anllia,plug_1,Tapo P110,P110,fridge,a7c73018,multi_cycle,1.0,95.323,236.388,0.674,0.138,0.37,,on,-65,,2 hour NILM fridge session
2026-06-11T10:20:24.262942+00:00,2026-06-11 15:50:24,Anllia,plug_1,Tapo P110,P110,fridge,a7c73018,multi_cycle,1.0,95.524,236.582,0.674,0.138,0.37,,on,-65,,2 hour NILM fridge session
2026-06-11T10:20:25.850598+00:00,2026-06-11 15:50:25,Anllia,plug_1,Tapo P110,P110,fridge,a7c73018,multi_cycle,1.0,95.952,237.401,0.674,0.138,0.37,,on,-65,,2 hour NILM fridge session
2026-06-11T10:20:27.341253+00:00,2026-06-11 15:50:27,Anllia,plug_1,Tapo P110,P110,fridge,a7c73018,multi_cycle,1.0,95.589,237.401,0.673,0.138,0.371,,on,-66,,2 hour NILM fridge session
2026-06-11T10:20:28.609682+00:00,2026-06-11 15:50:28,Anllia,plug_1,Tapo P110,P110,fridge,a7c73018,multi_cycle,1.0,95.454,237.401,0.673,0.138,0.371,,on,-66,,2 hour NILM fridge session
2026-06-11T10:20:29.885866+00:00,2026-06-11 15:50:29,Anllia,plug_1,Tapo P110,P110,fridge,a7c73018,multi_cycle,1.0,95.154,237.547,0.673,0.138,0.371,,on,-65,,2 hour NILM fridge session
2026-06-11T10:20:31.206256+00:00,2026-06-11 15:50:31,Anllia,plug_1,Tapo P110,P110,fridge,a7c73018,multi_cycle,1.0,95.28,237.547,0.671,0.138,0.371,,on,-65,,2 hour NILM fridge session
2026-06-11T10:20:32.475645+00:00,2026-06-11 15:50:32,Anllia,plug_1,Tapo P110,P110,fridge,a7c73018,multi_cycle,1.0,95.05,237.792,0.671,0.138,0.371,,on,-65,,2 hour NILM fridge session
2026-06-11T10:20:34.636269+00:00,2026-06-11 15:50:34,Anllia,plug_1,Tapo P110,P110,fridge,a7c73018,multi_cycle,1.0,95.035,237.792,0.671,0.138,0.371,,on,-65,,2 hour NILM fridge session
2026-06-11T10:20:36.385018+00:00,2026-06-11 15:50:36,Anllia,plug_1,Tapo P110,P110,fridge,a7c73018,multi_cycle,1.0,94.974,237.486,0.671,0.138,0.371,,on,-66,,2 hour NILM fridge session
2026-06-11T10:20:37.633819+00:00,2026-06-11 15:50:37,Anllia,plug_1,Tapo P110,P110,fridge,a7c73018,multi_cycle,1.0,95.099,237.486,0.671,0.139,0.371,,on,-65,,2 hour NILM fridge session
2026-06-11T10:20:38.889517+00:00,2026-06-11 15:50:38,Anllia,plug_1,Tapo P110,P110,fridge,a7c73018,multi_cycle,1.0,95.085,237.649,0.671,0.139,0.371,,on,-66,,2 hour NILM fridge session
2026-06-11T10:20:40.181691+00:00,2026-06-11 15:50:40,Anllia,plug_1,Tapo P110,P110,fridge,a7c73018,multi_cycle,1.0,95.198,237.649,0.669,0.139,0.371,,on,-65,,2 hour NILM fridge session
2026-06-11T10:20:41.427192+00:00,2026-06-11 15:50:41,Anllia,plug_1,Tapo P110,P110,fridge,a7c73018,multi_cycle,1.0,94.999,238.451,0.669,0.139,0.371,,on,-65,,2 hour NILM fridge session
2026-06-11T10:20:42.871254+00:00,2026-06-11 15:50:42,Anllia,plug_1,Tapo P110,P110,fridge,a7c73018,multi_cycle,1.0,94.999,238.451,0.666,0.139,0.371,,on,-66,,2 hour NILM fridge session
2026-06-11T10:20:44.619585+00:00,2026-06-11 15:50:44,Anllia,plug_1,Tapo P110,P110,fridge,a7c73018,multi_cycle,1.0,94.912,238.361,0.666,0.139,0.371,,on,-65,,2 hour NILM fridge session
2026-06-11T10:20:45.868655+00:00,2026-06-11 15:50:45,Anllia,plug_1,Tapo P110,P110,fridge,a7c73018,multi_cycle,1.0,94.919,238.361,0.665,0.139,0.371,,on,-65,,2 hour NILM fridge session
2026-06-11T10:20:47.181931+00:00,2026-06-11 15:50:47,Anllia,plug_1,Tapo P110,P110,fridge,a7c73018,multi_cycle,1.0,94.816,237.538,0.665,0.139,0.371,,on,-65,,2 hour NILM fridge session
2026-06-11T10:20:48.486367+00:00,2026-06-11 15:50:48,Anllia,plug_1,Tapo P110,P110,fridge,a7c73018,multi_cycle,1.0,94.461,237.538,0.667,0.139,0.371,,on,-65,,2 hour NILM fridge session
2026-06-11T10:20:49.839969+00:00,2026-06-11 15:50:49,Anllia,plug_1,Tapo P110,P110,fridge,a7c73018,multi_cycle,1.0,94.797,237.671,0.667,0.139,0.371,,on,-65,,2 hour NILM fridge session
2026-06-11T10:20:51.148624+00:00,2026-06-11 15:50:51,Anllia,plug_1,Tapo P110,P110,fridge,a7c73018,multi_cycle,1.0,94.838,237.671,0.667,0.139,0.371,,on,-66,,2 hour NILM fridge session
2026-06-11T10:20:52.469350+00:00,2026-06-11 15:50:52,Anllia,plug_1,Tapo P110,P110,fridge,a7c73018,multi_cycle,1.0,94.564,237.671,0.669,0.139,0.371,,on,-66,,2 hour NILM fridge session
2026-06-11T10:20:53.835917+00:00,2026-06-11 15:50:53,Anllia,plug_1,Tapo P110,P110,fridge,a7c73018,multi_cycle,1.0,94.668,238.16,0.669,0.139,0.371,,on,-65,,2 hour NILM fridge session
2026-06-11T10:20:55.219372+00:00,2026-06-11 15:50:55,Anllia,plug_1,Tapo P110,P110,fridge,a7c73018,multi_cycle,1.0,94.633,238.16,0.667,0.139,0.371,,on,-65,,2 hour NILM fridge session
2026-06-11T10:20:56.478027+00:00,2026-06-11 15:50:56,Anllia,plug_1,Tapo P110,P110,fridge,a7c73018,multi_cycle,1.0,94.916,237.846,0.667,0.139,0.371,,on,-65,,2 hour NILM fridge session
2026-06-11T10:20:57.819168+00:00,2026-06-11 15:50:57,Anllia,plug_1,Tapo P110,P110,fridge,a7c73018,multi_cycle,1.0,94.916,237.846,0.669,0.139,0.371,,on,-66,,2 hour NILM fridge session
2026-06-11T10:20:59.135249+00:00,2026-06-11 15:50:59,Anllia,plug_1,Tapo P110,P110,fridge,a7c73018,multi_cycle,1.0,95.014,238.068,0.669,0.139,0.371,,on,-66,,2 hour NILM fridge session
2026-06-11T10:21:00.533839+00:00,2026-06-11 15:51:00,Anllia,plug_1,Tapo P110,P110,fridge,a7c73018,multi_cycle,1.0,94.826,238.068,0.668,0.139,0.371,,on,-65,,2 hour NILM fridge session
2026-06-11T10:21:01.932104+00:00,2026-06-11 15:51:01,Anllia,plug_1,Tapo P110,P110,fridge,a7c73018,multi_cycle,1.0,94.763,237.759,0.668,0.139,0.371,,on,-65,,2 hour NILM fridge session
2026-06-11T10:21:03.210080+00:00,2026-06-11 15:51:03,Anllia,plug_1,Tapo P110,P110,fridge,a7c73018,multi_cycle,1.0,94.311,237.759,0.668,0.139,0.371,,on,-65,,2 hour NILM fridge session
2026-06-11T10:21:04.624313+00:00,2026-06-11 15:51:04,Anllia,plug_1,Tapo P110,P110,fridge,a7c73018,multi_cycle,1.0,94.858,237.759,0.67,0.139,0.372,,on,-66,,2 hour NILM fridge session
2026-06-11T10:21:06.933445+00:00,2026-06-11 15:51:06,Anllia,plug_1,Tapo P110,P110,fridge,a7c73018,multi_cycle,1.0,95.087,236.88,0.672,0.139,0.372,,on,-66,,2 hour NILM fridge session
2026-06-11T10:21:08.247755+00:00,2026-06-11 15:51:08,Anllia,plug_1,Tapo P110,P110,fridge,a7c73018,multi_cycle,1.0,94.892,236.691,0.672,0.139,0.372,,on,-66,,2 hour NILM fridge session
2026-06-11T10:21:09.690346+00:00,2026-06-11 15:51:09,Anllia,plug_1,Tapo P110,P110,fridge,a7c73018,multi_cycle,1.0,94.938,236.691,0.673,0.139,0.372,,on,-66,,2 hour NILM fridge session
2026-06-11T10:21:10.960275+00:00,2026-06-11 15:51:10,Anllia,plug_1,Tapo P110,P110,fridge,a7c73018,multi_cycle,1.0,95.105,237.277,0.673,0.139,0.372,,on,-65,,2 hour NILM fridge session
2026-06-11T10:21:12.206056+00:00,2026-06-11 15:51:12,Anllia,plug_1,Tapo P110,P110,fridge,a7c73018,multi_cycle,1.0,94.996,237.277,0.673,0.139,0.372,,on,-65,,2 hour NILM fridge session
2026-06-11T10:21:13.638298+00:00,2026-06-11 15:51:13,Anllia,plug_1,Tapo P110,P110,fridge,a7c73018,multi_cycle,1.0,94.847,237.277,0.669,0.139,0.372,,on,-65,,2 hour NILM fridge session
2026-06-11T10:21:16.428275+00:00,2026-06-11 15:51:16,Anllia,plug_1,Tapo P110,P110,fridge,a7c73018,multi_cycle,1.0,94.825,237.507,0.667,0.139,0.372,,on,-66,,2 hour NILM fridge session
2026-06-11T10:21:17.723392+00:00,2026-06-11 15:51:17,Anllia,plug_1,Tapo P110,P110,fridge,a7c73018,multi_cycle,1.0,94.943,237.927,0.667,0.14,0.372,,on,-65,,2 hour NILM fridge session
2026-06-11T10:21:19.104604+00:00,2026-06-11 15:51:19,Anllia,plug_1,Tapo P110,P110,fridge,a7c73018,multi_cycle,1.0,94.943,237.927,0.671,0.14,0.372,,on,-65,,2 hour NILM fridge session
2026-06-11T10:21:20.431529+00:00,2026-06-11 15:51:20,Anllia,plug_1,Tapo P110,P110,fridge,a7c73018,multi_cycle,1.0,94.865,237.852,0.671,0.14,0.372,,on,-66,,2 hour NILM fridge session
2026-06-11T10:21:21.771570+00:00,2026-06-11 15:51:21,Anllia,plug_1,Tapo P110,P110,fridge,a7c73018,multi_cycle,1.0,95.058,237.852,0.67,0.14,0.372,,on,-65,,2 hour NILM fridge session
2026-06-11T10:21:23.217149+00:00,2026-06-11 15:51:23,Anllia,plug_1,Tapo P110,P110,fridge,a7c73018,multi_cycle,1.0,94.814,237.922,0.67,0.14,0.372,,on,-65,,2 hour NILM fridge session
2026-06-11T10:21:24.686902+00:00,2026-06-11 15:51:24,Anllia,plug_1,Tapo P110,P110,fridge,a7c73018,multi_cycle,1.0,94.926,237.922,0.669,0.14,0.372,,on,-66,,2 hour NILM fridge session
2026-06-11T10:21:25.974534+00:00,2026-06-11 15:51:25,Anllia,plug_1,Tapo P110,P110,fridge,a7c73018,multi_cycle,1.0,94.905,238.234,0.669,0.14,0.372,,on,-65,,2 hour NILM fridge session
2026-06-11T10:21:27.257532+00:00,2026-06-11 15:51:27,Anllia,plug_1,Tapo P110,P110,fridge,a7c73018,multi_cycle,1.0,94.856,238.234,0.669,0.14,0.372,,on,-65,,2 hour NILM fridge session
2026-06-11T10:21:28.601676+00:00,2026-06-11 15:51:28,Anllia,plug_1,Tapo P110,P110,fridge,a7c73018,multi_cycle,1.0,94.672,238.234,0.667,0.14,0.372,,on,-65,,2 hour NILM fridge session
2026-06-11T10:21:30.007785+00:00,2026-06-11 15:51:30,Anllia,plug_1,Tapo P110,P110,fridge,a7c73018,multi_cycle,1.0,94.5,238.2,0.667,0.14,0.372,,on,-65,,2 hour NILM fridge session
2026-06-11T10:21:31.369803+00:00,2026-06-11 15:51:31,Anllia,plug_1,Tapo P110,P110,fridge,a7c73018,multi_cycle,1.0,94.723,238.2,0.67,0.14,0.372,,on,-65,,2 hour NILM fridge session
2026-06-11T10:21:32.628470+00:00,2026-06-11 15:51:32,Anllia,plug_1,Tapo P110,P110,fridge,a7c73018,multi_cycle,1.0,94.406,238.723,0.67,0.14,0.372,,on,-65,,2 hour NILM fridge session
2026-06-11T10:21:34.045558+00:00,2026-06-11 15:51:34,Anllia,plug_1,Tapo P110,P110,fridge,a7c73018,multi_cycle,1.0,94.406,238.723,0.663,0.14,0.372,,on,-66,,2 hour NILM fridge session
2026-06-11T10:21:35.492510+00:00,2026-06-11 15:51:35,Anllia,plug_1,Tapo P110,P110,fridge,a7c73018,multi_cycle,1.0,94.515,237.824,0.663,0.14,0.372,,on,-66,,2 hour NILM fridge session
2026-06-11T10:21:36.751098+00:00,2026-06-11 15:51:36,Anllia,plug_1,Tapo P110,P110,fridge,a7c73018,multi_cycle,1.0,94.638,237.824,0.669,0.14,0.372,,on,-66,,2 hour NILM fridge session
2026-06-11T10:21:38.149583+00:00,2026-06-11 15:51:38,Anllia,plug_1,Tapo P110,P110,fridge,a7c73018,multi_cycle,1.0,94.847,237.946,0.669,0.14,0.372,,on,-65,,2 hour NILM fridge session
2026-06-11T10:21:39.422774+00:00,2026-06-11 15:51:39,Anllia,plug_1,Tapo P110,P110,fridge,a7c73018,multi_cycle,1.0,94.729,237.946,0.669,0.14,0.372,,on,-65,,2 hour NILM fridge session
2026-06-11T10:21:40.786275+00:00,2026-06-11 15:51:40,Anllia,plug_1,Tapo P110,P110,fridge,a7c73018,multi_cycle,1.0,95.074,237.946,0.672,0.14,0.372,,on,-65,,2 hour NILM fridge session
2026-06-11T10:21:42.062191+00:00,2026-06-11 15:51:42,Anllia,plug_1,Tapo P110,P110,fridge,a7c73018,multi_cycle,1.0,95.141,238.029,0.672,0.14,0.372,,on,-66,,2 hour NILM fridge session
2026-06-11T10:21:43.345100+00:00,2026-06-11 15:51:43,Anllia,plug_1,Tapo P110,P110,fridge,a7c73018,multi_cycle,1.0,95.046,238.029,0.672,0.14,0.373,,on,-65,,2 hour NILM fridge session
2026-06-11T10:21:44.770557+00:00,2026-06-11 15:51:44,Anllia,plug_1,Tapo P110,P110,fridge,a7c73018,multi_cycle,1.0,95.244,238.058,0.672,0.14,0.373,,on,-65,,2 hour NILM fridge session
2026-06-11T10:21:46.117709+00:00,2026-06-11 15:51:46,Anllia,plug_1,Tapo P110,P110,fridge,a7c73018,multi_cycle,1.0,95.244,238.058,0.671,0.14,0.373,,on,-66,,2 hour NILM fridge session
2026-06-11T10:21:47.375038+00:00,2026-06-11 15:51:47,Anllia,plug_1,Tapo P110,P110,fridge,a7c73018,multi_cycle,1.0,95.075,238.595,0.671,0.14,0.373,,on,-66,,2 hour NILM fridge session
2026-06-11T10:21:48.646629+00:00,2026-06-11 15:51:48,Anllia,plug_1,Tapo P110,P110,fridge,a7c73018,multi_cycle,1.0,94.95,238.595,0.667,0.14,0.373,,on,-65,,2 hour NILM fridge session
2026-06-11T10:21:50.490936+00:00,2026-06-11 15:51:50,Anllia,plug_1,Tapo P110,P110,fridge,a7c73018,multi_cycle,1.0,94.768,238.57,0.667,0.14,0.373,,on,-66,,2 hour NILM fridge session
2026-06-11T10:21:51.809837+00:00,2026-06-11 15:51:51,Anllia,plug_1,Tapo P110,P110,fridge,a7c73018,multi_cycle,1.0,94.74,238.57,0.667,0.14,0.373,,on,-65,,2 hour NILM fridge session
2026-06-11T10:21:53.156420+00:00,2026-06-11 15:51:53,Anllia,plug_1,Tapo P110,P110,fridge,a7c73018,multi_cycle,1.0,94.746,238.776,0.667,0.14,0.373,,on,-65,,2 hour NILM fridge session
2026-06-11T10:21:54.557391+00:00,2026-06-11 15:51:54,Anllia,plug_1,Tapo P110,P110,fridge,a7c73018,multi_cycle,1.0,95.086,238.776,0.667,0.141,0.373,,on,-65,,2 hour NILM fridge session
2026-06-11T10:21:55.866221+00:00,2026-06-11 15:51:55,Anllia,plug_1,Tapo P110,P110,fridge,a7c73018,multi_cycle,1.0,94.815,238.776,0.666,0.141,0.373,,on,-65,,2 hour NILM fridge session
2026-06-11T10:21:57.217114+00:00,2026-06-11 15:51:57,Anllia,plug_1,Tapo P110,P110,fridge,a7c73018,multi_cycle,1.0,94.725,238.57,0.666,0.141,0.373,,on,-65,,2 hour NILM fridge session
2026-06-11T10:21:59.213079+00:00,2026-06-11 15:51:59,Anllia,plug_1,Tapo P110,P110,fridge,a7c73018,multi_cycle,1.0,94.555,238.649,0.666,0.141,0.373,,on,-65,,2 hour NILM fridge session
2026-06-11T10:22:00.482709+00:00,2026-06-11 15:52:00,Anllia,plug_1,Tapo P110,P110,fridge,a7c73018,multi_cycle,1.0,94.554,238.649,0.666,0.141,0.373,,on,-65,,2 hour NILM fridge session
2026-06-11T10:22:01.769816+00:00,2026-06-11 15:52:01,Anllia,plug_1,Tapo P110,P110,fridge,a7c73018,multi_cycle,1.0,94.534,238.649,0.67,0.141,0.373,,on,-65,,2 hour NILM fridge session
2026-06-11T10:22:03.139046+00:00,2026-06-11 15:52:03,Anllia,plug_1,Tapo P110,P110,fridge,a7c73018,multi_cycle,1.0,94.62,239.145,0.67,0.141,0.373,,on,-65,,2 hour NILM fridge session
2026-06-11T10:22:04.467724+00:00,2026-06-11 15:52:04,Anllia,plug_1,Tapo P110,P110,fridge,a7c73018,multi_cycle,1.0,94.653,239.145,0.668,0.141,0.373,,on,-65,,2 hour NILM fridge session
2026-06-11T10:22:05.729037+00:00,2026-06-11 15:52:05,Anllia,plug_1,Tapo P110,P110,fridge,a7c73018,multi_cycle,1.0,94.629,238.889,0.668,0.141,0.373,,on,-65,,2 hour NILM fridge session
2026-06-11T10:22:06.985993+00:00,2026-06-11 15:52:06,Anllia,plug_1,Tapo P110,P110,fridge,a7c73018,multi_cycle,1.0,94.629,238.889,0.67,0.141,0.373,,on,-66,,2 hour NILM fridge session
2026-06-11T10:22:08.234925+00:00,2026-06-11 15:52:08,Anllia,plug_1,Tapo P110,P110,fridge,a7c73018,multi_cycle,1.0,95.046,238.782,0.67,0.141,0.373,,on,-65,,2 hour NILM fridge session
2026-06-11T10:22:09.585909+00:00,2026-06-11 15:52:09,Anllia,plug_1,Tapo P110,P110,fridge,a7c73018,multi_cycle,1.0,94.802,238.782,0.67,0.141,0.373,,on,-65,,2 hour NILM fridge session
2026-06-11T10:22:10.850175+00:00,2026-06-11 15:52:10,Anllia,plug_1,Tapo P110,P110,fridge,a7c73018,multi_cycle,1.0,94.601,238.782,0.669,0.141,0.373,,on,-65,,2 hour NILM fridge session
2026-06-11T10:22:12.166782+00:00,2026-06-11 15:52:12,Anllia,plug_1,Tapo P110,P110,fridge,a7c73018,multi_cycle,1.0,94.542,238.661,0.669,0.141,0.373,,on,-65,,2 hour NILM fridge session
2026-06-11T10:22:13.530833+00:00,2026-06-11 15:52:13,Anllia,plug_1,Tapo P110,P110,fridge,a7c73018,multi_cycle,1.0,94.477,238.661,0.669,0.141,0.373,,on,-65,,2 hour NILM fridge session
2026-06-11T10:22:14.930917+00:00,2026-06-11 15:52:14,Anllia,plug_1,Tapo P110,P110,fridge,a7c73018,multi_cycle,1.0,94.602,238.398,0.669,0.141,0.373,,on,-65,,2 hour NILM fridge session
2026-06-11T10:22:16.340789+00:00,2026-06-11 15:52:16,Anllia,plug_1,Tapo P110,P110,fridge,a7c73018,multi_cycle,1.0,93.844,238.398,0.669,0.141,0.373,,on,-66,,2 hour NILM fridge session
2026-06-11T10:22:17.606094+00:00,2026-06-11 15:52:17,Anllia,plug_1,Tapo P110,P110,fridge,a7c73018,multi_cycle,1.0,93.844,237.505,0.669,0.141,0.373,,on,-66,,2 hour NILM fridge session
2026-06-11T10:22:18.956872+00:00,2026-06-11 15:52:18,Anllia,plug_1,Tapo P110,P110,fridge,a7c73018,multi_cycle,1.0,94.731,237.505,0.673,0.141,0.373,,on,-65,,2 hour NILM fridge session
2026-06-11T10:22:20.285737+00:00,2026-06-11 15:52:20,Anllia,plug_1,Tapo P110,P110,fridge,a7c73018,multi_cycle,1.0,94.656,237.924,0.673,0.141,0.373,,on,-65,,2 hour NILM fridge session
2026-06-11T10:22:21.664624+00:00,2026-06-11 15:52:21,Anllia,plug_1,Tapo P110,P110,fridge,a7c73018,multi_cycle,1.0,94.771,237.924,0.673,0.141,0.374,,on,-65,,2 hour NILM fridge session
2026-06-11T10:22:23.003140+00:00,2026-06-11 15:52:23,Anllia,plug_1,Tapo P110,P110,fridge,a7c73018,multi_cycle,1.0,94.77,237.924,0.674,0.141,0.374,,on,-65,,2 hour NILM fridge session
2026-06-11T10:22:24.651465+00:00,2026-06-11 15:52:24,Anllia,plug_1,Tapo P110,P110,fridge,a7c73018,multi_cycle,1.0,94.612,237.972,0.674,0.141,0.374,,on,-65,,2 hour NILM fridge session
2026-06-11T10:22:25.929312+00:00,2026-06-11 15:52:25,Anllia,plug_1,Tapo P110,P110,fridge,a7c73018,multi_cycle,1.0,94.529,237.972,0.672,0.141,0.374,,on,-65,,2 hour NILM fridge session
2026-06-11T10:22:27.177022+00:00,2026-06-11 15:52:27,Anllia,plug_1,Tapo P110,P110,fridge,a7c73018,multi_cycle,1.0,94.484,237.806,0.672,0.141,0.374,,on,-65,,2 hour NILM fridge session
2026-06-11T10:22:28.472158+00:00,2026-06-11 15:52:28,Anllia,plug_1,Tapo P110,P110,fridge,a7c73018,multi_cycle,1.0,94.556,237.806,0.674,0.141,0.374,,on,-65,,2 hour NILM fridge session
2026-06-11T10:22:29.754504+00:00,2026-06-11 15:52:29,Anllia,plug_1,Tapo P110,P110,fridge,a7c73018,multi_cycle,1.0,94.556,237.575,0.674,0.141,0.374,,on,-65,,2 hour NILM fridge session
2026-06-11T10:22:31.020508+00:00,2026-06-11 15:52:31,Anllia,plug_1,Tapo P110,P110,fridge,a7c73018,multi_cycle,1.0,94.7,237.575,0.672,0.141,0.374,,on,-65,,2 hour NILM fridge session
2026-06-11T10:22:32.344756+00:00,2026-06-11 15:52:32,Anllia,plug_1,Tapo P110,P110,fridge,a7c73018,multi_cycle,1.0,94.314,237.575,0.672,0.142,0.374,,on,-65,,2 hour NILM fridge session
2026-06-11T10:22:33.727172+00:00,2026-06-11 15:52:33,Anllia,plug_1,Tapo P110,P110,fridge,a7c73018,multi_cycle,1.0,94.254,238.166,0.672,0.142,0.374,,on,-65,,2 hour NILM fridge session
2026-06-11T10:22:34.984499+00:00,2026-06-11 15:52:34,Anllia,plug_1,Tapo P110,P110,fridge,a7c73018,multi_cycle,1.0,94.513,238.166,0.672,0.142,0.374,,on,-65,,2 hour NILM fridge session
2026-06-11T10:22:36.241459+00:00,2026-06-11 15:52:36,Anllia,plug_1,Tapo P110,P110,fridge,a7c73018,multi_cycle,1.0,94.452,238.277,0.672,0.142,0.374,,on,-65,,2 hour NILM fridge session
2026-06-11T10:22:37.580459+00:00,2026-06-11 15:52:37,Anllia,plug_1,Tapo P110,P110,fridge,a7c73018,multi_cycle,1.0,94.668,238.277,0.674,0.142,0.374,,on,-66,,2 hour NILM fridge session
2026-06-11T10:22:39.011310+00:00,2026-06-11 15:52:39,Anllia,plug_1,Tapo P110,P110,fridge,a7c73018,multi_cycle,1.0,94.644,238.346,0.674,0.142,0.374,,on,-65,,2 hour NILM fridge session
2026-06-11T10:22:40.294354+00:00,2026-06-11 15:52:40,Anllia,plug_1,Tapo P110,P110,fridge,a7c73018,multi_cycle,1.0,94.644,238.346,0.671,0.142,0.374,,on,-65,,2 hour NILM fridge session
2026-06-11T10:22:41.546237+00:00,2026-06-11 15:52:41,Anllia,plug_1,Tapo P110,P110,fridge,a7c73018,multi_cycle,1.0,94.53,238.329,0.671,0.142,0.374,,on,-65,,2 hour NILM fridge session
2026-06-11T10:22:42.843891+00:00,2026-06-11 15:52:42,Anllia,plug_1,Tapo P110,P110,fridge,a7c73018,multi_cycle,1.0,94.496,238.329,0.671,0.142,0.374,,on,-65,,2 hour NILM fridge session
2026-06-11T10:22:44.919570+00:00,2026-06-11 15:52:44,Anllia,plug_1,Tapo P110,P110,fridge,a7c73018,multi_cycle,1.0,94.551,237.996,0.671,0.142,0.374,,on,-66,,2 hour NILM fridge session
2026-06-11T10:22:46.180765+00:00,2026-06-11 15:52:46,Anllia,plug_1,Tapo P110,P110,fridge,a7c73018,multi_cycle,1.0,94.425,237.996,0.671,0.142,0.374,,on,-65,,2 hour NILM fridge session
2026-06-11T10:22:47.551076+00:00,2026-06-11 15:52:47,Anllia,plug_1,Tapo P110,P110,fridge,a7c73018,multi_cycle,1.0,94.554,237.868,0.671,0.142,0.374,,on,-65,,2 hour NILM fridge session
2026-06-11T10:22:48.816973+00:00,2026-06-11 15:52:48,Anllia,plug_1,Tapo P110,P110,fridge,a7c73018,multi_cycle,1.0,94.52,237.868,0.671,0.142,0.374,,on,-65,,2 hour NILM fridge session
2026-06-11T10:22:50.099606+00:00,2026-06-11 15:52:50,Anllia,plug_1,Tapo P110,P110,fridge,a7c73018,multi_cycle,1.0,94.459,237.868,0.672,0.142,0.374,,on,-65,,2 hour NILM fridge session
2026-06-11T10:22:51.498798+00:00,2026-06-11 15:52:51,Anllia,plug_1,Tapo P110,P110,fridge,a7c73018,multi_cycle,1.0,94.761,237.906,0.672,0.142,0.374,,on,-65,,2 hour NILM fridge session
2026-06-11T10:22:53.325901+00:00,2026-06-11 15:52:53,Anllia,plug_1,Tapo P110,P110,fridge,a7c73018,multi_cycle,1.0,94.536,237.906,0.672,0.142,0.374,,on,-65,,2 hour NILM fridge session
2026-06-11T10:22:54.642295+00:00,2026-06-11 15:52:54,Anllia,plug_1,Tapo P110,P110,fridge,a7c73018,multi_cycle,1.0,94.558,237.888,0.672,0.142,0.374,,on,-66,,2 hour NILM fridge session
2026-06-11T10:22:55.911505+00:00,2026-06-11 15:52:55,Anllia,plug_1,Tapo P110,P110,fridge,a7c73018,multi_cycle,1.0,94.552,237.888,0.672,0.142,0.374,,on,-65,,2 hour NILM fridge session
2026-06-11T10:22:57.274721+00:00,2026-06-11 15:52:57,Anllia,plug_1,Tapo P110,P110,fridge,a7c73018,multi_cycle,1.0,94.406,237.908,0.672,0.142,0.374,,on,-66,,2 hour NILM fridge session
2026-06-11T10:22:58.545244+00:00,2026-06-11 15:52:58,Anllia,plug_1,Tapo P110,P110,fridge,a7c73018,multi_cycle,1.0,94.406,237.908,0.671,0.142,0.375,,on,-65,,2 hour NILM fridge session
2026-06-11T10:22:59.842451+00:00,2026-06-11 15:52:59,Anllia,plug_1,Tapo P110,P110,fridge,a7c73018,multi_cycle,1.0,94.382,237.995,0.671,0.142,0.375,,on,-65,,2 hour NILM fridge session
2026-06-11T10:23:01.120427+00:00,2026-06-11 15:53:01,Anllia,plug_1,Tapo P110,P110,fridge,a7c73018,multi_cycle,1.0,94.23,237.995,0.67,0.142,0.375,,on,-65,,2 hour NILM fridge session
2026-06-11T10:23:02.364898+00:00,2026-06-11 15:53:02,Anllia,plug_1,Tapo P110,P110,fridge,a7c73018,multi_cycle,1.0,94.194,237.995,0.67,0.142,0.375,,on,-65,,2 hour NILM fridge session
2026-06-11T10:23:03.938358+00:00,2026-06-11 15:53:03,Anllia,plug_1,Tapo P110,P110,fridge,a7c73018,multi_cycle,1.0,94.411,237.915,0.67,0.142,0.375,,on,-66,,2 hour NILM fridge session
2026-06-11T10:23:05.185382+00:00,2026-06-11 15:53:05,Anllia,plug_1,Tapo P110,P110,fridge,a7c73018,multi_cycle,1.0,94.277,237.915,0.671,0.142,0.375,,on,-66,,2 hour NILM fridge session
2026-06-11T10:23:06.543166+00:00,2026-06-11 15:53:06,Anllia,plug_1,Tapo P110,P110,fridge,a7c73018,multi_cycle,1.0,94.46,237.864,0.671,0.142,0.375,,on,-66,,2 hour NILM fridge session
2026-06-11T10:23:07.987302+00:00,2026-06-11 15:53:07,Anllia,plug_1,Tapo P110,P110,fridge,a7c73018,multi_cycle,1.0,94.356,237.864,0.674,0.142,0.375,,on,-66,,2 hour NILM fridge session
2026-06-11T10:23:09.284862+00:00,2026-06-11 15:53:09,Anllia,plug_1,Tapo P110,P110,fridge,a7c73018,multi_cycle,1.0,94.294,237.719,0.674,0.142,0.375,,on,-66,,2 hour NILM fridge session
2026-06-11T10:23:10.628550+00:00,2026-06-11 15:53:10,Anllia,plug_1,Tapo P110,P110,fridge,a7c73018,multi_cycle,1.0,94.294,237.719,0.673,0.143,0.375,,on,-65,,2 hour NILM fridge session
2026-06-11T10:23:11.873270+00:00,2026-06-11 15:53:11,Anllia,plug_1,Tapo P110,P110,fridge,a7c73018,multi_cycle,1.0,94.29,237.516,0.673,0.143,0.375,,on,-65,,2 hour NILM fridge session
2026-06-11T10:23:13.153010+00:00,2026-06-11 15:53:13,Anllia,plug_1,Tapo P110,P110,fridge,a7c73018,multi_cycle,1.0,94.128,237.516,0.673,0.143,0.375,,on,-65,,2 hour NILM fridge session
2026-06-11T10:23:14.496018+00:00,2026-06-11 15:53:14,Anllia,plug_1,Tapo P110,P110,fridge,a7c73018,multi_cycle,1.0,94.084,237.516,0.673,0.143,0.375,,on,-65,,2 hour NILM fridge session
2026-06-11T10:23:15.906721+00:00,2026-06-11 15:53:15,Anllia,plug_1,Tapo P110,P110,fridge,a7c73018,multi_cycle,1.0,94.237,237.371,0.673,0.143,0.375,,on,-65,,2 hour NILM fridge session
2026-06-11T10:23:17.215093+00:00,2026-06-11 15:53:17,Anllia,plug_1,Tapo P110,P110,fridge,a7c73018,multi_cycle,1.0,94.309,237.371,0.675,0.143,0.375,,on,-65,,2 hour NILM fridge session
2026-06-11T10:23:18.503651+00:00,2026-06-11 15:53:18,Anllia,plug_1,Tapo P110,P110,fridge,a7c73018,multi_cycle,1.0,94.278,237.372,0.675,0.143,0.375,,on,-65,,2 hour NILM fridge session
2026-06-11T10:23:19.997692+00:00,2026-06-11 15:53:19,Anllia,plug_1,Tapo P110,P110,fridge,a7c73018,multi_cycle,1.0,94.065,237.372,0.673,0.143,0.375,,on,-65,,2 hour NILM fridge session
2026-06-11T10:23:21.374561+00:00,2026-06-11 15:53:21,Anllia,plug_1,Tapo P110,P110,fridge,a7c73018,multi_cycle,1.0,94.349,237.442,0.673,0.143,0.375,,on,-65,,2 hour NILM fridge session
2026-06-11T10:23:22.774463+00:00,2026-06-11 15:53:22,Anllia,plug_1,Tapo P110,P110,fridge,a7c73018,multi_cycle,1.0,94.349,237.442,0.673,0.143,0.375,,on,-65,,2 hour NILM fridge session
2026-06-11T10:23:24.123634+00:00,2026-06-11 15:53:24,Anllia,plug_1,Tapo P110,P110,fridge,a7c73018,multi_cycle,1.0,94.675,238.247,0.673,0.143,0.375,,on,-65,,2 hour NILM fridge session
2026-06-11T10:23:25.569866+00:00,2026-06-11 15:53:25,Anllia,plug_1,Tapo P110,P110,fridge,a7c73018,multi_cycle,1.0,94.013,238.247,0.673,0.143,0.375,,on,-65,,2 hour NILM fridge session
2026-06-11T10:23:26.840554+00:00,2026-06-11 15:53:26,Anllia,plug_1,Tapo P110,P110,fridge,a7c73018,multi_cycle,1.0,94.389,238.218,0.673,0.143,0.375,,on,-65,,2 hour NILM fridge session
2026-06-11T10:23:28.154748+00:00,2026-06-11 15:53:28,Anllia,plug_1,Tapo P110,P110,fridge,a7c73018,multi_cycle,1.0,94.318,238.218,0.672,0.143,0.375,,on,-65,,2 hour NILM fridge session
2026-06-11T10:23:29.398619+00:00,2026-06-11 15:53:29,Anllia,plug_1,Tapo P110,P110,fridge,a7c73018,multi_cycle,1.0,94.11,238.218,0.672,0.143,0.375,,on,-65,,2 hour NILM fridge session
2026-06-11T10:23:30.704906+00:00,2026-06-11 15:53:30,Anllia,plug_1,Tapo P110,P110,fridge,a7c73018,multi_cycle,1.0,94.366,238.005,0.672,0.143,0.375,,on,-65,,2 hour NILM fridge session
2026-06-11T10:23:31.990897+00:00,2026-06-11 15:53:31,Anllia,plug_1,Tapo P110,P110,fridge,a7c73018,multi_cycle,1.0,94.27,238.005,0.674,0.143,0.375,,on,-65,,2 hour NILM fridge session
2026-06-11T10:23:33.336888+00:00,2026-06-11 15:53:33,Anllia,plug_1,Tapo P110,P110,fridge,a7c73018,multi_cycle,1.0,94.438,238.311,0.674,0.143,0.375,,on,-66,,2 hour NILM fridge session
2026-06-11T10:23:34.620765+00:00,2026-06-11 15:53:34,Anllia,plug_1,Tapo P110,P110,fridge,a7c73018,multi_cycle,1.0,94.438,238.311,0.674,0.143,0.375,,on,-65,,2 hour NILM fridge session
2026-06-11T10:23:35.878481+00:00,2026-06-11 15:53:35,Anllia,plug_1,Tapo P110,P110,fridge,a7c73018,multi_cycle,1.0,93.931,238.461,0.674,0.143,0.375,,on,-65,,2 hour NILM fridge session
2026-06-11T10:23:37.306906+00:00,2026-06-11 15:53:37,Anllia,plug_1,Tapo P110,P110,fridge,a7c73018,multi_cycle,1.0,93.829,238.461,0.671,0.143,0.376,,on,-65,,2 hour NILM fridge session
2026-06-11T10:23:38.560233+00:00,2026-06-11 15:53:38,Anllia,plug_1,Tapo P110,P110,fridge,a7c73018,multi_cycle,1.0,93.764,238.461,0.671,0.143,0.376,,on,-65,,2 hour NILM fridge session
2026-06-11T10:23:39.808039+00:00,2026-06-11 15:53:39,Anllia,plug_1,Tapo P110,P110,fridge,a7c73018,multi_cycle,1.0,93.851,238.774,0.671,0.143,0.376,,on,-66,,2 hour NILM fridge session
2026-06-11T10:23:41.139511+00:00,2026-06-11 15:53:41,Anllia,plug_1,Tapo P110,P110,fridge,a7c73018,multi_cycle,1.0,93.927,238.774,0.671,0.143,0.376,,on,-65,,2 hour NILM fridge session
2026-06-11T10:23:42.495826+00:00,2026-06-11 15:53:42,Anllia,plug_1,Tapo P110,P110,fridge,a7c73018,multi_cycle,1.0,93.988,238.821,0.671,0.143,0.376,,on,-65,,2 hour NILM fridge session
2026-06-11T10:23:43.810885+00:00,2026-06-11 15:53:43,Anllia,plug_1,Tapo P110,P110,fridge,a7c73018,multi_cycle,1.0,93.988,238.821,0.675,0.143,0.376,,on,-65,,2 hour NILM fridge session
2026-06-11T10:23:45.123636+00:00,2026-06-11 15:53:45,Anllia,plug_1,Tapo P110,P110,fridge,a7c73018,multi_cycle,1.0,94.403,238.632,0.675,0.143,0.376,,on,-65,,2 hour NILM fridge session
2026-06-11T10:23:48.319387+00:00,2026-06-11 15:53:48,Anllia,plug_1,Tapo P110,P110,fridge,a7c73018,multi_cycle,1.0,94.533,238.632,0.678,0.143,0.376,,on,-65,,2 hour NILM fridge session
2026-06-11T10:23:49.657339+00:00,2026-06-11 15:53:49,Anllia,plug_1,Tapo P110,P110,fridge,a7c73018,multi_cycle,1.0,94.259,238.751,0.674,0.144,0.376,,on,-65,,2 hour NILM fridge session
2026-06-11T10:23:50.919999+00:00,2026-06-11 15:53:50,Anllia,plug_1,Tapo P110,P110,fridge,a7c73018,multi_cycle,1.0,93.851,238.85,0.674,0.144,0.376,,on,-65,,2 hour NILM fridge session
2026-06-11T10:23:52.178695+00:00,2026-06-11 15:53:52,Anllia,plug_1,Tapo P110,P110,fridge,a7c73018,multi_cycle,1.0,93.984,238.85,0.674,0.144,0.376,,on,-65,,2 hour NILM fridge session
2026-06-11T10:23:53.521258+00:00,2026-06-11 15:53:53,Anllia,plug_1,Tapo P110,P110,fridge,a7c73018,multi_cycle,1.0,94.034,238.85,0.675,0.144,0.376,,on,-65,,2 hour NILM fridge session
2026-06-11T10:23:54.790567+00:00,2026-06-11 15:53:54,Anllia,plug_1,Tapo P110,P110,fridge,a7c73018,multi_cycle,1.0,94.232,239.332,0.675,0.144,0.376,,on,-65,,2 hour NILM fridge session
2026-06-11T10:23:56.045350+00:00,2026-06-11 15:53:56,Anllia,plug_1,Tapo P110,P110,fridge,a7c73018,multi_cycle,1.0,94.039,239.332,0.672,0.144,0.376,,on,-65,,2 hour NILM fridge session
2026-06-11T10:23:57.388396+00:00,2026-06-11 15:53:57,Anllia,plug_1,Tapo P110,P110,fridge,a7c73018,multi_cycle,1.0,94.039,238.886,0.672,0.144,0.376,,on,-66,,2 hour NILM fridge session
2026-06-11T10:23:58.634092+00:00,2026-06-11 15:53:58,Anllia,plug_1,Tapo P110,P110,fridge,a7c73018,multi_cycle,1.0,94.374,238.886,0.674,0.144,0.376,,on,-65,,2 hour NILM fridge session
2026-06-11T10:23:59.880449+00:00,2026-06-11 15:53:59,Anllia,plug_1,Tapo P110,P110,fridge,a7c73018,multi_cycle,1.0,94.246,239.091,0.674,0.144,0.376,,on,-65,,2 hour NILM fridge session
2026-06-11T10:24:01.222780+00:00,2026-06-11 15:54:01,Anllia,plug_1,Tapo P110,P110,fridge,a7c73018,multi_cycle,1.0,94.271,239.091,0.674,0.144,0.376,,on,-65,,2 hour NILM fridge session
2026-06-11T10:24:02.489465+00:00,2026-06-11 15:54:02,Anllia,plug_1,Tapo P110,P110,fridge,a7c73018,multi_cycle,1.0,94.143,239.091,0.674,0.144,0.376,,on,-65,,2 hour NILM fridge session
2026-06-11T10:24:03.855486+00:00,2026-06-11 15:54:03,Anllia,plug_1,Tapo P110,P110,fridge,a7c73018,multi_cycle,1.0,94.259,239.108,0.674,0.144,0.376,,on,-65,,2 hour NILM fridge session
2026-06-11T10:24:05.226014+00:00,2026-06-11 15:54:05,Anllia,plug_1,Tapo P110,P110,fridge,a7c73018,multi_cycle,1.0,94.379,239.108,0.676,0.144,0.376,,on,-66,,2 hour NILM fridge session
2026-06-11T10:24:06.477947+00:00,2026-06-11 15:54:06,Anllia,plug_1,Tapo P110,P110,fridge,a7c73018,multi_cycle,1.0,94.091,239.029,0.676,0.144,0.376,,on,-65,,2 hour NILM fridge session
2026-06-11T10:24:07.770877+00:00,2026-06-11 15:54:07,Anllia,plug_1,Tapo P110,P110,fridge,a7c73018,multi_cycle,1.0,94.091,239.029,0.675,0.144,0.376,,on,-65,,2 hour NILM fridge session
2026-06-11T10:24:09.016268+00:00,2026-06-11 15:54:09,Anllia,plug_1,Tapo P110,P110,fridge,a7c73018,multi_cycle,1.0,94.455,238.743,0.675,0.144,0.376,,on,-66,,2 hour NILM fridge session
2026-06-11T10:24:10.328826+00:00,2026-06-11 15:54:10,Anllia,plug_1,Tapo P110,P110,fridge,a7c73018,multi_cycle,1.0,94.319,238.743,0.675,0.144,0.376,,on,-65,,2 hour NILM fridge session
2026-06-11T10:24:11.636338+00:00,2026-06-11 15:54:11,Anllia,plug_1,Tapo P110,P110,fridge,a7c73018,multi_cycle,1.0,94.128,238.743,0.675,0.144,0.376,,on,-65,,2 hour NILM fridge session
2026-06-11T10:24:12.880730+00:00,2026-06-11 15:54:12,Anllia,plug_1,Tapo P110,P110,fridge,a7c73018,multi_cycle,1.0,94.273,238.738,0.675,0.144,0.376,,on,-65,,2 hour NILM fridge session
2026-06-11T10:24:14.129800+00:00,2026-06-11 15:54:14,Anllia,plug_1,Tapo P110,P110,fridge,a7c73018,multi_cycle,1.0,94.271,238.738,0.675,0.144,0.376,,on,-65,,2 hour NILM fridge session
2026-06-11T10:24:15.566536+00:00,2026-06-11 15:54:15,Anllia,plug_1,Tapo P110,P110,fridge,a7c73018,multi_cycle,1.0,94.271,238.625,0.675,0.144,0.377,,on,-65,,2 hour NILM fridge session
2026-06-11T10:24:16.822047+00:00,2026-06-11 15:54:16,Anllia,plug_1,Tapo P110,P110,fridge,a7c73018,multi_cycle,1.0,94.255,238.625,0.671,0.144,0.377,,on,-66,,2 hour NILM fridge session
2026-06-11T10:24:18.071356+00:00,2026-06-11 15:54:18,Anllia,plug_1,Tapo P110,P110,fridge,a7c73018,multi_cycle,1.0,94.07,238.674,0.671,0.144,0.377,,on,-65,,2 hour NILM fridge session
2026-06-11T10:24:19.355413+00:00,2026-06-11 15:54:19,Anllia,plug_1,Tapo P110,P110,fridge,a7c73018,multi_cycle,1.0,94.087,238.674,0.671,0.144,0.377,,on,-65,,2 hour NILM fridge session
2026-06-11T10:24:20.677668+00:00,2026-06-11 15:54:20,Anllia,plug_1,Tapo P110,P110,fridge,a7c73018,multi_cycle,1.0,94.033,238.674,0.671,0.144,0.377,,on,-65,,2 hour NILM fridge session
2026-06-11T10:24:21.986982+00:00,2026-06-11 15:54:21,Anllia,plug_1,Tapo P110,P110,fridge,a7c73018,multi_cycle,1.0,94.061,238.723,0.671,0.144,0.377,,on,-65,,2 hour NILM fridge session
2026-06-11T10:24:23.302926+00:00,2026-06-11 15:54:23,Anllia,plug_1,Tapo P110,P110,fridge,a7c73018,multi_cycle,1.0,93.9,238.723,0.671,0.144,0.377,,on,-65,,2 hour NILM fridge session
2026-06-11T10:24:24.570360+00:00,2026-06-11 15:54:24,Anllia,plug_1,Tapo P110,P110,fridge,a7c73018,multi_cycle,1.0,93.9,238.775,0.671,0.144,0.377,,on,-65,,2 hour NILM fridge session
2026-06-11T10:24:25.822687+00:00,2026-06-11 15:54:25,Anllia,plug_1,Tapo P110,P110,fridge,a7c73018,multi_cycle,1.0,93.984,238.775,0.672,0.145,0.377,,on,-65,,2 hour NILM fridge session
2026-06-11T10:24:27.067238+00:00,2026-06-11 15:54:27,Anllia,plug_1,Tapo P110,P110,fridge,a7c73018,multi_cycle,1.0,94.028,238.683,0.672,0.145,0.377,,on,-65,,2 hour NILM fridge session
2026-06-11T10:24:28.403057+00:00,2026-06-11 15:54:28,Anllia,plug_1,Tapo P110,P110,fridge,a7c73018,multi_cycle,1.0,93.982,238.683,0.672,0.145,0.377,,on,-65,,2 hour NILM fridge session
2026-06-11T10:24:29.669852+00:00,2026-06-11 15:54:29,Anllia,plug_1,Tapo P110,P110,fridge,a7c73018,multi_cycle,1.0,94.053,238.683,0.672,0.145,0.377,,on,-65,,2 hour NILM fridge session
2026-06-11T10:24:30.915120+00:00,2026-06-11 15:54:30,Anllia,plug_1,Tapo P110,P110,fridge,a7c73018,multi_cycle,1.0,94.15,238.952,0.672,0.145,0.377,,on,-65,,2 hour NILM fridge session
2026-06-11T10:24:32.165096+00:00,2026-06-11 15:54:32,Anllia,plug_1,Tapo P110,P110,fridge,a7c73018,multi_cycle,1.0,94.179,238.952,0.675,0.145,0.377,,on,-65,,2 hour NILM fridge session
2026-06-11T10:24:33.452877+00:00,2026-06-11 15:54:33,Anllia,plug_1,Tapo P110,P110,fridge,a7c73018,multi_cycle,1.0,94.179,238.983,0.675,0.145,0.377,,on,-65,,2 hour NILM fridge session
2026-06-11T10:24:34.697230+00:00,2026-06-11 15:54:34,Anllia,plug_1,Tapo P110,P110,fridge,a7c73018,multi_cycle,1.0,93.812,238.983,0.678,0.145,0.377,,on,-66,,2 hour NILM fridge session
2026-06-11T10:24:35.958965+00:00,2026-06-11 15:54:35,Anllia,plug_1,Tapo P110,P110,fridge,a7c73018,multi_cycle,1.0,94.054,238.983,0.678,0.145,0.377,,on,-66,,2 hour NILM fridge session
2026-06-11T10:24:37.207327+00:00,2026-06-11 15:54:37,Anllia,plug_1,Tapo P110,P110,fridge,a7c73018,multi_cycle,1.0,94.309,238.676,0.678,0.145,0.377,,on,-65,,2 hour NILM fridge session
2026-06-11T10:24:38.601939+00:00,2026-06-11 15:54:38,Anllia,plug_1,Tapo P110,P110,fridge,a7c73018,multi_cycle,1.0,94.098,238.676,0.673,0.145,0.377,,on,-66,,2 hour NILM fridge session
2026-06-11T10:24:39.868981+00:00,2026-06-11 15:54:39,Anllia,plug_1,Tapo P110,P110,fridge,a7c73018,multi_cycle,1.0,94.403,238.757,0.673,0.145,0.377,,on,-65,,2 hour NILM fridge session
2026-06-11T10:24:41.135908+00:00,2026-06-11 15:54:41,Anllia,plug_1,Tapo P110,P110,fridge,a7c73018,multi_cycle,1.0,94.403,238.757,0.674,0.145,0.377,,on,-66,,2 hour NILM fridge session
2026-06-11T10:24:42.425307+00:00,2026-06-11 15:54:42,Anllia,plug_1,Tapo P110,P110,fridge,a7c73018,multi_cycle,1.0,94.0,239.344,0.674,0.145,0.377,,on,-65,,2 hour NILM fridge session
2026-06-11T10:24:43.737115+00:00,2026-06-11 15:54:43,Anllia,plug_1,Tapo P110,P110,fridge,a7c73018,multi_cycle,1.0,93.978,239.344,0.666,0.145,0.377,,on,-65,,2 hour NILM fridge session
2026-06-11T10:24:44.986742+00:00,2026-06-11 15:54:44,Anllia,plug_1,Tapo P110,P110,fridge,a7c73018,multi_cycle,1.0,94.146,239.344,0.666,0.145,0.377,,on,-65,,2 hour NILM fridge session
2026-06-11T10:24:46.233179+00:00,2026-06-11 15:54:46,Anllia,plug_1,Tapo P110,P110,fridge,a7c73018,multi_cycle,1.0,94.046,239.635,0.666,0.145,0.377,,on,-65,,2 hour NILM fridge session
2026-06-11T10:24:47.517286+00:00,2026-06-11 15:54:47,Anllia,plug_1,Tapo P110,P110,fridge,a7c73018,multi_cycle,1.0,94.235,239.635,0.671,0.145,0.377,,on,-65,,2 hour NILM fridge session
2026-06-11T10:24:48.762182+00:00,2026-06-11 15:54:48,Anllia,plug_1,Tapo P110,P110,fridge,a7c73018,multi_cycle,1.0,94.054,239.766,0.671,0.145,0.377,,on,-65,,2 hour NILM fridge session
2026-06-11T10:24:50.043458+00:00,2026-06-11 15:54:50,Anllia,plug_1,Tapo P110,P110,fridge,a7c73018,multi_cycle,1.0,94.054,239.766,0.67,0.145,0.377,,on,-65,,2 hour NILM fridge session
2026-06-11T10:24:51.351466+00:00,2026-06-11 15:54:51,Anllia,plug_1,Tapo P110,P110,fridge,a7c73018,multi_cycle,1.0,94.358,239.779,0.67,0.145,0.377,,on,-65,,2 hour NILM fridge session
2026-06-11T10:24:52.620633+00:00,2026-06-11 15:54:52,Anllia,plug_1,Tapo P110,P110,fridge,a7c73018,multi_cycle,1.0,94.208,239.779,0.67,0.145,0.377,,on,-65,,2 hour NILM fridge session
2026-06-11T10:24:53.863744+00:00,2026-06-11 15:54:53,Anllia,plug_1,Tapo P110,P110,fridge,a7c73018,multi_cycle,1.0,94.234,239.779,0.67,0.145,0.378,,on,-65,,2 hour NILM fridge session
2026-06-11T10:24:55.108637+00:00,2026-06-11 15:54:55,Anllia,plug_1,Tapo P110,P110,fridge,a7c73018,multi_cycle,1.0,93.969,239.902,0.67,0.145,0.378,,on,-65,,2 hour NILM fridge session
2026-06-11T10:24:56.493081+00:00,2026-06-11 15:54:56,Anllia,plug_1,Tapo P110,P110,fridge,a7c73018,multi_cycle,1.0,94.283,239.902,0.669,0.145,0.378,,on,-65,,2 hour NILM fridge session
2026-06-11T10:24:57.782055+00:00,2026-06-11 15:54:57,Anllia,plug_1,Tapo P110,P110,fridge,a7c73018,multi_cycle,1.0,94.283,239.909,0.669,0.145,0.378,,on,-65,,2 hour NILM fridge session
2026-06-11T10:24:59.044774+00:00,2026-06-11 15:54:59,Anllia,plug_1,Tapo P110,P110,fridge,a7c73018,multi_cycle,1.0,94.292,239.909,0.672,0.145,0.378,,on,-65,,2 hour NILM fridge session
2026-06-11T10:25:00.399819+00:00,2026-06-11 15:55:00,Anllia,plug_1,Tapo P110,P110,fridge,a7c73018,multi_cycle,1.0,94.412,240.376,0.672,0.145,0.378,,on,-65,,2 hour NILM fridge session
2026-06-11T10:25:01.667334+00:00,2026-06-11 15:55:01,Anllia,plug_1,Tapo P110,P110,fridge,a7c73018,multi_cycle,1.0,94.092,240.376,0.672,0.145,0.378,,on,-65,,2 hour NILM fridge session
2026-06-11T10:25:02.915649+00:00,2026-06-11 15:55:02,Anllia,plug_1,Tapo P110,P110,fridge,a7c73018,multi_cycle,1.0,94.334,240.376,0.668,0.145,0.378,,on,-65,,2 hour NILM fridge session
2026-06-11T10:25:04.264382+00:00,2026-06-11 15:55:04,Anllia,plug_1,Tapo P110,P110,fridge,a7c73018,multi_cycle,1.0,94.231,240.433,0.668,0.146,0.378,,on,-65,,2 hour NILM fridge session
2026-06-11T10:25:05.532838+00:00,2026-06-11 15:55:05,Anllia,plug_1,Tapo P110,P110,fridge,a7c73018,multi_cycle,1.0,94.065,240.433,0.667,0.146,0.378,,on,-65,,2 hour NILM fridge session
2026-06-11T10:25:06.781677+00:00,2026-06-11 15:55:06,Anllia,plug_1,Tapo P110,P110,fridge,a7c73018,multi_cycle,1.0,94.065,240.44,0.667,0.146,0.378,,on,-65,,2 hour NILM fridge session
2026-06-11T10:25:08.035471+00:00,2026-06-11 15:55:08,Anllia,plug_1,Tapo P110,P110,fridge,a7c73018,multi_cycle,1.0,93.891,240.44,0.666,0.146,0.378,,on,-65,,2 hour NILM fridge session
2026-06-11T10:25:09.363914+00:00,2026-06-11 15:55:09,Anllia,plug_1,Tapo P110,P110,fridge,a7c73018,multi_cycle,1.0,93.837,240.302,0.666,0.146,0.378,,on,-65,,2 hour NILM fridge session
2026-06-11T10:25:10.635746+00:00,2026-06-11 15:55:10,Anllia,plug_1,Tapo P110,P110,fridge,a7c73018,multi_cycle,1.0,94.121,240.302,0.666,0.146,0.378,,on,-65,,2 hour NILM fridge session
2026-06-11T10:25:11.996086+00:00,2026-06-11 15:55:11,Anllia,plug_1,Tapo P110,P110,fridge,a7c73018,multi_cycle,1.0,94.037,240.302,0.668,0.146,0.378,,on,-65,,2 hour NILM fridge session
2026-06-11T10:25:13.274057+00:00,2026-06-11 15:55:13,Anllia,plug_1,Tapo P110,P110,fridge,a7c73018,multi_cycle,1.0,94.001,240.136,0.668,0.146,0.378,,on,-65,,2 hour NILM fridge session
2026-06-11T10:25:14.545351+00:00,2026-06-11 15:55:14,Anllia,plug_1,Tapo P110,P110,fridge,a7c73018,multi_cycle,1.0,94.048,240.136,0.669,0.146,0.378,,on,-65,,2 hour NILM fridge session
2026-06-11T10:25:15.795506+00:00,2026-06-11 15:55:15,Anllia,plug_1,Tapo P110,P110,fridge,a7c73018,multi_cycle,1.0,94.048,240.001,0.669,0.146,0.378,,on,-65,,2 hour NILM fridge session
2026-06-11T10:25:17.096049+00:00,2026-06-11 15:55:17,Anllia,plug_1,Tapo P110,P110,fridge,a7c73018,multi_cycle,1.0,93.993,240.001,0.666,0.146,0.378,,on,-65,,2 hour NILM fridge session
2026-06-11T10:25:18.363184+00:00,2026-06-11 15:55:18,Anllia,plug_1,Tapo P110,P110,fridge,a7c73018,multi_cycle,1.0,93.987,240.021,0.666,0.146,0.378,,on,-65,,2 hour NILM fridge session
2026-06-11T10:25:19.810656+00:00,2026-06-11 15:55:19,Anllia,plug_1,Tapo P110,P110,fridge,a7c73018,multi_cycle,1.0,94.016,240.021,0.666,0.146,0.378,,on,-65,,2 hour NILM fridge session
2026-06-11T10:25:21.147808+00:00,2026-06-11 15:55:21,Anllia,plug_1,Tapo P110,P110,fridge,a7c73018,multi_cycle,1.0,93.922,240.021,0.666,0.146,0.378,,on,-65,,2 hour NILM fridge session
2026-06-11T10:25:22.606888+00:00,2026-06-11 15:55:22,Anllia,plug_1,Tapo P110,P110,fridge,a7c73018,multi_cycle,1.0,93.983,239.932,0.666,0.146,0.378,,on,-65,,2 hour NILM fridge session
2026-06-11T10:25:23.876418+00:00,2026-06-11 15:55:23,Anllia,plug_1,Tapo P110,P110,fridge,a7c73018,multi_cycle,1.0,93.661,239.932,0.668,0.146,0.378,,on,-65,,2 hour NILM fridge session
2026-06-11T10:25:25.125444+00:00,2026-06-11 15:55:25,Anllia,plug_1,Tapo P110,P110,fridge,a7c73018,multi_cycle,1.0,93.786,239.425,0.668,0.146,0.378,,on,-65,,2 hour NILM fridge session
2026-06-11T10:25:26.401108+00:00,2026-06-11 15:55:26,Anllia,plug_1,Tapo P110,P110,fridge,a7c73018,multi_cycle,1.0,93.714,239.425,0.668,0.146,0.378,,on,-65,,2 hour NILM fridge session
2026-06-11T10:25:27.742601+00:00,2026-06-11 15:55:27,Anllia,plug_1,Tapo P110,P110,fridge,a7c73018,multi_cycle,1.0,93.714,239.612,0.668,0.146,0.378,,on,-65,,2 hour NILM fridge session
2026-06-11T10:25:28.984479+00:00,2026-06-11 15:55:28,Anllia,plug_1,Tapo P110,P110,fridge,a7c73018,multi_cycle,1.0,93.943,239.612,0.668,0.146,0.378,,on,-66,,2 hour NILM fridge session
2026-06-11T10:25:30.229229+00:00,2026-06-11 15:55:30,Anllia,plug_1,Tapo P110,P110,fridge,a7c73018,multi_cycle,1.0,93.846,239.612,0.668,0.146,0.378,,on,-65,,2 hour NILM fridge session
2026-06-11T10:25:31.484022+00:00,2026-06-11 15:55:31,Anllia,plug_1,Tapo P110,P110,fridge,a7c73018,multi_cycle,1.0,93.786,239.733,0.668,0.146,0.379,,on,-65,,2 hour NILM fridge session
2026-06-11T10:25:32.755110+00:00,2026-06-11 15:55:32,Anllia,plug_1,Tapo P110,P110,fridge,a7c73018,multi_cycle,1.0,93.776,239.733,0.668,0.146,0.379,,on,-65,,2 hour NILM fridge session
2026-06-11T10:25:34.073903+00:00,2026-06-11 15:55:34,Anllia,plug_1,Tapo P110,P110,fridge,a7c73018,multi_cycle,1.0,93.778,239.718,0.668,0.146,0.379,,on,-65,,2 hour NILM fridge session
2026-06-11T10:25:35.439333+00:00,2026-06-11 15:55:35,Anllia,plug_1,Tapo P110,P110,fridge,a7c73018,multi_cycle,1.0,93.778,239.718,0.669,0.146,0.379,,on,-65,,2 hour NILM fridge session
2026-06-11T10:25:36.699770+00:00,2026-06-11 15:55:36,Anllia,plug_1,Tapo P110,P110,fridge,a7c73018,multi_cycle,1.0,93.933,239.522,0.669,0.146,0.379,,on,-65,,2 hour NILM fridge session
2026-06-11T10:25:37.985366+00:00,2026-06-11 15:55:37,Anllia,plug_1,Tapo P110,P110,fridge,a7c73018,multi_cycle,1.0,94.157,239.522,0.668,0.146,0.379,,on,-65,,2 hour NILM fridge session
2026-06-11T10:25:39.302177+00:00,2026-06-11 15:55:39,Anllia,plug_1,Tapo P110,P110,fridge,a7c73018,multi_cycle,1.0,94.114,239.522,0.668,0.146,0.379,,on,-65,,2 hour NILM fridge session
2026-06-11T10:25:40.565794+00:00,2026-06-11 15:55:40,Anllia,plug_1,Tapo P110,P110,fridge,a7c73018,multi_cycle,1.0,94.161,239.526,0.668,0.146,0.379,,on,-65,,2 hour NILM fridge session
2026-06-11T10:25:41.818090+00:00,2026-06-11 15:55:41,Anllia,plug_1,Tapo P110,P110,fridge,a7c73018,multi_cycle,1.0,94.064,239.526,0.669,0.146,0.379,,on,-65,,2 hour NILM fridge session
2026-06-11T10:25:43.168721+00:00,2026-06-11 15:55:43,Anllia,plug_1,Tapo P110,P110,fridge,a7c73018,multi_cycle,1.0,93.963,239.258,0.669,0.147,0.379,,on,-65,,2 hour NILM fridge session
2026-06-11T10:25:44.528676+00:00,2026-06-11 15:55:44,Anllia,plug_1,Tapo P110,P110,fridge,a7c73018,multi_cycle,1.0,93.963,239.258,0.669,0.147,0.379,,on,-65,,2 hour NILM fridge session
2026-06-11T10:25:45.809202+00:00,2026-06-11 15:55:45,Anllia,plug_1,Tapo P110,P110,fridge,a7c73018,multi_cycle,1.0,94.059,239.218,0.669,0.147,0.379,,on,-65,,2 hour NILM fridge session
2026-06-11T10:25:47.070187+00:00,2026-06-11 15:55:47,Anllia,plug_1,Tapo P110,P110,fridge,a7c73018,multi_cycle,1.0,93.877,239.218,0.668,0.147,0.379,,on,-65,,2 hour NILM fridge session
2026-06-11T10:25:48.329807+00:00,2026-06-11 15:55:48,Anllia,plug_1,Tapo P110,P110,fridge,a7c73018,multi_cycle,1.0,93.802,239.218,0.668,0.147,0.379,,on,-65,,2 hour NILM fridge session
2026-06-11T10:25:49.617653+00:00,2026-06-11 15:55:49,Anllia,plug_1,Tapo P110,P110,fridge,a7c73018,multi_cycle,1.0,93.763,239.288,0.668,0.147,0.379,,on,-66,,2 hour NILM fridge session
2026-06-11T10:25:50.872874+00:00,2026-06-11 15:55:50,Anllia,plug_1,Tapo P110,P110,fridge,a7c73018,multi_cycle,1.0,93.904,239.288,0.668,0.147,0.379,,on,-65,,2 hour NILM fridge session
2026-06-11T10:25:52.144250+00:00,2026-06-11 15:55:52,Anllia,plug_1,Tapo P110,P110,fridge,a7c73018,multi_cycle,1.0,93.982,239.242,0.668,0.147,0.379,,on,-65,,2 hour NILM fridge session
2026-06-11T10:25:53.451008+00:00,2026-06-11 15:55:53,Anllia,plug_1,Tapo P110,P110,fridge,a7c73018,multi_cycle,1.0,93.982,239.242,0.67,0.147,0.379,,on,-65,,2 hour NILM fridge session
2026-06-11T10:25:54.767054+00:00,2026-06-11 15:55:54,Anllia,plug_1,Tapo P110,P110,fridge,a7c73018,multi_cycle,1.0,94.041,239.236,0.67,0.147,0.379,,on,-65,,2 hour NILM fridge session
2026-06-11T10:25:56.014773+00:00,2026-06-11 15:55:56,Anllia,plug_1,Tapo P110,P110,fridge,a7c73018,multi_cycle,1.0,93.958,239.236,0.669,0.147,0.379,,on,-66,,2 hour NILM fridge session
2026-06-11T10:25:57.316545+00:00,2026-06-11 15:55:57,Anllia,plug_1,Tapo P110,P110,fridge,a7c73018,multi_cycle,1.0,93.931,239.236,0.669,0.147,0.379,,on,-65,,2 hour NILM fridge session
2026-06-11T10:25:58.585960+00:00,2026-06-11 15:55:58,Anllia,plug_1,Tapo P110,P110,fridge,a7c73018,multi_cycle,1.0,94.078,239.535,0.669,0.147,0.379,,on,-65,,2 hour NILM fridge session
2026-06-11T10:25:59.842100+00:00,2026-06-11 15:55:59,Anllia,plug_1,Tapo P110,P110,fridge,a7c73018,multi_cycle,1.0,93.96,239.535,0.669,0.147,0.379,,on,-65,,2 hour NILM fridge session
2026-06-11T10:26:01.182150+00:00,2026-06-11 15:56:01,Anllia,plug_1,Tapo P110,P110,fridge,a7c73018,multi_cycle,1.0,93.965,239.657,0.669,0.147,0.379,,on,-65,,2 hour NILM fridge session
2026-06-11T10:26:02.449527+00:00,2026-06-11 15:56:02,Anllia,plug_1,Tapo P110,P110,fridge,a7c73018,multi_cycle,1.0,93.965,239.657,0.67,0.147,0.379,,on,-65,,2 hour NILM fridge session
2026-06-11T10:26:03.690672+00:00,2026-06-11 15:56:03,Anllia,plug_1,Tapo P110,P110,fridge,a7c73018,multi_cycle,1.0,93.959,239.547,0.67,0.147,0.379,,on,-65,,2 hour NILM fridge session
2026-06-11T10:26:04.993543+00:00,2026-06-11 15:56:04,Anllia,plug_1,Tapo P110,P110,fridge,a7c73018,multi_cycle,1.0,93.792,239.547,0.67,0.147,0.379,,on,-65,,2 hour NILM fridge session
2026-06-11T10:26:06.309722+00:00,2026-06-11 15:56:06,Anllia,plug_1,Tapo P110,P110,fridge,a7c73018,multi_cycle,1.0,93.834,239.547,0.669,0.147,0.379,,on,-65,,2 hour NILM fridge session
2026-06-11T10:26:07.564929+00:00,2026-06-11 15:56:07,Anllia,plug_1,Tapo P110,P110,fridge,a7c73018,multi_cycle,1.0,93.814,239.635,0.669,0.147,0.379,,on,-65,,2 hour NILM fridge session
2026-06-11T10:26:08.864082+00:00,2026-06-11 15:56:08,Anllia,plug_1,Tapo P110,P110,fridge,a7c73018,multi_cycle,1.0,93.752,239.635,0.67,0.147,0.379,,on,-65,,2 hour NILM fridge session
2026-06-11T10:26:10.111648+00:00,2026-06-11 15:56:10,Anllia,plug_1,Tapo P110,P110,fridge,a7c73018,multi_cycle,1.0,93.922,239.581,0.67,0.147,0.38,,on,-65,,2 hour NILM fridge session
2026-06-11T10:26:11.461985+00:00,2026-06-11 15:56:11,Anllia,plug_1,Tapo P110,P110,fridge,a7c73018,multi_cycle,1.0,93.922,239.581,0.67,0.147,0.38,,on,-66,,2 hour NILM fridge session
2026-06-11T10:26:12.841674+00:00,2026-06-11 15:56:12,Anllia,plug_1,Tapo P110,P110,fridge,a7c73018,multi_cycle,1.0,93.455,239.566,0.67,0.147,0.38,,on,-65,,2 hour NILM fridge session
2026-06-11T10:26:14.097138+00:00,2026-06-11 15:56:14,Anllia,plug_1,Tapo P110,P110,fridge,a7c73018,multi_cycle,1.0,93.501,239.566,0.672,0.147,0.38,,on,-65,,2 hour NILM fridge session
2026-06-11T10:26:15.345537+00:00,2026-06-11 15:56:15,Anllia,plug_1,Tapo P110,P110,fridge,a7c73018,multi_cycle,1.0,93.76,239.566,0.672,0.147,0.38,,on,-65,,2 hour NILM fridge session
2026-06-11T10:26:16.761278+00:00,2026-06-11 15:56:16,Anllia,plug_1,Tapo P110,P110,fridge,a7c73018,multi_cycle,1.0,93.659,239.528,0.672,0.147,0.38,,on,-65,,2 hour NILM fridge session
2026-06-11T10:26:18.071684+00:00,2026-06-11 15:56:18,Anllia,plug_1,Tapo P110,P110,fridge,a7c73018,multi_cycle,1.0,93.853,239.528,0.672,0.147,0.38,,on,-65,,2 hour NILM fridge session
2026-06-11T10:26:19.449717+00:00,2026-06-11 15:56:19,Anllia,plug_1,Tapo P110,P110,fridge,a7c73018,multi_cycle,1.0,93.879,239.516,0.672,0.147,0.38,,on,-65,,2 hour NILM fridge session
2026-06-11T10:26:20.873913+00:00,2026-06-11 15:56:20,Anllia,plug_1,Tapo P110,P110,fridge,a7c73018,multi_cycle,1.0,93.348,239.516,0.669,0.147,0.38,,on,-65,,2 hour NILM fridge session
2026-06-11T10:26:22.252692+00:00,2026-06-11 15:56:22,Anllia,plug_1,Tapo P110,P110,fridge,a7c73018,multi_cycle,1.0,93.352,239.397,0.669,0.148,0.38,,on,-66,,2 hour NILM fridge session
2026-06-11T10:26:23.669392+00:00,2026-06-11 15:56:23,Anllia,plug_1,Tapo P110,P110,fridge,a7c73018,multi_cycle,1.0,93.352,239.397,0.668,0.148,0.38,,on,-65,,2 hour NILM fridge session
2026-06-11T10:26:24.921159+00:00,2026-06-11 15:56:24,Anllia,plug_1,Tapo P110,P110,fridge,a7c73018,multi_cycle,1.0,93.272,239.556,0.668,0.148,0.38,,on,-65,,2 hour NILM fridge session
2026-06-11T10:26:26.268098+00:00,2026-06-11 15:56:26,Anllia,plug_1,Tapo P110,P110,fridge,a7c73018,multi_cycle,1.0,93.282,239.556,0.666,0.148,0.38,,on,-65,,2 hour NILM fridge session
2026-06-11T10:26:27.535399+00:00,2026-06-11 15:56:27,Anllia,plug_1,Tapo P110,P110,fridge,a7c73018,multi_cycle,1.0,93.449,239.556,0.666,0.148,0.38,,on,-65,,2 hour NILM fridge session
2026-06-11T10:26:28.803744+00:00,2026-06-11 15:56:28,Anllia,plug_1,Tapo P110,P110,fridge,a7c73018,multi_cycle,1.0,93.434,239.518,0.666,0.148,0.38,,on,-65,,2 hour NILM fridge session
2026-06-11T10:26:30.050486+00:00,2026-06-11 15:56:30,Anllia,plug_1,Tapo P110,P110,fridge,a7c73018,multi_cycle,1.0,93.672,239.518,0.667,0.148,0.38,,on,-65,,2 hour NILM fridge session
2026-06-11T10:26:31.467321+00:00,2026-06-11 15:56:31,Anllia,plug_1,Tapo P110,P110,fridge,a7c73018,multi_cycle,1.0,93.64,239.538,0.667,0.148,0.38,,on,-65,,2 hour NILM fridge session
2026-06-11T10:26:32.765541+00:00,2026-06-11 15:56:32,Anllia,plug_1,Tapo P110,P110,fridge,a7c73018,multi_cycle,1.0,93.531,239.538,0.668,0.148,0.38,,on,-65,,2 hour NILM fridge session
2026-06-11T10:26:34.125117+00:00,2026-06-11 15:56:34,Anllia,plug_1,Tapo P110,P110,fridge,a7c73018,multi_cycle,1.0,93.531,239.347,0.668,0.148,0.38,,on,-65,,2 hour NILM fridge session
2026-06-11T10:26:35.405339+00:00,2026-06-11 15:56:35,Anllia,plug_1,Tapo P110,P110,fridge,a7c73018,multi_cycle,1.0,93.355,239.347,0.669,0.148,0.38,,on,-65,,2 hour NILM fridge session
2026-06-11T10:26:36.749031+00:00,2026-06-11 15:56:36,Anllia,plug_1,Tapo P110,P110,fridge,a7c73018,multi_cycle,1.0,93.471,239.46,0.669,0.148,0.38,,on,-66,,2 hour NILM fridge session
2026-06-11T10:26:37.995968+00:00,2026-06-11 15:56:37,Anllia,plug_1,Tapo P110,P110,fridge,a7c73018,multi_cycle,1.0,93.308,239.46,0.669,0.148,0.38,,on,-66,,2 hour NILM fridge session
2026-06-11T10:26:39.297569+00:00,2026-06-11 15:56:39,Anllia,plug_1,Tapo P110,P110,fridge,a7c73018,multi_cycle,1.0,93.488,239.46,0.67,0.148,0.38,,on,-65,,2 hour NILM fridge session
2026-06-11T10:26:40.583231+00:00,2026-06-11 15:56:40,Anllia,plug_1,Tapo P110,P110,fridge,a7c73018,multi_cycle,1.0,93.554,239.5,0.67,0.148,0.38,,on,-65,,2 hour NILM fridge session
2026-06-11T10:26:41.927293+00:00,2026-06-11 15:56:41,Anllia,plug_1,Tapo P110,P110,fridge,a7c73018,multi_cycle,1.0,93.571,239.5,0.671,0.148,0.38,,on,-65,,2 hour NILM fridge session
2026-06-11T10:26:43.199827+00:00,2026-06-11 15:56:43,Anllia,plug_1,Tapo P110,P110,fridge,a7c73018,multi_cycle,1.0,93.571,239.44,0.671,0.148,0.38,,on,-65,,2 hour NILM fridge session
2026-06-11T10:26:44.609905+00:00,2026-06-11 15:56:44,Anllia,plug_1,Tapo P110,P110,fridge,a7c73018,multi_cycle,1.0,93.773,239.44,0.669,0.148,0.38,,on,-65,,2 hour NILM fridge session
2026-06-11T10:26:45.925633+00:00,2026-06-11 15:56:45,Anllia,plug_1,Tapo P110,P110,fridge,a7c73018,multi_cycle,1.0,93.576,239.368,0.669,0.148,0.38,,on,-65,,2 hour NILM fridge session
2026-06-11T10:26:47.194418+00:00,2026-06-11 15:56:47,Anllia,plug_1,Tapo P110,P110,fridge,a7c73018,multi_cycle,1.0,93.586,239.368,0.665,0.148,0.38,,on,-65,,2 hour NILM fridge session
2026-06-11T10:26:48.484188+00:00,2026-06-11 15:56:48,Anllia,plug_1,Tapo P110,P110,fridge,a7c73018,multi_cycle,1.0,93.768,239.368,0.665,0.148,0.381,,on,-65,,2 hour NILM fridge session
2026-06-11T10:26:49.743962+00:00,2026-06-11 15:56:49,Anllia,plug_1,Tapo P110,P110,fridge,a7c73018,multi_cycle,1.0,93.836,239.344,0.665,0.148,0.381,,on,-65,,2 hour NILM fridge session
2026-06-11T10:26:51.056287+00:00,2026-06-11 15:56:51,Anllia,plug_1,Tapo P110,P110,fridge,a7c73018,multi_cycle,1.0,93.729,239.344,0.663,0.148,0.381,,on,-65,,2 hour NILM fridge session
2026-06-11T10:26:52.350659+00:00,2026-06-11 15:56:52,Anllia,plug_1,Tapo P110,P110,fridge,a7c73018,multi_cycle,1.0,93.811,239.306,0.663,0.148,0.381,,on,-66,,2 hour NILM fridge session
2026-06-11T10:26:53.655782+00:00,2026-06-11 15:56:53,Anllia,plug_1,Tapo P110,P110,fridge,a7c73018,multi_cycle,1.0,93.811,239.306,0.663,0.148,0.381,,on,-65,,2 hour NILM fridge session
2026-06-11T10:26:54.919681+00:00,2026-06-11 15:56:54,Anllia,plug_1,Tapo P110,P110,fridge,a7c73018,multi_cycle,1.0,93.619,239.046,0.663,0.148,0.381,,on,-65,,2 hour NILM fridge session
2026-06-11T10:26:56.167518+00:00,2026-06-11 15:56:56,Anllia,plug_1,Tapo P110,P110,fridge,a7c73018,multi_cycle,1.0,93.421,239.046,0.663,0.148,0.381,,on,-65,,2 hour NILM fridge session
2026-06-11T10:26:57.418772+00:00,2026-06-11 15:56:57,Anllia,plug_1,Tapo P110,P110,fridge,a7c73018,multi_cycle,1.0,93.754,239.046,0.663,0.148,0.381,,on,-65,,2 hour NILM fridge session
2026-06-11T10:26:58.712286+00:00,2026-06-11 15:56:58,Anllia,plug_1,Tapo P110,P110,fridge,a7c73018,multi_cycle,1.0,93.704,239.107,0.663,0.148,0.381,,on,-65,,2 hour NILM fridge session
2026-06-11T10:26:59.992026+00:00,2026-06-11 15:56:59,Anllia,plug_1,Tapo P110,P110,fridge,a7c73018,multi_cycle,1.0,93.695,239.107,0.664,0.149,0.381,,on,-66,,2 hour NILM fridge session
2026-06-11T10:27:01.306990+00:00,2026-06-11 15:57:01,Anllia,plug_1,Tapo P110,P110,fridge,a7c73018,multi_cycle,1.0,93.695,238.784,0.664,0.149,0.381,,on,-65,,2 hour NILM fridge session
2026-06-11T10:27:02.574446+00:00,2026-06-11 15:57:02,Anllia,plug_1,Tapo P110,P110,fridge,a7c73018,multi_cycle,1.0,93.719,238.784,0.668,0.149,0.381,,on,-65,,2 hour NILM fridge session
2026-06-11T10:27:03.856315+00:00,2026-06-11 15:57:03,Anllia,plug_1,Tapo P110,P110,fridge,a7c73018,multi_cycle,1.0,93.637,238.576,0.668,0.149,0.381,,on,-65,,2 hour NILM fridge session
2026-06-11T10:27:05.100150+00:00,2026-06-11 15:57:05,Anllia,plug_1,Tapo P110,P110,fridge,a7c73018,multi_cycle,1.0,93.654,238.576,0.668,0.149,0.381,,on,-65,,2 hour NILM fridge session
2026-06-11T10:27:06.441439+00:00,2026-06-11 15:57:06,Anllia,plug_1,Tapo P110,P110,fridge,a7c73018,multi_cycle,1.0,93.783,238.576,0.668,0.149,0.381,,on,-65,,2 hour NILM fridge session
2026-06-11T10:27:07.721207+00:00,2026-06-11 15:57:07,Anllia,plug_1,Tapo P110,P110,fridge,a7c73018,multi_cycle,1.0,93.952,238.79,0.668,0.149,0.381,,on,-65,,2 hour NILM fridge session
2026-06-11T10:27:08.990442+00:00,2026-06-11 15:57:08,Anllia,plug_1,Tapo P110,P110,fridge,a7c73018,multi_cycle,1.0,93.852,238.79,0.668,0.149,0.381,,on,-65,,2 hour NILM fridge session
2026-06-11T10:27:10.303978+00:00,2026-06-11 15:57:10,Anllia,plug_1,Tapo P110,P110,fridge,a7c73018,multi_cycle,1.0,93.852,238.922,0.668,0.149,0.381,,on,-65,,2 hour NILM fridge session
2026-06-11T10:27:11.586813+00:00,2026-06-11 15:57:11,Anllia,plug_1,Tapo P110,P110,fridge,a7c73018,multi_cycle,1.0,93.74,238.922,0.666,0.149,0.381,,on,-65,,2 hour NILM fridge session
2026-06-11T10:27:12.903291+00:00,2026-06-11 15:57:12,Anllia,plug_1,Tapo P110,P110,fridge,a7c73018,multi_cycle,1.0,93.659,238.946,0.666,0.149,0.381,,on,-65,,2 hour NILM fridge session
2026-06-11T10:27:14.171396+00:00,2026-06-11 15:57:14,Anllia,plug_1,Tapo P110,P110,fridge,a7c73018,multi_cycle,1.0,93.502,238.946,0.666,0.149,0.381,,on,-65,,2 hour NILM fridge session
2026-06-11T10:27:15.411614+00:00,2026-06-11 15:57:15,Anllia,plug_1,Tapo P110,P110,fridge,a7c73018,multi_cycle,1.0,93.418,238.946,0.664,0.149,0.381,,on,-65,,2 hour NILM fridge session
2026-06-11T10:27:16.661511+00:00,2026-06-11 15:57:16,Anllia,plug_1,Tapo P110,P110,fridge,a7c73018,multi_cycle,1.0,93.372,238.861,0.664,0.149,0.381,,on,-65,,2 hour NILM fridge session
2026-06-11T10:27:17.950775+00:00,2026-06-11 15:57:17,Anllia,plug_1,Tapo P110,P110,fridge,a7c73018,multi_cycle,1.0,93.331,238.861,0.665,0.149,0.381,,on,-65,,2 hour NILM fridge session
2026-06-11T10:27:19.277958+00:00,2026-06-11 15:57:19,Anllia,plug_1,Tapo P110,P110,fridge,a7c73018,multi_cycle,1.0,93.331,238.004,0.665,0.149,0.381,,on,-65,,2 hour NILM fridge session
2026-06-11T10:27:20.528397+00:00,2026-06-11 15:57:20,Anllia,plug_1,Tapo P110,P110,fridge,a7c73018,multi_cycle,1.0,93.51,238.004,0.668,0.149,0.381,,on,-65,,2 hour NILM fridge session
2026-06-11T10:27:21.830909+00:00,2026-06-11 15:57:21,Anllia,plug_1,Tapo P110,P110,fridge,a7c73018,multi_cycle,1.0,93.479,237.958,0.668,0.149,0.381,,on,-65,,2 hour NILM fridge session
2026-06-11T10:27:23.092274+00:00,2026-06-11 15:57:23,Anllia,plug_1,Tapo P110,P110,fridge,a7c73018,multi_cycle,1.0,93.671,237.958,0.668,0.149,0.381,,on,-65,,2 hour NILM fridge session
2026-06-11T10:27:24.453826+00:00,2026-06-11 15:57:24,Anllia,plug_1,Tapo P110,P110,fridge,a7c73018,multi_cycle,1.0,93.731,237.958,0.672,0.149,0.381,,on,-65,,2 hour NILM fridge session
2026-06-11T10:27:25.701487+00:00,2026-06-11 15:57:25,Anllia,plug_1,Tapo P110,P110,fridge,a7c73018,multi_cycle,1.0,93.919,237.792,0.672,0.149,0.381,,on,-65,,2 hour NILM fridge session
2026-06-11T10:27:26.947128+00:00,2026-06-11 15:57:26,Anllia,plug_1,Tapo P110,P110,fridge,a7c73018,multi_cycle,1.0,93.409,237.792,0.669,0.149,0.382,,on,-65,,2 hour NILM fridge session
2026-06-11T10:27:28.192310+00:00,2026-06-11 15:57:28,Anllia,plug_1,Tapo P110,P110,fridge,a7c73018,multi_cycle,1.0,93.409,237.633,0.669,0.149,0.382,,on,-65,,2 hour NILM fridge session
2026-06-11T10:27:29.440014+00:00,2026-06-11 15:57:29,Anllia,plug_1,Tapo P110,P110,fridge,a7c73018,multi_cycle,1.0,93.377,237.633,0.667,0.149,0.382,,on,-65,,2 hour NILM fridge session
2026-06-11T10:27:30.705681+00:00,2026-06-11 15:57:30,Anllia,plug_1,Tapo P110,P110,fridge,a7c73018,multi_cycle,1.0,93.36,237.633,0.667,0.149,0.382,,on,-65,,2 hour NILM fridge session
2026-06-11T10:27:31.988035+00:00,2026-06-11 15:57:31,Anllia,plug_1,Tapo P110,P110,fridge,a7c73018,multi_cycle,1.0,93.31,238.053,0.667,0.149,0.382,,on,-65,,2 hour NILM fridge session
2026-06-11T10:27:33.468579+00:00,2026-06-11 15:57:33,Anllia,plug_1,Tapo P110,P110,fridge,a7c73018,multi_cycle,1.0,93.366,238.053,0.668,0.149,0.382,,on,-65,,2 hour NILM fridge session
2026-06-11T10:27:34.720431+00:00,2026-06-11 15:57:34,Anllia,plug_1,Tapo P110,P110,fridge,a7c73018,multi_cycle,1.0,93.203,238.093,0.668,0.149,0.382,,on,-66,,2 hour NILM fridge session
2026-06-11T10:27:36.100771+00:00,2026-06-11 15:57:36,Anllia,plug_1,Tapo P110,P110,fridge,a7c73018,multi_cycle,1.0,93.226,238.093,0.679,0.149,0.382,,on,-65,,2 hour NILM fridge session
2026-06-11T10:27:37.447965+00:00,2026-06-11 15:57:37,Anllia,plug_1,Tapo P110,P110,fridge,a7c73018,multi_cycle,1.0,93.226,238.044,0.679,0.149,0.382,,on,-65,,2 hour NILM fridge session
2026-06-11T10:27:38.896716+00:00,2026-06-11 15:57:38,Anllia,plug_1,Tapo P110,P110,fridge,a7c73018,multi_cycle,1.0,93.164,238.044,0.665,0.15,0.382,,on,-65,,2 hour NILM fridge session
2026-06-11T10:27:40.326907+00:00,2026-06-11 15:57:40,Anllia,plug_1,Tapo P110,P110,fridge,a7c73018,multi_cycle,1.0,93.206,238.245,0.665,0.15,0.382,,on,-66,,2 hour NILM fridge session
2026-06-11T10:27:41.609953+00:00,2026-06-11 15:57:41,Anllia,plug_1,Tapo P110,P110,fridge,a7c73018,multi_cycle,1.0,93.221,238.245,0.666,0.15,0.382,,on,-65,,2 hour NILM fridge session
2026-06-11T10:27:42.925843+00:00,2026-06-11 15:57:42,Anllia,plug_1,Tapo P110,P110,fridge,a7c73018,multi_cycle,1.0,93.391,238.245,0.666,0.15,0.382,,on,-65,,2 hour NILM fridge session
2026-06-11T10:27:44.285571+00:00,2026-06-11 15:57:44,Anllia,plug_1,Tapo P110,P110,fridge,a7c73018,multi_cycle,1.0,93.117,238.159,0.666,0.15,0.382,,on,-65,,2 hour NILM fridge session
2026-06-11T10:27:45.548321+00:00,2026-06-11 15:57:45,Anllia,plug_1,Tapo P110,P110,fridge,a7c73018,multi_cycle,1.0,93.289,238.159,0.663,0.15,0.382,,on,-65,,2 hour NILM fridge session
2026-06-11T10:27:46.801900+00:00,2026-06-11 15:57:46,Anllia,plug_1,Tapo P110,P110,fridge,a7c73018,multi_cycle,1.0,92.715,238.12,0.663,0.15,0.382,,on,-65,,2 hour NILM fridge session
2026-06-11T10:27:48.142885+00:00,2026-06-11 15:57:48,Anllia,plug_1,Tapo P110,P110,fridge,a7c73018,multi_cycle,1.0,93.009,238.12,0.663,0.15,0.382,,on,-65,,2 hour NILM fridge session
2026-06-11T10:27:49.463642+00:00,2026-06-11 15:57:49,Anllia,plug_1,Tapo P110,P110,fridge,a7c73018,multi_cycle,1.0,93.009,237.989,0.663,0.15,0.382,,on,-65,,2 hour NILM fridge session
2026-06-11T10:27:50.749438+00:00,2026-06-11 15:57:50,Anllia,plug_1,Tapo P110,P110,fridge,a7c73018,multi_cycle,1.0,93.098,237.989,0.666,0.15,0.382,,on,-65,,2 hour NILM fridge session
2026-06-11T10:27:52.040295+00:00,2026-06-11 15:57:52,Anllia,plug_1,Tapo P110,P110,fridge,a7c73018,multi_cycle,1.0,93.352,237.984,0.666,0.15,0.382,,on,-66,,2 hour NILM fridge session
2026-06-11T10:27:53.290417+00:00,2026-06-11 15:57:53,Anllia,plug_1,Tapo P110,P110,fridge,a7c73018,multi_cycle,1.0,93.157,237.984,0.666,0.15,0.382,,on,-65,,2 hour NILM fridge session
2026-06-11T10:27:54.705899+00:00,2026-06-11 15:57:54,Anllia,plug_1,Tapo P110,P110,fridge,a7c73018,multi_cycle,1.0,93.346,237.984,0.665,0.15,0.382,,on,-66,,2 hour NILM fridge session
2026-06-11T10:27:55.978325+00:00,2026-06-11 15:57:55,Anllia,plug_1,Tapo P110,P110,fridge,a7c73018,multi_cycle,1.0,93.241,237.574,0.665,0.15,0.382,,on,-65,,2 hour NILM fridge session
2026-06-11T10:27:57.342607+00:00,2026-06-11 15:57:57,Anllia,plug_1,Tapo P110,P110,fridge,a7c73018,multi_cycle,1.0,93.376,237.574,0.667,0.15,0.382,,on,-65,,2 hour NILM fridge session
2026-06-11T10:27:58.607987+00:00,2026-06-11 15:57:58,Anllia,plug_1,Tapo P110,P110,fridge,a7c73018,multi_cycle,1.0,93.369,237.713,0.667,0.15,0.382,,on,-65,,2 hour NILM fridge session
2026-06-11T10:27:59.900555+00:00,2026-06-11 15:57:59,Anllia,plug_1,Tapo P110,P110,fridge,a7c73018,multi_cycle,1.0,93.369,237.713,0.668,0.15,0.382,,on,-65,,2 hour NILM fridge session
2026-06-11T10:28:01.406387+00:00,2026-06-11 15:58:01,Anllia,plug_1,Tapo P110,P110,fridge,a7c73018,multi_cycle,1.0,93.089,237.803,0.668,0.15,0.382,,on,-66,,2 hour NILM fridge session
2026-06-11T10:28:02.653729+00:00,2026-06-11 15:58:02,Anllia,plug_1,Tapo P110,P110,fridge,a7c73018,multi_cycle,1.0,93.236,237.803,0.667,0.15,0.382,,on,-65,,2 hour NILM fridge session
2026-06-11T10:28:04.034782+00:00,2026-06-11 15:58:04,Anllia,plug_1,Tapo P110,P110,fridge,a7c73018,multi_cycle,1.0,93.282,237.816,0.667,0.15,0.382,,on,-65,,2 hour NILM fridge session
2026-06-11T10:28:05.327140+00:00,2026-06-11 15:58:05,Anllia,plug_1,Tapo P110,P110,fridge,a7c73018,multi_cycle,1.0,93.106,237.816,0.667,0.15,0.382,,on,-65,,2 hour NILM fridge session
2026-06-11T10:28:06.750135+00:00,2026-06-11 15:58:06,Anllia,plug_1,Tapo P110,P110,fridge,a7c73018,multi_cycle,1.0,93.044,237.816,0.664,0.15,0.383,,on,-65,,2 hour NILM fridge session
2026-06-11T10:28:08.034673+00:00,2026-06-11 15:58:08,Anllia,plug_1,Tapo P110,P110,fridge,a7c73018,multi_cycle,1.0,92.874,237.922,0.664,0.15,0.383,,on,-65,,2 hour NILM fridge session
2026-06-11T10:28:09.303910+00:00,2026-06-11 15:58:09,Anllia,plug_1,Tapo P110,P110,fridge,a7c73018,multi_cycle,1.0,93.005,237.922,0.663,0.15,0.383,,on,-65,,2 hour NILM fridge session
2026-06-11T10:28:10.698863+00:00,2026-06-11 15:58:10,Anllia,plug_1,Tapo P110,P110,fridge,a7c73018,multi_cycle,1.0,93.005,237.991,0.663,0.15,0.383,,on,-65,,2 hour NILM fridge session
2026-06-11T10:28:12.015156+00:00,2026-06-11 15:58:12,Anllia,plug_1,Tapo P110,P110,fridge,a7c73018,multi_cycle,1.0,93.257,237.991,0.663,0.15,0.383,,on,-65,,2 hour NILM fridge session
2026-06-11T10:28:13.259759+00:00,2026-06-11 15:58:13,Anllia,plug_1,Tapo P110,P110,fridge,a7c73018,multi_cycle,1.0,93.179,237.864,0.663,0.15,0.383,,on,-65,,2 hour NILM fridge session
2026-06-11T10:28:14.697689+00:00,2026-06-11 15:58:14,Anllia,plug_1,Tapo P110,P110,fridge,a7c73018,multi_cycle,1.0,93.079,237.864,0.663,0.15,0.383,,on,-65,,2 hour NILM fridge session
2026-06-11T10:28:15.963908+00:00,2026-06-11 15:58:15,Anllia,plug_1,Tapo P110,P110,fridge,a7c73018,multi_cycle,1.0,93.122,237.864,0.663,0.15,0.383,,on,-65,,2 hour NILM fridge session
2026-06-11T10:28:17.621950+00:00,2026-06-11 15:58:17,Anllia,plug_1,Tapo P110,P110,fridge,a7c73018,multi_cycle,1.0,93.429,237.725,0.665,0.151,0.383,,on,-65,,2 hour NILM fridge session
2026-06-11T10:28:18.936184+00:00,2026-06-11 15:58:18,Anllia,plug_1,Tapo P110,P110,fridge,a7c73018,multi_cycle,1.0,93.219,237.725,0.665,0.151,0.383,,on,-65,,2 hour NILM fridge session
2026-06-11T10:28:20.202512+00:00,2026-06-11 15:58:20,Anllia,plug_1,Tapo P110,P110,fridge,a7c73018,multi_cycle,1.0,93.132,237.804,0.665,0.151,0.383,,on,-65,,2 hour NILM fridge session
2026-06-11T10:28:21.738575+00:00,2026-06-11 15:58:21,Anllia,plug_1,Tapo P110,P110,fridge,a7c73018,multi_cycle,1.0,93.2,237.804,0.664,0.151,0.383,,on,-65,,2 hour NILM fridge session
2026-06-11T10:28:22.995008+00:00,2026-06-11 15:58:22,Anllia,plug_1,Tapo P110,P110,fridge,a7c73018,multi_cycle,1.0,93.46,238.079,0.664,0.151,0.383,,on,-65,,2 hour NILM fridge session
2026-06-11T10:28:24.351390+00:00,2026-06-11 15:58:24,Anllia,plug_1,Tapo P110,P110,fridge,a7c73018,multi_cycle,1.0,93.592,238.079,0.665,0.151,0.383,,on,-66,,2 hour NILM fridge session
2026-06-11T10:28:25.691398+00:00,2026-06-11 15:58:25,Anllia,plug_1,Tapo P110,P110,fridge,a7c73018,multi_cycle,1.0,93.312,238.276,0.665,0.151,0.383,,on,-65,,2 hour NILM fridge session
2026-06-11T10:28:27.023449+00:00,2026-06-11 15:58:27,Anllia,plug_1,Tapo P110,P110,fridge,a7c73018,multi_cycle,1.0,93.312,238.276,0.664,0.151,0.383,,on,-65,,2 hour NILM fridge session
2026-06-11T10:28:28.282978+00:00,2026-06-11 15:58:28,Anllia,plug_1,Tapo P110,P110,fridge,a7c73018,multi_cycle,1.0,93.182,238.236,0.664,0.151,0.383,,on,-65,,2 hour NILM fridge session
2026-06-11T10:28:29.625232+00:00,2026-06-11 15:58:29,Anllia,plug_1,Tapo P110,P110,fridge,a7c73018,multi_cycle,1.0,93.171,238.236,0.664,0.151,0.383,,on,-65,,2 hour NILM fridge session
2026-06-11T10:28:30.888960+00:00,2026-06-11 15:58:30,Anllia,plug_1,Tapo P110,P110,fridge,a7c73018,multi_cycle,1.0,92.412,238.236,0.664,0.151,0.383,,on,-65,,2 hour NILM fridge session
2026-06-11T10:28:32.138722+00:00,2026-06-11 15:58:32,Anllia,plug_1,Tapo P110,P110,fridge,a7c73018,multi_cycle,1.0,92.965,237.687,0.664,0.151,0.383,,on,-65,,2 hour NILM fridge session
2026-06-11T10:28:33.445389+00:00,2026-06-11 15:58:33,Anllia,plug_1,Tapo P110,P110,fridge,a7c73018,multi_cycle,1.0,92.837,237.687,0.661,0.151,0.383,,on,-65,,2 hour NILM fridge session
2026-06-11T10:28:34.691109+00:00,2026-06-11 15:58:34,Anllia,plug_1,Tapo P110,P110,fridge,a7c73018,multi_cycle,1.0,92.888,238.119,0.661,0.151,0.383,,on,-65,,2 hour NILM fridge session
2026-06-11T10:28:35.939463+00:00,2026-06-11 15:58:35,Anllia,plug_1,Tapo P110,P110,fridge,a7c73018,multi_cycle,1.0,92.888,238.119,0.662,0.151,0.383,,on,-66,,2 hour NILM fridge session
2026-06-11T10:28:37.185362+00:00,2026-06-11 15:58:37,Anllia,plug_1,Tapo P110,P110,fridge,a7c73018,multi_cycle,1.0,92.867,238.068,0.662,0.151,0.383,,on,-65,,2 hour NILM fridge session
2026-06-11T10:28:38.429418+00:00,2026-06-11 15:58:38,Anllia,plug_1,Tapo P110,P110,fridge,a7c73018,multi_cycle,1.0,92.914,238.068,0.662,0.151,0.383,,on,-66,,2 hour NILM fridge session
2026-06-11T10:28:39.819139+00:00,2026-06-11 15:58:39,Anllia,plug_1,Tapo P110,P110,fridge,a7c73018,multi_cycle,1.0,93.042,238.068,0.663,0.151,0.383,,on,-65,,2 hour NILM fridge session
2026-06-11T10:28:41.849085+00:00,2026-06-11 15:58:41,Anllia,plug_1,Tapo P110,P110,fridge,a7c73018,multi_cycle,1.0,93.049,238.073,0.663,0.151,0.383,,on,-65,,2 hour NILM fridge session
2026-06-11T10:28:43.191999+00:00,2026-06-11 15:58:43,Anllia,plug_1,Tapo P110,P110,fridge,a7c73018,multi_cycle,1.0,93.341,238.012,0.663,0.151,0.383,,on,-65,,2 hour NILM fridge session
2026-06-11T10:28:44.580245+00:00,2026-06-11 15:58:44,Anllia,plug_1,Tapo P110,P110,fridge,a7c73018,multi_cycle,1.0,93.039,238.012,0.663,0.151,0.384,,on,-65,,2 hour NILM fridge session
2026-06-11T10:28:45.901809+00:00,2026-06-11 15:58:45,Anllia,plug_1,Tapo P110,P110,fridge,a7c73018,multi_cycle,1.0,93.014,238.012,0.664,0.151,0.384,,on,-65,,2 hour NILM fridge session
2026-06-11T10:28:47.273838+00:00,2026-06-11 15:58:47,Anllia,plug_1,Tapo P110,P110,fridge,a7c73018,multi_cycle,1.0,92.899,237.677,0.664,0.151,0.384,,on,-65,,2 hour NILM fridge session
2026-06-11T10:28:48.664235+00:00,2026-06-11 15:58:48,Anllia,plug_1,Tapo P110,P110,fridge,a7c73018,multi_cycle,1.0,92.947,237.677,0.664,0.151,0.384,,on,-65,,2 hour NILM fridge session
2026-06-11T10:28:49.933278+00:00,2026-06-11 15:58:49,Anllia,plug_1,Tapo P110,P110,fridge,a7c73018,multi_cycle,1.0,93.097,237.589,0.664,0.151,0.384,,on,-65,,2 hour NILM fridge session
2026-06-11T10:28:51.239373+00:00,2026-06-11 15:58:51,Anllia,plug_1,Tapo P110,P110,fridge,a7c73018,multi_cycle,1.0,93.097,237.589,0.665,0.151,0.384,,on,-65,,2 hour NILM fridge session
2026-06-11T10:28:52.517248+00:00,2026-06-11 15:58:52,Anllia,plug_1,Tapo P110,P110,fridge,a7c73018,multi_cycle,1.0,93.129,237.734,0.665,0.151,0.384,,on,-65,,2 hour NILM fridge session
2026-06-11T10:28:53.875181+00:00,2026-06-11 15:58:53,Anllia,plug_1,Tapo P110,P110,fridge,a7c73018,multi_cycle,1.0,93.032,237.734,0.665,0.151,0.384,,on,-65,,2 hour NILM fridge session
2026-06-11T10:28:55.158580+00:00,2026-06-11 15:58:55,Anllia,plug_1,Tapo P110,P110,fridge,a7c73018,multi_cycle,1.0,93.041,237.665,0.665,0.152,0.384,,on,-66,,2 hour NILM fridge session
2026-06-11T10:28:56.481235+00:00,2026-06-11 15:58:56,Anllia,plug_1,Tapo P110,P110,fridge,a7c73018,multi_cycle,1.0,93.109,237.665,0.665,0.152,0.384,,on,-66,,2 hour NILM fridge session
2026-06-11T10:28:57.722883+00:00,2026-06-11 15:58:57,Anllia,plug_1,Tapo P110,P110,fridge,a7c73018,multi_cycle,1.0,92.968,237.665,0.663,0.152,0.384,,on,-66,,2 hour NILM fridge session
2026-06-11T10:28:59.082593+00:00,2026-06-11 15:58:59,Anllia,plug_1,Tapo P110,P110,fridge,a7c73018,multi_cycle,1.0,92.831,237.9,0.663,0.152,0.384,,on,-65,,2 hour NILM fridge session
2026-06-11T10:29:00.581527+00:00,2026-06-11 15:59:00,Anllia,plug_1,Tapo P110,P110,fridge,a7c73018,multi_cycle,1.0,92.94,237.9,0.663,0.152,0.384,,on,-66,,2 hour NILM fridge session
2026-06-11T10:29:01.922511+00:00,2026-06-11 15:59:01,Anllia,plug_1,Tapo P110,P110,fridge,a7c73018,multi_cycle,1.0,93.066,237.836,0.663,0.152,0.384,,on,-65,,2 hour NILM fridge session
2026-06-11T10:29:03.190645+00:00,2026-06-11 15:59:03,Anllia,plug_1,Tapo P110,P110,fridge,a7c73018,multi_cycle,1.0,93.066,237.836,0.666,0.152,0.384,,on,-65,,2 hour NILM fridge session
2026-06-11T10:29:04.600720+00:00,2026-06-11 15:59:04,Anllia,plug_1,Tapo P110,P110,fridge,a7c73018,multi_cycle,1.0,93.185,237.761,0.666,0.152,0.384,,on,-65,,2 hour NILM fridge session
2026-06-11T10:29:05.902416+00:00,2026-06-11 15:59:05,Anllia,plug_1,Tapo P110,P110,fridge,a7c73018,multi_cycle,1.0,93.2,237.761,0.665,0.152,0.384,,on,-66,,2 hour NILM fridge session
2026-06-11T10:29:07.289449+00:00,2026-06-11 15:59:07,Anllia,plug_1,Tapo P110,P110,fridge,a7c73018,multi_cycle,1.0,93.137,237.468,0.665,0.152,0.384,,on,-65,,2 hour NILM fridge session
2026-06-11T10:29:08.592799+00:00,2026-06-11 15:59:08,Anllia,plug_1,Tapo P110,P110,fridge,a7c73018,multi_cycle,1.0,93.007,237.468,0.665,0.152,0.384,,on,-65,,2 hour NILM fridge session
2026-06-11T10:29:09.843176+00:00,2026-06-11 15:59:09,Anllia,plug_1,Tapo P110,P110,fridge,a7c73018,multi_cycle,1.0,93.046,237.468,0.666,0.152,0.384,,on,-65,,2 hour NILM fridge session
2026-06-11T10:29:11.229036+00:00,2026-06-11 15:59:11,Anllia,plug_1,Tapo P110,P110,fridge,a7c73018,multi_cycle,1.0,93.027,237.217,0.666,0.152,0.384,,on,-65,,2 hour NILM fridge session
2026-06-11T10:29:12.474012+00:00,2026-06-11 15:59:12,Anllia,plug_1,Tapo P110,P110,fridge,a7c73018,multi_cycle,1.0,92.956,237.217,0.667,0.152,0.384,,on,-65,,2 hour NILM fridge session
2026-06-11T10:29:13.726547+00:00,2026-06-11 15:59:13,Anllia,plug_1,Tapo P110,P110,fridge,a7c73018,multi_cycle,1.0,92.956,237.199,0.667,0.152,0.384,,on,-65,,2 hour NILM fridge session
2026-06-11T10:29:15.099911+00:00,2026-06-11 15:59:15,Anllia,plug_1,Tapo P110,P110,fridge,a7c73018,multi_cycle,1.0,92.984,237.199,0.667,0.152,0.384,,on,-65,,2 hour NILM fridge session
2026-06-11T10:29:16.373499+00:00,2026-06-11 15:59:16,Anllia,plug_1,Tapo P110,P110,fridge,a7c73018,multi_cycle,1.0,92.937,237.39,0.667,0.152,0.384,,on,-65,,2 hour NILM fridge session
2026-06-11T10:29:17.639282+00:00,2026-06-11 15:59:17,Anllia,plug_1,Tapo P110,P110,fridge,a7c73018,multi_cycle,1.0,92.728,237.39,0.667,0.152,0.384,,on,-65,,2 hour NILM fridge session
2026-06-11T10:29:18.972470+00:00,2026-06-11 15:59:18,Anllia,plug_1,Tapo P110,P110,fridge,a7c73018,multi_cycle,1.0,93.014,237.39,0.667,0.152,0.384,,on,-65,,2 hour NILM fridge session
2026-06-11T10:29:20.290198+00:00,2026-06-11 15:59:20,Anllia,plug_1,Tapo P110,P110,fridge,a7c73018,multi_cycle,1.0,92.916,237.348,0.667,0.152,0.384,,on,-65,,2 hour NILM fridge session
2026-06-11T10:29:21.562896+00:00,2026-06-11 15:59:21,Anllia,plug_1,Tapo P110,P110,fridge,a7c73018,multi_cycle,1.0,93.179,237.348,0.667,0.152,0.384,,on,-65,,2 hour NILM fridge session
2026-06-11T10:29:22.850457+00:00,2026-06-11 15:59:22,Anllia,plug_1,Tapo P110,P110,fridge,a7c73018,multi_cycle,1.0,93.179,237.427,0.667,0.152,0.385,,on,-65,,2 hour NILM fridge session
2026-06-11T10:29:24.105237+00:00,2026-06-11 15:59:24,Anllia,plug_1,Tapo P110,P110,fridge,a7c73018,multi_cycle,1.0,92.762,237.427,0.665,0.152,0.385,,on,-65,,2 hour NILM fridge session
2026-06-11T10:29:25.408228+00:00,2026-06-11 15:59:25,Anllia,plug_1,Tapo P110,P110,fridge,a7c73018,multi_cycle,1.0,92.753,237.596,0.665,0.152,0.385,,on,-65,,2 hour NILM fridge session
2026-06-11T10:29:26.658668+00:00,2026-06-11 15:59:26,Anllia,plug_1,Tapo P110,P110,fridge,a7c73018,multi_cycle,1.0,92.841,237.596,0.665,0.152,0.385,,on,-65,,2 hour NILM fridge session
2026-06-11T10:29:27.902424+00:00,2026-06-11 15:59:27,Anllia,plug_1,Tapo P110,P110,fridge,a7c73018,multi_cycle,1.0,93.147,237.596,0.666,0.152,0.385,,on,-66,,2 hour NILM fridge session
2026-06-11T10:29:29.148074+00:00,2026-06-11 15:59:29,Anllia,plug_1,Tapo P110,P110,fridge,a7c73018,multi_cycle,1.0,92.953,237.626,0.666,0.152,0.385,,on,-65,,2 hour NILM fridge session
2026-06-11T10:29:30.495364+00:00,2026-06-11 15:59:30,Anllia,plug_1,Tapo P110,P110,fridge,a7c73018,multi_cycle,1.0,92.872,237.626,0.665,0.152,0.385,,on,-65,,2 hour NILM fridge session
2026-06-11T10:29:31.810861+00:00,2026-06-11 15:59:31,Anllia,plug_1,Tapo P110,P110,fridge,a7c73018,multi_cycle,1.0,92.872,237.794,0.665,0.152,0.385,,on,-65,,2 hour NILM fridge session
2026-06-11T10:29:33.126096+00:00,2026-06-11 15:59:33,Anllia,plug_1,Tapo P110,P110,fridge,a7c73018,multi_cycle,1.0,92.91,237.794,0.667,0.152,0.385,,on,-65,,2 hour NILM fridge session
2026-06-11T10:29:34.599870+00:00,2026-06-11 15:59:34,Anllia,plug_1,Tapo P110,P110,fridge,a7c73018,multi_cycle,1.0,93.208,237.723,0.667,0.153,0.385,,on,-65,,2 hour NILM fridge session
2026-06-11T10:29:35.950710+00:00,2026-06-11 15:59:35,Anllia,plug_1,Tapo P110,P110,fridge,a7c73018,multi_cycle,1.0,93.008,237.723,0.667,0.153,0.385,,on,-66,,2 hour NILM fridge session
2026-06-11T10:29:37.205430+00:00,2026-06-11 15:59:37,Anllia,plug_1,Tapo P110,P110,fridge,a7c73018,multi_cycle,1.0,92.969,237.723,0.667,0.153,0.385,,on,-65,,2 hour NILM fridge session
2026-06-11T10:29:38.483068+00:00,2026-06-11 15:59:38,Anllia,plug_1,Tapo P110,P110,fridge,a7c73018,multi_cycle,1.0,93.108,237.995,0.667,0.153,0.385,,on,-65,,2 hour NILM fridge session
2026-06-11T10:29:39.750766+00:00,2026-06-11 15:59:39,Anllia,plug_1,Tapo P110,P110,fridge,a7c73018,multi_cycle,1.0,92.939,237.995,0.668,0.153,0.385,,on,-65,,2 hour NILM fridge session
2026-06-11T10:29:41.041103+00:00,2026-06-11 15:59:41,Anllia,plug_1,Tapo P110,P110,fridge,a7c73018,multi_cycle,1.0,92.976,237.945,0.668,0.153,0.385,,on,-65,,2 hour NILM fridge session
2026-06-11T10:29:42.284160+00:00,2026-06-11 15:59:42,Anllia,plug_1,Tapo P110,P110,fridge,a7c73018,multi_cycle,1.0,92.976,237.945,0.671,0.153,0.385,,on,-65,,2 hour NILM fridge session
2026-06-11T10:29:43.591479+00:00,2026-06-11 15:59:43,Anllia,plug_1,Tapo P110,P110,fridge,a7c73018,multi_cycle,1.0,92.938,237.739,0.671,0.153,0.385,,on,-66,,2 hour NILM fridge session
2026-06-11T10:29:44.854974+00:00,2026-06-11 15:59:44,Anllia,plug_1,Tapo P110,P110,fridge,a7c73018,multi_cycle,1.0,92.772,237.739,0.671,0.153,0.385,,on,-65,,2 hour NILM fridge session
2026-06-11T10:29:46.145847+00:00,2026-06-11 15:59:46,Anllia,plug_1,Tapo P110,P110,fridge,a7c73018,multi_cycle,1.0,91.087,237.739,0.669,0.153,0.385,,on,-65,,2 hour NILM fridge session
2026-06-11T10:29:47.467371+00:00,2026-06-11 15:59:47,Anllia,plug_1,Tapo P110,P110,fridge,a7c73018,multi_cycle,1.0,92.253,236.803,0.669,0.153,0.385,,on,-65,,2 hour NILM fridge session
2026-06-11T10:29:48.743360+00:00,2026-06-11 15:59:48,Anllia,plug_1,Tapo P110,P110,fridge,a7c73018,multi_cycle,1.0,92.665,236.803,0.674,0.153,0.385,,on,-65,,2 hour NILM fridge session
2026-06-11T10:29:50.150192+00:00,2026-06-11 15:59:50,Anllia,plug_1,Tapo P110,P110,fridge,a7c73018,multi_cycle,1.0,92.647,236.856,0.674,0.153,0.385,,on,-65,,2 hour NILM fridge session
2026-06-11T10:29:51.500571+00:00,2026-06-11 15:59:51,Anllia,plug_1,Tapo P110,P110,fridge,a7c73018,multi_cycle,1.0,92.647,236.856,0.672,0.153,0.385,,on,-65,,2 hour NILM fridge session
2026-06-11T10:29:52.769424+00:00,2026-06-11 15:59:52,Anllia,plug_1,Tapo P110,P110,fridge,a7c73018,multi_cycle,1.0,93.417,236.825,0.672,0.153,0.385,,on,-65,,2 hour NILM fridge session
2026-06-11T10:29:54.011040+00:00,2026-06-11 15:59:54,Anllia,plug_1,Tapo P110,P110,fridge,a7c73018,multi_cycle,1.0,92.976,236.825,0.666,0.153,0.385,,on,-65,,2 hour NILM fridge session
2026-06-11T10:29:55.262026+00:00,2026-06-11 15:59:55,Anllia,plug_1,Tapo P110,P110,fridge,a7c73018,multi_cycle,1.0,92.495,236.825,0.666,0.153,0.385,,on,-65,,2 hour NILM fridge session
2026-06-11T10:29:56.601036+00:00,2026-06-11 15:59:56,Anllia,plug_1,Tapo P110,P110,fridge,a7c73018,multi_cycle,1.0,92.755,236.989,0.666,0.153,0.385,,on,-65,,2 hour NILM fridge session
2026-06-11T10:29:57.862010+00:00,2026-06-11 15:59:57,Anllia,plug_1,Tapo P110,P110,fridge,a7c73018,multi_cycle,1.0,92.556,236.989,0.668,0.153,0.385,,on,-65,,2 hour NILM fridge session
2026-06-11T10:29:59.112032+00:00,2026-06-11 15:59:59,Anllia,plug_1,Tapo P110,P110,fridge,a7c73018,multi_cycle,1.0,91.753,237.35,0.668,0.153,0.385,,on,-65,,2 hour NILM fridge session
2026-06-11T10:30:00.466003+00:00,2026-06-11 16:00:00,Anllia,plug_1,Tapo P110,P110,fridge,a7c73018,multi_cycle,1.0,91.753,237.35,0.672,0.153,0.385,,on,-65,,2 hour NILM fridge session
2026-06-11T10:30:01.732733+00:00,2026-06-11 16:00:01,Anllia,plug_1,Tapo P110,P110,fridge,a7c73018,multi_cycle,1.0,93.074,237.474,0.672,0.153,0.386,,on,-65,,2 hour NILM fridge session
2026-06-11T10:30:02.982375+00:00,2026-06-11 16:00:02,Anllia,plug_1,Tapo P110,P110,fridge,a7c73018,multi_cycle,1.0,92.64,237.474,0.672,0.153,0.386,,on,-65,,2 hour NILM fridge session
2026-06-11T10:30:04.232379+00:00,2026-06-11 16:00:04,Anllia,plug_1,Tapo P110,P110,fridge,a7c73018,multi_cycle,1.0,92.8,237.474,0.672,0.153,0.386,,on,-65,,2 hour NILM fridge session
2026-06-11T10:30:05.566302+00:00,2026-06-11 16:00:05,Anllia,plug_1,Tapo P110,P110,fridge,a7c73018,multi_cycle,1.0,92.66,236.022,0.672,0.153,0.386,,on,-65,,2 hour NILM fridge session
2026-06-11T10:30:06.964601+00:00,2026-06-11 16:00:06,Anllia,plug_1,Tapo P110,P110,fridge,a7c73018,multi_cycle,1.0,92.123,236.022,0.67,0.153,0.386,,on,-66,,2 hour NILM fridge session
2026-06-11T10:30:08.229650+00:00,2026-06-11 16:00:08,Anllia,plug_1,Tapo P110,P110,fridge,a7c73018,multi_cycle,1.0,92.797,236.194,0.67,0.153,0.386,,on,-67,,2 hour NILM fridge session
2026-06-11T10:30:09.521710+00:00,2026-06-11 16:00:09,Anllia,plug_1,Tapo P110,P110,fridge,a7c73018,multi_cycle,1.0,92.797,236.194,0.673,0.153,0.386,,on,-64,,2 hour NILM fridge session
2026-06-11T10:30:10.828398+00:00,2026-06-11 16:00:10,Anllia,plug_1,Tapo P110,P110,fridge,a7c73018,multi_cycle,1.0,92.341,235.865,0.673,0.153,0.386,,on,-69,,2 hour NILM fridge session
2026-06-11T10:30:12.181466+00:00,2026-06-11 16:00:12,Anllia,plug_1,Tapo P110,P110,fridge,a7c73018,multi_cycle,1.0,92.998,235.865,0.672,0.153,0.386,,on,-63,,2 hour NILM fridge session
2026-06-11T10:30:13.626316+00:00,2026-06-11 16:00:13,Anllia,plug_1,Tapo P110,P110,fridge,a7c73018,multi_cycle,1.0,92.23,235.426,0.672,0.154,0.386,,on,-66,,2 hour NILM fridge session
2026-06-11T10:30:14.947455+00:00,2026-06-11 16:00:14,Anllia,plug_1,Tapo P110,P110,fridge,a7c73018,multi_cycle,1.0,92.838,235.426,0.672,0.154,0.386,,on,-69,,2 hour NILM fridge session
2026-06-11T10:30:16.348028+00:00,2026-06-11 16:00:16,Anllia,plug_1,Tapo P110,P110,fridge,a7c73018,multi_cycle,1.0,92.254,235.426,0.671,0.154,0.386,,on,-66,,2 hour NILM fridge session
2026-06-11T10:30:17.772535+00:00,2026-06-11 16:00:17,Anllia,plug_1,Tapo P110,P110,fridge,a7c73018,multi_cycle,1.0,92.683,236.437,0.671,0.154,0.386,,on,-68,,2 hour NILM fridge session
2026-06-11T10:30:19.018504+00:00,2026-06-11 16:00:19,Anllia,plug_1,Tapo P110,P110,fridge,a7c73018,multi_cycle,1.0,91.575,236.437,0.667,0.154,0.386,,on,-66,,2 hour NILM fridge session
2026-06-11T10:30:20.267032+00:00,2026-06-11 16:00:20,Anllia,plug_1,Tapo P110,P110,fridge,a7c73018,multi_cycle,1.0,92.884,235.249,0.667,0.154,0.386,,on,-63,,2 hour NILM fridge session
2026-06-11T10:30:21.517688+00:00,2026-06-11 16:00:21,Anllia,plug_1,Tapo P110,P110,fridge,a7c73018,multi_cycle,1.0,92.884,235.249,0.677,0.154,0.386,,on,-62,,2 hour NILM fridge session
2026-06-11T10:30:22.788384+00:00,2026-06-11 16:00:22,Anllia,plug_1,Tapo P110,P110,fridge,a7c73018,multi_cycle,1.0,93.331,234.563,0.677,0.154,0.386,,on,-61,,2 hour NILM fridge session
2026-06-11T10:30:24.066168+00:00,2026-06-11 16:00:24,Anllia,plug_1,Tapo P110,P110,fridge,a7c73018,multi_cycle,1.0,92.904,234.563,0.677,0.154,0.386,,on,-66,,2 hour NILM fridge session
2026-06-11T10:30:25.387818+00:00,2026-06-11 16:00:25,Anllia,plug_1,Tapo P110,P110,fridge,a7c73018,multi_cycle,1.0,92.541,234.563,0.677,0.154,0.386,,on,-65,,2 hour NILM fridge session
2026-06-11T10:30:26.792897+00:00,2026-06-11 16:00:26,Anllia,plug_1,Tapo P110,P110,fridge,a7c73018,multi_cycle,1.0,92.765,234.942,0.677,0.154,0.386,,on,-65,,2 hour NILM fridge session
2026-06-11T10:30:28.135270+00:00,2026-06-11 16:00:28,Anllia,plug_1,Tapo P110,P110,fridge,a7c73018,multi_cycle,1.0,92.761,234.942,0.676,0.154,0.386,,on,-65,,2 hour NILM fridge session
2026-06-11T10:30:29.426893+00:00,2026-06-11 16:00:29,Anllia,plug_1,Tapo P110,P110,fridge,a7c73018,multi_cycle,1.0,92.204,235.531,0.676,0.154,0.386,,on,-65,,2 hour NILM fridge session
2026-06-11T10:30:30.742412+00:00,2026-06-11 16:00:30,Anllia,plug_1,Tapo P110,P110,fridge,a7c73018,multi_cycle,1.0,92.86,235.531,0.681,0.154,0.386,,on,-65,,2 hour NILM fridge session
2026-06-11T10:30:32.006971+00:00,2026-06-11 16:00:32,Anllia,plug_1,Tapo P110,P110,fridge,a7c73018,multi_cycle,1.0,92.86,235.279,0.681,0.154,0.386,,on,-65,,2 hour NILM fridge session
2026-06-11T10:30:33.280468+00:00,2026-06-11 16:00:33,Anllia,plug_1,Tapo P110,P110,fridge,a7c73018,multi_cycle,1.0,91.751,235.279,0.68,0.154,0.386,,on,-65,,2 hour NILM fridge session
2026-06-11T10:30:34.556237+00:00,2026-06-11 16:00:34,Anllia,plug_1,Tapo P110,P110,fridge,a7c73018,multi_cycle,1.0,92.762,235.279,0.68,0.154,0.386,,on,-65,,2 hour NILM fridge session
2026-06-11T10:30:36.008708+00:00,2026-06-11 16:00:36,Anllia,plug_1,Tapo P110,P110,fridge,a7c73018,multi_cycle,1.0,92.591,234.805,0.68,0.154,0.386,,on,-65,,2 hour NILM fridge session
2026-06-11T10:30:37.359757+00:00,2026-06-11 16:00:37,Anllia,plug_1,Tapo P110,P110,fridge,a7c73018,multi_cycle,1.0,92.408,234.805,0.677,0.154,0.386,,on,-65,,2 hour NILM fridge session
2026-06-11T10:30:38.658264+00:00,2026-06-11 16:00:38,Anllia,plug_1,Tapo P110,P110,fridge,a7c73018,multi_cycle,1.0,92.351,234.813,0.677,0.154,0.386,,on,-65,,2 hour NILM fridge session
2026-06-11T10:30:40.056557+00:00,2026-06-11 16:00:40,Anllia,plug_1,Tapo P110,P110,fridge,a7c73018,multi_cycle,1.0,93.53,234.813,0.678,0.154,0.386,,on,-64,,2 hour NILM fridge session
2026-06-11T10:30:41.403008+00:00,2026-06-11 16:00:41,Anllia,plug_1,Tapo P110,P110,fridge,a7c73018,multi_cycle,1.0,93.179,234.748,0.678,0.154,0.387,,on,-68,,2 hour NILM fridge session
2026-06-11T10:30:42.645038+00:00,2026-06-11 16:00:42,Anllia,plug_1,Tapo P110,P110,fridge,a7c73018,multi_cycle,1.0,93.419,234.748,0.674,0.154,0.387,,on,-65,,2 hour NILM fridge session
2026-06-11T10:30:44.088666+00:00,2026-06-11 16:00:44,Anllia,plug_1,Tapo P110,P110,fridge,a7c73018,multi_cycle,1.0,93.419,234.96,0.674,0.154,0.387,,on,-66,,2 hour NILM fridge session
2026-06-11T10:30:45.347737+00:00,2026-06-11 16:00:45,Anllia,plug_1,Tapo P110,P110,fridge,a7c73018,multi_cycle,1.0,92.32,234.96,0.676,0.154,0.387,,on,-63,,2 hour NILM fridge session
2026-06-11T10:30:46.603141+00:00,2026-06-11 16:00:46,Anllia,plug_1,Tapo P110,P110,fridge,a7c73018,multi_cycle,1.0,92.678,235.474,0.676,0.154,0.387,,on,-66,,2 hour NILM fridge session
2026-06-11T10:30:47.873562+00:00,2026-06-11 16:00:47,Anllia,plug_1,Tapo P110,P110,fridge,a7c73018,multi_cycle,1.0,91.509,235.474,0.676,0.154,0.387,,on,-65,,2 hour NILM fridge session
2026-06-11T10:30:49.117977+00:00,2026-06-11 16:00:49,Anllia,plug_1,Tapo P110,P110,fridge,a7c73018,multi_cycle,1.0,93.51,235.474,0.682,0.154,0.387,,on,-65,,2 hour NILM fridge session
2026-06-11T10:30:50.463811+00:00,2026-06-11 16:00:50,Anllia,plug_1,Tapo P110,P110,fridge,a7c73018,multi_cycle,1.0,92.69,235.916,0.682,0.154,0.387,,on,-65,,2 hour NILM fridge session
2026-06-11T10:30:51.706577+00:00,2026-06-11 16:00:51,Anllia,plug_1,Tapo P110,P110,fridge,a7c73018,multi_cycle,1.0,92.801,235.916,0.672,0.155,0.387,,on,-64,,2 hour NILM fridge session
2026-06-11T10:30:53.150182+00:00,2026-06-11 16:00:53,Anllia,plug_1,Tapo P110,P110,fridge,a7c73018,multi_cycle,1.0,92.801,236.019,0.672,0.155,0.387,,on,-65,,2 hour NILM fridge session
2026-06-11T10:30:54.672483+00:00,2026-06-11 16:00:54,Anllia,plug_1,Tapo P110,P110,fridge,a7c73018,multi_cycle,1.0,92.859,236.019,0.673,0.155,0.387,,on,-66,,2 hour NILM fridge session
2026-06-11T10:30:55.973283+00:00,2026-06-11 16:00:55,Anllia,plug_1,Tapo P110,P110,fridge,a7c73018,multi_cycle,1.0,92.753,236.008,0.673,0.155,0.387,,on,-63,,2 hour NILM fridge session
2026-06-11T10:30:57.531227+00:00,2026-06-11 16:00:57,Anllia,plug_1,Tapo P110,P110,fridge,a7c73018,multi_cycle,1.0,92.814,236.008,0.673,0.155,0.387,,on,-65,,2 hour NILM fridge session
2026-06-11T10:30:58.959597+00:00,2026-06-11 16:00:58,Anllia,plug_1,Tapo P110,P110,fridge,a7c73018,multi_cycle,1.0,92.947,236.198,0.673,0.155,0.387,,on,-66,,2 hour NILM fridge session
2026-06-11T10:31:00.290779+00:00,2026-06-11 16:01:00,Anllia,plug_1,Tapo P110,P110,fridge,a7c73018,multi_cycle,1.0,92.698,236.198,0.671,0.155,0.387,,on,-68,,2 hour NILM fridge session
2026-06-11T10:31:01.639621+00:00,2026-06-11 16:01:01,Anllia,plug_1,Tapo P110,P110,fridge,a7c73018,multi_cycle,1.0,92.774,236.511,0.671,0.155,0.387,,on,-68,,2 hour NILM fridge session
2026-06-11T10:31:02.885989+00:00,2026-06-11 16:01:02,Anllia,plug_1,Tapo P110,P110,fridge,a7c73018,multi_cycle,1.0,92.867,236.511,0.671,0.155,0.387,,on,-66,,2 hour NILM fridge session
2026-06-11T10:31:04.203164+00:00,2026-06-11 16:01:04,Anllia,plug_1,Tapo P110,P110,fridge,a7c73018,multi_cycle,1.0,92.738,236.511,0.67,0.155,0.387,,on,-67,,2 hour NILM fridge session
2026-06-11T10:31:05.565036+00:00,2026-06-11 16:01:05,Anllia,plug_1,Tapo P110,P110,fridge,a7c73018,multi_cycle,1.0,92.654,236.526,0.67,0.155,0.387,,on,-67,,2 hour NILM fridge session
2026-06-11T10:31:06.842967+00:00,2026-06-11 16:01:06,Anllia,plug_1,Tapo P110,P110,fridge,a7c73018,multi_cycle,1.0,92.681,236.526,0.669,0.155,0.387,,on,-67,,2 hour NILM fridge session
2026-06-11T10:31:08.115564+00:00,2026-06-11 16:01:08,Anllia,plug_1,Tapo P110,P110,fridge,a7c73018,multi_cycle,1.0,92.681,236.442,0.669,0.155,0.387,,on,-68,,2 hour NILM fridge session
2026-06-11T10:31:09.624639+00:00,2026-06-11 16:01:09,Anllia,plug_1,Tapo P110,P110,fridge,a7c73018,multi_cycle,1.0,92.507,236.442,0.668,0.155,0.387,,on,-62,,2 hour NILM fridge session
2026-06-11T10:31:10.873792+00:00,2026-06-11 16:01:10,Anllia,plug_1,Tapo P110,P110,fridge,a7c73018,multi_cycle,1.0,92.474,236.517,0.668,0.155,0.387,,on,-61,,2 hour NILM fridge session
2026-06-11T10:31:12.166684+00:00,2026-06-11 16:01:12,Anllia,plug_1,Tapo P110,P110,fridge,a7c73018,multi_cycle,1.0,92.703,236.517,0.675,0.155,0.387,,on,-68,,2 hour NILM fridge session
2026-06-11T10:31:13.625306+00:00,2026-06-11 16:01:13,Anllia,plug_1,Tapo P110,P110,fridge,a7c73018,multi_cycle,1.0,93.261,236.517,0.675,0.155,0.387,,on,-65,,2 hour NILM fridge session
2026-06-11T10:31:14.981723+00:00,2026-06-11 16:01:14,Anllia,plug_1,Tapo P110,P110,fridge,a7c73018,multi_cycle,1.0,92.169,235.731,0.675,0.155,0.387,,on,-66,,2 hour NILM fridge session
2026-06-11T10:31:16.432195+00:00,2026-06-11 16:01:16,Anllia,plug_1,Tapo P110,P110,fridge,a7c73018,multi_cycle,1.0,92.509,235.731,0.669,0.155,0.387,,on,-65,,2 hour NILM fridge session
2026-06-11T10:31:17.694545+00:00,2026-06-11 16:01:17,Anllia,plug_1,Tapo P110,P110,fridge,a7c73018,multi_cycle,1.0,92.397,236.243,0.669,0.155,0.387,,on,-65,,2 hour NILM fridge session
2026-06-11T10:31:20.405485+00:00,2026-06-11 16:01:20,Anllia,plug_1,Tapo P110,P110,fridge,a7c73018,multi_cycle,1.0,92.544,236.243,0.67,0.155,0.387,,on,-65,,2 hour NILM fridge session
2026-06-11T10:31:21.775769+00:00,2026-06-11 16:01:21,Anllia,plug_1,Tapo P110,P110,fridge,a7c73018,multi_cycle,1.0,92.496,235.351,0.669,0.155,0.388,,on,-65,,2 hour NILM fridge session
2026-06-11T10:31:23.046818+00:00,2026-06-11 16:01:23,Anllia,plug_1,Tapo P110,P110,fridge,a7c73018,multi_cycle,1.0,92.201,235.635,0.669,0.155,0.388,,on,-65,,2 hour NILM fridge session
2026-06-11T10:31:24.416017+00:00,2026-06-11 16:01:24,Anllia,plug_1,Tapo P110,P110,fridge,a7c73018,multi_cycle,1.0,92.546,235.635,0.671,0.155,0.388,,on,-66,,2 hour NILM fridge session
2026-06-11T10:31:25.664472+00:00,2026-06-11 16:01:25,Anllia,plug_1,Tapo P110,P110,fridge,a7c73018,multi_cycle,1.0,92.721,235.635,0.671,0.155,0.388,,on,-66,,2 hour NILM fridge session
2026-06-11T10:31:27.043665+00:00,2026-06-11 16:01:27,Anllia,plug_1,Tapo P110,P110,fridge,a7c73018,multi_cycle,1.0,92.485,236.777,0.671,0.155,0.388,,on,-65,,2 hour NILM fridge session
2026-06-11T10:31:28.410914+00:00,2026-06-11 16:01:28,Anllia,plug_1,Tapo P110,P110,fridge,a7c73018,multi_cycle,1.0,92.567,236.777,0.669,0.155,0.388,,on,-65,,2 hour NILM fridge session
2026-06-11T10:31:29.744283+00:00,2026-06-11 16:01:29,Anllia,plug_1,Tapo P110,P110,fridge,a7c73018,multi_cycle,1.0,92.373,237.769,0.669,0.155,0.388,,on,-65,,2 hour NILM fridge session
2026-06-11T10:31:31.098100+00:00,2026-06-11 16:01:31,Anllia,plug_1,Tapo P110,P110,fridge,a7c73018,multi_cycle,1.0,92.552,237.769,0.666,0.156,0.388,,on,-65,,2 hour NILM fridge session
2026-06-11T10:31:32.367227+00:00,2026-06-11 16:01:32,Anllia,plug_1,Tapo P110,P110,fridge,a7c73018,multi_cycle,1.0,92.441,237.469,0.666,0.156,0.388,,on,-65,,2 hour NILM fridge session
2026-06-11T10:31:33.732472+00:00,2026-06-11 16:01:33,Anllia,plug_1,Tapo P110,P110,fridge,a7c73018,multi_cycle,1.0,92.441,237.469,0.667,0.156,0.388,,on,-66,,2 hour NILM fridge session
2026-06-11T10:31:35.212544+00:00,2026-06-11 16:01:35,Anllia,plug_1,Tapo P110,P110,fridge,a7c73018,multi_cycle,1.0,93.668,237.554,0.667,0.156,0.388,,on,-65,,2 hour NILM fridge session
2026-06-11T10:31:36.993898+00:00,2026-06-11 16:01:36,Anllia,plug_1,Tapo P110,P110,fridge,a7c73018,multi_cycle,1.0,92.448,237.554,0.669,0.156,0.388,,on,-65,,2 hour NILM fridge session
2026-06-11T10:31:38.341008+00:00,2026-06-11 16:01:38,Anllia,plug_1,Tapo P110,P110,fridge,a7c73018,multi_cycle,1.0,92.995,238.295,0.669,0.156,0.388,,on,-65,,2 hour NILM fridge session
2026-06-11T10:31:39.951303+00:00,2026-06-11 16:01:39,Anllia,plug_1,Tapo P110,P110,fridge,a7c73018,multi_cycle,1.0,92.54,238.295,0.663,0.156,0.388,,on,-65,,2 hour NILM fridge session
2026-06-11T10:31:41.376142+00:00,2026-06-11 16:01:41,Anllia,plug_1,Tapo P110,P110,fridge,a7c73018,multi_cycle,1.0,92.513,236.802,0.663,0.156,0.388,,on,-66,,2 hour NILM fridge session
2026-06-11T10:31:46.903023+00:00,2026-06-11 16:01:46,Anllia,plug_1,Tapo P110,P110,fridge,a7c73018,multi_cycle,1.0,91.761,236.802,0.668,0.156,0.388,,on,-66,,2 hour NILM fridge session
2026-06-11T10:31:50.139899+00:00,2026-06-11 16:01:50,Anllia,plug_1,Tapo P110,P110,fridge,a7c73018,multi_cycle,1.0,92.59,236.178,0.671,0.156,0.388,,on,-66,,2 hour NILM fridge session
2026-06-11T10:31:51.396295+00:00,2026-06-11 16:01:51,Anllia,plug_1,Tapo P110,P110,fridge,a7c73018,multi_cycle,1.0,92.447,236.178,0.666,0.156,0.388,,on,-68,,2 hour NILM fridge session
2026-06-11T10:31:52.722408+00:00,2026-06-11 16:01:52,Anllia,plug_1,Tapo P110,P110,fridge,a7c73018,multi_cycle,1.0,92.865,236.178,0.666,0.156,0.388,,on,-67,,2 hour NILM fridge session
2026-06-11T10:31:53.990681+00:00,2026-06-11 16:01:53,Anllia,plug_1,Tapo P110,P110,fridge,a7c73018,multi_cycle,1.0,92.543,238.04,0.666,0.156,0.388,,on,-62,,2 hour NILM fridge session
2026-06-11T10:31:55.264138+00:00,2026-06-11 16:01:55,Anllia,plug_1,Tapo P110,P110,fridge,a7c73018,multi_cycle,1.0,92.598,238.04,0.663,0.156,0.388,,on,-67,,2 hour NILM fridge session
2026-06-11T10:31:56.606664+00:00,2026-06-11 16:01:56,Anllia,plug_1,Tapo P110,P110,fridge,a7c73018,multi_cycle,1.0,92.482,238.502,0.663,0.156,0.388,,on,-65,,2 hour NILM fridge session
2026-06-11T10:31:57.940372+00:00,2026-06-11 16:01:57,Anllia,plug_1,Tapo P110,P110,fridge,a7c73018,multi_cycle,1.0,92.482,238.502,0.665,0.156,0.388,,on,-68,,2 hour NILM fridge session
2026-06-11T10:31:59.317839+00:00,2026-06-11 16:01:59,Anllia,plug_1,Tapo P110,P110,fridge,a7c73018,multi_cycle,1.0,92.643,238.56,0.665,0.156,0.389,,on,-69,,2 hour NILM fridge session
2026-06-11T10:32:00.829329+00:00,2026-06-11 16:02:00,Anllia,plug_1,Tapo P110,P110,fridge,a7c73018,multi_cycle,1.0,92.59,238.56,0.665,0.156,0.389,,on,-66,,2 hour NILM fridge session
2026-06-11T10:32:02.277498+00:00,2026-06-11 16:02:02,Anllia,plug_1,Tapo P110,P110,fridge,a7c73018,multi_cycle,1.0,92.631,238.57,0.665,0.156,0.389,,on,-65,,2 hour NILM fridge session
2026-06-11T10:32:03.707858+00:00,2026-06-11 16:02:03,Anllia,plug_1,Tapo P110,P110,fridge,a7c73018,multi_cycle,1.0,92.534,238.57,0.664,0.156,0.389,,on,-63,,2 hour NILM fridge session
2026-06-11T10:32:05.075326+00:00,2026-06-11 16:02:05,Anllia,plug_1,Tapo P110,P110,fridge,a7c73018,multi_cycle,1.0,92.441,238.519,0.664,0.156,0.389,,on,-63,,2 hour NILM fridge session
2026-06-11T10:32:06.382215+00:00,2026-06-11 16:02:06,Anllia,plug_1,Tapo P110,P110,fridge,a7c73018,multi_cycle,1.0,91.352,238.519,0.67,0.156,0.389,,on,-64,,2 hour NILM fridge session
2026-06-11T10:32:07.652823+00:00,2026-06-11 16:02:07,Anllia,plug_1,Tapo P110,P110,fridge,a7c73018,multi_cycle,1.0,92.387,238.519,0.67,0.156,0.389,,on,-64,,2 hour NILM fridge session
2026-06-11T10:32:08.960152+00:00,2026-06-11 16:02:08,Anllia,plug_1,Tapo P110,P110,fridge,a7c73018,multi_cycle,1.0,92.715,237.068,0.67,0.156,0.389,,on,-63,,2 hour NILM fridge session
2026-06-11T10:32:10.206988+00:00,2026-06-11 16:02:10,Anllia,plug_1,Tapo P110,P110,fridge,a7c73018,multi_cycle,1.0,92.318,237.068,0.663,0.157,0.389,,on,-63,,2 hour NILM fridge session
2026-06-11T10:32:11.518581+00:00,2026-06-11 16:02:11,Anllia,plug_1,Tapo P110,P110,fridge,a7c73018,multi_cycle,1.0,92.428,237.676,0.663,0.157,0.389,,on,-65,,2 hour NILM fridge session
2026-06-11T10:32:13.050762+00:00,2026-06-11 16:02:13,Anllia,plug_1,Tapo P110,P110,fridge,a7c73018,multi_cycle,1.0,92.428,237.676,0.663,0.157,0.389,,on,-64,,2 hour NILM fridge session
2026-06-11T10:32:14.318092+00:00,2026-06-11 16:02:14,Anllia,plug_1,Tapo P110,P110,fridge,a7c73018,multi_cycle,1.0,92.542,237.699,0.663,0.157,0.389,,on,-64,,2 hour NILM fridge session
2026-06-11T10:32:15.633833+00:00,2026-06-11 16:02:15,Anllia,plug_1,Tapo P110,P110,fridge,a7c73018,multi_cycle,1.0,92.424,237.699,0.663,0.157,0.389,,on,-65,,2 hour NILM fridge session
2026-06-11T10:32:16.916731+00:00,2026-06-11 16:02:16,Anllia,plug_1,Tapo P110,P110,fridge,a7c73018,multi_cycle,1.0,93.05,238.782,0.663,0.157,0.389,,on,-65,,2 hour NILM fridge session
2026-06-11T10:32:18.237649+00:00,2026-06-11 16:02:18,Anllia,plug_1,Tapo P110,P110,fridge,a7c73018,multi_cycle,1.0,92.261,238.782,0.663,0.157,0.389,,on,-67,,2 hour NILM fridge session
2026-06-11T10:32:19.713538+00:00,2026-06-11 16:02:19,Anllia,plug_1,Tapo P110,P110,fridge,a7c73018,multi_cycle,1.0,92.206,238.782,0.659,0.157,0.389,,on,-65,,2 hour NILM fridge session
2026-06-11T10:32:20.995012+00:00,2026-06-11 16:02:20,Anllia,plug_1,Tapo P110,P110,fridge,a7c73018,multi_cycle,1.0,92.215,239.012,0.659,0.157,0.389,,on,-65,,2 hour NILM fridge session
2026-06-11T10:32:22.397878+00:00,2026-06-11 16:02:22,Anllia,plug_1,Tapo P110,P110,fridge,a7c73018,multi_cycle,1.0,92.272,239.012,0.659,0.157,0.389,,on,-62,,2 hour NILM fridge session
2026-06-11T10:32:23.800388+00:00,2026-06-11 16:02:23,Anllia,plug_1,Tapo P110,P110,fridge,a7c73018,multi_cycle,1.0,91.599,237.697,0.659,0.157,0.389,,on,-77,,2 hour NILM fridge session
2026-06-11T10:32:25.232383+00:00,2026-06-11 16:02:25,Anllia,plug_1,Tapo P110,P110,fridge,a7c73018,multi_cycle,1.0,92.412,237.697,0.664,0.157,0.389,,on,-67,,2 hour NILM fridge session
2026-06-11T10:32:26.499487+00:00,2026-06-11 16:02:26,Anllia,plug_1,Tapo P110,P110,fridge,a7c73018,multi_cycle,1.0,92.317,238.307,0.664,0.157,0.389,,on,-67,,2 hour NILM fridge session
2026-06-11T10:32:27.865439+00:00,2026-06-11 16:02:27,Anllia,plug_1,Tapo P110,P110,fridge,a7c73018,multi_cycle,1.0,92.317,238.307,0.659,0.157,0.389,,on,-66,,2 hour NILM fridge session
2026-06-11T10:32:29.215229+00:00,2026-06-11 16:02:29,Anllia,plug_1,Tapo P110,P110,fridge,a7c73018,multi_cycle,1.0,91.683,238.2,0.659,0.157,0.389,,on,-65,,2 hour NILM fridge session
2026-06-11T10:32:30.661760+00:00,2026-06-11 16:02:30,Anllia,plug_1,Tapo P110,P110,fridge,a7c73018,multi_cycle,1.0,93.096,238.2,0.659,0.157,0.389,,on,-64,,2 hour NILM fridge session
2026-06-11T10:32:31.934061+00:00,2026-06-11 16:02:31,Anllia,plug_1,Tapo P110,P110,fridge,a7c73018,multi_cycle,1.0,92.779,238.441,0.659,0.157,0.389,,on,-66,,2 hour NILM fridge session
2026-06-11T10:32:33.214865+00:00,2026-06-11 16:02:33,Anllia,plug_1,Tapo P110,P110,fridge,a7c73018,multi_cycle,1.0,92.089,238.441,0.659,0.157,0.389,,on,-65,,2 hour NILM fridge session
2026-06-11T10:32:34.531008+00:00,2026-06-11 16:02:34,Anllia,plug_1,Tapo P110,P110,fridge,a7c73018,multi_cycle,1.0,91.601,238.441,0.664,0.157,0.389,,on,-65,,2 hour NILM fridge session
2026-06-11T10:32:35.891391+00:00,2026-06-11 16:02:35,Anllia,plug_1,Tapo P110,P110,fridge,a7c73018,multi_cycle,1.0,92.69,238.738,0.664,0.157,0.389,,on,-66,,2 hour NILM fridge session
2026-06-11T10:32:37.145143+00:00,2026-06-11 16:02:37,Anllia,plug_1,Tapo P110,P110,fridge,a7c73018,multi_cycle,1.0,91.583,238.738,0.657,0.157,0.39,,on,-65,,2 hour NILM fridge session
2026-06-11T10:32:38.691414+00:00,2026-06-11 16:02:38,Anllia,plug_1,Tapo P110,P110,fridge,a7c73018,multi_cycle,1.0,91.583,239.234,0.657,0.157,0.39,,on,-65,,2 hour NILM fridge session
2026-06-11T10:32:40.001806+00:00,2026-06-11 16:02:40,Anllia,plug_1,Tapo P110,P110,fridge,a7c73018,multi_cycle,1.0,91.708,239.234,0.663,0.157,0.39,,on,-66,,2 hour NILM fridge session
2026-06-11T10:32:41.402481+00:00,2026-06-11 16:02:41,Anllia,plug_1,Tapo P110,P110,fridge,a7c73018,multi_cycle,1.0,92.342,239.368,0.663,0.157,0.39,,on,-65,,2 hour NILM fridge session
2026-06-11T10:32:42.854929+00:00,2026-06-11 16:02:42,Anllia,plug_1,Tapo P110,P110,fridge,a7c73018,multi_cycle,1.0,92.25,239.368,0.658,0.157,0.39,,on,-65,,2 hour NILM fridge session
2026-06-11T10:32:44.419598+00:00,2026-06-11 16:02:44,Anllia,plug_1,Tapo P110,P110,fridge,a7c73018,multi_cycle,1.0,92.182,239.898,0.658,0.157,0.39,,on,-67,,2 hour NILM fridge session
2026-06-11T10:32:45.862648+00:00,2026-06-11 16:02:45,Anllia,plug_1,Tapo P110,P110,fridge,a7c73018,multi_cycle,1.0,92.452,239.898,0.657,0.157,0.39,,on,-70,,2 hour NILM fridge session
2026-06-11T10:32:47.163098+00:00,2026-06-11 16:02:47,Anllia,plug_1,Tapo P110,P110,fridge,a7c73018,multi_cycle,1.0,92.257,239.859,0.657,0.157,0.39,,on,-64,,2 hour NILM fridge session
2026-06-11T10:32:48.535423+00:00,2026-06-11 16:02:48,Anllia,plug_1,Tapo P110,P110,fridge,a7c73018,multi_cycle,1.0,92.117,239.859,0.658,0.158,0.39,,on,-71,,2 hour NILM fridge session
2026-06-11T10:32:49.825090+00:00,2026-06-11 16:02:49,Anllia,plug_1,Tapo P110,P110,fridge,a7c73018,multi_cycle,1.0,92.225,239.859,0.658,0.158,0.39,,on,-64,,2 hour NILM fridge session
2026-06-11T10:32:51.120729+00:00,2026-06-11 16:02:51,Anllia,plug_1,Tapo P110,P110,fridge,a7c73018,multi_cycle,1.0,92.139,239.706,0.658,0.158,0.39,,on,-69,,2 hour NILM fridge session
2026-06-11T10:32:52.516457+00:00,2026-06-11 16:02:52,Anllia,plug_1,Tapo P110,P110,fridge,a7c73018,multi_cycle,1.0,93.708,239.706,0.665,0.158,0.39,,on,-71,,2 hour NILM fridge session
2026-06-11T10:32:53.765288+00:00,2026-06-11 16:02:53,Anllia,plug_1,Tapo P110,P110,fridge,a7c73018,multi_cycle,1.0,92.364,239.56,0.665,0.158,0.39,,on,-68,,2 hour NILM fridge session
2026-06-11T10:32:55.038007+00:00,2026-06-11 16:02:55,Anllia,plug_1,Tapo P110,P110,fridge,a7c73018,multi_cycle,1.0,92.044,239.56,0.658,0.158,0.39,,on,-67,,2 hour NILM fridge session
2026-06-11T10:32:56.385535+00:00,2026-06-11 16:02:56,Anllia,plug_1,Tapo P110,P110,fridge,a7c73018,multi_cycle,1.0,92.044,239.092,0.658,0.158,0.39,,on,-66,,2 hour NILM fridge session
2026-06-11T10:32:57.687341+00:00,2026-06-11 16:02:57,Anllia,plug_1,Tapo P110,P110,fridge,a7c73018,multi_cycle,1.0,91.402,239.092,0.665,0.158,0.39,,on,-67,,2 hour NILM fridge session
2026-06-11T10:32:58.987987+00:00,2026-06-11 16:02:58,Anllia,plug_1,Tapo P110,P110,fridge,a7c73018,multi_cycle,1.0,91.306,239.929,0.665,0.158,0.39,,on,-65,,2 hour NILM fridge session
2026-06-11T10:33:00.361631+00:00,2026-06-11 16:03:00,Anllia,plug_1,Tapo P110,P110,fridge,a7c73018,multi_cycle,1.0,91.799,239.929,0.665,0.158,0.39,,on,-67,,2 hour NILM fridge session
2026-06-11T10:33:01.649996+00:00,2026-06-11 16:03:01,Anllia,plug_1,Tapo P110,P110,fridge,a7c73018,multi_cycle,1.0,93.052,239.929,0.66,0.158,0.39,,on,-65,,2 hour NILM fridge session
2026-06-11T10:33:03.469551+00:00,2026-06-11 16:03:03,Anllia,plug_1,Tapo P110,P110,fridge,a7c73018,multi_cycle,1.0,90.31,239.991,0.666,0.158,0.39,,on,-65,,2 hour NILM fridge session
2026-06-11T10:33:05.215465+00:00,2026-06-11 16:03:05,Anllia,plug_1,Tapo P110,P110,fridge,a7c73018,multi_cycle,1.0,92.963,240.047,0.666,0.158,0.39,,on,-65,,2 hour NILM fridge session
2026-06-11T10:33:06.542515+00:00,2026-06-11 16:03:06,Anllia,plug_1,Tapo P110,P110,fridge,a7c73018,multi_cycle,1.0,91.065,240.047,0.661,0.158,0.39,,on,-65,,2 hour NILM fridge session
2026-06-11T10:33:07.809009+00:00,2026-06-11 16:03:07,Anllia,plug_1,Tapo P110,P110,fridge,a7c73018,multi_cycle,1.0,92.796,240.047,0.661,0.158,0.39,,on,-65,,2 hour NILM fridge session
2026-06-11T10:33:09.103225+00:00,2026-06-11 16:03:09,Anllia,plug_1,Tapo P110,P110,fridge,a7c73018,multi_cycle,1.0,91.634,239.164,0.661,0.158,0.39,,on,-65,,2 hour NILM fridge session
2026-06-11T10:33:10.406695+00:00,2026-06-11 16:03:10,Anllia,plug_1,Tapo P110,P110,fridge,a7c73018,multi_cycle,1.0,91.863,239.164,0.661,0.158,0.39,,on,-66,,2 hour NILM fridge session
2026-06-11T10:33:12.877920+00:00,2026-06-11 16:03:12,Anllia,plug_1,Tapo P110,P110,fridge,a7c73018,multi_cycle,1.0,92.044,238.901,0.661,0.158,0.39,,on,-65,,2 hour NILM fridge session
2026-06-11T10:33:14.149403+00:00,2026-06-11 16:03:14,Anllia,plug_1,Tapo P110,P110,fridge,a7c73018,multi_cycle,1.0,92.747,238.962,0.662,0.158,0.39,,on,-65,,2 hour NILM fridge session
2026-06-11T10:33:15.463874+00:00,2026-06-11 16:03:15,Anllia,plug_1,Tapo P110,P110,fridge,a7c73018,multi_cycle,1.0,92.579,238.962,0.662,0.158,0.39,,on,-65,,2 hour NILM fridge session
2026-06-11T10:33:16.908399+00:00,2026-06-11 16:03:16,Anllia,plug_1,Tapo P110,P110,fridge,a7c73018,multi_cycle,1.0,92.24,238.962,0.661,0.158,0.391,,on,-66,,2 hour NILM fridge session
2026-06-11T10:33:18.180819+00:00,2026-06-11 16:03:18,Anllia,plug_1,Tapo P110,P110,fridge,a7c73018,multi_cycle,1.0,92.028,239.543,0.661,0.158,0.391,,on,-65,,2 hour NILM fridge session
2026-06-11T10:33:19.541736+00:00,2026-06-11 16:03:19,Anllia,plug_1,Tapo P110,P110,fridge,a7c73018,multi_cycle,1.0,92.243,239.543,0.66,0.158,0.391,,on,-65,,2 hour NILM fridge session
2026-06-11T10:33:20.891050+00:00,2026-06-11 16:03:20,Anllia,plug_1,Tapo P110,P110,fridge,a7c73018,multi_cycle,1.0,92.333,239.364,0.66,0.158,0.391,,on,-65,,2 hour NILM fridge session
2026-06-11T10:33:22.283116+00:00,2026-06-11 16:03:22,Anllia,plug_1,Tapo P110,P110,fridge,a7c73018,multi_cycle,1.0,92.057,239.364,0.658,0.158,0.391,,on,-66,,2 hour NILM fridge session
2026-06-11T10:33:23.607430+00:00,2026-06-11 16:03:23,Anllia,plug_1,Tapo P110,P110,fridge,a7c73018,multi_cycle,1.0,92.057,240.387,0.658,0.158,0.391,,on,-64,,2 hour NILM fridge session
2026-06-11T10:33:24.990558+00:00,2026-06-11 16:03:24,Anllia,plug_1,Tapo P110,P110,fridge,a7c73018,multi_cycle,1.0,91.909,240.387,0.655,0.158,0.391,,on,-65,,2 hour NILM fridge session
2026-06-11T10:33:26.572839+00:00,2026-06-11 16:03:26,Anllia,plug_1,Tapo P110,P110,fridge,a7c73018,multi_cycle,1.0,92.121,240.282,0.655,0.158,0.391,,on,-65,,2 hour NILM fridge session
2026-06-11T10:33:28.047275+00:00,2026-06-11 16:03:28,Anllia,plug_1,Tapo P110,P110,fridge,a7c73018,multi_cycle,1.0,92.107,240.282,0.655,0.159,0.391,,on,-65,,2 hour NILM fridge session
2026-06-11T10:33:29.422985+00:00,2026-06-11 16:03:29,Anllia,plug_1,Tapo P110,P110,fridge,a7c73018,multi_cycle,1.0,91.372,239.125,0.655,0.159,0.391,,on,-65,,2 hour NILM fridge session
2026-06-11T10:33:30.691698+00:00,2026-06-11 16:03:30,Anllia,plug_1,Tapo P110,P110,fridge,a7c73018,multi_cycle,1.0,92.01,239.125,0.655,0.159,0.391,,on,-64,,2 hour NILM fridge session
2026-06-11T10:33:31.986062+00:00,2026-06-11 16:03:31,Anllia,plug_1,Tapo P110,P110,fridge,a7c73018,multi_cycle,1.0,92.068,239.125,0.655,0.159,0.391,,on,-64,,2 hour NILM fridge session
2026-06-11T10:33:33.305920+00:00,2026-06-11 16:03:33,Anllia,plug_1,Tapo P110,P110,fridge,a7c73018,multi_cycle,1.0,91.97,239.963,0.655,0.159,0.391,,on,-64,,2 hour NILM fridge session
2026-06-11T10:33:34.764203+00:00,2026-06-11 16:03:34,Anllia,plug_1,Tapo P110,P110,fridge,a7c73018,multi_cycle,1.0,90.955,239.963,0.653,0.159,0.391,,on,-65,,2 hour NILM fridge session
2026-06-11T10:33:36.008676+00:00,2026-06-11 16:03:36,Anllia,plug_1,Tapo P110,P110,fridge,a7c73018,multi_cycle,1.0,93.078,238.815,0.653,0.159,0.391,,on,-64,,2 hour NILM fridge session
2026-06-11T10:33:37.489500+00:00,2026-06-11 16:03:37,Anllia,plug_1,Tapo P110,P110,fridge,a7c73018,multi_cycle,1.0,92.081,238.815,0.656,0.159,0.391,,on,-65,,2 hour NILM fridge session
2026-06-11T10:33:38.846515+00:00,2026-06-11 16:03:38,Anllia,plug_1,Tapo P110,P110,fridge,a7c73018,multi_cycle,1.0,92.325,240.053,0.656,0.159,0.391,,on,-65,,2 hour NILM fridge session
2026-06-11T10:33:40.157788+00:00,2026-06-11 16:03:40,Anllia,plug_1,Tapo P110,P110,fridge,a7c73018,multi_cycle,1.0,92.325,240.053,0.657,0.159,0.391,,on,-64,,2 hour NILM fridge session
2026-06-11T10:33:41.520312+00:00,2026-06-11 16:03:41,Anllia,plug_1,Tapo P110,P110,fridge,a7c73018,multi_cycle,1.0,92.161,240.041,0.657,0.159,0.391,,on,-65,,2 hour NILM fridge session
2026-06-11T10:33:42.843476+00:00,2026-06-11 16:03:42,Anllia,plug_1,Tapo P110,P110,fridge,a7c73018,multi_cycle,1.0,92.714,240.041,0.656,0.159,0.391,,on,-64,,2 hour NILM fridge session
2026-06-11T10:33:44.106178+00:00,2026-06-11 16:03:44,Anllia,plug_1,Tapo P110,P110,fridge,a7c73018,multi_cycle,1.0,92.157,240.041,0.656,0.159,0.391,,on,-64,,2 hour NILM fridge session
2026-06-11T10:33:45.363157+00:00,2026-06-11 16:03:45,Anllia,plug_1,Tapo P110,P110,fridge,a7c73018,multi_cycle,1.0,92.261,240.178,0.656,0.159,0.391,,on,-65,,2 hour NILM fridge session
2026-06-11T10:33:46.627683+00:00,2026-06-11 16:03:46,Anllia,plug_1,Tapo P110,P110,fridge,a7c73018,multi_cycle,1.0,92.594,240.178,0.656,0.159,0.391,,on,-65,,2 hour NILM fridge session
2026-06-11T10:33:47.969072+00:00,2026-06-11 16:03:47,Anllia,plug_1,Tapo P110,P110,fridge,a7c73018,multi_cycle,1.0,92.507,240.197,0.656,0.159,0.391,,on,-64,,2 hour NILM fridge session
2026-06-11T10:33:49.251054+00:00,2026-06-11 16:03:49,Anllia,plug_1,Tapo P110,P110,fridge,a7c73018,multi_cycle,1.0,92.507,240.197,0.658,0.159,0.391,,on,-63,,2 hour NILM fridge session
2026-06-11T10:33:50.500710+00:00,2026-06-11 16:03:50,Anllia,plug_1,Tapo P110,P110,fridge,a7c73018,multi_cycle,1.0,92.607,239.987,0.658,0.159,0.391,,on,-63,,2 hour NILM fridge session
2026-06-11T10:33:51.883689+00:00,2026-06-11 16:03:51,Anllia,plug_1,Tapo P110,P110,fridge,a7c73018,multi_cycle,1.0,92.698,239.987,0.658,0.159,0.391,,on,-62,,2 hour NILM fridge session
2026-06-11T10:33:53.199641+00:00,2026-06-11 16:03:53,Anllia,plug_1,Tapo P110,P110,fridge,a7c73018,multi_cycle,1.0,92.397,239.987,0.658,0.159,0.391,,on,-71,,2 hour NILM fridge session
2026-06-11T10:33:54.475903+00:00,2026-06-11 16:03:54,Anllia,plug_1,Tapo P110,P110,fridge,a7c73018,multi_cycle,1.0,92.456,239.939,0.658,0.159,0.391,,on,-67,,2 hour NILM fridge session
2026-06-11T10:33:55.865024+00:00,2026-06-11 16:03:55,Anllia,plug_1,Tapo P110,P110,fridge,a7c73018,multi_cycle,1.0,92.129,239.939,0.658,0.159,0.392,,on,-65,,2 hour NILM fridge session
2026-06-11T10:33:57.118409+00:00,2026-06-11 16:03:57,Anllia,plug_1,Tapo P110,P110,fridge,a7c73018,multi_cycle,1.0,92.148,240.438,0.658,0.159,0.392,,on,-67,,2 hour NILM fridge session
2026-06-11T10:33:58.387521+00:00,2026-06-11 16:03:58,Anllia,plug_1,Tapo P110,P110,fridge,a7c73018,multi_cycle,1.0,92.231,240.438,0.655,0.159,0.392,,on,-65,,2 hour NILM fridge session
2026-06-11T10:33:59.744076+00:00,2026-06-11 16:03:59,Anllia,plug_1,Tapo P110,P110,fridge,a7c73018,multi_cycle,1.0,92.231,240.439,0.655,0.159,0.392,,on,-65,,2 hour NILM fridge session
2026-06-11T10:34:01.031343+00:00,2026-06-11 16:04:01,Anllia,plug_1,Tapo P110,P110,fridge,a7c73018,multi_cycle,1.0,92.183,240.439,0.656,0.159,0.392,,on,-65,,2 hour NILM fridge session
2026-06-11T10:34:02.278311+00:00,2026-06-11 16:04:02,Anllia,plug_1,Tapo P110,P110,fridge,a7c73018,multi_cycle,1.0,91.991,240.538,0.656,0.159,0.392,,on,-65,,2 hour NILM fridge session
2026-06-11T10:34:03.577827+00:00,2026-06-11 16:04:03,Anllia,plug_1,Tapo P110,P110,fridge,a7c73018,multi_cycle,1.0,91.868,240.538,0.656,0.159,0.392,,on,-65,,2 hour NILM fridge session
2026-06-11T10:34:04.848666+00:00,2026-06-11 16:04:04,Anllia,plug_1,Tapo P110,P110,fridge,a7c73018,multi_cycle,1.0,92.025,240.538,0.654,0.159,0.392,,on,-65,,2 hour NILM fridge session
2026-06-11T10:34:06.186685+00:00,2026-06-11 16:04:06,Anllia,plug_1,Tapo P110,P110,fridge,a7c73018,multi_cycle,1.0,91.908,240.632,0.654,0.159,0.392,,on,-65,,2 hour NILM fridge session
2026-06-11T10:34:07.643724+00:00,2026-06-11 16:04:07,Anllia,plug_1,Tapo P110,P110,fridge,a7c73018,multi_cycle,1.0,91.976,240.632,0.653,0.16,0.392,,on,-65,,2 hour NILM fridge session
2026-06-11T10:34:08.903733+00:00,2026-06-11 16:04:08,Anllia,plug_1,Tapo P110,P110,fridge,a7c73018,multi_cycle,1.0,92.032,240.65,0.653,0.16,0.392,,on,-65,,2 hour NILM fridge session
2026-06-11T10:34:10.159830+00:00,2026-06-11 16:04:10,Anllia,plug_1,Tapo P110,P110,fridge,a7c73018,multi_cycle,1.0,92.032,240.65,0.656,0.16,0.392,,on,-65,,2 hour NILM fridge session
2026-06-11T10:34:11.479952+00:00,2026-06-11 16:04:11,Anllia,plug_1,Tapo P110,P110,fridge,a7c73018,multi_cycle,1.0,91.008,240.407,0.656,0.16,0.392,,on,-65,,2 hour NILM fridge session
2026-06-11T10:34:12.881795+00:00,2026-06-11 16:04:12,Anllia,plug_1,Tapo P110,P110,fridge,a7c73018,multi_cycle,1.0,92.28,240.407,0.657,0.16,0.392,,on,-66,,2 hour NILM fridge session
2026-06-11T10:34:14.133551+00:00,2026-06-11 16:04:14,Anllia,plug_1,Tapo P110,P110,fridge,a7c73018,multi_cycle,1.0,91.827,240.407,0.657,0.16,0.392,,on,-65,,2 hour NILM fridge session
2026-06-11T10:34:15.568112+00:00,2026-06-11 16:04:15,Anllia,plug_1,Tapo P110,P110,fridge,a7c73018,multi_cycle,1.0,91.987,240.46,0.657,0.16,0.392,,on,-65,,2 hour NILM fridge session
2026-06-11T10:34:16.861199+00:00,2026-06-11 16:04:16,Anllia,plug_1,Tapo P110,P110,fridge,a7c73018,multi_cycle,1.0,91.901,240.46,0.658,0.16,0.392,,on,-65,,2 hour NILM fridge session
2026-06-11T10:34:18.177194+00:00,2026-06-11 16:04:18,Anllia,plug_1,Tapo P110,P110,fridge,a7c73018,multi_cycle,1.0,91.743,240.663,0.658,0.16,0.392,,on,-65,,2 hour NILM fridge session
2026-06-11T10:34:19.445638+00:00,2026-06-11 16:04:19,Anllia,plug_1,Tapo P110,P110,fridge,a7c73018,multi_cycle,1.0,92.768,240.663,0.661,0.16,0.392,,on,-65,,2 hour NILM fridge session
2026-06-11T10:34:20.827753+00:00,2026-06-11 16:04:20,Anllia,plug_1,Tapo P110,P110,fridge,a7c73018,multi_cycle,1.0,92.768,239.717,0.661,0.16,0.392,,on,-65,,2 hour NILM fridge session
2026-06-11T10:34:22.098799+00:00,2026-06-11 16:04:22,Anllia,plug_1,Tapo P110,P110,fridge,a7c73018,multi_cycle,1.0,91.974,239.717,0.659,0.16,0.392,,on,-65,,2 hour NILM fridge session
2026-06-11T10:34:23.421905+00:00,2026-06-11 16:04:23,Anllia,plug_1,Tapo P110,P110,fridge,a7c73018,multi_cycle,1.0,91.869,239.319,0.659,0.16,0.392,,on,-65,,2 hour NILM fridge session
2026-06-11T10:34:24.694305+00:00,2026-06-11 16:04:24,Anllia,plug_1,Tapo P110,P110,fridge,a7c73018,multi_cycle,1.0,91.705,239.319,0.659,0.16,0.392,,on,-65,,2 hour NILM fridge session
2026-06-11T10:34:25.951703+00:00,2026-06-11 16:04:25,Anllia,plug_1,Tapo P110,P110,fridge,a7c73018,multi_cycle,1.0,91.658,239.319,0.657,0.16,0.392,,on,-65,,2 hour NILM fridge session
2026-06-11T10:34:27.290337+00:00,2026-06-11 16:04:27,Anllia,plug_1,Tapo P110,P110,fridge,a7c73018,multi_cycle,1.0,91.684,239.128,0.657,0.16,0.392,,on,-65,,2 hour NILM fridge session
2026-06-11T10:34:28.592678+00:00,2026-06-11 16:04:28,Anllia,plug_1,Tapo P110,P110,fridge,a7c73018,multi_cycle,1.0,91.948,239.128,0.656,0.16,0.392,,on,-65,,2 hour NILM fridge session
2026-06-11T10:34:29.841285+00:00,2026-06-11 16:04:29,Anllia,plug_1,Tapo P110,P110,fridge,a7c73018,multi_cycle,1.0,91.948,239.192,0.656,0.16,0.392,,on,-65,,2 hour NILM fridge session
2026-06-11T10:34:31.120570+00:00,2026-06-11 16:04:31,Anllia,plug_1,Tapo P110,P110,fridge,a7c73018,multi_cycle,1.0,92.027,239.192,0.657,0.16,0.392,,on,-65,,2 hour NILM fridge session
2026-06-11T10:34:32.395459+00:00,2026-06-11 16:04:32,Anllia,plug_1,Tapo P110,P110,fridge,a7c73018,multi_cycle,1.0,91.687,240.221,0.657,0.16,0.392,,on,-65,,2 hour NILM fridge session
2026-06-11T10:34:33.685459+00:00,2026-06-11 16:04:33,Anllia,plug_1,Tapo P110,P110,fridge,a7c73018,multi_cycle,1.0,91.887,240.221,0.657,0.16,0.392,,on,-66,,2 hour NILM fridge session
2026-06-11T10:34:35.076336+00:00,2026-06-11 16:04:35,Anllia,plug_1,Tapo P110,P110,fridge,a7c73018,multi_cycle,1.0,91.691,240.221,0.653,0.16,0.393,,on,-65,,2 hour NILM fridge session
2026-06-11T10:34:36.426856+00:00,2026-06-11 16:04:36,Anllia,plug_1,Tapo P110,P110,fridge,a7c73018,multi_cycle,1.0,91.644,240.243,0.653,0.16,0.393,,on,-65,,2 hour NILM fridge session
2026-06-11T10:34:37.939043+00:00,2026-06-11 16:04:37,Anllia,plug_1,Tapo P110,P110,fridge,a7c73018,multi_cycle,1.0,91.499,240.243,0.66,0.16,0.393,,on,-65,,2 hour NILM fridge session
2026-06-11T10:34:39.291028+00:00,2026-06-11 16:04:39,Anllia,plug_1,Tapo P110,P110,fridge,a7c73018,multi_cycle,1.0,91.792,240.339,0.66,0.16,0.393,,on,-65,,2 hour NILM fridge session
2026-06-11T10:34:40.684408+00:00,2026-06-11 16:04:40,Anllia,plug_1,Tapo P110,P110,fridge,a7c73018,multi_cycle,1.0,92.019,240.339,0.653,0.16,0.393,,on,-65,,2 hour NILM fridge session
2026-06-11T10:34:41.980730+00:00,2026-06-11 16:04:41,Anllia,plug_1,Tapo P110,P110,fridge,a7c73018,multi_cycle,1.0,91.964,240.467,0.653,0.16,0.393,,on,-65,,2 hour NILM fridge session
2026-06-11T10:34:43.354385+00:00,2026-06-11 16:04:43,Anllia,plug_1,Tapo P110,P110,fridge,a7c73018,multi_cycle,1.0,91.964,240.467,0.655,0.16,0.393,,on,-65,,2 hour NILM fridge session
2026-06-11T10:34:44.805640+00:00,2026-06-11 16:04:44,Anllia,plug_1,Tapo P110,P110,fridge,a7c73018,multi_cycle,1.0,91.756,240.691,0.655,0.16,0.393,,on,-65,,2 hour NILM fridge session
2026-06-11T10:34:46.225537+00:00,2026-06-11 16:04:46,Anllia,plug_1,Tapo P110,P110,fridge,a7c73018,multi_cycle,1.0,91.936,240.691,0.655,0.161,0.393,,on,-66,,2 hour NILM fridge session
2026-06-11T10:34:47.520051+00:00,2026-06-11 16:04:47,Anllia,plug_1,Tapo P110,P110,fridge,a7c73018,multi_cycle,1.0,91.897,240.164,0.655,0.161,0.393,,on,-65,,2 hour NILM fridge session
2026-06-11T10:34:48.767945+00:00,2026-06-11 16:04:48,Anllia,plug_1,Tapo P110,P110,fridge,a7c73018,multi_cycle,1.0,91.856,240.164,0.655,0.161,0.393,,on,-65,,2 hour NILM fridge session
2026-06-11T10:34:50.147577+00:00,2026-06-11 16:04:50,Anllia,plug_1,Tapo P110,P110,fridge,a7c73018,multi_cycle,1.0,91.905,240.164,0.659,0.161,0.393,,on,-65,,2 hour NILM fridge session
2026-06-11T10:34:51.495847+00:00,2026-06-11 16:04:51,Anllia,plug_1,Tapo P110,P110,fridge,a7c73018,multi_cycle,1.0,91.456,240.171,0.659,0.161,0.393,,on,-65,,2 hour NILM fridge session
2026-06-11T10:34:52.800189+00:00,2026-06-11 16:04:52,Anllia,plug_1,Tapo P110,P110,fridge,a7c73018,multi_cycle,1.0,91.994,240.171,0.663,0.161,0.393,,on,-65,,2 hour NILM fridge session
2026-06-11T10:34:54.096083+00:00,2026-06-11 16:04:54,Anllia,plug_1,Tapo P110,P110,fridge,a7c73018,multi_cycle,1.0,92.026,240.022,0.663,0.161,0.393,,on,-65,,2 hour NILM fridge session
2026-06-11T10:34:55.367531+00:00,2026-06-11 16:04:55,Anllia,plug_1,Tapo P110,P110,fridge,a7c73018,multi_cycle,1.0,92.026,240.022,0.657,0.161,0.393,,on,-66,,2 hour NILM fridge session
2026-06-11T10:34:56.732177+00:00,2026-06-11 16:04:56,Anllia,plug_1,Tapo P110,P110,fridge,a7c73018,multi_cycle,1.0,91.824,240.212,0.657,0.161,0.393,,on,-65,,2 hour NILM fridge session
2026-06-11T10:34:58.076948+00:00,2026-06-11 16:04:58,Anllia,plug_1,Tapo P110,P110,fridge,a7c73018,multi_cycle,1.0,91.82,240.212,0.655,0.161,0.393,,on,-65,,2 hour NILM fridge session
2026-06-11T10:34:59.474291+00:00,2026-06-11 16:04:59,Anllia,plug_1,Tapo P110,P110,fridge,a7c73018,multi_cycle,1.0,91.508,240.381,0.655,0.161,0.393,,on,-65,,2 hour NILM fridge session
2026-06-11T10:35:00.761536+00:00,2026-06-11 16:05:00,Anllia,plug_1,Tapo P110,P110,fridge,a7c73018,multi_cycle,1.0,92.051,240.381,0.655,0.161,0.393,,on,-68,,2 hour NILM fridge session
2026-06-11T10:35:02.025609+00:00,2026-06-11 16:05:02,Anllia,plug_1,Tapo P110,P110,fridge,a7c73018,multi_cycle,1.0,91.588,240.381,0.655,0.161,0.393,,on,-67,,2 hour NILM fridge session
2026-06-11T10:35:03.307594+00:00,2026-06-11 16:05:03,Anllia,plug_1,Tapo P110,P110,fridge,a7c73018,multi_cycle,1.0,91.746,240.578,0.655,0.161,0.393,,on,-64,,2 hour NILM fridge session
2026-06-11T10:35:04.581057+00:00,2026-06-11 16:05:04,Anllia,plug_1,Tapo P110,P110,fridge,a7c73018,multi_cycle,1.0,91.732,240.578,0.657,0.161,0.393,,on,-67,,2 hour NILM fridge session
2026-06-11T10:35:07.532388+00:00,2026-06-11 16:05:07,Anllia,plug_1,Tapo P110,P110,fridge,a7c73018,multi_cycle,1.0,91.732,240.285,0.657,0.161,0.393,,on,-65,,2 hour NILM fridge session
2026-06-11T10:35:08.930279+00:00,2026-06-11 16:05:08,Anllia,plug_1,Tapo P110,P110,fridge,a7c73018,multi_cycle,1.0,91.654,240.106,0.657,0.161,0.393,,on,-66,,2 hour NILM fridge session
2026-06-11T10:35:10.328418+00:00,2026-06-11 16:05:10,Anllia,plug_1,Tapo P110,P110,fridge,a7c73018,multi_cycle,1.0,91.858,240.106,0.658,0.161,0.393,,on,-67,,2 hour NILM fridge session
2026-06-11T10:35:11.676035+00:00,2026-06-11 16:05:11,Anllia,plug_1,Tapo P110,P110,fridge,a7c73018,multi_cycle,1.0,91.916,240.186,0.658,0.161,0.393,,on,-67,,2 hour NILM fridge session
2026-06-11T10:35:12.964341+00:00,2026-06-11 16:05:12,Anllia,plug_1,Tapo P110,P110,fridge,a7c73018,multi_cycle,1.0,91.753,240.186,0.658,0.161,0.393,,on,-66,,2 hour NILM fridge session
2026-06-11T10:35:14.221184+00:00,2026-06-11 16:05:14,Anllia,plug_1,Tapo P110,P110,fridge,a7c73018,multi_cycle,1.0,91.436,240.186,0.655,0.161,0.394,,on,-65,,2 hour NILM fridge session
2026-06-11T10:35:15.599726+00:00,2026-06-11 16:05:15,Anllia,plug_1,Tapo P110,P110,fridge,a7c73018,multi_cycle,1.0,92.033,239.921,0.655,0.161,0.394,,on,-65,,2 hour NILM fridge session
2026-06-11T10:35:16.874769+00:00,2026-06-11 16:05:16,Anllia,plug_1,Tapo P110,P110,fridge,a7c73018,multi_cycle,1.0,91.812,239.921,0.654,0.161,0.394,,on,-65,,2 hour NILM fridge session
2026-06-11T10:35:18.263898+00:00,2026-06-11 16:05:18,Anllia,plug_1,Tapo P110,P110,fridge,a7c73018,multi_cycle,1.0,91.536,240.705,0.654,0.161,0.394,,on,-65,,2 hour NILM fridge session
2026-06-11T10:35:19.551974+00:00,2026-06-11 16:05:19,Anllia,plug_1,Tapo P110,P110,fridge,a7c73018,multi_cycle,1.0,91.536,240.705,0.655,0.161,0.394,,on,-65,,2 hour NILM fridge session
2026-06-11T10:35:20.866022+00:00,2026-06-11 16:05:20,Anllia,plug_1,Tapo P110,P110,fridge,a7c73018,multi_cycle,1.0,91.576,240.466,0.655,0.161,0.394,,on,-65,,2 hour NILM fridge session
2026-06-11T10:35:22.178864+00:00,2026-06-11 16:05:22,Anllia,plug_1,Tapo P110,P110,fridge,a7c73018,multi_cycle,1.0,91.286,240.466,0.659,0.161,0.394,,on,-65,,2 hour NILM fridge session
2026-06-11T10:35:23.528514+00:00,2026-06-11 16:05:23,Anllia,plug_1,Tapo P110,P110,fridge,a7c73018,multi_cycle,1.0,91.797,240.15,0.659,0.161,0.394,,on,-65,,2 hour NILM fridge session
2026-06-11T10:35:26.373516+00:00,2026-06-11 16:05:26,Anllia,plug_1,Tapo P110,P110,fridge,a7c73018,multi_cycle,1.0,91.911,240.15,0.659,0.162,0.394,,on,-65,,2 hour NILM fridge session
2026-06-11T10:35:27.641354+00:00,2026-06-11 16:05:27,Anllia,plug_1,Tapo P110,P110,fridge,a7c73018,multi_cycle,1.0,91.775,240.253,0.658,0.162,0.394,,on,-66,,2 hour NILM fridge session
2026-06-11T10:35:28.952586+00:00,2026-06-11 16:05:28,Anllia,plug_1,Tapo P110,P110,fridge,a7c73018,multi_cycle,1.0,91.898,240.253,0.657,0.162,0.394,,on,-65,,2 hour NILM fridge session
2026-06-11T10:35:30.200480+00:00,2026-06-11 16:05:30,Anllia,plug_1,Tapo P110,P110,fridge,a7c73018,multi_cycle,1.0,91.868,240.178,0.657,0.162,0.394,,on,-65,,2 hour NILM fridge session
2026-06-11T10:35:31.555544+00:00,2026-06-11 16:05:31,Anllia,plug_1,Tapo P110,P110,fridge,a7c73018,multi_cycle,1.0,91.868,240.178,0.655,0.162,0.394,,on,-65,,2 hour NILM fridge session
2026-06-11T10:35:32.824434+00:00,2026-06-11 16:05:32,Anllia,plug_1,Tapo P110,P110,fridge,a7c73018,multi_cycle,1.0,91.942,240.687,0.655,0.162,0.394,,on,-64,,2 hour NILM fridge session
2026-06-11T10:35:35.461106+00:00,2026-06-11 16:05:35,Anllia,plug_1,Tapo P110,P110,fridge,a7c73018,multi_cycle,1.0,91.544,240.687,0.652,0.162,0.394,,on,-67,,2 hour NILM fridge session
2026-06-11T10:35:36.745056+00:00,2026-06-11 16:05:36,Anllia,plug_1,Tapo P110,P110,fridge,a7c73018,multi_cycle,1.0,91.623,241.153,0.652,0.162,0.394,,on,-65,,2 hour NILM fridge session
2026-06-11T10:35:40.647631+00:00,2026-06-11 16:05:40,Anllia,plug_1,Tapo P110,P110,fridge,a7c73018,multi_cycle,1.0,91.342,241.153,0.648,0.162,0.394,,on,-66,,2 hour NILM fridge session
2026-06-11T10:35:41.985972+00:00,2026-06-11 16:05:41,Anllia,plug_1,Tapo P110,P110,fridge,a7c73018,multi_cycle,1.0,91.279,240.929,0.65,0.162,0.394,,on,-67,,2 hour NILM fridge session
2026-06-11T10:35:43.303637+00:00,2026-06-11 16:05:43,Anllia,plug_1,Tapo P110,P110,fridge,a7c73018,multi_cycle,1.0,91.552,240.929,0.653,0.162,0.394,,on,-65,,2 hour NILM fridge session
2026-06-11T10:35:44.591191+00:00,2026-06-11 16:05:44,Anllia,plug_1,Tapo P110,P110,fridge,a7c73018,multi_cycle,1.0,91.588,240.929,0.653,0.162,0.394,,on,-65,,2 hour NILM fridge session
2026-06-11T10:35:45.940668+00:00,2026-06-11 16:05:45,Anllia,plug_1,Tapo P110,P110,fridge,a7c73018,multi_cycle,1.0,91.825,240.852,0.653,0.162,0.394,,on,-65,,2 hour NILM fridge session
2026-06-11T10:35:47.263050+00:00,2026-06-11 16:05:47,Anllia,plug_1,Tapo P110,P110,fridge,a7c73018,multi_cycle,1.0,91.683,240.852,0.656,0.162,0.394,,on,-66,,2 hour NILM fridge session
2026-06-11T10:35:48.613658+00:00,2026-06-11 16:05:48,Anllia,plug_1,Tapo P110,P110,fridge,a7c73018,multi_cycle,1.0,91.807,240.936,0.656,0.162,0.394,,on,-65,,2 hour NILM fridge session
2026-06-11T10:35:49.973977+00:00,2026-06-11 16:05:49,Anllia,plug_1,Tapo P110,P110,fridge,a7c73018,multi_cycle,1.0,91.777,240.936,0.655,0.162,0.394,,on,-65,,2 hour NILM fridge session
2026-06-11T10:35:51.401780+00:00,2026-06-11 16:05:51,Anllia,plug_1,Tapo P110,P110,fridge,a7c73018,multi_cycle,1.0,91.786,241.099,0.655,0.162,0.394,,on,-66,,2 hour NILM fridge session
2026-06-11T10:35:52.645606+00:00,2026-06-11 16:05:52,Anllia,plug_1,Tapo P110,P110,fridge,a7c73018,multi_cycle,1.0,91.786,241.099,0.654,0.162,0.394,,on,-65,,2 hour NILM fridge session
2026-06-11T10:35:54.003468+00:00,2026-06-11 16:05:54,Anllia,plug_1,Tapo P110,P110,fridge,a7c73018,multi_cycle,1.0,91.696,241.082,0.654,0.162,0.395,,on,-65,,2 hour NILM fridge session
2026-06-11T10:35:55.248604+00:00,2026-06-11 16:05:55,Anllia,plug_1,Tapo P110,P110,fridge,a7c73018,multi_cycle,1.0,91.882,241.082,0.651,0.162,0.395,,on,-65,,2 hour NILM fridge session
2026-06-11T10:35:56.635544+00:00,2026-06-11 16:05:56,Anllia,plug_1,Tapo P110,P110,fridge,a7c73018,multi_cycle,1.0,91.797,241.082,0.651,0.162,0.395,,on,-65,,2 hour NILM fridge session
2026-06-11T10:35:58.037740+00:00,2026-06-11 16:05:58,Anllia,plug_1,Tapo P110,P110,fridge,a7c73018,multi_cycle,1.0,91.832,241.115,0.651,0.162,0.395,,on,-65,,2 hour NILM fridge session
2026-06-11T10:35:59.637506+00:00,2026-06-11 16:05:59,Anllia,plug_1,Tapo P110,P110,fridge,a7c73018,multi_cycle,1.0,91.731,241.115,0.653,0.162,0.395,,on,-65,,2 hour NILM fridge session
2026-06-11T10:36:00.999242+00:00,2026-06-11 16:06:00,Anllia,plug_1,Tapo P110,P110,fridge,a7c73018,multi_cycle,1.0,91.952,239.999,0.653,0.162,0.395,,on,-65,,2 hour NILM fridge session
2026-06-11T10:36:02.269885+00:00,2026-06-11 16:06:02,Anllia,plug_1,Tapo P110,P110,fridge,a7c73018,multi_cycle,1.0,91.602,239.999,0.653,0.162,0.395,,on,-65,,2 hour NILM fridge session
2026-06-11T10:36:03.554327+00:00,2026-06-11 16:06:03,Anllia,plug_1,Tapo P110,P110,fridge,a7c73018,multi_cycle,1.0,91.782,240.216,0.653,0.162,0.395,,on,-65,,2 hour NILM fridge session
2026-06-11T10:36:04.956951+00:00,2026-06-11 16:06:04,Anllia,plug_1,Tapo P110,P110,fridge,a7c73018,multi_cycle,1.0,91.836,240.216,0.654,0.163,0.395,,on,-65,,2 hour NILM fridge session
2026-06-11T10:36:06.221453+00:00,2026-06-11 16:06:06,Anllia,plug_1,Tapo P110,P110,fridge,a7c73018,multi_cycle,1.0,91.836,240.935,0.654,0.163,0.395,,on,-65,,2 hour NILM fridge session
2026-06-11T10:36:07.661666+00:00,2026-06-11 16:06:07,Anllia,plug_1,Tapo P110,P110,fridge,a7c73018,multi_cycle,1.0,91.617,240.935,0.655,0.163,0.395,,on,-65,,2 hour NILM fridge session
2026-06-11T10:36:09.059925+00:00,2026-06-11 16:06:09,Anllia,plug_1,Tapo P110,P110,fridge,a7c73018,multi_cycle,1.0,91.617,240.966,0.655,0.163,0.395,,on,-65,,2 hour NILM fridge session
2026-06-11T10:36:10.327372+00:00,2026-06-11 16:06:10,Anllia,plug_1,Tapo P110,P110,fridge,a7c73018,multi_cycle,1.0,91.656,240.966,0.656,0.163,0.395,,on,-65,,2 hour NILM fridge session
2026-06-11T10:36:11.575060+00:00,2026-06-11 16:06:11,Anllia,plug_1,Tapo P110,P110,fridge,a7c73018,multi_cycle,1.0,91.673,240.966,0.656,0.163,0.395,,on,-65,,2 hour NILM fridge session
2026-06-11T10:36:12.925850+00:00,2026-06-11 16:06:12,Anllia,plug_1,Tapo P110,P110,fridge,a7c73018,multi_cycle,1.0,91.677,240.528,0.656,0.163,0.395,,on,-66,,2 hour NILM fridge session
2026-06-11T10:36:14.404962+00:00,2026-06-11 16:06:14,Anllia,plug_1,Tapo P110,P110,fridge,a7c73018,multi_cycle,1.0,91.63,240.528,0.66,0.163,0.395,,on,-65,,2 hour NILM fridge session
2026-06-11T10:36:15.754704+00:00,2026-06-11 16:06:15,Anllia,plug_1,Tapo P110,P110,fridge,a7c73018,multi_cycle,1.0,91.39,240.591,0.66,0.163,0.395,,on,-65,,2 hour NILM fridge session
2026-06-11T10:36:17.040753+00:00,2026-06-11 16:06:17,Anllia,plug_1,Tapo P110,P110,fridge,a7c73018,multi_cycle,1.0,91.247,240.591,0.665,0.163,0.395,,on,-65,,2 hour NILM fridge session
2026-06-11T10:36:18.523091+00:00,2026-06-11 16:06:18,Anllia,plug_1,Tapo P110,P110,fridge,a7c73018,multi_cycle,1.0,91.247,240.533,0.665,0.163,0.395,,on,-65,,2 hour NILM fridge session
2026-06-11T10:36:19.926450+00:00,2026-06-11 16:06:19,Anllia,plug_1,Tapo P110,P110,fridge,a7c73018,multi_cycle,1.0,91.568,240.533,0.655,0.163,0.395,,on,-65,,2 hour NILM fridge session
2026-06-11T10:36:21.198907+00:00,2026-06-11 16:06:21,Anllia,plug_1,Tapo P110,P110,fridge,a7c73018,multi_cycle,1.0,91.568,240.533,0.655,0.163,0.395,,on,-65,,2 hour NILM fridge session
2026-06-11T10:36:22.489996+00:00,2026-06-11 16:06:22,Anllia,plug_1,Tapo P110,P110,fridge,a7c73018,multi_cycle,1.0,91.504,240.533,0.657,0.163,0.395,,on,-66,,2 hour NILM fridge session
2026-06-11T10:36:23.908324+00:00,2026-06-11 16:06:23,Anllia,plug_1,Tapo P110,P110,fridge,a7c73018,multi_cycle,1.0,90.336,239.15,0.657,0.163,0.395,,on,-65,,2 hour NILM fridge session
2026-06-11T10:36:25.272602+00:00,2026-06-11 16:06:25,Anllia,plug_1,Tapo P110,P110,fridge,a7c73018,multi_cycle,1.0,91.348,239.15,0.657,0.163,0.395,,on,-66,,2 hour NILM fridge session
2026-06-11T10:36:26.594412+00:00,2026-06-11 16:06:26,Anllia,plug_1,Tapo P110,P110,fridge,a7c73018,multi_cycle,1.0,91.797,239.15,0.663,0.163,0.395,,on,-65,,2 hour NILM fridge session
2026-06-11T10:36:27.990672+00:00,2026-06-11 16:06:27,Anllia,plug_1,Tapo P110,P110,fridge,a7c73018,multi_cycle,1.0,91.748,240.195,0.663,0.163,0.395,,on,-65,,2 hour NILM fridge session
2026-06-11T10:36:29.467084+00:00,2026-06-11 16:06:29,Anllia,plug_1,Tapo P110,P110,fridge,a7c73018,multi_cycle,1.0,91.723,240.195,0.656,0.163,0.395,,on,-65,,2 hour NILM fridge session
2026-06-11T10:36:30.734152+00:00,2026-06-11 16:06:30,Anllia,plug_1,Tapo P110,P110,fridge,a7c73018,multi_cycle,1.0,91.607,239.765,0.656,0.163,0.395,,on,-65,,2 hour NILM fridge session
2026-06-11T10:36:32.103246+00:00,2026-06-11 16:06:32,Anllia,plug_1,Tapo P110,P110,fridge,a7c73018,multi_cycle,1.0,91.593,239.765,0.661,0.163,0.395,,on,-65,,2 hour NILM fridge session
2026-06-11T10:36:33.364537+00:00,2026-06-11 16:06:33,Anllia,plug_1,Tapo P110,P110,fridge,a7c73018,multi_cycle,1.0,91.593,240.57,0.661,0.163,0.396,,on,-65,,2 hour NILM fridge session
2026-06-11T10:36:34.735602+00:00,2026-06-11 16:06:34,Anllia,plug_1,Tapo P110,P110,fridge,a7c73018,multi_cycle,1.0,91.439,240.57,0.655,0.163,0.396,,on,-65,,2 hour NILM fridge session
2026-06-11T10:36:36.111096+00:00,2026-06-11 16:06:36,Anllia,plug_1,Tapo P110,P110,fridge,a7c73018,multi_cycle,1.0,91.27,240.288,0.655,0.163,0.396,,on,-65,,2 hour NILM fridge session
2026-06-11T10:36:37.362324+00:00,2026-06-11 16:06:37,Anllia,plug_1,Tapo P110,P110,fridge,a7c73018,multi_cycle,1.0,91.741,240.288,0.657,0.163,0.396,,on,-65,,2 hour NILM fridge session
2026-06-11T10:36:40.264325+00:00,2026-06-11 16:06:40,Anllia,plug_1,Tapo P110,P110,fridge,a7c73018,multi_cycle,1.0,91.344,239.864,0.657,0.163,0.396,,on,-65,,2 hour NILM fridge session
2026-06-11T10:36:41.541029+00:00,2026-06-11 16:06:41,Anllia,plug_1,Tapo P110,P110,fridge,a7c73018,multi_cycle,1.0,91.317,239.864,0.655,0.163,0.396,,on,-65,,2 hour NILM fridge session
2026-06-11T10:36:43.059730+00:00,2026-06-11 16:06:43,Anllia,plug_1,Tapo P110,P110,fridge,a7c73018,multi_cycle,1.0,91.252,240.292,0.655,0.163,0.396,,on,-65,,2 hour NILM fridge session
2026-06-11T10:36:44.414783+00:00,2026-06-11 16:06:44,Anllia,plug_1,Tapo P110,P110,fridge,a7c73018,multi_cycle,1.0,91.914,240.292,0.666,0.164,0.396,,on,-65,,2 hour NILM fridge session
2026-06-11T10:36:47.475864+00:00,2026-06-11 16:06:47,Anllia,plug_1,Tapo P110,P110,fridge,a7c73018,multi_cycle,1.0,92.169,238.673,0.661,0.164,0.396,,on,-65,,2 hour NILM fridge session
2026-06-11T10:36:50.436023+00:00,2026-06-11 16:06:50,Anllia,plug_1,Tapo P110,P110,fridge,a7c73018,multi_cycle,1.0,91.547,239.521,0.661,0.164,0.396,,on,-65,,2 hour NILM fridge session
2026-06-11T10:36:51.809739+00:00,2026-06-11 16:06:51,Anllia,plug_1,Tapo P110,P110,fridge,a7c73018,multi_cycle,1.0,90.233,240.311,0.66,0.164,0.396,,on,-65,,2 hour NILM fridge session
2026-06-11T10:36:53.098443+00:00,2026-06-11 16:06:53,Anllia,plug_1,Tapo P110,P110,fridge,a7c73018,multi_cycle,1.0,92.255,240.311,0.66,0.164,0.396,,on,-65,,2 hour NILM fridge session
2026-06-11T10:36:54.479676+00:00,2026-06-11 16:06:54,Anllia,plug_1,Tapo P110,P110,fridge,a7c73018,multi_cycle,1.0,91.338,240.15,0.66,0.164,0.396,,on,-65,,2 hour NILM fridge session
2026-06-11T10:36:59.870348+00:00,2026-06-11 16:06:59,Anllia,plug_1,Tapo P110,P110,fridge,a7c73018,multi_cycle,1.0,91.338,240.125,0.656,0.164,0.396,,on,-65,,2 hour NILM fridge session
2026-06-11T10:37:01.302251+00:00,2026-06-11 16:07:01,Anllia,plug_1,Tapo P110,P110,fridge,a7c73018,multi_cycle,1.0,91.146,240.125,0.656,0.164,0.396,,on,-66,,2 hour NILM fridge session
2026-06-11T10:37:02.839111+00:00,2026-06-11 16:07:02,Anllia,plug_1,Tapo P110,P110,fridge,a7c73018,multi_cycle,1.0,91.151,240.125,0.656,0.164,0.396,,on,-66,,2 hour NILM fridge session
2026-06-11T10:37:04.224569+00:00,2026-06-11 16:07:04,Anllia,plug_1,Tapo P110,P110,fridge,a7c73018,multi_cycle,1.0,90.967,240.411,0.656,0.164,0.396,,on,-65,,2 hour NILM fridge session
2026-06-11T10:37:05.522214+00:00,2026-06-11 16:07:05,Anllia,plug_1,Tapo P110,P110,fridge,a7c73018,multi_cycle,1.0,91.115,240.411,0.653,0.164,0.396,,on,-64,,2 hour NILM fridge session
2026-06-11T10:37:08.346324+00:00,2026-06-11 16:07:08,Anllia,plug_1,Tapo P110,P110,fridge,a7c73018,multi_cycle,1.0,89.485,240.372,0.653,0.164,0.396,,on,-64,,2 hour NILM fridge session
2026-06-11T10:37:11.666879+00:00,2026-06-11 16:07:11,Anllia,plug_1,Tapo P110,P110,fridge,a7c73018,multi_cycle,1.0,91.059,239.529,0.655,0.164,0.396,,on,-65,,2 hour NILM fridge session
2026-06-11T10:37:31.530092+00:00,2026-06-11 16:07:31,Anllia,plug_1,Tapo P110,P110,fridge,a7c73018,multi_cycle,1.0,91.269,240.634,0.648,0.165,0.397,,on,-64,,2 hour NILM fridge session
2026-06-11T10:37:34.835369+00:00,2026-06-11 16:07:34,Anllia,plug_1,Tapo P110,P110,fridge,a7c73018,multi_cycle,1.0,91.391,240.634,0.649,0.165,0.397,,on,-65,,2 hour NILM fridge session
2026-06-11T10:37:36.359855+00:00,2026-06-11 16:07:36,Anllia,plug_1,Tapo P110,P110,fridge,a7c73018,multi_cycle,1.0,90.978,240.926,0.647,0.165,0.397,,on,-65,,2 hour NILM fridge session
2026-06-11T10:37:42.467053+00:00,2026-06-11 16:07:42,Anllia,plug_1,Tapo P110,P110,fridge,a7c73018,multi_cycle,1.0,90.71,240.926,0.647,0.165,0.397,,on,-66,,2 hour NILM fridge session
2026-06-11T10:37:45.616954+00:00,2026-06-11 16:07:45,Anllia,plug_1,Tapo P110,P110,fridge,a7c73018,multi_cycle,1.0,90.97,240.925,0.653,0.165,0.397,,on,-68,,2 hour NILM fridge session
2026-06-11T10:37:47.011129+00:00,2026-06-11 16:07:47,Anllia,plug_1,Tapo P110,P110,fridge,a7c73018,multi_cycle,1.0,91.285,240.925,0.651,0.165,0.397,,on,-67,,2 hour NILM fridge session
2026-06-11T10:37:48.440576+00:00,2026-06-11 16:07:48,Anllia,plug_1,Tapo P110,P110,fridge,a7c73018,multi_cycle,1.0,91.113,240.993,0.651,0.165,0.397,,on,-66,,2 hour NILM fridge session
2026-06-11T10:37:51.097318+00:00,2026-06-11 16:07:51,Anllia,plug_1,Tapo P110,P110,fridge,a7c73018,multi_cycle,1.0,91.429,240.993,0.649,0.165,0.397,,on,-66,,2 hour NILM fridge session
2026-06-11T10:37:52.384450+00:00,2026-06-11 16:07:52,Anllia,plug_1,Tapo P110,P110,fridge,a7c73018,multi_cycle,1.0,91.298,240.59,0.649,0.165,0.398,,on,-65,,2 hour NILM fridge session
2026-06-11T10:37:55.328300+00:00,2026-06-11 16:07:55,Anllia,plug_1,Tapo P110,P110,fridge,a7c73018,multi_cycle,1.0,91.355,240.265,0.657,0.165,0.398,,on,-65,,2 hour NILM fridge session
2026-06-11T10:37:56.733920+00:00,2026-06-11 16:07:56,Anllia,plug_1,Tapo P110,P110,fridge,a7c73018,multi_cycle,1.0,91.11,240.265,0.65,0.165,0.398,,on,-65,,2 hour NILM fridge session
2026-06-11T10:37:58.156482+00:00,2026-06-11 16:07:58,Anllia,plug_1,Tapo P110,P110,fridge,a7c73018,multi_cycle,1.0,91.191,240.265,0.65,0.165,0.398,,on,-65,,2 hour NILM fridge session
2026-06-11T10:37:59.773813+00:00,2026-06-11 16:07:59,Anllia,plug_1,Tapo P110,P110,fridge,a7c73018,multi_cycle,1.0,91.259,240.265,0.65,0.165,0.398,,on,-65,,2 hour NILM fridge session
2026-06-11T10:38:01.240905+00:00,2026-06-11 16:08:01,Anllia,plug_1,Tapo P110,P110,fridge,a7c73018,multi_cycle,1.0,91.179,240.455,0.65,0.165,0.398,,on,-65,,2 hour NILM fridge session
2026-06-11T10:38:02.807991+00:00,2026-06-11 16:08:02,Anllia,plug_1,Tapo P110,P110,fridge,a7c73018,multi_cycle,1.0,91.161,240.455,0.651,0.166,0.398,,on,-65,,2 hour NILM fridge session
2026-06-11T10:42:09.914842+00:00,2026-06-11 16:12:09,Anllia,plug_1,Tapo P110,P110,fridge,a7c73018,multi_cycle,1.0,91.014,239.555,0.65,0.172,0.404,,on,-64,,2 hour NILM fridge session
2026-06-11T10:42:11.261789+00:00,2026-06-11 16:12:11,Anllia,plug_1,Tapo P110,P110,fridge,a7c73018,multi_cycle,1.0,91.014,239.555,0.651,0.172,0.404,,on,-65,,2 hour NILM fridge session
2026-06-11T10:42:12.506630+00:00,2026-06-11 16:12:12,Anllia,plug_1,Tapo P110,P110,fridge,a7c73018,multi_cycle,1.0,90.019,239.384,0.651,0.172,0.404,,on,-68,,2 hour NILM fridge session
2026-06-11T10:42:13.791015+00:00,2026-06-11 16:12:13,Anllia,plug_1,Tapo P110,P110,fridge,a7c73018,multi_cycle,1.0,91.176,239.384,0.651,0.172,0.404,,on,-65,,2 hour NILM fridge session
2026-06-11T10:42:15.042390+00:00,2026-06-11 16:12:15,Anllia,plug_1,Tapo P110,P110,fridge,a7c73018,multi_cycle,1.0,91.166,239.384,0.647,0.172,0.404,,on,-64,,2 hour NILM fridge session
2026-06-11T10:42:16.285939+00:00,2026-06-11 16:12:16,Anllia,plug_1,Tapo P110,P110,fridge,a7c73018,multi_cycle,1.0,90.608,240.615,0.647,0.172,0.404,,on,-66,,2 hour NILM fridge session
2026-06-11T10:42:17.547075+00:00,2026-06-11 16:12:17,Anllia,plug_1,Tapo P110,P110,fridge,a7c73018,multi_cycle,1.0,90.992,240.615,0.654,0.172,0.404,,on,-65,,2 hour NILM fridge session
2026-06-11T10:42:18.876898+00:00,2026-06-11 16:12:18,Anllia,plug_1,Tapo P110,P110,fridge,a7c73018,multi_cycle,1.0,90.776,240.349,0.654,0.172,0.404,,on,-65,,2 hour NILM fridge session
2026-06-11T10:42:20.143522+00:00,2026-06-11 16:12:20,Anllia,plug_1,Tapo P110,P110,fridge,a7c73018,multi_cycle,1.0,90.776,240.349,0.65,0.172,0.404,,on,-66,,2 hour NILM fridge session
2026-06-11T10:42:21.383480+00:00,2026-06-11 16:12:21,Anllia,plug_1,Tapo P110,P110,fridge,a7c73018,multi_cycle,1.0,90.951,240.466,0.65,0.172,0.404,,on,-67,,2 hour NILM fridge session
2026-06-11T10:42:22.627460+00:00,2026-06-11 16:12:22,Anllia,plug_1,Tapo P110,P110,fridge,a7c73018,multi_cycle,1.0,90.633,240.466,0.65,0.172,0.404,,on,-65,,2 hour NILM fridge session
2026-06-11T10:42:23.976734+00:00,2026-06-11 16:12:23,Anllia,plug_1,Tapo P110,P110,fridge,a7c73018,multi_cycle,1.0,90.485,240.466,0.657,0.172,0.404,,on,-66,,2 hour NILM fridge session
2026-06-11T10:42:25.239001+00:00,2026-06-11 16:12:25,Anllia,plug_1,Tapo P110,P110,fridge,a7c73018,multi_cycle,1.0,90.654,240.092,0.657,0.172,0.404,,on,-65,,2 hour NILM fridge session
2026-06-11T10:42:26.483217+00:00,2026-06-11 16:12:26,Anllia,plug_1,Tapo P110,P110,fridge,a7c73018,multi_cycle,1.0,90.58,240.092,0.654,0.172,0.404,,on,-66,,2 hour NILM fridge session
2026-06-11T10:42:27.741405+00:00,2026-06-11 16:12:27,Anllia,plug_1,Tapo P110,P110,fridge,a7c73018,multi_cycle,1.0,90.58,237.924,0.654,0.172,0.405,,on,-65,,2 hour NILM fridge session
2026-06-11T10:42:28.986330+00:00,2026-06-11 16:12:28,Anllia,plug_1,Tapo P110,P110,fridge,a7c73018,multi_cycle,1.0,91.054,237.924,0.658,0.172,0.405,,on,-65,,2 hour NILM fridge session
2026-06-11T10:42:30.231383+00:00,2026-06-11 16:12:30,Anllia,plug_1,Tapo P110,P110,fridge,a7c73018,multi_cycle,1.0,90.802,237.924,0.658,0.172,0.405,,on,-65,,2 hour NILM fridge session
2026-06-11T10:42:31.500089+00:00,2026-06-11 16:12:31,Anllia,plug_1,Tapo P110,P110,fridge,a7c73018,multi_cycle,1.0,90.336,238.167,0.658,0.172,0.405,,on,-65,,2 hour NILM fridge session
2026-06-11T10:42:32.754406+00:00,2026-06-11 16:12:32,Anllia,plug_1,Tapo P110,P110,fridge,a7c73018,multi_cycle,1.0,91.269,238.167,0.655,0.172,0.405,,on,-65,,2 hour NILM fridge session
2026-06-11T10:42:34.004270+00:00,2026-06-11 16:12:34,Anllia,plug_1,Tapo P110,P110,fridge,a7c73018,multi_cycle,1.0,90.933,238.308,0.655,0.172,0.405,,on,-65,,2 hour NILM fridge session
2026-06-11T10:42:35.266279+00:00,2026-06-11 16:12:35,Anllia,plug_1,Tapo P110,P110,fridge,a7c73018,multi_cycle,1.0,90.933,238.308,0.66,0.172,0.405,,on,-65,,2 hour NILM fridge session
2026-06-11T10:42:36.532590+00:00,2026-06-11 16:12:36,Anllia,plug_1,Tapo P110,P110,fridge,a7c73018,multi_cycle,1.0,91.367,238.166,0.66,0.172,0.405,,on,-65,,2 hour NILM fridge session
2026-06-11T10:42:37.794823+00:00,2026-06-11 16:12:37,Anllia,plug_1,Tapo P110,P110,fridge,a7c73018,multi_cycle,1.0,91.231,238.166,0.66,0.172,0.405,,on,-65,,2 hour NILM fridge session
2026-06-11T10:42:39.042741+00:00,2026-06-11 16:12:39,Anllia,plug_1,Tapo P110,P110,fridge,a7c73018,multi_cycle,1.0,89.697,238.166,0.656,0.173,0.405,,on,-66,,2 hour NILM fridge session
2026-06-11T10:42:40.468891+00:00,2026-06-11 16:12:40,Anllia,plug_1,Tapo P110,P110,fridge,a7c73018,multi_cycle,1.0,91.209,238.577,0.656,0.173,0.405,,on,-66,,2 hour NILM fridge session
2026-06-11T10:42:41.713356+00:00,2026-06-11 16:12:41,Anllia,plug_1,Tapo P110,P110,fridge,a7c73018,multi_cycle,1.0,90.792,238.577,0.649,0.173,0.405,,on,-65,,2 hour NILM fridge session
2026-06-11T10:42:42.951592+00:00,2026-06-11 16:12:42,Anllia,plug_1,Tapo P110,P110,fridge,a7c73018,multi_cycle,1.0,90.792,239.951,0.649,0.173,0.405,,on,-65,,2 hour NILM fridge session
2026-06-11T10:42:44.201954+00:00,2026-06-11 16:12:44,Anllia,plug_1,Tapo P110,P110,fridge,a7c73018,multi_cycle,1.0,90.942,239.951,0.653,0.173,0.405,,on,-65,,2 hour NILM fridge session
2026-06-11T10:42:45.449086+00:00,2026-06-11 16:12:45,Anllia,plug_1,Tapo P110,P110,fridge,a7c73018,multi_cycle,1.0,90.811,239.951,0.653,0.173,0.405,,on,-65,,2 hour NILM fridge session
2026-06-11T10:42:46.698820+00:00,2026-06-11 16:12:46,Anllia,plug_1,Tapo P110,P110,fridge,a7c73018,multi_cycle,1.0,90.785,240.038,0.653,0.173,0.405,,on,-65,,2 hour NILM fridge session
2026-06-11T10:42:47.950375+00:00,2026-06-11 16:12:47,Anllia,plug_1,Tapo P110,P110,fridge,a7c73018,multi_cycle,1.0,90.942,240.038,0.653,0.173,0.405,,on,-65,,2 hour NILM fridge session
2026-06-11T10:42:49.192549+00:00,2026-06-11 16:12:49,Anllia,plug_1,Tapo P110,P110,fridge,a7c73018,multi_cycle,1.0,91.511,240.686,0.653,0.173,0.405,,on,-65,,2 hour NILM fridge session
2026-06-11T10:42:50.443762+00:00,2026-06-11 16:12:50,Anllia,plug_1,Tapo P110,P110,fridge,a7c73018,multi_cycle,1.0,91.511,240.686,0.641,0.173,0.405,,on,-66,,2 hour NILM fridge session
2026-06-11T10:42:51.708496+00:00,2026-06-11 16:12:51,Anllia,plug_1,Tapo P110,P110,fridge,a7c73018,multi_cycle,1.0,90.66,239.815,0.641,0.173,0.405,,on,-66,,2 hour NILM fridge session
2026-06-11T10:42:52.982197+00:00,2026-06-11 16:12:52,Anllia,plug_1,Tapo P110,P110,fridge,a7c73018,multi_cycle,1.0,90.432,239.815,0.657,0.173,0.405,,on,-64,,2 hour NILM fridge session
2026-06-11T10:42:54.236806+00:00,2026-06-11 16:12:54,Anllia,plug_1,Tapo P110,P110,fridge,a7c73018,multi_cycle,1.0,91.185,239.815,0.657,0.173,0.405,,on,-66,,2 hour NILM fridge session
2026-06-11T10:42:55.713526+00:00,2026-06-11 16:12:55,Anllia,plug_1,Tapo P110,P110,fridge,a7c73018,multi_cycle,1.0,90.857,239.667,0.657,0.173,0.405,,on,-64,,2 hour NILM fridge session
2026-06-11T10:42:56.981960+00:00,2026-06-11 16:12:56,Anllia,plug_1,Tapo P110,P110,fridge,a7c73018,multi_cycle,1.0,91.126,239.667,0.649,0.173,0.405,,on,-65,,2 hour NILM fridge session
2026-06-11T10:42:58.235245+00:00,2026-06-11 16:12:58,Anllia,plug_1,Tapo P110,P110,fridge,a7c73018,multi_cycle,1.0,90.893,240.838,0.649,0.173,0.405,,on,-67,,2 hour NILM fridge session
2026-06-11T10:43:00.134127+00:00,2026-06-11 16:13:00,Anllia,plug_1,Tapo P110,P110,fridge,a7c73018,multi_cycle,1.0,91.002,240.838,0.65,0.173,0.405,,on,-66,,2 hour NILM fridge session
2026-06-11T10:43:01.385364+00:00,2026-06-11 16:13:01,Anllia,plug_1,Tapo P110,P110,fridge,a7c73018,multi_cycle,1.0,90.841,241.175,0.65,0.173,0.405,,on,-64,,2 hour NILM fridge session
2026-06-11T10:43:02.633631+00:00,2026-06-11 16:13:02,Anllia,plug_1,Tapo P110,P110,fridge,a7c73018,multi_cycle,1.0,90.89,241.175,0.649,0.173,0.405,,on,-62,,2 hour NILM fridge session
2026-06-11T10:43:03.877020+00:00,2026-06-11 16:13:03,Anllia,plug_1,Tapo P110,P110,fridge,a7c73018,multi_cycle,1.0,90.89,240.732,0.649,0.173,0.405,,on,-62,,2 hour NILM fridge session
2026-06-11T10:43:05.131157+00:00,2026-06-11 16:13:05,Anllia,plug_1,Tapo P110,P110,fridge,a7c73018,multi_cycle,1.0,90.811,240.732,0.646,0.173,0.405,,on,-60,,2 hour NILM fridge session
2026-06-11T10:43:06.370780+00:00,2026-06-11 16:13:06,Anllia,plug_1,Tapo P110,P110,fridge,a7c73018,multi_cycle,1.0,90.863,240.732,0.646,0.173,0.405,,on,-60,,2 hour NILM fridge session
2026-06-11T10:43:07.637222+00:00,2026-06-11 16:13:07,Anllia,plug_1,Tapo P110,P110,fridge,a7c73018,multi_cycle,1.0,90.978,240.917,0.646,0.173,0.406,,on,-62,,2 hour NILM fridge session
2026-06-11T10:43:08.922110+00:00,2026-06-11 16:13:08,Anllia,plug_1,Tapo P110,P110,fridge,a7c73018,multi_cycle,1.0,90.951,240.917,0.653,0.173,0.406,,on,-60,,2 hour NILM fridge session
2026-06-11T10:43:10.837351+00:00,2026-06-11 16:13:10,Anllia,plug_1,Tapo P110,P110,fridge,a7c73018,multi_cycle,1.0,90.647,240.35,0.653,0.173,0.406,,on,-62,,2 hour NILM fridge session
2026-06-11T10:43:12.246312+00:00,2026-06-11 16:13:12,Anllia,plug_1,Tapo P110,P110,fridge,a7c73018,multi_cycle,1.0,90.604,240.35,0.653,0.173,0.406,,on,-61,,2 hour NILM fridge session
2026-06-11T10:43:13.952045+00:00,2026-06-11 16:13:13,Anllia,plug_1,Tapo P110,P110,fridge,a7c73018,multi_cycle,1.0,90.734,239.985,0.653,0.173,0.406,,on,-60,,2 hour NILM fridge session
2026-06-11T10:43:15.207200+00:00,2026-06-11 16:13:15,Anllia,plug_1,Tapo P110,P110,fridge,a7c73018,multi_cycle,1.0,90.846,239.985,0.651,0.173,0.406,,on,-62,,2 hour NILM fridge session
2026-06-11T10:43:16.476597+00:00,2026-06-11 16:13:16,Anllia,plug_1,Tapo P110,P110,fridge,a7c73018,multi_cycle,1.0,90.899,240.3,0.651,0.173,0.406,,on,-63,,2 hour NILM fridge session
2026-06-11T10:43:17.742741+00:00,2026-06-11 16:13:17,Anllia,plug_1,Tapo P110,P110,fridge,a7c73018,multi_cycle,1.0,90.596,240.3,0.65,0.173,0.406,,on,-61,,2 hour NILM fridge session
2026-06-11T10:43:19.035771+00:00,2026-06-11 16:13:19,Anllia,plug_1,Tapo P110,P110,fridge,a7c73018,multi_cycle,1.0,90.596,239.853,0.65,0.174,0.406,,on,-61,,2 hour NILM fridge session
2026-06-11T10:43:20.396326+00:00,2026-06-11 16:13:20,Anllia,plug_1,Tapo P110,P110,fridge,a7c73018,multi_cycle,1.0,90.917,239.853,0.656,0.174,0.406,,on,-61,,2 hour NILM fridge session
2026-06-11T10:43:21.638596+00:00,2026-06-11 16:13:21,Anllia,plug_1,Tapo P110,P110,fridge,a7c73018,multi_cycle,1.0,90.832,239.853,0.656,0.174,0.406,,on,-61,,2 hour NILM fridge session
2026-06-11T10:43:22.885532+00:00,2026-06-11 16:13:22,Anllia,plug_1,Tapo P110,P110,fridge,a7c73018,multi_cycle,1.0,91.28,238.957,0.656,0.174,0.406,,on,-60,,2 hour NILM fridge session
2026-06-11T10:43:24.124489+00:00,2026-06-11 16:13:24,Anllia,plug_1,Tapo P110,P110,fridge,a7c73018,multi_cycle,1.0,90.945,238.957,0.649,0.174,0.406,,on,-60,,2 hour NILM fridge session
2026-06-11T10:43:25.374609+00:00,2026-06-11 16:13:25,Anllia,plug_1,Tapo P110,P110,fridge,a7c73018,multi_cycle,1.0,90.862,239.047,0.649,0.174,0.406,,on,-61,,2 hour NILM fridge session
2026-06-11T10:43:26.613358+00:00,2026-06-11 16:13:26,Anllia,plug_1,Tapo P110,P110,fridge,a7c73018,multi_cycle,1.0,90.862,239.047,0.649,0.174,0.406,,on,-62,,2 hour NILM fridge session
2026-06-11T10:43:27.864558+00:00,2026-06-11 16:13:27,Anllia,plug_1,Tapo P110,P110,fridge,a7c73018,multi_cycle,1.0,91.089,238.967,0.649,0.174,0.406,,on,-63,,2 hour NILM fridge session
2026-06-11T10:43:29.400700+00:00,2026-06-11 16:13:29,Anllia,plug_1,Tapo P110,P110,fridge,a7c73018,multi_cycle,1.0,90.566,238.967,0.648,0.174,0.406,,on,-62,,2 hour NILM fridge session
2026-06-11T10:43:30.657033+00:00,2026-06-11 16:13:30,Anllia,plug_1,Tapo P110,P110,fridge,a7c73018,multi_cycle,1.0,90.155,238.967,0.648,0.174,0.406,,on,-62,,2 hour NILM fridge session
2026-06-11T10:43:31.901727+00:00,2026-06-11 16:13:31,Anllia,plug_1,Tapo P110,P110,fridge,a7c73018,multi_cycle,1.0,90.431,239.945,0.648,0.174,0.406,,on,-62,,2 hour NILM fridge session
2026-06-11T10:43:33.147193+00:00,2026-06-11 16:13:33,Anllia,plug_1,Tapo P110,P110,fridge,a7c73018,multi_cycle,1.0,89.042,239.945,0.646,0.174,0.406,,on,-60,,2 hour NILM fridge session
2026-06-11T10:43:34.395767+00:00,2026-06-11 16:13:34,Anllia,plug_1,Tapo P110,P110,fridge,a7c73018,multi_cycle,1.0,90.265,238.272,0.646,0.174,0.406,,on,-61,,2 hour NILM fridge session
2026-06-11T10:43:35.838645+00:00,2026-06-11 16:13:35,Anllia,plug_1,Tapo P110,P110,fridge,a7c73018,multi_cycle,1.0,91.865,238.272,0.652,0.174,0.406,,on,-64,,2 hour NILM fridge session
2026-06-11T10:43:37.094016+00:00,2026-06-11 16:13:37,Anllia,plug_1,Tapo P110,P110,fridge,a7c73018,multi_cycle,1.0,91.865,240.514,0.652,0.174,0.406,,on,-63,,2 hour NILM fridge session
2026-06-11T10:43:38.338437+00:00,2026-06-11 16:13:38,Anllia,plug_1,Tapo P110,P110,fridge,a7c73018,multi_cycle,1.0,89.414,240.514,0.649,0.174,0.406,,on,-61,,2 hour NILM fridge session
2026-06-11T10:43:39.898566+00:00,2026-06-11 16:13:39,Anllia,plug_1,Tapo P110,P110,fridge,a7c73018,multi_cycle,1.0,91.53,240.632,0.649,0.174,0.406,,on,-62,,2 hour NILM fridge session
2026-06-11T10:43:41.139110+00:00,2026-06-11 16:13:41,Anllia,plug_1,Tapo P110,P110,fridge,a7c73018,multi_cycle,1.0,89.645,240.632,0.649,0.174,0.406,,on,-61,,2 hour NILM fridge session
2026-06-11T10:43:42.389625+00:00,2026-06-11 16:13:42,Anllia,plug_1,Tapo P110,P110,fridge,a7c73018,multi_cycle,1.0,91.788,240.632,0.651,0.174,0.406,,on,-61,,2 hour NILM fridge session
2026-06-11T10:43:43.643615+00:00,2026-06-11 16:13:43,Anllia,plug_1,Tapo P110,P110,fridge,a7c73018,multi_cycle,1.0,90.645,241.029,0.651,0.174,0.406,,on,-62,,2 hour NILM fridge session
2026-06-11T10:43:44.919103+00:00,2026-06-11 16:13:44,Anllia,plug_1,Tapo P110,P110,fridge,a7c73018,multi_cycle,1.0,90.786,241.029,0.644,0.174,0.406,,on,-63,,2 hour NILM fridge session
2026-06-11T10:43:46.162920+00:00,2026-06-11 16:13:46,Anllia,plug_1,Tapo P110,P110,fridge,a7c73018,multi_cycle,1.0,90.786,241.331,0.644,0.174,0.406,,on,-64,,2 hour NILM fridge session
2026-06-11T10:43:47.413118+00:00,2026-06-11 16:13:47,Anllia,plug_1,Tapo P110,P110,fridge,a7c73018,multi_cycle,1.0,90.486,241.331,0.642,0.174,0.407,,on,-63,,2 hour NILM fridge session
2026-06-11T10:43:48.670160+00:00,2026-06-11 16:13:48,Anllia,plug_1,Tapo P110,P110,fridge,a7c73018,multi_cycle,1.0,90.513,241.331,0.642,0.174,0.407,,on,-61,,2 hour NILM fridge session
2026-06-11T10:43:50.275186+00:00,2026-06-11 16:13:50,Anllia,plug_1,Tapo P110,P110,fridge,a7c73018,multi_cycle,1.0,90.326,241.245,0.642,0.174,0.407,,on,-64,,2 hour NILM fridge session
2026-06-11T10:43:52.879240+00:00,2026-06-11 16:13:52,Anllia,plug_1,Tapo P110,P110,fridge,a7c73018,multi_cycle,1.0,90.963,240.158,0.646,0.174,0.407,,on,-65,,2 hour NILM fridge session
2026-06-11T10:43:54.152745+00:00,2026-06-11 16:13:54,Anllia,plug_1,Tapo P110,P110,fridge,a7c73018,multi_cycle,1.0,90.436,240.158,0.645,0.174,0.407,,on,-64,,2 hour NILM fridge session
2026-06-11T10:43:55.431770+00:00,2026-06-11 16:13:55,Anllia,plug_1,Tapo P110,P110,fridge,a7c73018,multi_cycle,1.0,90.436,240.203,0.645,0.174,0.407,,on,-66,,2 hour NILM fridge session
2026-06-11T10:43:56.673786+00:00,2026-06-11 16:13:56,Anllia,plug_1,Tapo P110,P110,fridge,a7c73018,multi_cycle,1.0,90.463,240.203,0.645,0.174,0.407,,on,-66,,2 hour NILM fridge session
2026-06-11T10:43:57.947373+00:00,2026-06-11 16:13:57,Anllia,plug_1,Tapo P110,P110,fridge,a7c73018,multi_cycle,1.0,90.601,240.296,0.645,0.174,0.407,,on,-68,,2 hour NILM fridge session
2026-06-11T10:44:01.842919+00:00,2026-06-11 16:14:01,Anllia,plug_1,Tapo P110,P110,fridge,a7c73018,multi_cycle,1.0,89.671,240.509,0.651,0.175,0.407,,on,-67,,2 hour NILM fridge session
2026-06-11T10:44:03.094492+00:00,2026-06-11 16:14:03,Anllia,plug_1,Tapo P110,P110,fridge,a7c73018,multi_cycle,1.0,90.504,240.509,0.647,0.175,0.407,,on,-68,,2 hour NILM fridge session
2026-06-11T10:44:04.342465+00:00,2026-06-11 16:14:04,Anllia,plug_1,Tapo P110,P110,fridge,a7c73018,multi_cycle,1.0,90.504,238.541,0.647,0.175,0.407,,on,-68,,2 hour NILM fridge session
2026-06-11T10:44:05.607248+00:00,2026-06-11 16:14:05,Anllia,plug_1,Tapo P110,P110,fridge,a7c73018,multi_cycle,1.0,91.67,238.541,0.646,0.175,0.407,,on,-65,,2 hour NILM fridge session
2026-06-11T10:44:06.860052+00:00,2026-06-11 16:14:06,Anllia,plug_1,Tapo P110,P110,fridge,a7c73018,multi_cycle,1.0,89.558,238.31,0.646,0.175,0.407,,on,-72,,2 hour NILM fridge session
2026-06-11T10:44:08.152801+00:00,2026-06-11 16:14:08,Anllia,plug_1,Tapo P110,P110,fridge,a7c73018,multi_cycle,1.0,91.477,238.31,0.646,0.175,0.407,,on,-65,,2 hour NILM fridge session
2026-06-11T10:44:09.528661+00:00,2026-06-11 16:14:09,Anllia,plug_1,Tapo P110,P110,fridge,a7c73018,multi_cycle,1.0,90.252,238.31,0.644,0.175,0.407,,on,-69,,2 hour NILM fridge session
2026-06-11T10:44:33.512382+00:00,2026-06-11 16:14:33,Anllia,plug_1,Tapo P110,P110,fridge,a7c73018,multi_cycle,1.0,91.479,239.342,0.641,0.175,0.408,,on,-65,,2 hour NILM fridge session
2026-06-11T10:44:34.779359+00:00,2026-06-11 16:14:34,Anllia,plug_1,Tapo P110,P110,fridge,a7c73018,multi_cycle,1.0,90.763,238.217,0.639,0.175,0.408,,on,-65,,2 hour NILM fridge session
2026-06-11T10:44:36.030095+00:00,2026-06-11 16:14:36,Anllia,plug_1,Tapo P110,P110,fridge,a7c73018,multi_cycle,1.0,90.345,238.217,0.644,0.175,0.408,,on,-65,,2 hour NILM fridge session
2026-06-11T10:44:37.335603+00:00,2026-06-11 16:14:37,Anllia,plug_1,Tapo P110,P110,fridge,a7c73018,multi_cycle,1.0,90.345,239.34,0.644,0.175,0.408,,on,-65,,2 hour NILM fridge session
2026-06-11T10:44:38.684100+00:00,2026-06-11 16:14:38,Anllia,plug_1,Tapo P110,P110,fridge,a7c73018,multi_cycle,1.0,91.787,239.34,0.642,0.176,0.408,,on,-63,,2 hour NILM fridge session
2026-06-11T10:44:39.948623+00:00,2026-06-11 16:14:39,Anllia,plug_1,Tapo P110,P110,fridge,a7c73018,multi_cycle,1.0,90.545,239.34,0.642,0.176,0.408,,on,-69,,2 hour NILM fridge session
2026-06-11T10:44:41.226712+00:00,2026-06-11 16:14:41,Anllia,plug_1,Tapo P110,P110,fridge,a7c73018,multi_cycle,1.0,90.399,240.329,0.642,0.176,0.408,,on,-70,,2 hour NILM fridge session
2026-06-11T10:44:43.578595+00:00,2026-06-11 16:14:43,Anllia,plug_1,Tapo P110,P110,fridge,a7c73018,multi_cycle,1.0,90.455,240.2,0.642,0.176,0.408,,on,-65,,2 hour NILM fridge session
2026-06-11T10:44:44.892978+00:00,2026-06-11 16:14:44,Anllia,plug_1,Tapo P110,P110,fridge,a7c73018,multi_cycle,1.0,90.478,240.2,0.644,0.176,0.408,,on,-62,,2 hour NILM fridge session
2026-06-11T10:44:46.451524+00:00,2026-06-11 16:14:46,Anllia,plug_1,Tapo P110,P110,fridge,a7c73018,multi_cycle,1.0,90.77,240.325,0.644,0.176,0.408,,on,-66,,2 hour NILM fridge session
2026-06-11T10:44:49.769428+00:00,2026-06-11 16:14:49,Anllia,plug_1,Tapo P110,P110,fridge,a7c73018,multi_cycle,1.0,90.469,240.343,0.643,0.176,0.408,,on,-66,,2 hour NILM fridge session
2026-06-11T10:44:51.156881+00:00,2026-06-11 16:14:51,Anllia,plug_1,Tapo P110,P110,fridge,a7c73018,multi_cycle,1.0,90.588,240.343,0.642,0.176,0.408,,on,-66,,2 hour NILM fridge session
2026-06-11T10:44:56.503875+00:00,2026-06-11 16:14:56,Anllia,plug_1,Tapo P110,P110,fridge,a7c73018,multi_cycle,1.0,90.588,240.529,0.642,0.176,0.408,,on,-66,,2 hour NILM fridge session
2026-06-11T10:45:03.468383+00:00,2026-06-11 16:15:03,Anllia,plug_1,Tapo P110,P110,fridge,a7c73018,multi_cycle,1.0,90.576,240.571,0.634,0.176,0.408,,on,-66,,2 hour NILM fridge session
2026-06-11T10:45:07.049861+00:00,2026-06-11 16:15:07,Anllia,plug_1,Tapo P110,P110,fridge,a7c73018,multi_cycle,1.0,90.226,239.625,0.633,0.176,0.408,,on,-65,,2 hour NILM fridge session
2026-06-11T10:45:14.839944+00:00,2026-06-11 16:15:14,Anllia,plug_1,Tapo P110,P110,fridge,a7c73018,multi_cycle,1.0,90.386,239.664,0.643,0.176,0.409,,on,-65,,2 hour NILM fridge session
2026-06-11T10:45:16.176327+00:00,2026-06-11 16:15:16,Anllia,plug_1,Tapo P110,P110,fridge,a7c73018,multi_cycle,1.0,90.071,239.646,0.643,0.176,0.409,,on,-65,,2 hour NILM fridge session
2026-06-11T10:45:25.065179+00:00,2026-06-11 16:15:25,Anllia,plug_1,Tapo P110,P110,fridge,a7c73018,multi_cycle,1.0,90.413,239.037,0.645,0.177,0.409,,on,-64,,2 hour NILM fridge session
2026-06-11T10:45:27.019763+00:00,2026-06-11 16:15:27,Anllia,plug_1,Tapo P110,P110,fridge,a7c73018,multi_cycle,1.0,90.515,239.089,0.646,0.177,0.409,,on,-65,,2 hour NILM fridge session
2026-06-11T10:45:31.041329+00:00,2026-06-11 16:15:31,Anllia,plug_1,Tapo P110,P110,fridge,a7c73018,multi_cycle,1.0,90.38,239.076,0.643,0.177,0.409,,on,-65,,2 hour NILM fridge session
2026-06-11T10:45:32.317649+00:00,2026-06-11 16:15:32,Anllia,plug_1,Tapo P110,P110,fridge,a7c73018,multi_cycle,1.0,90.186,239.076,0.643,0.177,0.409,,on,-65,,2 hour NILM fridge session
2026-06-11T10:45:33.593705+00:00,2026-06-11 16:15:33,Anllia,plug_1,Tapo P110,P110,fridge,a7c73018,multi_cycle,1.0,90.224,239.076,0.645,0.177,0.409,,on,-65,,2 hour NILM fridge session
2026-06-11T10:45:34.887251+00:00,2026-06-11 16:15:34,Anllia,plug_1,Tapo P110,P110,fridge,a7c73018,multi_cycle,1.0,90.394,239.066,0.645,0.177,0.409,,on,-65,,2 hour NILM fridge session
2026-06-11T10:45:36.199834+00:00,2026-06-11 16:15:36,Anllia,plug_1,Tapo P110,P110,fridge,a7c73018,multi_cycle,1.0,90.453,239.066,0.645,0.177,0.409,,on,-65,,2 hour NILM fridge session
2026-06-11T10:45:41.689898+00:00,2026-06-11 16:15:41,Anllia,plug_1,Tapo P110,P110,fridge,a7c73018,multi_cycle,1.0,90.453,239.349,0.645,0.177,0.409,,on,-64,,2 hour NILM fridge session
2026-06-11T10:45:43.136435+00:00,2026-06-11 16:15:43,Anllia,plug_1,Tapo P110,P110,fridge,a7c73018,multi_cycle,1.0,90.371,239.44,0.645,0.177,0.409,,on,-65,,2 hour NILM fridge session
2026-06-11T10:45:44.451924+00:00,2026-06-11 16:15:44,Anllia,plug_1,Tapo P110,P110,fridge,a7c73018,multi_cycle,1.0,90.005,239.44,0.645,0.177,0.409,,on,-65,,2 hour NILM fridge session
2026-06-11T10:45:46.296760+00:00,2026-06-11 16:15:46,Anllia,plug_1,Tapo P110,P110,fridge,a7c73018,multi_cycle,1.0,90.185,239.551,0.645,0.177,0.409,,on,-66,,2 hour NILM fridge session
2026-06-11T10:45:47.732380+00:00,2026-06-11 16:15:47,Anllia,plug_1,Tapo P110,P110,fridge,a7c73018,multi_cycle,1.0,90.523,239.551,0.648,0.177,0.41,,on,-65,,2 hour NILM fridge session
2026-06-11T10:45:49.325306+00:00,2026-06-11 16:15:49,Anllia,plug_1,Tapo P110,P110,fridge,a7c73018,multi_cycle,1.0,90.399,239.351,0.648,0.177,0.41,,on,-65,,2 hour NILM fridge session
2026-06-11T10:45:51.155343+00:00,2026-06-11 16:15:51,Anllia,plug_1,Tapo P110,P110,fridge,a7c73018,multi_cycle,1.0,90.446,239.351,0.649,0.177,0.41,,on,-65,,2 hour NILM fridge session
2026-06-11T10:45:52.419336+00:00,2026-06-11 16:15:52,Anllia,plug_1,Tapo P110,P110,fridge,a7c73018,multi_cycle,1.0,90.348,239.268,0.649,0.177,0.41,,on,-65,,2 hour NILM fridge session
2026-06-11T10:45:54.099290+00:00,2026-06-11 16:15:54,Anllia,plug_1,Tapo P110,P110,fridge,a7c73018,multi_cycle,1.0,90.462,239.268,0.652,0.177,0.41,,on,-65,,2 hour NILM fridge session
2026-06-11T10:45:55.598551+00:00,2026-06-11 16:15:55,Anllia,plug_1,Tapo P110,P110,fridge,a7c73018,multi_cycle,1.0,90.413,239.32,0.652,0.177,0.41,,on,-64,,2 hour NILM fridge session
2026-06-11T10:45:56.996455+00:00,2026-06-11 16:15:56,Anllia,plug_1,Tapo P110,P110,fridge,a7c73018,multi_cycle,1.0,90.398,239.32,0.652,0.177,0.41,,on,-65,,2 hour NILM fridge session
2026-06-11T10:45:58.348366+00:00,2026-06-11 16:15:58,Anllia,plug_1,Tapo P110,P110,fridge,a7c73018,multi_cycle,1.0,90.355,239.214,0.652,0.178,0.41,,on,-65,,2 hour NILM fridge session
2026-06-11T10:45:59.787356+00:00,2026-06-11 16:15:59,Anllia,plug_1,Tapo P110,P110,fridge,a7c73018,multi_cycle,1.0,90.433,239.214,0.65,0.178,0.41,,on,-66,,2 hour NILM fridge session
2026-06-11T10:46:01.325591+00:00,2026-06-11 16:16:01,Anllia,plug_1,Tapo P110,P110,fridge,a7c73018,multi_cycle,1.0,90.529,239.314,0.65,0.178,0.41,,on,-65,,2 hour NILM fridge session
2026-06-11T10:46:02.598949+00:00,2026-06-11 16:16:02,Anllia,plug_1,Tapo P110,P110,fridge,a7c73018,multi_cycle,1.0,90.284,239.314,0.65,0.178,0.41,,on,-65,,2 hour NILM fridge session
2026-06-11T10:46:03.849977+00:00,2026-06-11 16:16:03,Anllia,plug_1,Tapo P110,P110,fridge,a7c73018,multi_cycle,1.0,90.208,239.314,0.649,0.178,0.41,,on,-65,,2 hour NILM fridge session
2026-06-11T10:46:05.117699+00:00,2026-06-11 16:16:05,Anllia,plug_1,Tapo P110,P110,fridge,a7c73018,multi_cycle,1.0,90.11,239.312,0.649,0.178,0.41,,on,-65,,2 hour NILM fridge session
2026-06-11T10:46:06.599377+00:00,2026-06-11 16:16:06,Anllia,plug_1,Tapo P110,P110,fridge,a7c73018,multi_cycle,1.0,90.128,239.312,0.649,0.178,0.41,,on,-66,,2 hour NILM fridge session
2026-06-11T10:46:07.953085+00:00,2026-06-11 16:16:07,Anllia,plug_1,Tapo P110,P110,fridge,a7c73018,multi_cycle,1.0,89.905,239.239,0.649,0.178,0.41,,on,-67,,2 hour NILM fridge session
2026-06-11T10:46:09.548469+00:00,2026-06-11 16:16:09,Anllia,plug_1,Tapo P110,P110,fridge,a7c73018,multi_cycle,1.0,90.096,239.239,0.65,0.178,0.41,,on,-66,,2 hour NILM fridge session
2026-06-11T10:46:10.979827+00:00,2026-06-11 16:16:10,Anllia,plug_1,Tapo P110,P110,fridge,a7c73018,multi_cycle,1.0,90.054,239.067,0.65,0.178,0.41,,on,-66,,2 hour NILM fridge session
2026-06-11T10:46:12.254967+00:00,2026-06-11 16:16:12,Anllia,plug_1,Tapo P110,P110,fridge,a7c73018,multi_cycle,1.0,90.227,239.067,0.648,0.178,0.41,,on,-66,,2 hour NILM fridge session
2026-06-11T10:46:13.872834+00:00,2026-06-11 16:16:13,Anllia,plug_1,Tapo P110,P110,fridge,a7c73018,multi_cycle,1.0,90.227,239.112,0.648,0.178,0.41,,on,-66,,2 hour NILM fridge session
2026-06-11T10:46:15.250372+00:00,2026-06-11 16:16:15,Anllia,plug_1,Tapo P110,P110,fridge,a7c73018,multi_cycle,1.0,90.229,239.112,0.65,0.178,0.41,,on,-66,,2 hour NILM fridge session
2026-06-11T10:46:16.815746+00:00,2026-06-11 16:16:16,Anllia,plug_1,Tapo P110,P110,fridge,a7c73018,multi_cycle,1.0,90.301,239.232,0.65,0.178,0.41,,on,-66,,2 hour NILM fridge session
2026-06-11T10:46:18.061979+00:00,2026-06-11 16:16:18,Anllia,plug_1,Tapo P110,P110,fridge,a7c73018,multi_cycle,1.0,90.334,239.232,0.65,0.178,0.41,,on,-66,,2 hour NILM fridge session
2026-06-11T10:46:19.513366+00:00,2026-06-11 16:16:19,Anllia,plug_1,Tapo P110,P110,fridge,a7c73018,multi_cycle,1.0,90.391,239.503,0.65,0.178,0.41,,on,-66,,2 hour NILM fridge session
2026-06-11T10:46:20.920492+00:00,2026-06-11 16:16:20,Anllia,plug_1,Tapo P110,P110,fridge,a7c73018,multi_cycle,1.0,90.305,239.503,0.651,0.178,0.41,,on,-66,,2 hour NILM fridge session
2026-06-11T10:46:22.276554+00:00,2026-06-11 16:16:22,Anllia,plug_1,Tapo P110,P110,fridge,a7c73018,multi_cycle,1.0,90.444,239.573,0.651,0.178,0.41,,on,-65,,2 hour NILM fridge session
2026-06-11T10:46:23.565133+00:00,2026-06-11 16:16:23,Anllia,plug_1,Tapo P110,P110,fridge,a7c73018,multi_cycle,1.0,90.392,239.573,0.651,0.178,0.41,,on,-66,,2 hour NILM fridge session
2026-06-11T10:46:24.905214+00:00,2026-06-11 16:16:24,Anllia,plug_1,Tapo P110,P110,fridge,a7c73018,multi_cycle,1.0,90.414,239.573,0.65,0.178,0.41,,on,-65,,2 hour NILM fridge session
2026-06-11T10:46:26.272073+00:00,2026-06-11 16:16:26,Anllia,plug_1,Tapo P110,P110,fridge,a7c73018,multi_cycle,1.0,90.511,239.362,0.65,0.178,0.41,,on,-65,,2 hour NILM fridge session
2026-06-11T10:46:27.627289+00:00,2026-06-11 16:16:27,Anllia,plug_1,Tapo P110,P110,fridge,a7c73018,multi_cycle,1.0,90.484,239.362,0.651,0.178,0.411,,on,-66,,2 hour NILM fridge session
2026-06-11T10:46:30.664033+00:00,2026-06-11 16:16:30,Anllia,plug_1,Tapo P110,P110,fridge,a7c73018,multi_cycle,1.0,90.525,239.659,0.65,0.178,0.411,,on,-66,,2 hour NILM fridge session
2026-06-11T10:46:36.582000+00:00,2026-06-11 16:16:36,Anllia,plug_1,Tapo P110,P110,fridge,a7c73018,multi_cycle,1.0,90.623,239.463,0.65,0.178,0.411,,on,-66,,2 hour NILM fridge session
2026-06-11T10:46:37.956189+00:00,2026-06-11 16:16:37,Anllia,plug_1,Tapo P110,P110,fridge,a7c73018,multi_cycle,1.0,90.261,238.874,0.652,0.179,0.411,,on,-67,,2 hour NILM fridge session
2026-06-11T10:46:39.306848+00:00,2026-06-11 16:16:39,Anllia,plug_1,Tapo P110,P110,fridge,a7c73018,multi_cycle,1.0,90.261,238.874,0.652,0.179,0.411,,on,-65,,2 hour NILM fridge session
2026-06-11T10:46:40.916981+00:00,2026-06-11 16:16:40,Anllia,plug_1,Tapo P110,P110,fridge,a7c73018,multi_cycle,1.0,90.448,239.021,0.652,0.179,0.411,,on,-65,,2 hour NILM fridge session
2026-06-11T10:46:42.290572+00:00,2026-06-11 16:16:42,Anllia,plug_1,Tapo P110,P110,fridge,a7c73018,multi_cycle,1.0,90.21,239.021,0.654,0.179,0.411,,on,-65,,2 hour NILM fridge session
2026-06-11T10:46:44.234986+00:00,2026-06-11 16:16:44,Anllia,plug_1,Tapo P110,P110,fridge,a7c73018,multi_cycle,1.0,90.417,238.578,0.654,0.179,0.411,,on,-65,,2 hour NILM fridge session
2026-06-11T10:46:47.813862+00:00,2026-06-11 16:16:47,Anllia,plug_1,Tapo P110,P110,fridge,a7c73018,multi_cycle,1.0,90.508,239.169,0.651,0.179,0.411,,on,-65,,2 hour NILM fridge session
2026-06-11T10:46:49.175724+00:00,2026-06-11 16:16:49,Anllia,plug_1,Tapo P110,P110,fridge,a7c73018,multi_cycle,1.0,90.442,239.169,0.651,0.179,0.411,,on,-67,,2 hour NILM fridge session
2026-06-11T10:46:50.532975+00:00,2026-06-11 16:16:50,Anllia,plug_1,Tapo P110,P110,fridge,a7c73018,multi_cycle,1.0,90.362,239.269,0.651,0.179,0.411,,on,-81,,2 hour NILM fridge session
2026-06-11T10:46:52.089848+00:00,2026-06-11 16:16:52,Anllia,plug_1,Tapo P110,P110,fridge,a7c73018,multi_cycle,1.0,90.17,239.269,0.648,0.179,0.411,,on,-65,,2 hour NILM fridge session
2026-06-11T10:46:53.330679+00:00,2026-06-11 16:16:53,Anllia,plug_1,Tapo P110,P110,fridge,a7c73018,multi_cycle,1.0,90.254,238.929,0.648,0.179,0.411,,on,-62,,2 hour NILM fridge session
2026-06-11T10:46:54.920214+00:00,2026-06-11 16:16:54,Anllia,plug_1,Tapo P110,P110,fridge,a7c73018,multi_cycle,1.0,90.216,238.929,0.652,0.179,0.411,,on,-63,,2 hour NILM fridge session
2026-06-11T10:46:56.164132+00:00,2026-06-11 16:16:56,Anllia,plug_1,Tapo P110,P110,fridge,a7c73018,multi_cycle,1.0,90.173,238.568,0.652,0.179,0.411,,on,-65,,2 hour NILM fridge session
2026-06-11T10:46:57.522567+00:00,2026-06-11 16:16:57,Anllia,plug_1,Tapo P110,P110,fridge,a7c73018,multi_cycle,1.0,89.838,238.568,0.65,0.179,0.411,,on,-65,,2 hour NILM fridge session
2026-06-11T10:47:00.019337+00:00,2026-06-11 16:17:00,Anllia,plug_1,Tapo P110,P110,fridge,a7c73018,multi_cycle,1.0,89.838,238.249,0.65,0.179,0.411,,on,-64,,2 hour NILM fridge session
2026-06-11T10:47:01.318002+00:00,2026-06-11 16:17:01,Anllia,plug_1,Tapo P110,P110,fridge,a7c73018,multi_cycle,1.0,89.964,237.973,0.654,0.179,0.411,,on,-65,,2 hour NILM fridge session
2026-06-11T10:47:02.719712+00:00,2026-06-11 16:17:02,Anllia,plug_1,Tapo P110,P110,fridge,a7c73018,multi_cycle,1.0,89.794,237.973,0.654,0.179,0.411,,on,-65,,2 hour NILM fridge session
2026-06-11T10:47:04.049471+00:00,2026-06-11 16:17:04,Anllia,plug_1,Tapo P110,P110,fridge,a7c73018,multi_cycle,1.0,89.918,237.973,0.652,0.179,0.411,,on,-66,,2 hour NILM fridge session
2026-06-11T10:47:05.304279+00:00,2026-06-11 16:17:05,Anllia,plug_1,Tapo P110,P110,fridge,a7c73018,multi_cycle,1.0,90.123,236.422,0.652,0.179,0.411,,on,-63,,2 hour NILM fridge session
2026-06-11T10:47:06.759105+00:00,2026-06-11 16:17:06,Anllia,plug_1,Tapo P110,P110,fridge,a7c73018,multi_cycle,1.0,89.976,236.422,0.657,0.179,0.412,,on,-71,,2 hour NILM fridge session
2026-06-11T10:47:08.076121+00:00,2026-06-11 16:17:08,Anllia,plug_1,Tapo P110,P110,fridge,a7c73018,multi_cycle,1.0,90.141,236.376,0.657,0.179,0.412,,on,-70,,2 hour NILM fridge session
2026-06-11T10:47:12.025136+00:00,2026-06-11 16:17:12,Anllia,plug_1,Tapo P110,P110,fridge,a7c73018,multi_cycle,1.0,89.926,236.376,0.658,0.179,0.412,,on,-64,,2 hour NILM fridge session
2026-06-11T10:47:15.964904+00:00,2026-06-11 16:17:15,Anllia,plug_1,Tapo P110,P110,fridge,a7c73018,multi_cycle,1.0,90.043,236.32,0.656,0.179,0.412,,on,-64,,2 hour NILM fridge session
2026-06-11T10:47:17.253618+00:00,2026-06-11 16:17:17,Anllia,plug_1,Tapo P110,P110,fridge,a7c73018,multi_cycle,1.0,90.202,236.271,0.656,0.179,0.412,,on,-64,,2 hour NILM fridge session
2026-06-11T10:47:18.572085+00:00,2026-06-11 16:17:18,Anllia,plug_1,Tapo P110,P110,fridge,a7c73018,multi_cycle,1.0,90.134,236.271,0.659,0.18,0.412,,on,-65,,2 hour NILM fridge session
2026-06-11T10:47:20.972939+00:00,2026-06-11 16:17:20,Anllia,plug_1,Tapo P110,P110,fridge,a7c73018,multi_cycle,1.0,90.134,236.714,0.659,0.18,0.412,,on,-65,,2 hour NILM fridge session
2026-06-11T10:47:22.259570+00:00,2026-06-11 16:17:22,Anllia,plug_1,Tapo P110,P110,fridge,a7c73018,multi_cycle,1.0,90.171,236.714,0.658,0.18,0.412,,on,-65,,2 hour NILM fridge session
2026-06-11T10:47:27.620331+00:00,2026-06-11 16:17:27,Anllia,plug_1,Tapo P110,P110,fridge,a7c73018,multi_cycle,1.0,90.117,237.549,0.655,0.18,0.412,,on,-64,,2 hour NILM fridge session
2026-06-11T10:47:29.056760+00:00,2026-06-11 16:17:29,Anllia,plug_1,Tapo P110,P110,fridge,a7c73018,multi_cycle,1.0,89.712,237.579,0.655,0.18,0.412,,on,-64,,2 hour NILM fridge session
2026-06-11T10:47:32.580946+00:00,2026-06-11 16:17:32,Anllia,plug_1,Tapo P110,P110,fridge,a7c73018,multi_cycle,1.0,90.076,237.445,0.656,0.18,0.412,,on,-67,,2 hour NILM fridge session
2026-06-11T10:47:35.859502+00:00,2026-06-11 16:17:35,Anllia,plug_1,Tapo P110,P110,fridge,a7c73018,multi_cycle,1.0,89.966,237.402,0.655,0.18,0.412,,on,-64,,2 hour NILM fridge session
2026-06-11T10:47:37.300109+00:00,2026-06-11 16:17:37,Anllia,plug_1,Tapo P110,P110,fridge,a7c73018,multi_cycle,1.0,89.95,237.402,0.655,0.18,0.412,,on,-65,,2 hour NILM fridge session
2026-06-11T10:47:38.559532+00:00,2026-06-11 16:17:38,Anllia,plug_1,Tapo P110,P110,fridge,a7c73018,multi_cycle,1.0,89.729,237.189,0.655,0.18,0.412,,on,-66,,2 hour NILM fridge session
2026-06-11T10:47:39.877013+00:00,2026-06-11 16:17:39,Anllia,plug_1,Tapo P110,P110,fridge,a7c73018,multi_cycle,1.0,89.864,237.189,0.655,0.18,0.412,,on,-65,,2 hour NILM fridge session
2026-06-11T10:47:41.393586+00:00,2026-06-11 16:17:41,Anllia,plug_1,Tapo P110,P110,fridge,a7c73018,multi_cycle,1.0,89.906,237.156,0.655,0.18,0.412,,on,-65,,2 hour NILM fridge session
2026-06-11T10:47:43.999948+00:00,2026-06-11 16:17:43,Anllia,plug_1,Tapo P110,P110,fridge,a7c73018,multi_cycle,1.0,89.852,237.156,0.655,0.18,0.412,,on,-65,,2 hour NILM fridge session
2026-06-11T10:47:45.403707+00:00,2026-06-11 16:17:45,Anllia,plug_1,Tapo P110,P110,fridge,a7c73018,multi_cycle,1.0,89.844,237.238,0.655,0.18,0.412,,on,-65,,2 hour NILM fridge session
2026-06-11T10:47:46.797149+00:00,2026-06-11 16:17:46,Anllia,plug_1,Tapo P110,P110,fridge,a7c73018,multi_cycle,1.0,90.066,237.493,0.655,0.18,0.413,,on,-65,,2 hour NILM fridge session
2026-06-11T10:47:48.068101+00:00,2026-06-11 16:17:48,Anllia,plug_1,Tapo P110,P110,fridge,a7c73018,multi_cycle,1.0,89.966,237.493,0.655,0.18,0.413,,on,-65,,2 hour NILM fridge session
2026-06-11T10:47:49.421878+00:00,2026-06-11 16:17:49,Anllia,plug_1,Tapo P110,P110,fridge,a7c73018,multi_cycle,1.0,90.113,237.493,0.655,0.18,0.413,,on,-65,,2 hour NILM fridge session
2026-06-11T10:47:52.086646+00:00,2026-06-11 16:17:52,Anllia,plug_1,Tapo P110,P110,fridge,a7c73018,multi_cycle,1.0,89.982,237.074,0.655,0.18,0.413,,on,-65,,2 hour NILM fridge session
2026-06-11T10:47:53.872356+00:00,2026-06-11 16:17:53,Anllia,plug_1,Tapo P110,P110,fridge,a7c73018,multi_cycle,1.0,90.052,236.969,0.655,0.18,0.413,,on,-65,,2 hour NILM fridge session
2026-06-11T10:47:56.555259+00:00,2026-06-11 16:17:56,Anllia,plug_1,Tapo P110,P110,fridge,a7c73018,multi_cycle,1.0,89.752,237.261,0.651,0.18,0.413,,on,-65,,2 hour NILM fridge session
2026-06-11T10:48:02.307198+00:00,2026-06-11 16:18:02,Anllia,plug_1,Tapo P110,P110,fridge,a7c73018,multi_cycle,1.0,90.123,237.261,0.652,0.181,0.413,,on,-65,,2 hour NILM fridge session
2026-06-11T10:48:03.614882+00:00,2026-06-11 16:18:03,Anllia,plug_1,Tapo P110,P110,fridge,a7c73018,multi_cycle,1.0,90.167,237.199,0.657,0.181,0.413,,on,-65,,2 hour NILM fridge session
2026-06-11T10:48:06.067078+00:00,2026-06-11 16:18:06,Anllia,plug_1,Tapo P110,P110,fridge,a7c73018,multi_cycle,1.0,90.167,237.59,0.657,0.181,0.413,,on,-65,,2 hour NILM fridge session
2026-06-11T10:48:09.969481+00:00,2026-06-11 16:18:09,Anllia,plug_1,Tapo P110,P110,fridge,a7c73018,multi_cycle,1.0,89.723,237.419,0.657,0.181,0.413,,on,-65,,2 hour NILM fridge session
2026-06-11T10:48:15.863562+00:00,2026-06-11 16:18:15,Anllia,plug_1,Tapo P110,P110,fridge,a7c73018,multi_cycle,1.0,90.222,237.651,0.658,0.181,0.413,,on,-65,,2 hour NILM fridge session
2026-06-11T10:48:17.143723+00:00,2026-06-11 16:18:17,Anllia,plug_1,Tapo P110,P110,fridge,a7c73018,multi_cycle,1.0,90.216,237.832,0.658,0.181,0.413,,on,-65,,2 hour NILM fridge session
2026-06-11T10:48:20.764102+00:00,2026-06-11 16:18:20,Anllia,plug_1,Tapo P110,P110,fridge,a7c73018,multi_cycle,1.0,90.216,237.832,0.652,0.181,0.413,,on,-65,,2 hour NILM fridge session
2026-06-11T10:49:26.542082+00:00,2026-06-11 16:19:26,Anllia,plug_1,Tapo P110,P110,fridge,a7c73018,multi_cycle,1.0,90.373,239.533,0.648,0.183,0.415,,on,-65,,2 hour NILM fridge session
2026-06-11T10:49:29.393510+00:00,2026-06-11 16:19:29,Anllia,plug_1,Tapo P110,P110,fridge,a7c73018,multi_cycle,1.0,90.325,239.588,0.651,0.183,0.415,,on,-65,,2 hour NILM fridge session
2026-06-11T10:49:30.821864+00:00,2026-06-11 16:19:30,Anllia,plug_1,Tapo P110,P110,fridge,a7c73018,multi_cycle,1.0,90.211,239.588,0.648,0.183,0.415,,on,-65,,2 hour NILM fridge session
2026-06-11T10:49:32.166568+00:00,2026-06-11 16:19:32,Anllia,plug_1,Tapo P110,P110,fridge,a7c73018,multi_cycle,1.0,90.117,239.626,0.648,0.183,0.415,,on,-65,,2 hour NILM fridge session
2026-06-11T10:49:33.571126+00:00,2026-06-11 16:19:33,Anllia,plug_1,Tapo P110,P110,fridge,a7c73018,multi_cycle,1.0,90.131,239.626,0.647,0.183,0.415,,on,-66,,2 hour NILM fridge session
2026-06-11T10:49:34.881724+00:00,2026-06-11 16:19:34,Anllia,plug_1,Tapo P110,P110,fridge,a7c73018,multi_cycle,1.0,90.014,239.511,0.647,0.183,0.415,,on,-65,,2 hour NILM fridge session
2026-06-11T10:49:36.197875+00:00,2026-06-11 16:19:36,Anllia,plug_1,Tapo P110,P110,fridge,a7c73018,multi_cycle,1.0,90.117,239.511,0.648,0.183,0.415,,on,-67,,2 hour NILM fridge session
2026-06-11T10:49:37.482432+00:00,2026-06-11 16:19:37,Anllia,plug_1,Tapo P110,P110,fridge,a7c73018,multi_cycle,1.0,90.209,239.511,0.648,0.183,0.415,,on,-64,,2 hour NILM fridge session
2026-06-11T10:49:38.797267+00:00,2026-06-11 16:19:38,Anllia,plug_1,Tapo P110,P110,fridge,a7c73018,multi_cycle,1.0,90.214,239.375,0.648,0.183,0.415,,on,-64,,2 hour NILM fridge session
2026-06-11T10:49:40.154233+00:00,2026-06-11 16:19:40,Anllia,plug_1,Tapo P110,P110,fridge,a7c73018,multi_cycle,1.0,90.132,239.375,0.649,0.183,0.415,,on,-65,,2 hour NILM fridge session
2026-06-11T10:49:41.955730+00:00,2026-06-11 16:19:41,Anllia,plug_1,Tapo P110,P110,fridge,a7c73018,multi_cycle,1.0,89.946,239.257,0.649,0.183,0.415,,on,-67,,2 hour NILM fridge session
2026-06-11T10:49:43.401165+00:00,2026-06-11 16:19:43,Anllia,plug_1,Tapo P110,P110,fridge,a7c73018,multi_cycle,1.0,90.226,239.257,0.647,0.183,0.415,,on,-66,,2 hour NILM fridge session
2026-06-11T10:49:44.867622+00:00,2026-06-11 16:19:44,Anllia,plug_1,Tapo P110,P110,fridge,a7c73018,multi_cycle,1.0,90.066,239.12,0.647,0.183,0.415,,on,-66,,2 hour NILM fridge session
2026-06-11T10:49:46.245848+00:00,2026-06-11 16:19:46,Anllia,plug_1,Tapo P110,P110,fridge,a7c73018,multi_cycle,1.0,89.966,239.12,0.646,0.183,0.416,,on,-65,,2 hour NILM fridge session
2026-06-11T10:49:47.512921+00:00,2026-06-11 16:19:47,Anllia,plug_1,Tapo P110,P110,fridge,a7c73018,multi_cycle,1.0,90.097,239.227,0.646,0.183,0.416,,on,-66,,2 hour NILM fridge session
2026-06-11T10:49:48.758022+00:00,2026-06-11 16:19:48,Anllia,plug_1,Tapo P110,P110,fridge,a7c73018,multi_cycle,1.0,90.14,239.227,0.648,0.183,0.416,,on,-65,,2 hour NILM fridge session
2026-06-11T10:49:50.121356+00:00,2026-06-11 16:19:50,Anllia,plug_1,Tapo P110,P110,fridge,a7c73018,multi_cycle,1.0,90.14,238.992,0.648,0.183,0.416,,on,-65,,2 hour NILM fridge session
2026-06-11T10:49:51.385181+00:00,2026-06-11 16:19:51,Anllia,plug_1,Tapo P110,P110,fridge,a7c73018,multi_cycle,1.0,90.225,238.992,0.653,0.183,0.416,,on,-65,,2 hour NILM fridge session
2026-06-11T10:49:52.678198+00:00,2026-06-11 16:19:52,Anllia,plug_1,Tapo P110,P110,fridge,a7c73018,multi_cycle,1.0,90.342,239.024,0.653,0.183,0.416,,on,-68,,2 hour NILM fridge session
2026-06-11T10:49:55.143488+00:00,2026-06-11 16:19:55,Anllia,plug_1,Tapo P110,P110,fridge,a7c73018,multi_cycle,1.0,90.292,239.024,0.654,0.183,0.416,,on,-70,,2 hour NILM fridge session
2026-06-11T10:49:56.497975+00:00,2026-06-11 16:19:56,Anllia,plug_1,Tapo P110,P110,fridge,a7c73018,multi_cycle,1.0,90.139,238.941,0.654,0.183,0.416,,on,-65,,2 hour NILM fridge session
2026-06-11T10:49:58.061565+00:00,2026-06-11 16:19:58,Anllia,plug_1,Tapo P110,P110,fridge,a7c73018,multi_cycle,1.0,89.919,238.941,0.652,0.184,0.416,,on,-65,,2 hour NILM fridge session
2026-06-11T10:49:59.377223+00:00,2026-06-11 16:19:59,Anllia,plug_1,Tapo P110,P110,fridge,a7c73018,multi_cycle,1.0,90.194,239.114,0.652,0.184,0.416,,on,-64,,2 hour NILM fridge session
2026-06-11T10:50:00.909645+00:00,2026-06-11 16:20:00,Anllia,plug_1,Tapo P110,P110,fridge,a7c73018,multi_cycle,1.0,90.194,239.114,0.651,0.184,0.416,,on,-65,,2 hour NILM fridge session
2026-06-11T10:50:02.257156+00:00,2026-06-11 16:20:02,Anllia,plug_1,Tapo P110,P110,fridge,a7c73018,multi_cycle,1.0,90.033,239.234,0.651,0.184,0.416,,on,-64,,2 hour NILM fridge session
2026-06-11T10:50:03.623118+00:00,2026-06-11 16:20:03,Anllia,plug_1,Tapo P110,P110,fridge,a7c73018,multi_cycle,1.0,89.84,239.234,0.651,0.184,0.416,,on,-65,,2 hour NILM fridge session
2026-06-11T10:50:06.418952+00:00,2026-06-11 16:20:06,Anllia,plug_1,Tapo P110,P110,fridge,a7c73018,multi_cycle,1.0,89.93,239.446,0.648,0.184,0.416,,on,-64,,2 hour NILM fridge session
2026-06-11T10:50:07.773075+00:00,2026-06-11 16:20:07,Anllia,plug_1,Tapo P110,P110,fridge,a7c73018,multi_cycle,1.0,90.059,239.269,0.648,0.184,0.416,,on,-64,,2 hour NILM fridge session
2026-06-11T10:50:09.151233+00:00,2026-06-11 16:20:09,Anllia,plug_1,Tapo P110,P110,fridge,a7c73018,multi_cycle,1.0,89.772,239.269,0.648,0.184,0.416,,on,-65,,2 hour NILM fridge session
2026-06-11T10:50:10.411863+00:00,2026-06-11 16:20:10,Anllia,plug_1,Tapo P110,P110,fridge,a7c73018,multi_cycle,1.0,89.792,239.269,0.648,0.184,0.416,,on,-65,,2 hour NILM fridge session
2026-06-11T10:50:11.772643+00:00,2026-06-11 16:20:11,Anllia,plug_1,Tapo P110,P110,fridge,a7c73018,multi_cycle,1.0,90.085,239.102,0.648,0.184,0.416,,on,-65,,2 hour NILM fridge session
2026-06-11T10:50:13.120441+00:00,2026-06-11 16:20:13,Anllia,plug_1,Tapo P110,P110,fridge,a7c73018,multi_cycle,1.0,89.991,239.102,0.65,0.184,0.416,,on,-65,,2 hour NILM fridge session
2026-06-11T10:50:14.403980+00:00,2026-06-11 16:20:14,Anllia,plug_1,Tapo P110,P110,fridge,a7c73018,multi_cycle,1.0,90.085,239.042,0.65,0.184,0.416,,on,-65,,2 hour NILM fridge session
2026-06-11T10:50:15.806686+00:00,2026-06-11 16:20:15,Anllia,plug_1,Tapo P110,P110,fridge,a7c73018,multi_cycle,1.0,90.085,239.042,0.651,0.184,0.416,,on,-65,,2 hour NILM fridge session
2026-06-11T10:50:17.156939+00:00,2026-06-11 16:20:17,Anllia,plug_1,Tapo P110,P110,fridge,a7c73018,multi_cycle,1.0,90.321,238.956,0.651,0.184,0.416,,on,-65,,2 hour NILM fridge session
2026-06-11T10:50:20.010070+00:00,2026-06-11 16:20:20,Anllia,plug_1,Tapo P110,P110,fridge,a7c73018,multi_cycle,1.0,90.253,238.956,0.649,0.184,0.416,,on,-65,,2 hour NILM fridge session
2026-06-11T10:50:21.266718+00:00,2026-06-11 16:20:21,Anllia,plug_1,Tapo P110,P110,fridge,a7c73018,multi_cycle,1.0,90.244,238.346,0.649,0.184,0.416,,on,-65,,2 hour NILM fridge session
2026-06-11T10:50:22.558972+00:00,2026-06-11 16:20:22,Anllia,plug_1,Tapo P110,P110,fridge,a7c73018,multi_cycle,1.0,90.043,238.346,0.653,0.184,0.416,,on,-65,,2 hour NILM fridge session
2026-06-11T10:50:23.866697+00:00,2026-06-11 16:20:23,Anllia,plug_1,Tapo P110,P110,fridge,a7c73018,multi_cycle,1.0,89.914,237.829,0.653,0.184,0.416,,on,-66,,2 hour NILM fridge session
2026-06-11T10:50:25.134146+00:00,2026-06-11 16:20:25,Anllia,plug_1,Tapo P110,P110,fridge,a7c73018,multi_cycle,1.0,89.685,237.829,0.649,0.184,0.416,,on,-64,,2 hour NILM fridge session
2026-06-11T10:50:26.390092+00:00,2026-06-11 16:20:26,Anllia,plug_1,Tapo P110,P110,fridge,a7c73018,multi_cycle,1.0,90.081,237.96,0.649,0.184,0.417,,on,-64,,2 hour NILM fridge session
2026-06-11T10:50:27.872246+00:00,2026-06-11 16:20:27,Anllia,plug_1,Tapo P110,P110,fridge,a7c73018,multi_cycle,1.0,90.181,237.96,0.652,0.184,0.417,,on,-64,,2 hour NILM fridge session
2026-06-11T10:50:29.213476+00:00,2026-06-11 16:20:29,Anllia,plug_1,Tapo P110,P110,fridge,a7c73018,multi_cycle,1.0,90.181,237.782,0.652,0.184,0.417,,on,-65,,2 hour NILM fridge session
2026-06-11T10:50:30.563762+00:00,2026-06-11 16:20:30,Anllia,plug_1,Tapo P110,P110,fridge,a7c73018,multi_cycle,1.0,90.099,237.782,0.651,0.184,0.417,,on,-65,,2 hour NILM fridge session
2026-06-11T10:50:32.012261+00:00,2026-06-11 16:20:32,Anllia,plug_1,Tapo P110,P110,fridge,a7c73018,multi_cycle,1.0,90.234,238.298,0.651,0.184,0.417,,on,-64,,2 hour NILM fridge session
2026-06-11T10:50:33.306180+00:00,2026-06-11 16:20:33,Anllia,plug_1,Tapo P110,P110,fridge,a7c73018,multi_cycle,1.0,90.111,238.298,0.65,0.184,0.417,,on,-65,,2 hour NILM fridge session
2026-06-11T10:50:34.583284+00:00,2026-06-11 16:20:34,Anllia,plug_1,Tapo P110,P110,fridge,a7c73018,multi_cycle,1.0,89.991,238.298,0.65,0.184,0.417,,on,-65,,2 hour NILM fridge session
2026-06-11T10:50:35.846334+00:00,2026-06-11 16:20:35,Anllia,plug_1,Tapo P110,P110,fridge,a7c73018,multi_cycle,1.0,90.12,238.25,0.65,0.184,0.417,,on,-65,,2 hour NILM fridge session
2026-06-11T10:50:37.153923+00:00,2026-06-11 16:20:37,Anllia,plug_1,Tapo P110,P110,fridge,a7c73018,multi_cycle,1.0,89.965,238.25,0.652,0.184,0.417,,on,-65,,2 hour NILM fridge session
2026-06-11T10:50:38.484246+00:00,2026-06-11 16:20:38,Anllia,plug_1,Tapo P110,P110,fridge,a7c73018,multi_cycle,1.0,90.267,238.014,0.652,0.185,0.417,,on,-65,,2 hour NILM fridge session
2026-06-11T10:50:39.825983+00:00,2026-06-11 16:20:39,Anllia,plug_1,Tapo P110,P110,fridge,a7c73018,multi_cycle,1.0,90.267,238.014,0.653,0.185,0.417,,on,-65,,2 hour NILM fridge session
2026-06-11T10:50:41.094346+00:00,2026-06-11 16:20:41,Anllia,plug_1,Tapo P110,P110,fridge,a7c73018,multi_cycle,1.0,90.089,238.083,0.653,0.185,0.417,,on,-65,,2 hour NILM fridge session
2026-06-11T10:50:42.457174+00:00,2026-06-11 16:20:42,Anllia,plug_1,Tapo P110,P110,fridge,a7c73018,multi_cycle,1.0,90.007,238.083,0.655,0.185,0.417,,on,-65,,2 hour NILM fridge session
2026-06-11T10:50:44.103890+00:00,2026-06-11 16:20:44,Anllia,plug_1,Tapo P110,P110,fridge,a7c73018,multi_cycle,1.0,90.309,237.961,0.655,0.185,0.417,,on,-65,,2 hour NILM fridge session
2026-06-11T10:50:45.418354+00:00,2026-06-11 16:20:45,Anllia,plug_1,Tapo P110,P110,fridge,a7c73018,multi_cycle,1.0,90.044,237.961,0.645,0.185,0.417,,on,-65,,2 hour NILM fridge session
2026-06-11T10:50:46.732524+00:00,2026-06-11 16:20:46,Anllia,plug_1,Tapo P110,P110,fridge,a7c73018,multi_cycle,1.0,89.905,237.961,0.645,0.185,0.417,,on,-69,,2 hour NILM fridge session
2026-06-11T10:50:47.980665+00:00,2026-06-11 16:20:47,Anllia,plug_1,Tapo P110,P110,fridge,a7c73018,multi_cycle,1.0,89.79,237.772,0.645,0.185,0.417,,on,-64,,2 hour NILM fridge session
2026-06-11T10:50:49.282539+00:00,2026-06-11 16:20:49,Anllia,plug_1,Tapo P110,P110,fridge,a7c73018,multi_cycle,1.0,89.681,237.772,0.645,0.185,0.417,,on,-64,,2 hour NILM fridge session
2026-06-11T10:50:50.572715+00:00,2026-06-11 16:20:50,Anllia,plug_1,Tapo P110,P110,fridge,a7c73018,multi_cycle,1.0,89.866,238.105,0.645,0.185,0.417,,on,-65,,2 hour NILM fridge session
2026-06-11T10:50:51.825077+00:00,2026-06-11 16:20:51,Anllia,plug_1,Tapo P110,P110,fridge,a7c73018,multi_cycle,1.0,89.866,238.105,0.647,0.185,0.417,,on,-65,,2 hour NILM fridge session
2026-06-11T10:50:53.154539+00:00,2026-06-11 16:20:53,Anllia,plug_1,Tapo P110,P110,fridge,a7c73018,multi_cycle,1.0,90.003,238.407,0.647,0.185,0.417,,on,-64,,2 hour NILM fridge session
2026-06-11T10:50:54.419672+00:00,2026-06-11 16:20:54,Anllia,plug_1,Tapo P110,P110,fridge,a7c73018,multi_cycle,1.0,89.782,238.407,0.647,0.185,0.417,,on,-64,,2 hour NILM fridge session
2026-06-11T10:50:58.143820+00:00,2026-06-11 16:20:58,Anllia,plug_1,Tapo P110,P110,fridge,a7c73018,multi_cycle,1.0,89.694,238.543,0.652,0.185,0.417,,on,-65,,2 hour NILM fridge session
2026-06-11T10:50:59.464507+00:00,2026-06-11 16:20:59,Anllia,plug_1,Tapo P110,P110,fridge,a7c73018,multi_cycle,1.0,89.931,238.599,0.652,0.185,0.417,,on,-64,,2 hour NILM fridge session
2026-06-11T10:51:00.828520+00:00,2026-06-11 16:21:00,Anllia,plug_1,Tapo P110,P110,fridge,a7c73018,multi_cycle,1.0,89.736,238.599,0.65,0.185,0.417,,on,-64,,2 hour NILM fridge session
2026-06-11T10:51:03.464789+00:00,2026-06-11 16:21:03,Anllia,plug_1,Tapo P110,P110,fridge,a7c73018,multi_cycle,1.0,89.639,238.431,0.65,0.185,0.417,,on,-65,,2 hour NILM fridge session
2026-06-11T10:51:04.772648+00:00,2026-06-11 16:21:04,Anllia,plug_1,Tapo P110,P110,fridge,a7c73018,multi_cycle,1.0,89.2,238.431,0.647,0.185,0.417,,on,-65,,2 hour NILM fridge session
2026-06-11T10:51:06.039053+00:00,2026-06-11 16:21:06,Anllia,plug_1,Tapo P110,P110,fridge,a7c73018,multi_cycle,1.0,89.665,237.997,0.647,0.185,0.417,,on,-65,,2 hour NILM fridge session
2026-06-11T10:51:07.356616+00:00,2026-06-11 16:21:07,Anllia,plug_1,Tapo P110,P110,fridge,a7c73018,multi_cycle,1.0,89.638,237.997,0.653,0.185,0.418,,on,-65,,2 hour NILM fridge session
2026-06-11T10:51:08.804049+00:00,2026-06-11 16:21:08,Anllia,plug_1,Tapo P110,P110,fridge,a7c73018,multi_cycle,1.0,89.847,238.091,0.653,0.185,0.418,,on,-65,,2 hour NILM fridge session
2026-06-11T10:51:10.081607+00:00,2026-06-11 16:21:10,Anllia,plug_1,Tapo P110,P110,fridge,a7c73018,multi_cycle,1.0,89.847,238.091,0.654,0.185,0.418,,on,-64,,2 hour NILM fridge session
2026-06-11T10:51:12.668159+00:00,2026-06-11 16:21:12,Anllia,plug_1,Tapo P110,P110,fridge,a7c73018,multi_cycle,1.0,89.881,237.663,0.656,0.185,0.418,,on,-65,,2 hour NILM fridge session
2026-06-11T10:51:13.947331+00:00,2026-06-11 16:21:13,Anllia,plug_1,Tapo P110,P110,fridge,a7c73018,multi_cycle,1.0,89.915,237.663,0.656,0.185,0.418,,on,-64,,2 hour NILM fridge session
2026-06-11T10:51:15.203326+00:00,2026-06-11 16:21:15,Anllia,plug_1,Tapo P110,P110,fridge,a7c73018,multi_cycle,1.0,89.719,237.809,0.656,0.185,0.418,,on,-65,,2 hour NILM fridge session
2026-06-11T10:51:16.622046+00:00,2026-06-11 16:21:16,Anllia,plug_1,Tapo P110,P110,fridge,a7c73018,multi_cycle,1.0,89.812,237.809,0.654,0.185,0.418,,on,-65,,2 hour NILM fridge session
2026-06-11T10:51:17.909894+00:00,2026-06-11 16:21:17,Anllia,plug_1,Tapo P110,P110,fridge,a7c73018,multi_cycle,1.0,89.787,238.608,0.654,0.186,0.418,,on,-65,,2 hour NILM fridge session
2026-06-11T10:51:19.254893+00:00,2026-06-11 16:21:19,Anllia,plug_1,Tapo P110,P110,fridge,a7c73018,multi_cycle,1.0,89.421,238.608,0.648,0.186,0.418,,on,-64,,2 hour NILM fridge session
2026-06-11T10:51:20.655500+00:00,2026-06-11 16:21:20,Anllia,plug_1,Tapo P110,P110,fridge,a7c73018,multi_cycle,1.0,89.421,238.71,0.648,0.186,0.418,,on,-65,,2 hour NILM fridge session
2026-06-11T10:51:22.004575+00:00,2026-06-11 16:21:22,Anllia,plug_1,Tapo P110,P110,fridge,a7c73018,multi_cycle,1.0,89.341,238.71,0.652,0.186,0.418,,on,-65,,2 hour NILM fridge session
2026-06-11T10:51:23.326642+00:00,2026-06-11 16:21:23,Anllia,plug_1,Tapo P110,P110,fridge,a7c73018,multi_cycle,1.0,89.539,237.902,0.652,0.186,0.418,,on,-64,,2 hour NILM fridge session
2026-06-11T10:51:24.576562+00:00,2026-06-11 16:21:24,Anllia,plug_1,Tapo P110,P110,fridge,a7c73018,multi_cycle,1.0,89.59,237.902,0.65,0.186,0.418,,on,-65,,2 hour NILM fridge session
2026-06-11T10:51:25.925771+00:00,2026-06-11 16:21:25,Anllia,plug_1,Tapo P110,P110,fridge,a7c73018,multi_cycle,1.0,89.524,237.902,0.65,0.186,0.418,,on,-65,,2 hour NILM fridge session
2026-06-11T10:51:27.262715+00:00,2026-06-11 16:21:27,Anllia,plug_1,Tapo P110,P110,fridge,a7c73018,multi_cycle,1.0,89.521,237.91,0.65,0.186,0.418,,on,-64,,2 hour NILM fridge session
2026-06-11T10:51:28.722365+00:00,2026-06-11 16:21:28,Anllia,plug_1,Tapo P110,P110,fridge,a7c73018,multi_cycle,1.0,89.602,237.91,0.651,0.186,0.418,,on,-65,,2 hour NILM fridge session
2026-06-11T10:51:30.091641+00:00,2026-06-11 16:21:30,Anllia,plug_1,Tapo P110,P110,fridge,a7c73018,multi_cycle,1.0,89.779,237.732,0.651,0.186,0.418,,on,-65,,2 hour NILM fridge session
2026-06-11T10:51:32.018068+00:00,2026-06-11 16:21:32,Anllia,plug_1,Tapo P110,P110,fridge,a7c73018,multi_cycle,1.0,89.697,237.732,0.65,0.186,0.418,,on,-64,,2 hour NILM fridge session
2026-06-11T10:51:33.311374+00:00,2026-06-11 16:21:33,Anllia,plug_1,Tapo P110,P110,fridge,a7c73018,multi_cycle,1.0,89.807,238.188,0.65,0.186,0.418,,on,-65,,2 hour NILM fridge session
2026-06-11T10:51:34.676784+00:00,2026-06-11 16:21:34,Anllia,plug_1,Tapo P110,P110,fridge,a7c73018,multi_cycle,1.0,89.739,238.188,0.652,0.186,0.418,,on,-66,,2 hour NILM fridge session
2026-06-11T10:51:36.024733+00:00,2026-06-11 16:21:36,Anllia,plug_1,Tapo P110,P110,fridge,a7c73018,multi_cycle,1.0,89.689,238.511,0.652,0.186,0.418,,on,-64,,2 hour NILM fridge session
2026-06-11T10:51:37.509359+00:00,2026-06-11 16:21:37,Anllia,plug_1,Tapo P110,P110,fridge,a7c73018,multi_cycle,1.0,89.973,238.511,0.656,0.186,0.418,,on,-65,,2 hour NILM fridge session
2026-06-11T10:51:38.769304+00:00,2026-06-11 16:21:38,Anllia,plug_1,Tapo P110,P110,fridge,a7c73018,multi_cycle,1.0,89.806,237.947,0.656,0.186,0.418,,on,-66,,2 hour NILM fridge session
2026-06-11T10:51:40.106630+00:00,2026-06-11 16:21:40,Anllia,plug_1,Tapo P110,P110,fridge,a7c73018,multi_cycle,1.0,89.806,237.947,0.654,0.186,0.418,,on,-64,,2 hour NILM fridge session
2026-06-11T10:51:41.464837+00:00,2026-06-11 16:21:41,Anllia,plug_1,Tapo P110,P110,fridge,a7c73018,multi_cycle,1.0,89.828,237.097,0.654,0.186,0.418,,on,-65,,2 hour NILM fridge session
2026-06-11T10:51:42.935395+00:00,2026-06-11 16:21:42,Anllia,plug_1,Tapo P110,P110,fridge,a7c73018,multi_cycle,1.0,90.051,237.097,0.652,0.186,0.418,,on,-64,,2 hour NILM fridge session
2026-06-11T10:51:44.180167+00:00,2026-06-11 16:21:44,Anllia,plug_1,Tapo P110,P110,fridge,a7c73018,multi_cycle,1.0,89.901,237.853,0.652,0.186,0.418,,on,-64,,2 hour NILM fridge session
2026-06-11T10:51:45.488399+00:00,2026-06-11 16:21:45,Anllia,plug_1,Tapo P110,P110,fridge,a7c73018,multi_cycle,1.0,89.815,237.853,0.652,0.186,0.418,,on,-64,,2 hour NILM fridge session
2026-06-11T10:51:46.768829+00:00,2026-06-11 16:21:46,Anllia,plug_1,Tapo P110,P110,fridge,a7c73018,multi_cycle,1.0,89.721,237.853,0.654,0.186,0.419,,on,-64,,2 hour NILM fridge session
2026-06-11T10:51:48.087038+00:00,2026-06-11 16:21:48,Anllia,plug_1,Tapo P110,P110,fridge,a7c73018,multi_cycle,1.0,89.81,237.376,0.654,0.186,0.419,,on,-64,,2 hour NILM fridge session
2026-06-11T10:51:49.435144+00:00,2026-06-11 16:21:49,Anllia,plug_1,Tapo P110,P110,fridge,a7c73018,multi_cycle,1.0,89.944,237.376,0.656,0.186,0.419,,on,-64,,2 hour NILM fridge session
2026-06-11T10:51:50.773520+00:00,2026-06-11 16:21:50,Anllia,plug_1,Tapo P110,P110,fridge,a7c73018,multi_cycle,1.0,89.944,237.407,0.656,0.186,0.419,,on,-65,,2 hour NILM fridge session
2026-06-11T10:51:52.020731+00:00,2026-06-11 16:21:52,Anllia,plug_1,Tapo P110,P110,fridge,a7c73018,multi_cycle,1.0,90.334,237.407,0.653,0.186,0.419,,on,-65,,2 hour NILM fridge session
2026-06-11T10:51:53.319929+00:00,2026-06-11 16:21:53,Anllia,plug_1,Tapo P110,P110,fridge,a7c73018,multi_cycle,1.0,89.831,237.63,0.653,0.186,0.419,,on,-64,,2 hour NILM fridge session
2026-06-11T10:51:54.758710+00:00,2026-06-11 16:21:54,Anllia,plug_1,Tapo P110,P110,fridge,a7c73018,multi_cycle,1.0,89.933,237.63,0.653,0.186,0.419,,on,-65,,2 hour NILM fridge session
2026-06-11T10:51:56.097198+00:00,2026-06-11 16:21:56,Anllia,plug_1,Tapo P110,P110,fridge,a7c73018,multi_cycle,1.0,89.769,237.63,0.652,0.186,0.419,,on,-64,,2 hour NILM fridge session
2026-06-11T10:51:57.351958+00:00,2026-06-11 16:21:57,Anllia,plug_1,Tapo P110,P110,fridge,a7c73018,multi_cycle,1.0,89.795,237.404,0.652,0.186,0.419,,on,-64,,2 hour NILM fridge session
2026-06-11T10:51:58.598078+00:00,2026-06-11 16:21:58,Anllia,plug_1,Tapo P110,P110,fridge,a7c73018,multi_cycle,1.0,89.879,237.404,0.652,0.187,0.419,,on,-64,,2 hour NILM fridge session
2026-06-11T10:52:00.130381+00:00,2026-06-11 16:22:00,Anllia,plug_1,Tapo P110,P110,fridge,a7c73018,multi_cycle,1.0,89.696,237.327,0.652,0.187,0.419,,on,-65,,2 hour NILM fridge session
2026-06-11T10:52:01.623889+00:00,2026-06-11 16:22:01,Anllia,plug_1,Tapo P110,P110,fridge,a7c73018,multi_cycle,1.0,89.642,237.327,0.651,0.187,0.419,,on,-64,,2 hour NILM fridge session
2026-06-11T10:52:03.000925+00:00,2026-06-11 16:22:03,Anllia,plug_1,Tapo P110,P110,fridge,a7c73018,multi_cycle,1.0,89.64,237.695,0.651,0.187,0.419,,on,-68,,2 hour NILM fridge session
2026-06-11T10:52:04.477773+00:00,2026-06-11 16:22:04,Anllia,plug_1,Tapo P110,P110,fridge,a7c73018,multi_cycle,1.0,89.64,237.695,0.65,0.187,0.419,,on,-67,,2 hour NILM fridge session
2026-06-11T10:52:05.793495+00:00,2026-06-11 16:22:05,Anllia,plug_1,Tapo P110,P110,fridge,a7c73018,multi_cycle,1.0,89.652,237.546,0.65,0.187,0.419,,on,-67,,2 hour NILM fridge session
2026-06-11T10:52:07.191685+00:00,2026-06-11 16:22:07,Anllia,plug_1,Tapo P110,P110,fridge,a7c73018,multi_cycle,1.0,89.714,237.546,0.652,0.187,0.419,,on,-68,,2 hour NILM fridge session
2026-06-11T10:52:08.546364+00:00,2026-06-11 16:22:08,Anllia,plug_1,Tapo P110,P110,fridge,a7c73018,multi_cycle,1.0,89.648,237.63,0.652,0.187,0.419,,on,-65,,2 hour NILM fridge session
