timestamp_utc,timestamp_local,team_member,plug_id,plug_alias,plug_model,appliance,session_id,mode,sample_interval_sec,power_w,voltage_v,current_a,energy_today_kwh,energy_this_month_kwh,energy_total_kwh,state,rssi,signal_level,notes
2026-06-13T06:15:47.362950+00:00,2026-06-13 11:45:47,Anllia,plug_1,Tapo P110,P110,iron,68ce0cc0,multi_cycle,1.0,1287.133,226.641,5.68,0.037,0.589,,on,-69,,30 minute NILM iron thermostat cycle session
2026-06-13T06:15:48.700301+00:00,2026-06-13 11:45:48,Anllia,plug_1,Tapo P110,P110,iron,68ce0cc0,multi_cycle,1.0,1287.216,226.466,5.68,0.037,0.59,,on,-67,,30 minute NILM iron thermostat cycle session
2026-06-13T06:15:50.078347+00:00,2026-06-13 11:45:50,Anllia,plug_1,Tapo P110,P110,iron,68ce0cc0,multi_cycle,1.0,1286.421,226.466,5.674,0.038,0.59,,on,-68,,30 minute NILM iron thermostat cycle session
2026-06-13T06:15:51.562638+00:00,2026-06-13 11:45:51,Anllia,plug_1,Tapo P110,P110,iron,68ce0cc0,multi_cycle,1.0,1286.421,226.516,5.674,0.038,0.591,,on,-68,,30 minute NILM iron thermostat cycle session
2026-06-13T06:15:55.097850+00:00,2026-06-13 11:45:55,Anllia,plug_1,Tapo P110,P110,iron,68ce0cc0,multi_cycle,1.0,1282.23,226.33,5.661,0.04,0.592,,on,-72,,30 minute NILM iron thermostat cycle session
2026-06-13T06:15:56.661020+00:00,2026-06-13 11:45:56,Anllia,plug_1,Tapo P110,P110,iron,68ce0cc0,multi_cycle,1.0,1281.577,226.07,5.661,0.04,0.593,,on,-67,,30 minute NILM iron thermostat cycle session
2026-06-13T06:15:58.328765+00:00,2026-06-13 11:45:58,Anllia,plug_1,Tapo P110,P110,iron,68ce0cc0,multi_cycle,1.0,1280.587,226.07,5.657,0.041,0.593,,on,-67,,30 minute NILM iron thermostat cycle session
2026-06-13T06:15:59.868816+00:00,2026-06-13 11:45:59,Anllia,plug_1,Tapo P110,P110,iron,68ce0cc0,multi_cycle,1.0,1281.479,226.434,5.657,0.041,0.594,,on,-68,,30 minute NILM iron thermostat cycle session
2026-06-13T06:16:01.596033+00:00,2026-06-13 11:46:01,Anllia,plug_1,Tapo P110,P110,iron,68ce0cc0,multi_cycle,1.0,1281.714,226.434,5.653,0.042,0.594,,on,-70,,30 minute NILM iron thermostat cycle session
2026-06-13T06:16:04.832803+00:00,2026-06-13 11:46:04,Anllia,plug_1,Tapo P110,P110,iron,68ce0cc0,multi_cycle,1.0,1283.11,226.757,5.652,0.043,0.595,,on,-69,,30 minute NILM iron thermostat cycle session
2026-06-13T06:16:06.713416+00:00,2026-06-13 11:46:06,Anllia,plug_1,Tapo P110,P110,iron,68ce0cc0,multi_cycle,1.0,1283.955,226.882,5.652,0.043,0.596,,on,-70,,30 minute NILM iron thermostat cycle session
2026-06-13T06:16:08.382142+00:00,2026-06-13 11:46:08,Anllia,plug_1,Tapo P110,P110,iron,68ce0cc0,multi_cycle,1.0,1283.955,226.882,0.0,0.043,0.596,,on,-67,,30 minute NILM iron thermostat cycle session
2026-06-13T06:16:09.961290+00:00,2026-06-13 11:46:09,Anllia,plug_1,Tapo P110,P110,iron,68ce0cc0,multi_cycle,1.0,0.0,234.603,0.0,0.043,0.596,,on,-67,,30 minute NILM iron thermostat cycle session
2026-06-13T06:16:11.715085+00:00,2026-06-13 11:46:11,Anllia,plug_1,Tapo P110,P110,iron,68ce0cc0,multi_cycle,1.0,0.0,234.603,0.0,0.043,0.596,,on,-67,,30 minute NILM iron thermostat cycle session
2026-06-13T06:16:19.364440+00:00,2026-06-13 11:46:19,Anllia,plug_1,Tapo P110,P110,iron,68ce0cc0,multi_cycle,1.0,0.0,234.603,0.0,0.043,0.596,,on,-67,,30 minute NILM iron thermostat cycle session
2026-06-13T06:16:21.010304+00:00,2026-06-13 11:46:21,Anllia,plug_1,Tapo P110,P110,iron,68ce0cc0,multi_cycle,1.0,0.0,234.603,0.0,0.043,0.596,,on,-69,,30 minute NILM iron thermostat cycle session
2026-06-13T06:16:22.689893+00:00,2026-06-13 11:46:22,Anllia,plug_1,Tapo P110,P110,iron,68ce0cc0,multi_cycle,1.0,0.0,234.603,0.0,0.043,0.596,,on,-71,,30 minute NILM iron thermostat cycle session
2026-06-13T06:16:24.305251+00:00,2026-06-13 11:46:24,Anllia,plug_1,Tapo P110,P110,iron,68ce0cc0,multi_cycle,1.0,0.0,234.064,0.0,0.043,0.596,,on,-69,,30 minute NILM iron thermostat cycle session
2026-06-13T06:16:26.109964+00:00,2026-06-13 11:46:26,Anllia,plug_1,Tapo P110,P110,iron,68ce0cc0,multi_cycle,1.0,0.0,234.064,0.0,0.043,0.596,,on,-68,,30 minute NILM iron thermostat cycle session
2026-06-13T06:16:27.756656+00:00,2026-06-13 11:46:27,Anllia,plug_1,Tapo P110,P110,iron,68ce0cc0,multi_cycle,1.0,0.0,234.064,0.0,0.043,0.596,,on,-69,,30 minute NILM iron thermostat cycle session
2026-06-13T06:16:29.274687+00:00,2026-06-13 11:46:29,Anllia,plug_1,Tapo P110,P110,iron,68ce0cc0,multi_cycle,1.0,0.0,234.064,0.0,0.043,0.596,,on,-68,,30 minute NILM iron thermostat cycle session
2026-06-13T06:16:30.841271+00:00,2026-06-13 11:46:30,Anllia,plug_1,Tapo P110,P110,iron,68ce0cc0,multi_cycle,1.0,0.0,234.064,0.0,0.043,0.596,,on,-68,,30 minute NILM iron thermostat cycle session
2026-06-13T06:16:32.444930+00:00,2026-06-13 11:46:32,Anllia,plug_1,Tapo P110,P110,iron,68ce0cc0,multi_cycle,1.0,0.0,234.064,0.0,0.043,0.596,,on,-67,,30 minute NILM iron thermostat cycle session
2026-06-13T06:16:34.172317+00:00,2026-06-13 11:46:34,Anllia,plug_1,Tapo P110,P110,iron,68ce0cc0,multi_cycle,1.0,0.0,234.064,0.0,0.043,0.596,,on,-69,,30 minute NILM iron thermostat cycle session
2026-06-13T06:16:35.736643+00:00,2026-06-13 11:46:35,Anllia,plug_1,Tapo P110,P110,iron,68ce0cc0,multi_cycle,1.0,0.0,234.064,0.0,0.043,0.596,,on,-69,,30 minute NILM iron thermostat cycle session
2026-06-13T06:16:37.444175+00:00,2026-06-13 11:46:37,Anllia,plug_1,Tapo P110,P110,iron,68ce0cc0,multi_cycle,1.0,0.0,234.064,0.0,0.043,0.596,,on,-67,,30 minute NILM iron thermostat cycle session
2026-06-13T06:16:39.457634+00:00,2026-06-13 11:46:39,Anllia,plug_1,Tapo P110,P110,iron,68ce0cc0,multi_cycle,1.0,0.0,234.124,0.0,0.043,0.596,,on,-72,,30 minute NILM iron thermostat cycle session
2026-06-13T06:16:41.164847+00:00,2026-06-13 11:46:41,Anllia,plug_1,Tapo P110,P110,iron,68ce0cc0,multi_cycle,1.0,0.0,234.124,0.0,0.043,0.596,,on,-72,,30 minute NILM iron thermostat cycle session
2026-06-13T06:16:42.724767+00:00,2026-06-13 11:46:42,Anllia,plug_1,Tapo P110,P110,iron,68ce0cc0,multi_cycle,1.0,0.0,234.124,0.0,0.043,0.596,,on,-73,,30 minute NILM iron thermostat cycle session
2026-06-13T06:16:44.244237+00:00,2026-06-13 11:46:44,Anllia,plug_1,Tapo P110,P110,iron,68ce0cc0,multi_cycle,1.0,0.0,234.124,0.0,0.043,0.596,,on,-69,,30 minute NILM iron thermostat cycle session
2026-06-13T06:16:45.852605+00:00,2026-06-13 11:46:45,Anllia,plug_1,Tapo P110,P110,iron,68ce0cc0,multi_cycle,1.0,0.0,234.124,0.0,0.043,0.596,,on,-71,,30 minute NILM iron thermostat cycle session
2026-06-13T06:16:47.697759+00:00,2026-06-13 11:46:47,Anllia,plug_1,Tapo P110,P110,iron,68ce0cc0,multi_cycle,1.0,0.0,234.124,0.0,0.043,0.596,,on,-71,,30 minute NILM iron thermostat cycle session
2026-06-13T06:16:49.612493+00:00,2026-06-13 11:46:49,Anllia,plug_1,Tapo P110,P110,iron,68ce0cc0,multi_cycle,1.0,0.0,234.124,0.0,0.043,0.596,,on,-70,,30 minute NILM iron thermostat cycle session
2026-06-13T06:16:51.163012+00:00,2026-06-13 11:46:51,Anllia,plug_1,Tapo P110,P110,iron,68ce0cc0,multi_cycle,1.0,0.0,234.124,0.0,0.043,0.596,,on,-69,,30 minute NILM iron thermostat cycle session
2026-06-13T06:16:52.860653+00:00,2026-06-13 11:46:52,Anllia,plug_1,Tapo P110,P110,iron,68ce0cc0,multi_cycle,1.0,0.0,234.295,0.0,0.043,0.596,,on,-68,,30 minute NILM iron thermostat cycle session
2026-06-13T06:16:54.488542+00:00,2026-06-13 11:46:54,Anllia,plug_1,Tapo P110,P110,iron,68ce0cc0,multi_cycle,1.0,0.0,234.295,0.0,0.043,0.596,,on,-70,,30 minute NILM iron thermostat cycle session
2026-06-13T06:16:56.101255+00:00,2026-06-13 11:46:56,Anllia,plug_1,Tapo P110,P110,iron,68ce0cc0,multi_cycle,1.0,0.0,234.295,0.0,0.043,0.596,,on,-69,,30 minute NILM iron thermostat cycle session
2026-06-13T06:16:57.762507+00:00,2026-06-13 11:46:57,Anllia,plug_1,Tapo P110,P110,iron,68ce0cc0,multi_cycle,1.0,0.0,234.295,0.0,0.043,0.596,,on,-72,,30 minute NILM iron thermostat cycle session
2026-06-13T06:17:01.764831+00:00,2026-06-13 11:47:01,Anllia,plug_1,Tapo P110,P110,iron,68ce0cc0,multi_cycle,1.0,0.0,234.295,0.0,0.043,0.596,,on,-69,,30 minute NILM iron thermostat cycle session
2026-06-13T06:17:03.333838+00:00,2026-06-13 11:47:03,Anllia,plug_1,Tapo P110,P110,iron,68ce0cc0,multi_cycle,1.0,0.0,234.295,0.0,0.043,0.596,,on,-71,,30 minute NILM iron thermostat cycle session
2026-06-13T06:17:04.934298+00:00,2026-06-13 11:47:04,Anllia,plug_1,Tapo P110,P110,iron,68ce0cc0,multi_cycle,1.0,0.0,234.295,0.0,0.043,0.596,,on,-72,,30 minute NILM iron thermostat cycle session
2026-06-13T06:17:06.512630+00:00,2026-06-13 11:47:06,Anllia,plug_1,Tapo P110,P110,iron,68ce0cc0,multi_cycle,1.0,0.0,233.93,0.0,0.043,0.596,,on,-70,,30 minute NILM iron thermostat cycle session
2026-06-13T06:17:08.077972+00:00,2026-06-13 11:47:08,Anllia,plug_1,Tapo P110,P110,iron,68ce0cc0,multi_cycle,1.0,0.0,233.93,0.0,0.043,0.596,,on,-71,,30 minute NILM iron thermostat cycle session
2026-06-13T06:17:09.671200+00:00,2026-06-13 11:47:09,Anllia,plug_1,Tapo P110,P110,iron,68ce0cc0,multi_cycle,1.0,0.0,233.93,0.0,0.043,0.596,,on,-69,,30 minute NILM iron thermostat cycle session
2026-06-13T06:17:11.348741+00:00,2026-06-13 11:47:11,Anllia,plug_1,Tapo P110,P110,iron,68ce0cc0,multi_cycle,1.0,0.0,233.93,0.0,0.043,0.596,,on,-73,,30 minute NILM iron thermostat cycle session
2026-06-13T06:17:13.021353+00:00,2026-06-13 11:47:13,Anllia,plug_1,Tapo P110,P110,iron,68ce0cc0,multi_cycle,1.0,0.0,233.93,0.0,0.043,0.596,,on,-70,,30 minute NILM iron thermostat cycle session
2026-06-13T06:17:14.886617+00:00,2026-06-13 11:47:14,Anllia,plug_1,Tapo P110,P110,iron,68ce0cc0,multi_cycle,1.0,0.0,233.93,0.0,0.043,0.596,,on,-69,,30 minute NILM iron thermostat cycle session
2026-06-13T06:17:16.532782+00:00,2026-06-13 11:47:16,Anllia,plug_1,Tapo P110,P110,iron,68ce0cc0,multi_cycle,1.0,0.0,233.93,0.0,0.043,0.596,,on,-72,,30 minute NILM iron thermostat cycle session
2026-06-13T06:17:18.199747+00:00,2026-06-13 11:47:18,Anllia,plug_1,Tapo P110,P110,iron,68ce0cc0,multi_cycle,1.0,0.0,233.93,0.0,0.043,0.596,,on,-71,,30 minute NILM iron thermostat cycle session
2026-06-13T06:17:19.822502+00:00,2026-06-13 11:47:19,Anllia,plug_1,Tapo P110,P110,iron,68ce0cc0,multi_cycle,1.0,0.0,234.148,0.0,0.043,0.596,,on,-70,,30 minute NILM iron thermostat cycle session
2026-06-13T06:17:21.464853+00:00,2026-06-13 11:47:21,Anllia,plug_1,Tapo P110,P110,iron,68ce0cc0,multi_cycle,1.0,0.0,234.148,0.0,0.043,0.596,,on,-70,,30 minute NILM iron thermostat cycle session
2026-06-13T06:17:23.138330+00:00,2026-06-13 11:47:23,Anllia,plug_1,Tapo P110,P110,iron,68ce0cc0,multi_cycle,1.0,0.0,234.148,0.0,0.043,0.596,,on,-70,,30 minute NILM iron thermostat cycle session
2026-06-13T06:17:24.837466+00:00,2026-06-13 11:47:24,Anllia,plug_1,Tapo P110,P110,iron,68ce0cc0,multi_cycle,1.0,0.0,234.148,0.0,0.043,0.596,,on,-71,,30 minute NILM iron thermostat cycle session
2026-06-13T06:17:27.460184+00:00,2026-06-13 11:47:27,Anllia,plug_1,Tapo P110,P110,iron,68ce0cc0,multi_cycle,1.0,0.0,234.148,0.0,0.043,0.596,,on,-70,,30 minute NILM iron thermostat cycle session
2026-06-13T06:17:29.280885+00:00,2026-06-13 11:47:29,Anllia,plug_1,Tapo P110,P110,iron,68ce0cc0,multi_cycle,1.0,0.0,234.148,0.0,0.043,0.596,,on,-70,,30 minute NILM iron thermostat cycle session
2026-06-13T06:17:31.008258+00:00,2026-06-13 11:47:31,Anllia,plug_1,Tapo P110,P110,iron,68ce0cc0,multi_cycle,1.0,0.0,234.148,0.0,0.043,0.596,,on,-70,,30 minute NILM iron thermostat cycle session
2026-06-13T06:17:32.569488+00:00,2026-06-13 11:47:32,Anllia,plug_1,Tapo P110,P110,iron,68ce0cc0,multi_cycle,1.0,0.0,234.148,0.0,0.043,0.596,,on,-72,,30 minute NILM iron thermostat cycle session
2026-06-13T06:17:35.529263+00:00,2026-06-13 11:47:35,Anllia,plug_1,Tapo P110,P110,iron,68ce0cc0,multi_cycle,1.0,0.0,233.985,0.0,0.043,0.596,,on,-73,,30 minute NILM iron thermostat cycle session
2026-06-13T06:17:37.094576+00:00,2026-06-13 11:47:37,Anllia,plug_1,Tapo P110,P110,iron,68ce0cc0,multi_cycle,1.0,0.0,233.985,0.0,0.043,0.596,,on,-69,,30 minute NILM iron thermostat cycle session
2026-06-13T06:17:38.701792+00:00,2026-06-13 11:47:38,Anllia,plug_1,Tapo P110,P110,iron,68ce0cc0,multi_cycle,1.0,0.0,233.985,0.0,0.043,0.596,,on,-70,,30 minute NILM iron thermostat cycle session
2026-06-13T06:17:40.310466+00:00,2026-06-13 11:47:40,Anllia,plug_1,Tapo P110,P110,iron,68ce0cc0,multi_cycle,1.0,0.0,233.985,0.0,0.043,0.596,,on,-69,,30 minute NILM iron thermostat cycle session
2026-06-13T06:17:41.871584+00:00,2026-06-13 11:47:41,Anllia,plug_1,Tapo P110,P110,iron,68ce0cc0,multi_cycle,1.0,0.0,233.985,0.0,0.043,0.596,,on,-70,,30 minute NILM iron thermostat cycle session
2026-06-13T06:17:43.593846+00:00,2026-06-13 11:47:43,Anllia,plug_1,Tapo P110,P110,iron,68ce0cc0,multi_cycle,1.0,0.0,233.985,0.0,0.043,0.596,,on,-71,,30 minute NILM iron thermostat cycle session
2026-06-13T06:17:45.278262+00:00,2026-06-13 11:47:45,Anllia,plug_1,Tapo P110,P110,iron,68ce0cc0,multi_cycle,1.0,0.0,233.985,0.0,0.043,0.596,,on,-69,,30 minute NILM iron thermostat cycle session
2026-06-13T06:17:46.899236+00:00,2026-06-13 11:47:46,Anllia,plug_1,Tapo P110,P110,iron,68ce0cc0,multi_cycle,1.0,0.0,233.985,0.0,0.043,0.596,,on,-74,,30 minute NILM iron thermostat cycle session
2026-06-13T06:17:49.104227+00:00,2026-06-13 11:47:49,Anllia,plug_1,Tapo P110,P110,iron,68ce0cc0,multi_cycle,1.0,0.0,234.357,0.0,0.043,0.596,,on,-70,,30 minute NILM iron thermostat cycle session
2026-06-13T06:17:50.758645+00:00,2026-06-13 11:47:50,Anllia,plug_1,Tapo P110,P110,iron,68ce0cc0,multi_cycle,1.0,0.0,234.357,0.0,0.043,0.596,,on,-69,,30 minute NILM iron thermostat cycle session
2026-06-13T06:17:52.334633+00:00,2026-06-13 11:47:52,Anllia,plug_1,Tapo P110,P110,iron,68ce0cc0,multi_cycle,1.0,0.0,234.357,0.0,0.043,0.596,,on,-68,,30 minute NILM iron thermostat cycle session
2026-06-13T06:17:53.873860+00:00,2026-06-13 11:47:53,Anllia,plug_1,Tapo P110,P110,iron,68ce0cc0,multi_cycle,1.0,0.0,234.357,0.0,0.043,0.596,,on,-71,,30 minute NILM iron thermostat cycle session
2026-06-13T06:17:55.519024+00:00,2026-06-13 11:47:55,Anllia,plug_1,Tapo P110,P110,iron,68ce0cc0,multi_cycle,1.0,0.0,234.357,0.0,0.043,0.596,,on,-68,,30 minute NILM iron thermostat cycle session
2026-06-13T06:17:57.082367+00:00,2026-06-13 11:47:57,Anllia,plug_1,Tapo P110,P110,iron,68ce0cc0,multi_cycle,1.0,0.0,234.357,0.0,0.043,0.596,,on,-71,,30 minute NILM iron thermostat cycle session
2026-06-13T06:17:58.608065+00:00,2026-06-13 11:47:58,Anllia,plug_1,Tapo P110,P110,iron,68ce0cc0,multi_cycle,1.0,0.0,234.357,0.0,0.043,0.596,,on,-73,,30 minute NILM iron thermostat cycle session
2026-06-13T06:18:00.132942+00:00,2026-06-13 11:48:00,Anllia,plug_1,Tapo P110,P110,iron,68ce0cc0,multi_cycle,1.0,0.0,234.357,0.0,0.043,0.596,,on,-71,,30 minute NILM iron thermostat cycle session
2026-06-13T06:18:01.654928+00:00,2026-06-13 11:48:01,Anllia,plug_1,Tapo P110,P110,iron,68ce0cc0,multi_cycle,1.0,0.0,234.357,0.0,0.043,0.596,,on,-69,,30 minute NILM iron thermostat cycle session
2026-06-13T06:18:03.259012+00:00,2026-06-13 11:48:03,Anllia,plug_1,Tapo P110,P110,iron,68ce0cc0,multi_cycle,1.0,0.0,234.612,0.0,0.043,0.596,,on,-71,,30 minute NILM iron thermostat cycle session
2026-06-13T06:18:04.987383+00:00,2026-06-13 11:48:04,Anllia,plug_1,Tapo P110,P110,iron,68ce0cc0,multi_cycle,1.0,0.0,234.612,0.0,0.043,0.596,,on,-71,,30 minute NILM iron thermostat cycle session
2026-06-13T06:18:06.622931+00:00,2026-06-13 11:48:06,Anllia,plug_1,Tapo P110,P110,iron,68ce0cc0,multi_cycle,1.0,0.0,234.612,0.0,0.043,0.596,,on,-71,,30 minute NILM iron thermostat cycle session
2026-06-13T06:18:08.268339+00:00,2026-06-13 11:48:08,Anllia,plug_1,Tapo P110,P110,iron,68ce0cc0,multi_cycle,1.0,0.0,234.612,0.0,0.043,0.596,,on,-70,,30 minute NILM iron thermostat cycle session
2026-06-13T06:18:09.997187+00:00,2026-06-13 11:48:09,Anllia,plug_1,Tapo P110,P110,iron,68ce0cc0,multi_cycle,1.0,0.0,234.612,0.0,0.043,0.596,,on,-69,,30 minute NILM iron thermostat cycle session
2026-06-13T06:18:11.512879+00:00,2026-06-13 11:48:11,Anllia,plug_1,Tapo P110,P110,iron,68ce0cc0,multi_cycle,1.0,0.0,234.612,0.0,0.043,0.596,,on,-72,,30 minute NILM iron thermostat cycle session
2026-06-13T06:18:14.683885+00:00,2026-06-13 11:48:14,Anllia,plug_1,Tapo P110,P110,iron,68ce0cc0,multi_cycle,1.0,0.0,234.612,0.0,0.043,0.596,,on,-70,,30 minute NILM iron thermostat cycle session
2026-06-13T06:18:16.491842+00:00,2026-06-13 11:48:16,Anllia,plug_1,Tapo P110,P110,iron,68ce0cc0,multi_cycle,1.0,0.0,234.262,0.0,0.043,0.596,,on,-71,,30 minute NILM iron thermostat cycle session
2026-06-13T06:18:18.219386+00:00,2026-06-13 11:48:18,Anllia,plug_1,Tapo P110,P110,iron,68ce0cc0,multi_cycle,1.0,0.0,234.262,0.0,0.043,0.596,,on,-70,,30 minute NILM iron thermostat cycle session
2026-06-13T06:18:19.786931+00:00,2026-06-13 11:48:19,Anllia,plug_1,Tapo P110,P110,iron,68ce0cc0,multi_cycle,1.0,0.0,234.262,0.0,0.043,0.596,,on,-70,,30 minute NILM iron thermostat cycle session
2026-06-13T06:18:21.427243+00:00,2026-06-13 11:48:21,Anllia,plug_1,Tapo P110,P110,iron,68ce0cc0,multi_cycle,1.0,0.0,234.262,0.0,0.043,0.596,,on,-71,,30 minute NILM iron thermostat cycle session
2026-06-13T06:18:23.071552+00:00,2026-06-13 11:48:23,Anllia,plug_1,Tapo P110,P110,iron,68ce0cc0,multi_cycle,1.0,0.0,234.262,0.0,0.043,0.596,,on,-70,,30 minute NILM iron thermostat cycle session
2026-06-13T06:18:25.129173+00:00,2026-06-13 11:48:25,Anllia,plug_1,Tapo P110,P110,iron,68ce0cc0,multi_cycle,1.0,0.0,234.262,0.0,0.043,0.596,,on,-71,,30 minute NILM iron thermostat cycle session
2026-06-13T06:18:26.775793+00:00,2026-06-13 11:48:26,Anllia,plug_1,Tapo P110,P110,iron,68ce0cc0,multi_cycle,1.0,0.0,234.262,0.0,0.043,0.596,,on,-71,,30 minute NILM iron thermostat cycle session
2026-06-13T06:18:28.418376+00:00,2026-06-13 11:48:28,Anllia,plug_1,Tapo P110,P110,iron,68ce0cc0,multi_cycle,1.0,0.0,234.262,0.0,0.043,0.596,,on,-68,,30 minute NILM iron thermostat cycle session
2026-06-13T06:18:30.063981+00:00,2026-06-13 11:48:30,Anllia,plug_1,Tapo P110,P110,iron,68ce0cc0,multi_cycle,1.0,0.0,234.173,0.0,0.043,0.596,,on,-70,,30 minute NILM iron thermostat cycle session
2026-06-13T06:18:31.827937+00:00,2026-06-13 11:48:31,Anllia,plug_1,Tapo P110,P110,iron,68ce0cc0,multi_cycle,1.0,0.0,234.173,0.0,0.043,0.596,,on,-67,,30 minute NILM iron thermostat cycle session
2026-06-13T06:18:33.397814+00:00,2026-06-13 11:48:33,Anllia,plug_1,Tapo P110,P110,iron,68ce0cc0,multi_cycle,1.0,0.0,234.173,0.0,0.043,0.596,,on,-68,,30 minute NILM iron thermostat cycle session
2026-06-13T06:18:34.998220+00:00,2026-06-13 11:48:34,Anllia,plug_1,Tapo P110,P110,iron,68ce0cc0,multi_cycle,1.0,0.0,234.173,0.0,0.043,0.596,,on,-69,,30 minute NILM iron thermostat cycle session
2026-06-13T06:18:41.578184+00:00,2026-06-13 11:48:41,Anllia,plug_1,Tapo P110,P110,iron,68ce0cc0,multi_cycle,1.0,0.0,234.173,0.0,0.043,0.596,,on,-68,,30 minute NILM iron thermostat cycle session
2026-06-13T06:18:43.188343+00:00,2026-06-13 11:48:43,Anllia,plug_1,Tapo P110,P110,iron,68ce0cc0,multi_cycle,1.0,0.0,234.173,0.0,0.043,0.596,,on,-69,,30 minute NILM iron thermostat cycle session
2026-06-13T06:18:44.789299+00:00,2026-06-13 11:48:44,Anllia,plug_1,Tapo P110,P110,iron,68ce0cc0,multi_cycle,1.0,0.0,234.81,0.0,0.043,0.596,,on,-70,,30 minute NILM iron thermostat cycle session
2026-06-13T06:18:48.159876+00:00,2026-06-13 11:48:48,Anllia,plug_1,Tapo P110,P110,iron,68ce0cc0,multi_cycle,1.0,0.0,234.81,0.0,0.043,0.596,,on,-75,,30 minute NILM iron thermostat cycle session
2026-06-13T06:18:50.140366+00:00,2026-06-13 11:48:50,Anllia,plug_1,Tapo P110,P110,iron,68ce0cc0,multi_cycle,1.0,0.0,234.81,0.0,0.043,0.596,,on,-71,,30 minute NILM iron thermostat cycle session
2026-06-13T06:18:51.788676+00:00,2026-06-13 11:48:51,Anllia,plug_1,Tapo P110,P110,iron,68ce0cc0,multi_cycle,1.0,0.0,234.81,0.0,0.043,0.596,,on,-71,,30 minute NILM iron thermostat cycle session
2026-06-13T06:18:53.476284+00:00,2026-06-13 11:48:53,Anllia,plug_1,Tapo P110,P110,iron,68ce0cc0,multi_cycle,1.0,0.0,234.81,0.0,0.043,0.596,,on,-71,,30 minute NILM iron thermostat cycle session
2026-06-13T06:18:55.233276+00:00,2026-06-13 11:48:55,Anllia,plug_1,Tapo P110,P110,iron,68ce0cc0,multi_cycle,1.0,0.0,234.81,0.0,0.043,0.596,,on,-71,,30 minute NILM iron thermostat cycle session
2026-06-13T06:18:58.523409+00:00,2026-06-13 11:48:58,Anllia,plug_1,Tapo P110,P110,iron,68ce0cc0,multi_cycle,1.0,0.0,234.508,0.0,0.043,0.596,,on,-73,,30 minute NILM iron thermostat cycle session
2026-06-13T06:19:00.166149+00:00,2026-06-13 11:49:00,Anllia,plug_1,Tapo P110,P110,iron,68ce0cc0,multi_cycle,1.0,0.0,234.508,0.0,0.043,0.596,,on,-70,,30 minute NILM iron thermostat cycle session
2026-06-13T06:19:01.749041+00:00,2026-06-13 11:49:01,Anllia,plug_1,Tapo P110,P110,iron,68ce0cc0,multi_cycle,1.0,0.0,234.508,0.0,0.043,0.596,,on,-69,,30 minute NILM iron thermostat cycle session
2026-06-13T06:19:03.457610+00:00,2026-06-13 11:49:03,Anllia,plug_1,Tapo P110,P110,iron,68ce0cc0,multi_cycle,1.0,0.0,234.508,0.0,0.043,0.596,,on,-70,,30 minute NILM iron thermostat cycle session
2026-06-13T06:19:05.184281+00:00,2026-06-13 11:49:05,Anllia,plug_1,Tapo P110,P110,iron,68ce0cc0,multi_cycle,1.0,0.0,234.508,5.467,0.044,0.596,,on,-69,,30 minute NILM iron thermostat cycle session
2026-06-13T06:19:10.958621+00:00,2026-06-13 11:49:10,Anllia,plug_1,Tapo P110,P110,iron,68ce0cc0,multi_cycle,1.0,1290.195,226.828,5.682,0.046,0.598,,on,-71,,30 minute NILM iron thermostat cycle session
2026-06-13T06:19:12.622860+00:00,2026-06-13 11:49:12,Anllia,plug_1,Tapo P110,P110,iron,68ce0cc0,multi_cycle,1.0,1286.989,226.599,5.682,0.047,0.599,,on,-70,,30 minute NILM iron thermostat cycle session
2026-06-13T06:19:14.561144+00:00,2026-06-13 11:49:14,Anllia,plug_1,Tapo P110,P110,iron,68ce0cc0,multi_cycle,1.0,1287.004,226.599,5.67,0.047,0.6,,on,-72,,30 minute NILM iron thermostat cycle session
2026-06-13T06:19:18.022700+00:00,2026-06-13 11:49:18,Anllia,plug_1,Tapo P110,P110,iron,68ce0cc0,multi_cycle,1.0,1283.42,226.533,5.659,0.048,0.601,,on,-72,,30 minute NILM iron thermostat cycle session
2026-06-13T06:19:19.746194+00:00,2026-06-13 11:49:19,Anllia,plug_1,Tapo P110,P110,iron,68ce0cc0,multi_cycle,1.0,1283.42,233.598,5.659,0.048,0.601,,on,-70,,30 minute NILM iron thermostat cycle session
2026-06-13T06:19:21.306122+00:00,2026-06-13 11:49:21,Anllia,plug_1,Tapo P110,P110,iron,68ce0cc0,multi_cycle,1.0,0.0,233.598,0.0,0.048,0.601,,on,-70,,30 minute NILM iron thermostat cycle session
2026-06-13T06:19:22.872329+00:00,2026-06-13 11:49:22,Anllia,plug_1,Tapo P110,P110,iron,68ce0cc0,multi_cycle,1.0,0.0,233.898,0.0,0.048,0.601,,on,-70,,30 minute NILM iron thermostat cycle session
2026-06-13T06:19:24.517017+00:00,2026-06-13 11:49:24,Anllia,plug_1,Tapo P110,P110,iron,68ce0cc0,multi_cycle,1.0,0.0,233.898,0.0,0.048,0.601,,on,-71,,30 minute NILM iron thermostat cycle session
2026-06-13T06:19:26.044463+00:00,2026-06-13 11:49:26,Anllia,plug_1,Tapo P110,P110,iron,68ce0cc0,multi_cycle,1.0,0.0,233.898,0.0,0.048,0.601,,on,-70,,30 minute NILM iron thermostat cycle session
2026-06-13T06:19:27.751524+00:00,2026-06-13 11:49:27,Anllia,plug_1,Tapo P110,P110,iron,68ce0cc0,multi_cycle,1.0,0.0,233.898,0.0,0.048,0.601,,on,-70,,30 minute NILM iron thermostat cycle session
2026-06-13T06:19:29.305248+00:00,2026-06-13 11:49:29,Anllia,plug_1,Tapo P110,P110,iron,68ce0cc0,multi_cycle,1.0,0.0,233.898,0.0,0.048,0.601,,on,-68,,30 minute NILM iron thermostat cycle session
2026-06-13T06:19:30.929506+00:00,2026-06-13 11:49:30,Anllia,plug_1,Tapo P110,P110,iron,68ce0cc0,multi_cycle,1.0,0.0,233.898,0.0,0.048,0.601,,on,-72,,30 minute NILM iron thermostat cycle session
2026-06-13T06:19:32.657499+00:00,2026-06-13 11:49:32,Anllia,plug_1,Tapo P110,P110,iron,68ce0cc0,multi_cycle,1.0,0.0,233.898,0.0,0.048,0.601,,on,-67,,30 minute NILM iron thermostat cycle session
2026-06-13T06:19:34.239615+00:00,2026-06-13 11:49:34,Anllia,plug_1,Tapo P110,P110,iron,68ce0cc0,multi_cycle,1.0,0.0,233.898,0.0,0.048,0.601,,on,-70,,30 minute NILM iron thermostat cycle session
2026-06-13T06:19:35.869288+00:00,2026-06-13 11:49:35,Anllia,plug_1,Tapo P110,P110,iron,68ce0cc0,multi_cycle,1.0,0.0,233.898,0.0,0.048,0.601,,on,-76,,30 minute NILM iron thermostat cycle session
2026-06-13T06:19:37.472237+00:00,2026-06-13 11:49:37,Anllia,plug_1,Tapo P110,P110,iron,68ce0cc0,multi_cycle,1.0,0.0,233.942,0.0,0.048,0.601,,on,-73,,30 minute NILM iron thermostat cycle session
2026-06-13T06:19:39.124525+00:00,2026-06-13 11:49:39,Anllia,plug_1,Tapo P110,P110,iron,68ce0cc0,multi_cycle,1.0,0.0,233.942,0.0,0.048,0.601,,on,-72,,30 minute NILM iron thermostat cycle session
2026-06-13T06:19:40.716860+00:00,2026-06-13 11:49:40,Anllia,plug_1,Tapo P110,P110,iron,68ce0cc0,multi_cycle,1.0,0.0,233.942,0.0,0.048,0.601,,on,-69,,30 minute NILM iron thermostat cycle session
2026-06-13T06:19:42.361682+00:00,2026-06-13 11:49:42,Anllia,plug_1,Tapo P110,P110,iron,68ce0cc0,multi_cycle,1.0,0.0,233.942,0.0,0.048,0.601,,on,-69,,30 minute NILM iron thermostat cycle session
2026-06-13T06:19:44.141495+00:00,2026-06-13 11:49:44,Anllia,plug_1,Tapo P110,P110,iron,68ce0cc0,multi_cycle,1.0,0.0,233.942,0.0,0.048,0.601,,on,-71,,30 minute NILM iron thermostat cycle session
2026-06-13T06:19:45.713237+00:00,2026-06-13 11:49:45,Anllia,plug_1,Tapo P110,P110,iron,68ce0cc0,multi_cycle,1.0,0.0,233.942,0.0,0.048,0.601,,on,-70,,30 minute NILM iron thermostat cycle session
2026-06-13T06:19:47.298677+00:00,2026-06-13 11:49:47,Anllia,plug_1,Tapo P110,P110,iron,68ce0cc0,multi_cycle,1.0,0.0,233.942,0.0,0.048,0.601,,on,-71,,30 minute NILM iron thermostat cycle session
2026-06-13T06:19:49.025119+00:00,2026-06-13 11:49:49,Anllia,plug_1,Tapo P110,P110,iron,68ce0cc0,multi_cycle,1.0,0.0,233.942,0.0,0.048,0.601,,on,-68,,30 minute NILM iron thermostat cycle session
2026-06-13T06:19:51.073756+00:00,2026-06-13 11:49:51,Anllia,plug_1,Tapo P110,P110,iron,68ce0cc0,multi_cycle,1.0,0.0,234.189,0.0,0.048,0.601,,on,-71,,30 minute NILM iron thermostat cycle session
2026-06-13T06:19:52.643874+00:00,2026-06-13 11:49:52,Anllia,plug_1,Tapo P110,P110,iron,68ce0cc0,multi_cycle,1.0,0.0,234.189,0.0,0.048,0.601,,on,-70,,30 minute NILM iron thermostat cycle session
2026-06-13T06:19:54.288605+00:00,2026-06-13 11:49:54,Anllia,plug_1,Tapo P110,P110,iron,68ce0cc0,multi_cycle,1.0,0.0,234.189,0.0,0.048,0.601,,on,-70,,30 minute NILM iron thermostat cycle session
2026-06-13T06:19:56.086448+00:00,2026-06-13 11:49:56,Anllia,plug_1,Tapo P110,P110,iron,68ce0cc0,multi_cycle,1.0,0.0,234.189,0.0,0.048,0.601,,on,-70,,30 minute NILM iron thermostat cycle session
2026-06-13T06:19:57.660370+00:00,2026-06-13 11:49:57,Anllia,plug_1,Tapo P110,P110,iron,68ce0cc0,multi_cycle,1.0,0.0,234.189,0.0,0.048,0.601,,on,-70,,30 minute NILM iron thermostat cycle session
2026-06-13T06:19:59.387929+00:00,2026-06-13 11:49:59,Anllia,plug_1,Tapo P110,P110,iron,68ce0cc0,multi_cycle,1.0,0.0,234.189,0.0,0.048,0.601,,on,-70,,30 minute NILM iron thermostat cycle session
2026-06-13T06:20:01.199273+00:00,2026-06-13 11:50:01,Anllia,plug_1,Tapo P110,P110,iron,68ce0cc0,multi_cycle,1.0,0.0,234.189,0.0,0.048,0.601,,on,-70,,30 minute NILM iron thermostat cycle session
2026-06-13T06:20:02.856064+00:00,2026-06-13 11:50:02,Anllia,plug_1,Tapo P110,P110,iron,68ce0cc0,multi_cycle,1.0,0.0,234.189,0.0,0.048,0.601,,on,-70,,30 minute NILM iron thermostat cycle session
2026-06-13T06:20:04.372028+00:00,2026-06-13 11:50:04,Anllia,plug_1,Tapo P110,P110,iron,68ce0cc0,multi_cycle,1.0,0.0,233.991,0.0,0.048,0.601,,on,-70,,30 minute NILM iron thermostat cycle session
2026-06-13T06:20:05.901793+00:00,2026-06-13 11:50:05,Anllia,plug_1,Tapo P110,P110,iron,68ce0cc0,multi_cycle,1.0,0.0,233.991,0.0,0.048,0.601,,on,-70,,30 minute NILM iron thermostat cycle session
2026-06-13T06:20:07.612479+00:00,2026-06-13 11:50:07,Anllia,plug_1,Tapo P110,P110,iron,68ce0cc0,multi_cycle,1.0,0.0,233.991,0.0,0.048,0.601,,on,-71,,30 minute NILM iron thermostat cycle session
2026-06-13T06:20:09.301964+00:00,2026-06-13 11:50:09,Anllia,plug_1,Tapo P110,P110,iron,68ce0cc0,multi_cycle,1.0,0.0,233.991,0.0,0.048,0.601,,on,-72,,30 minute NILM iron thermostat cycle session
2026-06-13T06:20:10.986948+00:00,2026-06-13 11:50:10,Anllia,plug_1,Tapo P110,P110,iron,68ce0cc0,multi_cycle,1.0,0.0,233.991,0.0,0.048,0.601,,on,-71,,30 minute NILM iron thermostat cycle session
2026-06-13T06:20:12.630164+00:00,2026-06-13 11:50:12,Anllia,plug_1,Tapo P110,P110,iron,68ce0cc0,multi_cycle,1.0,0.0,233.991,0.0,0.048,0.601,,on,-70,,30 minute NILM iron thermostat cycle session
2026-06-13T06:20:14.294297+00:00,2026-06-13 11:50:14,Anllia,plug_1,Tapo P110,P110,iron,68ce0cc0,multi_cycle,1.0,0.0,233.991,0.0,0.048,0.601,,on,-70,,30 minute NILM iron thermostat cycle session
2026-06-13T06:20:16.083656+00:00,2026-06-13 11:50:16,Anllia,plug_1,Tapo P110,P110,iron,68ce0cc0,multi_cycle,1.0,0.0,233.991,0.0,0.048,0.601,,on,-70,,30 minute NILM iron thermostat cycle session
2026-06-13T06:20:17.811842+00:00,2026-06-13 11:50:17,Anllia,plug_1,Tapo P110,P110,iron,68ce0cc0,multi_cycle,1.0,0.0,233.991,0.0,0.048,0.601,,on,-72,,30 minute NILM iron thermostat cycle session
2026-06-13T06:20:19.393310+00:00,2026-06-13 11:50:19,Anllia,plug_1,Tapo P110,P110,iron,68ce0cc0,multi_cycle,1.0,0.0,234.15,0.0,0.048,0.601,,on,-72,,30 minute NILM iron thermostat cycle session
2026-06-13T06:20:20.937532+00:00,2026-06-13 11:50:20,Anllia,plug_1,Tapo P110,P110,iron,68ce0cc0,multi_cycle,1.0,0.0,234.15,0.0,0.048,0.601,,on,-71,,30 minute NILM iron thermostat cycle session
2026-06-13T06:20:23.036553+00:00,2026-06-13 11:50:23,Anllia,plug_1,Tapo P110,P110,iron,68ce0cc0,multi_cycle,1.0,0.0,234.15,0.0,0.048,0.601,,on,-70,,30 minute NILM iron thermostat cycle session
2026-06-13T06:20:24.640182+00:00,2026-06-13 11:50:24,Anllia,plug_1,Tapo P110,P110,iron,68ce0cc0,multi_cycle,1.0,0.0,234.15,0.0,0.048,0.601,,on,-70,,30 minute NILM iron thermostat cycle session
2026-06-13T06:20:26.365765+00:00,2026-06-13 11:50:26,Anllia,plug_1,Tapo P110,P110,iron,68ce0cc0,multi_cycle,1.0,0.0,234.15,0.0,0.048,0.601,,on,-72,,30 minute NILM iron thermostat cycle session
2026-06-13T06:20:27.928824+00:00,2026-06-13 11:50:27,Anllia,plug_1,Tapo P110,P110,iron,68ce0cc0,multi_cycle,1.0,0.0,234.15,0.0,0.048,0.601,,on,-70,,30 minute NILM iron thermostat cycle session
2026-06-13T06:20:29.574673+00:00,2026-06-13 11:50:29,Anllia,plug_1,Tapo P110,P110,iron,68ce0cc0,multi_cycle,1.0,0.0,234.15,0.0,0.048,0.601,,on,-70,,30 minute NILM iron thermostat cycle session
2026-06-13T06:20:31.218086+00:00,2026-06-13 11:50:31,Anllia,plug_1,Tapo P110,P110,iron,68ce0cc0,multi_cycle,1.0,0.0,234.15,0.0,0.048,0.601,,on,-70,,30 minute NILM iron thermostat cycle session
2026-06-13T06:20:32.781845+00:00,2026-06-13 11:50:32,Anllia,plug_1,Tapo P110,P110,iron,68ce0cc0,multi_cycle,1.0,0.0,233.259,0.0,0.048,0.601,,on,-70,,30 minute NILM iron thermostat cycle session
2026-06-13T06:20:34.591544+00:00,2026-06-13 11:50:34,Anllia,plug_1,Tapo P110,P110,iron,68ce0cc0,multi_cycle,1.0,0.0,233.259,0.0,0.048,0.601,,on,-69,,30 minute NILM iron thermostat cycle session
2026-06-13T06:20:36.236514+00:00,2026-06-13 11:50:36,Anllia,plug_1,Tapo P110,P110,iron,68ce0cc0,multi_cycle,1.0,0.0,233.259,0.0,0.048,0.601,,on,-70,,30 minute NILM iron thermostat cycle session
2026-06-13T06:20:37.885101+00:00,2026-06-13 11:50:37,Anllia,plug_1,Tapo P110,P110,iron,68ce0cc0,multi_cycle,1.0,0.0,233.259,0.0,0.048,0.601,,on,-71,,30 minute NILM iron thermostat cycle session
2026-06-13T06:20:39.712421+00:00,2026-06-13 11:50:39,Anllia,plug_1,Tapo P110,P110,iron,68ce0cc0,multi_cycle,1.0,0.0,233.259,0.0,0.048,0.601,,on,-72,,30 minute NILM iron thermostat cycle session
2026-06-13T06:20:41.219486+00:00,2026-06-13 11:50:41,Anllia,plug_1,Tapo P110,P110,iron,68ce0cc0,multi_cycle,1.0,0.0,233.259,0.0,0.048,0.601,,on,-70,,30 minute NILM iron thermostat cycle session
2026-06-13T06:20:42.742768+00:00,2026-06-13 11:50:42,Anllia,plug_1,Tapo P110,P110,iron,68ce0cc0,multi_cycle,1.0,0.0,233.259,0.0,0.048,0.601,,on,-71,,30 minute NILM iron thermostat cycle session
2026-06-13T06:20:44.314319+00:00,2026-06-13 11:50:44,Anllia,plug_1,Tapo P110,P110,iron,68ce0cc0,multi_cycle,1.0,0.0,233.259,0.0,0.048,0.601,,on,-71,,30 minute NILM iron thermostat cycle session
2026-06-13T06:20:45.872486+00:00,2026-06-13 11:50:45,Anllia,plug_1,Tapo P110,P110,iron,68ce0cc0,multi_cycle,1.0,0.0,233.259,0.0,0.048,0.601,,on,-73,,30 minute NILM iron thermostat cycle session
2026-06-13T06:20:47.386572+00:00,2026-06-13 11:50:47,Anllia,plug_1,Tapo P110,P110,iron,68ce0cc0,multi_cycle,1.0,0.0,233.292,0.0,0.048,0.601,,on,-70,,30 minute NILM iron thermostat cycle session
2026-06-13T06:20:48.998506+00:00,2026-06-13 11:50:48,Anllia,plug_1,Tapo P110,P110,iron,68ce0cc0,multi_cycle,1.0,0.0,233.292,0.0,0.048,0.601,,on,-70,,30 minute NILM iron thermostat cycle session
2026-06-13T06:20:50.643126+00:00,2026-06-13 11:50:50,Anllia,plug_1,Tapo P110,P110,iron,68ce0cc0,multi_cycle,1.0,0.0,233.292,0.0,0.048,0.601,,on,-72,,30 minute NILM iron thermostat cycle session
2026-06-13T06:20:54.110990+00:00,2026-06-13 11:50:54,Anllia,plug_1,Tapo P110,P110,iron,68ce0cc0,multi_cycle,1.0,0.0,233.292,0.0,0.048,0.601,,on,-71,,30 minute NILM iron thermostat cycle session
2026-06-13T06:20:55.759949+00:00,2026-06-13 11:50:55,Anllia,plug_1,Tapo P110,P110,iron,68ce0cc0,multi_cycle,1.0,0.0,233.292,0.0,0.048,0.601,,on,-70,,30 minute NILM iron thermostat cycle session
2026-06-13T06:20:57.317113+00:00,2026-06-13 11:50:57,Anllia,plug_1,Tapo P110,P110,iron,68ce0cc0,multi_cycle,1.0,0.0,233.292,0.0,0.048,0.601,,on,-73,,30 minute NILM iron thermostat cycle session
2026-06-13T06:20:58.888564+00:00,2026-06-13 11:50:58,Anllia,plug_1,Tapo P110,P110,iron,68ce0cc0,multi_cycle,1.0,0.0,233.292,0.0,0.048,0.601,,on,-70,,30 minute NILM iron thermostat cycle session
2026-06-13T06:21:00.501138+00:00,2026-06-13 11:51:00,Anllia,plug_1,Tapo P110,P110,iron,68ce0cc0,multi_cycle,1.0,0.0,233.292,0.0,0.048,0.601,,on,-72,,30 minute NILM iron thermostat cycle session
2026-06-13T06:21:03.766601+00:00,2026-06-13 11:51:03,Anllia,plug_1,Tapo P110,P110,iron,68ce0cc0,multi_cycle,1.0,0.0,233.322,0.0,0.048,0.601,,on,-69,,30 minute NILM iron thermostat cycle session
2026-06-13T06:21:05.322681+00:00,2026-06-13 11:51:05,Anllia,plug_1,Tapo P110,P110,iron,68ce0cc0,multi_cycle,1.0,0.0,233.322,0.0,0.048,0.601,,on,-72,,30 minute NILM iron thermostat cycle session
2026-06-13T06:21:06.918071+00:00,2026-06-13 11:51:06,Anllia,plug_1,Tapo P110,P110,iron,68ce0cc0,multi_cycle,1.0,0.0,233.322,0.0,0.048,0.601,,on,-72,,30 minute NILM iron thermostat cycle session
2026-06-13T06:21:08.567005+00:00,2026-06-13 11:51:08,Anllia,plug_1,Tapo P110,P110,iron,68ce0cc0,multi_cycle,1.0,0.0,233.322,0.0,0.048,0.601,,on,-71,,30 minute NILM iron thermostat cycle session
2026-06-13T06:21:10.536026+00:00,2026-06-13 11:51:10,Anllia,plug_1,Tapo P110,P110,iron,68ce0cc0,multi_cycle,1.0,0.0,233.322,0.0,0.048,0.601,,on,-70,,30 minute NILM iron thermostat cycle session
2026-06-13T06:21:12.143770+00:00,2026-06-13 11:51:12,Anllia,plug_1,Tapo P110,P110,iron,68ce0cc0,multi_cycle,1.0,0.0,233.322,0.0,0.048,0.601,,on,-69,,30 minute NILM iron thermostat cycle session
2026-06-13T06:21:13.756083+00:00,2026-06-13 11:51:13,Anllia,plug_1,Tapo P110,P110,iron,68ce0cc0,multi_cycle,1.0,0.0,233.322,0.0,0.048,0.601,,on,-72,,30 minute NILM iron thermostat cycle session
2026-06-13T06:21:15.388189+00:00,2026-06-13 11:51:15,Anllia,plug_1,Tapo P110,P110,iron,68ce0cc0,multi_cycle,1.0,0.0,233.549,0.0,0.048,0.601,,on,-71,,30 minute NILM iron thermostat cycle session
2026-06-13T06:21:17.033654+00:00,2026-06-13 11:51:17,Anllia,plug_1,Tapo P110,P110,iron,68ce0cc0,multi_cycle,1.0,0.0,233.549,0.0,0.048,0.601,,on,-70,,30 minute NILM iron thermostat cycle session
2026-06-13T06:21:18.761619+00:00,2026-06-13 11:51:18,Anllia,plug_1,Tapo P110,P110,iron,68ce0cc0,multi_cycle,1.0,0.0,233.549,0.0,0.048,0.601,,on,-72,,30 minute NILM iron thermostat cycle session
2026-06-13T06:21:24.011279+00:00,2026-06-13 11:51:24,Anllia,plug_1,Tapo P110,P110,iron,68ce0cc0,multi_cycle,1.0,0.0,233.549,0.0,0.048,0.601,,on,-75,,30 minute NILM iron thermostat cycle session
2026-06-13T06:21:25.671690+00:00,2026-06-13 11:51:25,Anllia,plug_1,Tapo P110,P110,iron,68ce0cc0,multi_cycle,1.0,0.0,233.549,0.0,0.048,0.601,,on,-71,,30 minute NILM iron thermostat cycle session
2026-06-13T06:21:27.246469+00:00,2026-06-13 11:51:27,Anllia,plug_1,Tapo P110,P110,iron,68ce0cc0,multi_cycle,1.0,0.0,233.549,0.0,0.048,0.601,,on,-69,,30 minute NILM iron thermostat cycle session
2026-06-13T06:21:28.819897+00:00,2026-06-13 11:51:28,Anllia,plug_1,Tapo P110,P110,iron,68ce0cc0,multi_cycle,1.0,0.0,234.04,0.0,0.048,0.601,,on,-69,,30 minute NILM iron thermostat cycle session
2026-06-13T06:21:32.129974+00:00,2026-06-13 11:51:32,Anllia,plug_1,Tapo P110,P110,iron,68ce0cc0,multi_cycle,1.0,0.0,234.04,5.551,0.049,0.601,,on,-69,,30 minute NILM iron thermostat cycle session
2026-06-13T06:21:33.813472+00:00,2026-06-13 11:51:33,Anllia,plug_1,Tapo P110,P110,iron,68ce0cc0,multi_cycle,1.0,1257.316,226.125,5.551,0.049,0.602,,on,-72,,30 minute NILM iron thermostat cycle session
2026-06-13T06:21:35.458299+00:00,2026-06-13 11:51:35,Anllia,plug_1,Tapo P110,P110,iron,68ce0cc0,multi_cycle,1.0,1291.948,226.125,5.688,0.05,0.602,,on,-68,,30 minute NILM iron thermostat cycle session
2026-06-13T06:21:37.076876+00:00,2026-06-13 11:51:37,Anllia,plug_1,Tapo P110,P110,iron,68ce0cc0,multi_cycle,1.0,1282.508,225.867,5.688,0.05,0.603,,on,-71,,30 minute NILM iron thermostat cycle session
2026-06-13T06:21:38.912134+00:00,2026-06-13 11:51:38,Anllia,plug_1,Tapo P110,P110,iron,68ce0cc0,multi_cycle,1.0,1279.831,225.867,5.661,0.051,0.603,,on,-69,,30 minute NILM iron thermostat cycle session
2026-06-13T06:21:42.367706+00:00,2026-06-13 11:51:42,Anllia,plug_1,Tapo P110,P110,iron,68ce0cc0,multi_cycle,1.0,1273.91,225.674,5.643,0.052,0.605,,on,-74,,30 minute NILM iron thermostat cycle session
2026-06-13T06:21:44.134408+00:00,2026-06-13 11:51:44,Anllia,plug_1,Tapo P110,P110,iron,68ce0cc0,multi_cycle,1.0,1272.795,225.414,5.648,0.053,0.605,,on,-73,,30 minute NILM iron thermostat cycle session
2026-06-13T06:21:45.742906+00:00,2026-06-13 11:51:45,Anllia,plug_1,Tapo P110,P110,iron,68ce0cc0,multi_cycle,1.0,1278.33,228.339,5.648,0.053,0.606,,on,-69,,30 minute NILM iron thermostat cycle session
2026-06-13T06:21:47.630943+00:00,2026-06-13 11:51:47,Anllia,plug_1,Tapo P110,P110,iron,68ce0cc0,multi_cycle,1.0,1278.33,228.339,0.0,0.053,0.606,,on,-69,,30 minute NILM iron thermostat cycle session
2026-06-13T06:21:49.281337+00:00,2026-06-13 11:51:49,Anllia,plug_1,Tapo P110,P110,iron,68ce0cc0,multi_cycle,1.0,0.0,228.339,0.0,0.053,0.606,,on,-71,,30 minute NILM iron thermostat cycle session
2026-06-13T06:21:54.166127+00:00,2026-06-13 11:51:54,Anllia,plug_1,Tapo P110,P110,iron,68ce0cc0,multi_cycle,1.0,0.0,233.928,0.0,0.053,0.606,,on,-72,,30 minute NILM iron thermostat cycle session
2026-06-13T06:21:55.957754+00:00,2026-06-13 11:51:55,Anllia,plug_1,Tapo P110,P110,iron,68ce0cc0,multi_cycle,1.0,0.0,233.928,0.0,0.053,0.606,,on,-71,,30 minute NILM iron thermostat cycle session
2026-06-13T06:21:57.743335+00:00,2026-06-13 11:51:57,Anllia,plug_1,Tapo P110,P110,iron,68ce0cc0,multi_cycle,1.0,0.0,233.928,0.0,0.053,0.606,,on,-74,,30 minute NILM iron thermostat cycle session
2026-06-13T06:21:59.393261+00:00,2026-06-13 11:51:59,Anllia,plug_1,Tapo P110,P110,iron,68ce0cc0,multi_cycle,1.0,0.0,233.928,0.0,0.053,0.606,,on,-69,,30 minute NILM iron thermostat cycle session
2026-06-13T06:22:02.654733+00:00,2026-06-13 11:52:02,Anllia,plug_1,Tapo P110,P110,iron,68ce0cc0,multi_cycle,1.0,0.0,233.928,0.0,0.053,0.606,,on,-70,,30 minute NILM iron thermostat cycle session
2026-06-13T06:22:04.195423+00:00,2026-06-13 11:52:04,Anllia,plug_1,Tapo P110,P110,iron,68ce0cc0,multi_cycle,1.0,0.0,233.43,0.0,0.053,0.606,,on,-71,,30 minute NILM iron thermostat cycle session
2026-06-13T06:22:05.823264+00:00,2026-06-13 11:52:05,Anllia,plug_1,Tapo P110,P110,iron,68ce0cc0,multi_cycle,1.0,0.0,233.43,0.0,0.053,0.606,,on,-70,,30 minute NILM iron thermostat cycle session
2026-06-13T06:22:07.453513+00:00,2026-06-13 11:52:07,Anllia,plug_1,Tapo P110,P110,iron,68ce0cc0,multi_cycle,1.0,0.0,233.43,0.0,0.053,0.606,,on,-73,,30 minute NILM iron thermostat cycle session
2026-06-13T06:22:09.030771+00:00,2026-06-13 11:52:09,Anllia,plug_1,Tapo P110,P110,iron,68ce0cc0,multi_cycle,1.0,0.0,233.43,0.0,0.053,0.606,,on,-72,,30 minute NILM iron thermostat cycle session
2026-06-13T06:22:12.497258+00:00,2026-06-13 11:52:12,Anllia,plug_1,Tapo P110,P110,iron,68ce0cc0,multi_cycle,1.0,0.0,233.43,0.0,0.053,0.606,,on,-69,,30 minute NILM iron thermostat cycle session
2026-06-13T06:22:14.115748+00:00,2026-06-13 11:52:14,Anllia,plug_1,Tapo P110,P110,iron,68ce0cc0,multi_cycle,1.0,0.0,233.43,0.0,0.053,0.606,,on,-73,,30 minute NILM iron thermostat cycle session
2026-06-13T06:22:15.760778+00:00,2026-06-13 11:52:15,Anllia,plug_1,Tapo P110,P110,iron,68ce0cc0,multi_cycle,1.0,0.0,233.43,0.0,0.053,0.606,,on,-71,,30 minute NILM iron thermostat cycle session
2026-06-13T06:22:17.792478+00:00,2026-06-13 11:52:17,Anllia,plug_1,Tapo P110,P110,iron,68ce0cc0,multi_cycle,1.0,0.0,233.43,0.0,0.053,0.606,,on,-71,,30 minute NILM iron thermostat cycle session
2026-06-13T06:22:19.583493+00:00,2026-06-13 11:52:19,Anllia,plug_1,Tapo P110,P110,iron,68ce0cc0,multi_cycle,1.0,0.0,233.352,0.0,0.053,0.606,,on,-70,,30 minute NILM iron thermostat cycle session
2026-06-13T06:22:22.808726+00:00,2026-06-13 11:52:22,Anllia,plug_1,Tapo P110,P110,iron,68ce0cc0,multi_cycle,1.0,0.0,233.352,0.0,0.053,0.606,,on,-71,,30 minute NILM iron thermostat cycle session
2026-06-13T06:22:24.569069+00:00,2026-06-13 11:52:24,Anllia,plug_1,Tapo P110,P110,iron,68ce0cc0,multi_cycle,1.0,0.0,233.352,0.0,0.053,0.606,,on,-73,,30 minute NILM iron thermostat cycle session
2026-06-13T06:22:26.214156+00:00,2026-06-13 11:52:26,Anllia,plug_1,Tapo P110,P110,iron,68ce0cc0,multi_cycle,1.0,0.0,233.352,0.0,0.053,0.606,,on,-72,,30 minute NILM iron thermostat cycle session
2026-06-13T06:22:27.771973+00:00,2026-06-13 11:52:27,Anllia,plug_1,Tapo P110,P110,iron,68ce0cc0,multi_cycle,1.0,0.0,233.352,0.0,0.053,0.606,,on,-71,,30 minute NILM iron thermostat cycle session
2026-06-13T06:22:29.415884+00:00,2026-06-13 11:52:29,Anllia,plug_1,Tapo P110,P110,iron,68ce0cc0,multi_cycle,1.0,0.0,233.352,0.0,0.053,0.606,,on,-71,,30 minute NILM iron thermostat cycle session
2026-06-13T06:22:31.142846+00:00,2026-06-13 11:52:31,Anllia,plug_1,Tapo P110,P110,iron,68ce0cc0,multi_cycle,1.0,0.0,233.352,0.0,0.053,0.606,,on,-71,,30 minute NILM iron thermostat cycle session
2026-06-13T06:22:32.707413+00:00,2026-06-13 11:52:32,Anllia,plug_1,Tapo P110,P110,iron,68ce0cc0,multi_cycle,1.0,0.0,233.878,0.0,0.053,0.606,,on,-69,,30 minute NILM iron thermostat cycle session
2026-06-13T06:22:34.679391+00:00,2026-06-13 11:52:34,Anllia,plug_1,Tapo P110,P110,iron,68ce0cc0,multi_cycle,1.0,0.0,233.878,0.0,0.053,0.606,,on,-71,,30 minute NILM iron thermostat cycle session
2026-06-13T06:22:36.281219+00:00,2026-06-13 11:52:36,Anllia,plug_1,Tapo P110,P110,iron,68ce0cc0,multi_cycle,1.0,0.0,233.878,0.0,0.053,0.606,,on,-70,,30 minute NILM iron thermostat cycle session
2026-06-13T06:22:37.968917+00:00,2026-06-13 11:52:37,Anllia,plug_1,Tapo P110,P110,iron,68ce0cc0,multi_cycle,1.0,0.0,233.878,0.0,0.053,0.606,,on,-71,,30 minute NILM iron thermostat cycle session
2026-06-13T06:22:39.614365+00:00,2026-06-13 11:52:39,Anllia,plug_1,Tapo P110,P110,iron,68ce0cc0,multi_cycle,1.0,0.0,233.878,0.0,0.053,0.606,,on,-71,,30 minute NILM iron thermostat cycle session
2026-06-13T06:22:41.344763+00:00,2026-06-13 11:52:41,Anllia,plug_1,Tapo P110,P110,iron,68ce0cc0,multi_cycle,1.0,0.0,233.878,0.0,0.053,0.606,,on,-71,,30 minute NILM iron thermostat cycle session
2026-06-13T06:22:42.963410+00:00,2026-06-13 11:52:42,Anllia,plug_1,Tapo P110,P110,iron,68ce0cc0,multi_cycle,1.0,0.0,233.878,0.0,0.053,0.606,,on,-71,,30 minute NILM iron thermostat cycle session
2026-06-13T06:22:44.583049+00:00,2026-06-13 11:52:44,Anllia,plug_1,Tapo P110,P110,iron,68ce0cc0,multi_cycle,1.0,0.0,233.878,0.0,0.053,0.606,,on,-75,,30 minute NILM iron thermostat cycle session
2026-06-13T06:22:46.212406+00:00,2026-06-13 11:52:46,Anllia,plug_1,Tapo P110,P110,iron,68ce0cc0,multi_cycle,1.0,0.0,233.851,0.0,0.053,0.606,,on,-75,,30 minute NILM iron thermostat cycle session
2026-06-13T06:22:47.841961+00:00,2026-06-13 11:52:47,Anllia,plug_1,Tapo P110,P110,iron,68ce0cc0,multi_cycle,1.0,0.0,233.851,0.0,0.053,0.606,,on,-71,,30 minute NILM iron thermostat cycle session
2026-06-13T06:22:53.433193+00:00,2026-06-13 11:52:53,Anllia,plug_1,Tapo P110,P110,iron,68ce0cc0,multi_cycle,1.0,0.0,233.851,0.0,0.053,0.606,,on,-73,,30 minute NILM iron thermostat cycle session
2026-06-13T06:22:55.079484+00:00,2026-06-13 11:52:55,Anllia,plug_1,Tapo P110,P110,iron,68ce0cc0,multi_cycle,1.0,0.0,233.851,0.0,0.053,0.606,,on,-65,,30 minute NILM iron thermostat cycle session
2026-06-13T06:22:57.330095+00:00,2026-06-13 11:52:57,Anllia,plug_1,Tapo P110,P110,iron,68ce0cc0,multi_cycle,1.0,0.0,233.851,0.0,0.053,0.606,,on,-73,,30 minute NILM iron thermostat cycle session
2026-06-13T06:23:00.527854+00:00,2026-06-13 11:53:00,Anllia,plug_1,Tapo P110,P110,iron,68ce0cc0,multi_cycle,1.0,0.0,234.119,0.0,0.053,0.606,,on,-69,,30 minute NILM iron thermostat cycle session
2026-06-13T06:23:02.088272+00:00,2026-06-13 11:53:02,Anllia,plug_1,Tapo P110,P110,iron,68ce0cc0,multi_cycle,1.0,0.0,234.119,0.0,0.053,0.606,,on,-70,,30 minute NILM iron thermostat cycle session
2026-06-13T06:23:03.673731+00:00,2026-06-13 11:53:03,Anllia,plug_1,Tapo P110,P110,iron,68ce0cc0,multi_cycle,1.0,0.0,234.119,0.0,0.053,0.606,,on,-75,,30 minute NILM iron thermostat cycle session
2026-06-13T06:23:05.732316+00:00,2026-06-13 11:53:05,Anllia,plug_1,Tapo P110,P110,iron,68ce0cc0,multi_cycle,1.0,0.0,234.119,0.0,0.053,0.606,,on,-71,,30 minute NILM iron thermostat cycle session
2026-06-13T06:23:07.277536+00:00,2026-06-13 11:53:07,Anllia,plug_1,Tapo P110,P110,iron,68ce0cc0,multi_cycle,1.0,0.0,234.119,0.0,0.053,0.606,,on,-67,,30 minute NILM iron thermostat cycle session
2026-06-13T06:23:10.572284+00:00,2026-06-13 11:53:10,Anllia,plug_1,Tapo P110,P110,iron,68ce0cc0,multi_cycle,1.0,0.0,234.119,0.0,0.053,0.606,,on,-72,,30 minute NILM iron thermostat cycle session
2026-06-13T06:23:12.163639+00:00,2026-06-13 11:53:12,Anllia,plug_1,Tapo P110,P110,iron,68ce0cc0,multi_cycle,1.0,0.0,234.119,0.0,0.053,0.606,,on,-71,,30 minute NILM iron thermostat cycle session
2026-06-13T06:23:13.684148+00:00,2026-06-13 11:53:13,Anllia,plug_1,Tapo P110,P110,iron,68ce0cc0,multi_cycle,1.0,0.0,234.119,0.0,0.053,0.606,,on,-76,,30 minute NILM iron thermostat cycle session
2026-06-13T06:23:15.311879+00:00,2026-06-13 11:53:15,Anllia,plug_1,Tapo P110,P110,iron,68ce0cc0,multi_cycle,1.0,0.0,234.449,0.0,0.053,0.606,,on,-71,,30 minute NILM iron thermostat cycle session
2026-06-13T06:23:16.874891+00:00,2026-06-13 11:53:16,Anllia,plug_1,Tapo P110,P110,iron,68ce0cc0,multi_cycle,1.0,0.0,234.449,0.0,0.053,0.606,,on,-74,,30 minute NILM iron thermostat cycle session
2026-06-13T06:23:20.768408+00:00,2026-06-13 11:53:20,Anllia,plug_1,Tapo P110,P110,iron,68ce0cc0,multi_cycle,1.0,0.0,234.449,0.0,0.053,0.606,,on,-71,,30 minute NILM iron thermostat cycle session
2026-06-13T06:23:24.076533+00:00,2026-06-13 11:53:24,Anllia,plug_1,Tapo P110,P110,iron,68ce0cc0,multi_cycle,1.0,0.0,234.449,0.0,0.053,0.606,,on,-76,,30 minute NILM iron thermostat cycle session
2026-06-13T06:23:25.921993+00:00,2026-06-13 11:53:25,Anllia,plug_1,Tapo P110,P110,iron,68ce0cc0,multi_cycle,1.0,0.0,234.449,0.0,0.053,0.606,,on,-71,,30 minute NILM iron thermostat cycle session
2026-06-13T06:23:27.505349+00:00,2026-06-13 11:53:27,Anllia,plug_1,Tapo P110,P110,iron,68ce0cc0,multi_cycle,1.0,0.0,234.449,0.0,0.053,0.606,,on,-69,,30 minute NILM iron thermostat cycle session
2026-06-13T06:23:30.694757+00:00,2026-06-13 11:53:30,Anllia,plug_1,Tapo P110,P110,iron,68ce0cc0,multi_cycle,1.0,0.0,234.381,0.0,0.053,0.606,,on,-75,,30 minute NILM iron thermostat cycle session
2026-06-13T06:23:32.420149+00:00,2026-06-13 11:53:32,Anllia,plug_1,Tapo P110,P110,iron,68ce0cc0,multi_cycle,1.0,0.0,234.381,0.0,0.053,0.606,,on,-73,,30 minute NILM iron thermostat cycle session
2026-06-13T06:23:33.982989+00:00,2026-06-13 11:53:33,Anllia,plug_1,Tapo P110,P110,iron,68ce0cc0,multi_cycle,1.0,0.0,234.381,0.0,0.053,0.606,,on,-75,,30 minute NILM iron thermostat cycle session
2026-06-13T06:23:36.338349+00:00,2026-06-13 11:53:36,Anllia,plug_1,Tapo P110,P110,iron,68ce0cc0,multi_cycle,1.0,0.0,234.381,0.0,0.053,0.606,,on,-69,,30 minute NILM iron thermostat cycle session
2026-06-13T06:23:37.878504+00:00,2026-06-13 11:53:37,Anllia,plug_1,Tapo P110,P110,iron,68ce0cc0,multi_cycle,1.0,0.0,234.381,0.0,0.053,0.606,,on,-70,,30 minute NILM iron thermostat cycle session
2026-06-13T06:23:39.411150+00:00,2026-06-13 11:53:39,Anllia,plug_1,Tapo P110,P110,iron,68ce0cc0,multi_cycle,1.0,0.0,234.381,0.0,0.053,0.606,,on,-71,,30 minute NILM iron thermostat cycle session
2026-06-13T06:23:41.145928+00:00,2026-06-13 11:53:41,Anllia,plug_1,Tapo P110,P110,iron,68ce0cc0,multi_cycle,1.0,0.0,234.381,0.0,0.053,0.606,,on,-75,,30 minute NILM iron thermostat cycle session
2026-06-13T06:23:42.784965+00:00,2026-06-13 11:53:42,Anllia,plug_1,Tapo P110,P110,iron,68ce0cc0,multi_cycle,1.0,0.0,234.381,0.0,0.053,0.606,,on,-72,,30 minute NILM iron thermostat cycle session
2026-06-13T06:23:44.428857+00:00,2026-06-13 11:53:44,Anllia,plug_1,Tapo P110,P110,iron,68ce0cc0,multi_cycle,1.0,0.0,234.023,0.0,0.053,0.606,,on,-73,,30 minute NILM iron thermostat cycle session
2026-06-13T06:23:46.019276+00:00,2026-06-13 11:53:46,Anllia,plug_1,Tapo P110,P110,iron,68ce0cc0,multi_cycle,1.0,0.0,234.023,0.0,0.053,0.606,,on,-73,,30 minute NILM iron thermostat cycle session
2026-06-13T06:23:47.573954+00:00,2026-06-13 11:53:47,Anllia,plug_1,Tapo P110,P110,iron,68ce0cc0,multi_cycle,1.0,0.0,234.023,0.0,0.053,0.606,,on,-70,,30 minute NILM iron thermostat cycle session
2026-06-13T06:23:49.281230+00:00,2026-06-13 11:53:49,Anllia,plug_1,Tapo P110,P110,iron,68ce0cc0,multi_cycle,1.0,0.0,234.023,0.0,0.053,0.606,,on,-69,,30 minute NILM iron thermostat cycle session
2026-06-13T06:23:50.843904+00:00,2026-06-13 11:53:50,Anllia,plug_1,Tapo P110,P110,iron,68ce0cc0,multi_cycle,1.0,0.0,234.023,0.0,0.053,0.606,,on,-73,,30 minute NILM iron thermostat cycle session
2026-06-13T06:23:52.418048+00:00,2026-06-13 11:53:52,Anllia,plug_1,Tapo P110,P110,iron,68ce0cc0,multi_cycle,1.0,0.0,234.023,0.0,0.053,0.606,,on,-69,,30 minute NILM iron thermostat cycle session
2026-06-13T06:23:54.086393+00:00,2026-06-13 11:53:54,Anllia,plug_1,Tapo P110,P110,iron,68ce0cc0,multi_cycle,1.0,0.0,234.023,0.0,0.053,0.606,,on,-71,,30 minute NILM iron thermostat cycle session
2026-06-13T06:23:55.807125+00:00,2026-06-13 11:53:55,Anllia,plug_1,Tapo P110,P110,iron,68ce0cc0,multi_cycle,1.0,0.0,234.023,0.0,0.053,0.606,,on,-71,,30 minute NILM iron thermostat cycle session
2026-06-13T06:23:58.113275+00:00,2026-06-13 11:53:58,Anllia,plug_1,Tapo P110,P110,iron,68ce0cc0,multi_cycle,1.0,0.0,234.185,0.0,0.053,0.606,,on,-70,,30 minute NILM iron thermostat cycle session
2026-06-13T06:23:59.763417+00:00,2026-06-13 11:53:59,Anllia,plug_1,Tapo P110,P110,iron,68ce0cc0,multi_cycle,1.0,0.0,234.185,0.0,0.053,0.606,,on,-71,,30 minute NILM iron thermostat cycle session
2026-06-13T06:24:01.453176+00:00,2026-06-13 11:54:01,Anllia,plug_1,Tapo P110,P110,iron,68ce0cc0,multi_cycle,1.0,0.0,234.185,0.0,0.053,0.606,,on,-69,,30 minute NILM iron thermostat cycle session
2026-06-13T06:24:03.017402+00:00,2026-06-13 11:54:03,Anllia,plug_1,Tapo P110,P110,iron,68ce0cc0,multi_cycle,1.0,0.0,234.185,0.0,0.053,0.606,,on,-70,,30 minute NILM iron thermostat cycle session
2026-06-13T06:24:04.594057+00:00,2026-06-13 11:54:04,Anllia,plug_1,Tapo P110,P110,iron,68ce0cc0,multi_cycle,1.0,0.0,234.185,0.0,0.053,0.606,,on,-67,,30 minute NILM iron thermostat cycle session
2026-06-13T06:24:06.736793+00:00,2026-06-13 11:54:06,Anllia,plug_1,Tapo P110,P110,iron,68ce0cc0,multi_cycle,1.0,0.0,234.185,0.0,0.053,0.606,,on,-67,,30 minute NILM iron thermostat cycle session
2026-06-13T06:24:08.529483+00:00,2026-06-13 11:54:08,Anllia,plug_1,Tapo P110,P110,iron,68ce0cc0,multi_cycle,1.0,0.0,234.185,4.549,0.054,0.606,,on,-69,,30 minute NILM iron thermostat cycle session
2026-06-13T06:24:10.172563+00:00,2026-06-13 11:54:10,Anllia,plug_1,Tapo P110,P110,iron,68ce0cc0,multi_cycle,1.0,1301.824,226.412,4.549,0.054,0.607,,on,-69,,30 minute NILM iron thermostat cycle session
2026-06-13T06:24:11.818208+00:00,2026-06-13 11:54:11,Anllia,plug_1,Tapo P110,P110,iron,68ce0cc0,multi_cycle,1.0,1294.307,226.412,5.695,0.055,0.607,,on,-68,,30 minute NILM iron thermostat cycle session
2026-06-13T06:24:13.586947+00:00,2026-06-13 11:54:13,Anllia,plug_1,Tapo P110,P110,iron,68ce0cc0,multi_cycle,1.0,1287.647,226.375,5.695,0.055,0.608,,on,-70,,30 minute NILM iron thermostat cycle session
2026-06-13T06:24:15.354493+00:00,2026-06-13 11:54:15,Anllia,plug_1,Tapo P110,P110,iron,68ce0cc0,multi_cycle,1.0,1283.611,226.375,5.673,0.056,0.609,,on,-69,,30 minute NILM iron thermostat cycle session
2026-06-13T06:24:17.000955+00:00,2026-06-13 11:54:17,Anllia,plug_1,Tapo P110,P110,iron,68ce0cc0,multi_cycle,1.0,1279.783,225.952,5.657,0.057,0.609,,on,-69,,30 minute NILM iron thermostat cycle session
2026-06-13T06:24:18.644989+00:00,2026-06-13 11:54:18,Anllia,plug_1,Tapo P110,P110,iron,68ce0cc0,multi_cycle,1.0,1281.411,226.535,5.657,0.057,0.61,,on,-70,,30 minute NILM iron thermostat cycle session
2026-06-13T06:24:20.288895+00:00,2026-06-13 11:54:20,Anllia,plug_1,Tapo P110,P110,iron,68ce0cc0,multi_cycle,1.0,1285.513,226.535,5.663,0.058,0.61,,on,-70,,30 minute NILM iron thermostat cycle session
2026-06-13T06:24:21.888999+00:00,2026-06-13 11:54:21,Anllia,plug_1,Tapo P110,P110,iron,68ce0cc0,multi_cycle,1.0,1110.472,234.092,5.663,0.058,0.61,,on,-73,,30 minute NILM iron thermostat cycle session
2026-06-13T06:24:23.433317+00:00,2026-06-13 11:54:23,Anllia,plug_1,Tapo P110,P110,iron,68ce0cc0,multi_cycle,1.0,1110.472,234.092,5.663,0.058,0.61,,on,-69,,30 minute NILM iron thermostat cycle session
2026-06-13T06:24:27.378272+00:00,2026-06-13 11:54:27,Anllia,plug_1,Tapo P110,P110,iron,68ce0cc0,multi_cycle,1.0,0.0,233.691,0.0,0.058,0.61,,on,-69,,30 minute NILM iron thermostat cycle session
2026-06-13T06:24:30.586033+00:00,2026-06-13 11:54:30,Anllia,plug_1,Tapo P110,P110,iron,68ce0cc0,multi_cycle,1.0,0.0,233.691,0.0,0.058,0.61,,on,-72,,30 minute NILM iron thermostat cycle session
2026-06-13T06:24:32.312606+00:00,2026-06-13 11:54:32,Anllia,plug_1,Tapo P110,P110,iron,68ce0cc0,multi_cycle,1.0,0.0,233.691,0.0,0.058,0.61,,on,-73,,30 minute NILM iron thermostat cycle session
2026-06-13T06:24:33.956689+00:00,2026-06-13 11:54:33,Anllia,plug_1,Tapo P110,P110,iron,68ce0cc0,multi_cycle,1.0,0.0,233.691,0.0,0.058,0.61,,on,-67,,30 minute NILM iron thermostat cycle session
2026-06-13T06:24:37.193773+00:00,2026-06-13 11:54:37,Anllia,plug_1,Tapo P110,P110,iron,68ce0cc0,multi_cycle,1.0,0.0,233.691,0.0,0.058,0.61,,on,-69,,30 minute NILM iron thermostat cycle session
2026-06-13T06:24:38.811140+00:00,2026-06-13 11:54:38,Anllia,plug_1,Tapo P110,P110,iron,68ce0cc0,multi_cycle,1.0,0.0,233.691,0.0,0.058,0.61,,on,-76,,30 minute NILM iron thermostat cycle session
2026-06-13T06:24:40.455995+00:00,2026-06-13 11:54:40,Anllia,plug_1,Tapo P110,P110,iron,68ce0cc0,multi_cycle,1.0,0.0,234.098,0.0,0.058,0.61,,on,-74,,30 minute NILM iron thermostat cycle session
2026-06-13T06:24:42.101750+00:00,2026-06-13 11:54:42,Anllia,plug_1,Tapo P110,P110,iron,68ce0cc0,multi_cycle,1.0,0.0,234.098,0.0,0.058,0.61,,on,-77,,30 minute NILM iron thermostat cycle session
2026-06-13T06:24:43.829136+00:00,2026-06-13 11:54:43,Anllia,plug_1,Tapo P110,P110,iron,68ce0cc0,multi_cycle,1.0,0.0,234.098,0.0,0.058,0.61,,on,-72,,30 minute NILM iron thermostat cycle session
2026-06-13T06:24:48.105308+00:00,2026-06-13 11:54:48,Anllia,plug_1,Tapo P110,P110,iron,68ce0cc0,multi_cycle,1.0,0.0,234.098,0.0,0.058,0.61,,on,-73,,30 minute NILM iron thermostat cycle session
2026-06-13T06:24:49.771510+00:00,2026-06-13 11:54:49,Anllia,plug_1,Tapo P110,P110,iron,68ce0cc0,multi_cycle,1.0,0.0,234.098,0.0,0.058,0.61,,on,-71,,30 minute NILM iron thermostat cycle session
2026-06-13T06:24:51.395233+00:00,2026-06-13 11:54:51,Anllia,plug_1,Tapo P110,P110,iron,68ce0cc0,multi_cycle,1.0,0.0,234.098,0.0,0.058,0.61,,on,-69,,30 minute NILM iron thermostat cycle session
2026-06-13T06:24:53.100702+00:00,2026-06-13 11:54:53,Anllia,plug_1,Tapo P110,P110,iron,68ce0cc0,multi_cycle,1.0,0.0,234.098,0.0,0.058,0.61,,on,-70,,30 minute NILM iron thermostat cycle session
2026-06-13T06:24:54.659052+00:00,2026-06-13 11:54:54,Anllia,plug_1,Tapo P110,P110,iron,68ce0cc0,multi_cycle,1.0,0.0,231.847,0.0,0.058,0.61,,on,-68,,30 minute NILM iron thermostat cycle session
2026-06-13T06:25:00.324106+00:00,2026-06-13 11:55:00,Anllia,plug_1,Tapo P110,P110,iron,68ce0cc0,multi_cycle,1.0,0.0,231.847,0.0,0.058,0.61,,on,-69,,30 minute NILM iron thermostat cycle session
2026-06-13T06:25:02.337587+00:00,2026-06-13 11:55:02,Anllia,plug_1,Tapo P110,P110,iron,68ce0cc0,multi_cycle,1.0,0.0,231.847,0.0,0.058,0.61,,on,-69,,30 minute NILM iron thermostat cycle session
2026-06-13T06:25:03.979591+00:00,2026-06-13 11:55:03,Anllia,plug_1,Tapo P110,P110,iron,68ce0cc0,multi_cycle,1.0,0.0,231.847,0.0,0.058,0.61,,on,-73,,30 minute NILM iron thermostat cycle session
2026-06-13T06:25:07.794455+00:00,2026-06-13 11:55:07,Anllia,plug_1,Tapo P110,P110,iron,68ce0cc0,multi_cycle,1.0,0.0,233.441,0.0,0.058,0.61,,on,-73,,30 minute NILM iron thermostat cycle session
2026-06-13T06:25:09.430207+00:00,2026-06-13 11:55:09,Anllia,plug_1,Tapo P110,P110,iron,68ce0cc0,multi_cycle,1.0,0.0,233.441,0.0,0.058,0.61,,on,-74,,30 minute NILM iron thermostat cycle session
2026-06-13T06:25:11.071169+00:00,2026-06-13 11:55:11,Anllia,plug_1,Tapo P110,P110,iron,68ce0cc0,multi_cycle,1.0,0.0,233.441,0.0,0.058,0.61,,on,-76,,30 minute NILM iron thermostat cycle session
2026-06-13T06:25:12.861926+00:00,2026-06-13 11:55:12,Anllia,plug_1,Tapo P110,P110,iron,68ce0cc0,multi_cycle,1.0,0.0,233.441,0.0,0.058,0.61,,on,-73,,30 minute NILM iron thermostat cycle session
2026-06-13T06:25:14.470306+00:00,2026-06-13 11:55:14,Anllia,plug_1,Tapo P110,P110,iron,68ce0cc0,multi_cycle,1.0,0.0,233.441,0.0,0.058,0.61,,on,-75,,30 minute NILM iron thermostat cycle session
2026-06-13T06:25:19.688981+00:00,2026-06-13 11:55:19,Anllia,plug_1,Tapo P110,P110,iron,68ce0cc0,multi_cycle,1.0,0.0,233.441,0.0,0.058,0.61,,on,-71,,30 minute NILM iron thermostat cycle session
2026-06-13T06:25:21.251702+00:00,2026-06-13 11:55:21,Anllia,plug_1,Tapo P110,P110,iron,68ce0cc0,multi_cycle,1.0,0.0,233.441,0.0,0.058,0.61,,on,-73,,30 minute NILM iron thermostat cycle session
2026-06-13T06:25:22.979202+00:00,2026-06-13 11:55:22,Anllia,plug_1,Tapo P110,P110,iron,68ce0cc0,multi_cycle,1.0,0.0,233.107,0.0,0.058,0.61,,on,-73,,30 minute NILM iron thermostat cycle session
2026-06-13T06:25:24.540872+00:00,2026-06-13 11:55:24,Anllia,plug_1,Tapo P110,P110,iron,68ce0cc0,multi_cycle,1.0,0.0,233.107,0.0,0.058,0.61,,on,-73,,30 minute NILM iron thermostat cycle session
2026-06-13T06:25:30.630055+00:00,2026-06-13 11:55:30,Anllia,plug_1,Tapo P110,P110,iron,68ce0cc0,multi_cycle,1.0,0.0,233.107,0.0,0.058,0.61,,on,-71,,30 minute NILM iron thermostat cycle session
2026-06-13T06:25:32.138669+00:00,2026-06-13 11:55:32,Anllia,plug_1,Tapo P110,P110,iron,68ce0cc0,multi_cycle,1.0,0.0,233.107,0.0,0.058,0.61,,on,-69,,30 minute NILM iron thermostat cycle session
2026-06-13T06:25:33.693822+00:00,2026-06-13 11:55:33,Anllia,plug_1,Tapo P110,P110,iron,68ce0cc0,multi_cycle,1.0,0.0,233.107,0.0,0.058,0.61,,on,-69,,30 minute NILM iron thermostat cycle session
2026-06-13T06:25:35.594268+00:00,2026-06-13 11:55:35,Anllia,plug_1,Tapo P110,P110,iron,68ce0cc0,multi_cycle,1.0,0.0,233.107,0.0,0.058,0.61,,on,-68,,30 minute NILM iron thermostat cycle session
2026-06-13T06:25:38.770049+00:00,2026-06-13 11:55:38,Anllia,plug_1,Tapo P110,P110,iron,68ce0cc0,multi_cycle,1.0,0.0,233.556,0.0,0.058,0.61,,on,-70,,30 minute NILM iron thermostat cycle session
2026-06-13T06:25:40.279665+00:00,2026-06-13 11:55:40,Anllia,plug_1,Tapo P110,P110,iron,68ce0cc0,multi_cycle,1.0,0.0,233.556,0.0,0.058,0.61,,on,-69,,30 minute NILM iron thermostat cycle session
2026-06-13T06:25:41.978628+00:00,2026-06-13 11:55:41,Anllia,plug_1,Tapo P110,P110,iron,68ce0cc0,multi_cycle,1.0,0.0,233.556,0.0,0.058,0.61,,on,-70,,30 minute NILM iron thermostat cycle session
2026-06-13T06:25:43.498116+00:00,2026-06-13 11:55:43,Anllia,plug_1,Tapo P110,P110,iron,68ce0cc0,multi_cycle,1.0,0.0,233.556,0.0,0.058,0.61,,on,-72,,30 minute NILM iron thermostat cycle session
2026-06-13T06:25:45.214830+00:00,2026-06-13 11:55:45,Anllia,plug_1,Tapo P110,P110,iron,68ce0cc0,multi_cycle,1.0,0.0,233.556,0.0,0.058,0.61,,on,-72,,30 minute NILM iron thermostat cycle session
2026-06-13T06:25:48.424467+00:00,2026-06-13 11:55:48,Anllia,plug_1,Tapo P110,P110,iron,68ce0cc0,multi_cycle,1.0,0.0,233.556,0.0,0.058,0.61,,on,-69,,30 minute NILM iron thermostat cycle session
2026-06-13T06:25:50.007330+00:00,2026-06-13 11:55:50,Anllia,plug_1,Tapo P110,P110,iron,68ce0cc0,multi_cycle,1.0,0.0,232.878,0.0,0.058,0.61,,on,-71,,30 minute NILM iron thermostat cycle session
2026-06-13T06:25:52.592851+00:00,2026-06-13 11:55:52,Anllia,plug_1,Tapo P110,P110,iron,68ce0cc0,multi_cycle,1.0,0.0,232.878,0.0,0.058,0.61,,on,-71,,30 minute NILM iron thermostat cycle session
2026-06-13T06:25:54.113847+00:00,2026-06-13 11:55:54,Anllia,plug_1,Tapo P110,P110,iron,68ce0cc0,multi_cycle,1.0,0.0,232.878,0.0,0.058,0.61,,on,-67,,30 minute NILM iron thermostat cycle session
2026-06-13T06:25:55.720646+00:00,2026-06-13 11:55:55,Anllia,plug_1,Tapo P110,P110,iron,68ce0cc0,multi_cycle,1.0,0.0,232.878,0.0,0.058,0.61,,on,-69,,30 minute NILM iron thermostat cycle session
2026-06-13T06:25:57.528388+00:00,2026-06-13 11:55:57,Anllia,plug_1,Tapo P110,P110,iron,68ce0cc0,multi_cycle,1.0,0.0,232.878,0.0,0.058,0.61,,on,-69,,30 minute NILM iron thermostat cycle session
2026-06-13T06:25:59.173775+00:00,2026-06-13 11:55:59,Anllia,plug_1,Tapo P110,P110,iron,68ce0cc0,multi_cycle,1.0,0.0,232.878,0.0,0.058,0.61,,on,-70,,30 minute NILM iron thermostat cycle session
2026-06-13T06:26:00.820375+00:00,2026-06-13 11:56:00,Anllia,plug_1,Tapo P110,P110,iron,68ce0cc0,multi_cycle,1.0,0.0,232.878,0.0,0.058,0.61,,on,-71,,30 minute NILM iron thermostat cycle session
2026-06-13T06:26:02.739540+00:00,2026-06-13 11:56:02,Anllia,plug_1,Tapo P110,P110,iron,68ce0cc0,multi_cycle,1.0,0.0,232.878,0.0,0.058,0.61,,on,-70,,30 minute NILM iron thermostat cycle session
2026-06-13T06:26:04.281418+00:00,2026-06-13 11:56:04,Anllia,plug_1,Tapo P110,P110,iron,68ce0cc0,multi_cycle,1.0,0.0,232.84,0.0,0.058,0.61,,on,-72,,30 minute NILM iron thermostat cycle session
2026-06-13T06:26:06.164345+00:00,2026-06-13 11:56:06,Anllia,plug_1,Tapo P110,P110,iron,68ce0cc0,multi_cycle,1.0,0.0,232.84,0.0,0.058,0.61,,on,-70,,30 minute NILM iron thermostat cycle session
2026-06-13T06:26:07.863352+00:00,2026-06-13 11:56:07,Anllia,plug_1,Tapo P110,P110,iron,68ce0cc0,multi_cycle,1.0,0.0,232.84,0.0,0.058,0.61,,on,-71,,30 minute NILM iron thermostat cycle session
2026-06-13T06:26:09.454830+00:00,2026-06-13 11:56:09,Anllia,plug_1,Tapo P110,P110,iron,68ce0cc0,multi_cycle,1.0,0.0,232.84,0.0,0.058,0.61,,on,-69,,30 minute NILM iron thermostat cycle session
2026-06-13T06:26:11.099237+00:00,2026-06-13 11:56:11,Anllia,plug_1,Tapo P110,P110,iron,68ce0cc0,multi_cycle,1.0,0.0,232.84,0.0,0.058,0.61,,on,-72,,30 minute NILM iron thermostat cycle session
2026-06-13T06:26:12.745554+00:00,2026-06-13 11:56:12,Anllia,plug_1,Tapo P110,P110,iron,68ce0cc0,multi_cycle,1.0,0.0,232.84,0.0,0.058,0.61,,on,-72,,30 minute NILM iron thermostat cycle session
2026-06-13T06:26:14.327078+00:00,2026-06-13 11:56:14,Anllia,plug_1,Tapo P110,P110,iron,68ce0cc0,multi_cycle,1.0,0.0,232.84,0.0,0.058,0.61,,on,-72,,30 minute NILM iron thermostat cycle session
2026-06-13T06:26:16.039829+00:00,2026-06-13 11:56:16,Anllia,plug_1,Tapo P110,P110,iron,68ce0cc0,multi_cycle,1.0,0.0,232.84,0.0,0.058,0.61,,on,-71,,30 minute NILM iron thermostat cycle session
2026-06-13T06:26:19.528747+00:00,2026-06-13 11:56:19,Anllia,plug_1,Tapo P110,P110,iron,68ce0cc0,multi_cycle,1.0,0.0,233.465,0.0,0.058,0.61,,on,-71,,30 minute NILM iron thermostat cycle session
2026-06-13T06:26:23.494386+00:00,2026-06-13 11:56:23,Anllia,plug_1,Tapo P110,P110,iron,68ce0cc0,multi_cycle,1.0,0.0,233.465,0.0,0.058,0.61,,on,-72,,30 minute NILM iron thermostat cycle session
2026-06-13T06:26:25.293365+00:00,2026-06-13 11:56:25,Anllia,plug_1,Tapo P110,P110,iron,68ce0cc0,multi_cycle,1.0,0.0,233.465,0.0,0.058,0.61,,on,-72,,30 minute NILM iron thermostat cycle session
2026-06-13T06:26:26.907143+00:00,2026-06-13 11:56:26,Anllia,plug_1,Tapo P110,P110,iron,68ce0cc0,multi_cycle,1.0,0.0,233.465,0.0,0.058,0.61,,on,-71,,30 minute NILM iron thermostat cycle session
2026-06-13T06:26:28.435423+00:00,2026-06-13 11:56:28,Anllia,plug_1,Tapo P110,P110,iron,68ce0cc0,multi_cycle,1.0,0.0,233.465,0.0,0.058,0.61,,on,-69,,30 minute NILM iron thermostat cycle session
2026-06-13T06:26:29.999356+00:00,2026-06-13 11:56:29,Anllia,plug_1,Tapo P110,P110,iron,68ce0cc0,multi_cycle,1.0,0.0,233.465,0.0,0.058,0.61,,on,-72,,30 minute NILM iron thermostat cycle session
2026-06-13T06:26:31.672194+00:00,2026-06-13 11:56:31,Anllia,plug_1,Tapo P110,P110,iron,68ce0cc0,multi_cycle,1.0,0.0,233.465,0.0,0.058,0.61,,on,-69,,30 minute NILM iron thermostat cycle session
2026-06-13T06:26:33.307889+00:00,2026-06-13 11:56:33,Anllia,plug_1,Tapo P110,P110,iron,68ce0cc0,multi_cycle,1.0,0.0,233.914,0.0,0.058,0.61,,on,-70,,30 minute NILM iron thermostat cycle session
2026-06-13T06:26:34.879718+00:00,2026-06-13 11:56:34,Anllia,plug_1,Tapo P110,P110,iron,68ce0cc0,multi_cycle,1.0,0.0,233.914,5.473,0.058,0.611,,on,-68,,30 minute NILM iron thermostat cycle session
2026-06-13T06:26:36.441564+00:00,2026-06-13 11:56:36,Anllia,plug_1,Tapo P110,P110,iron,68ce0cc0,multi_cycle,1.0,1233.597,226.271,5.473,0.059,0.611,,on,-70,,30 minute NILM iron thermostat cycle session
2026-06-13T06:26:38.098545+00:00,2026-06-13 11:56:38,Anllia,plug_1,Tapo P110,P110,iron,68ce0cc0,multi_cycle,1.0,1295.845,226.271,5.699,0.059,0.612,,on,-71,,30 minute NILM iron thermostat cycle session
2026-06-13T06:26:40.080342+00:00,2026-06-13 11:56:40,Anllia,plug_1,Tapo P110,P110,iron,68ce0cc0,multi_cycle,1.0,1294.462,226.794,5.699,0.06,0.612,,on,-70,,30 minute NILM iron thermostat cycle session
2026-06-13T06:26:41.758733+00:00,2026-06-13 11:56:41,Anllia,plug_1,Tapo P110,P110,iron,68ce0cc0,multi_cycle,1.0,1290.616,226.794,5.687,0.061,0.613,,on,-69,,30 minute NILM iron thermostat cycle session
2026-06-13T06:26:43.442913+00:00,2026-06-13 11:56:43,Anllia,plug_1,Tapo P110,P110,iron,68ce0cc0,multi_cycle,1.0,1289.861,226.68,5.687,0.061,0.614,,on,-62,,30 minute NILM iron thermostat cycle session
2026-06-13T06:26:44.960924+00:00,2026-06-13 11:56:44,Anllia,plug_1,Tapo P110,P110,iron,68ce0cc0,multi_cycle,1.0,1288.833,226.68,5.678,0.062,0.614,,on,-69,,30 minute NILM iron thermostat cycle session
2026-06-13T06:26:46.514386+00:00,2026-06-13 11:56:46,Anllia,plug_1,Tapo P110,P110,iron,68ce0cc0,multi_cycle,1.0,1288.779,226.768,5.678,0.062,0.615,,on,-70,,30 minute NILM iron thermostat cycle session
2026-06-13T06:26:48.085886+00:00,2026-06-13 11:56:48,Anllia,plug_1,Tapo P110,P110,iron,68ce0cc0,multi_cycle,1.0,1287.868,226.768,5.671,0.063,0.615,,on,-72,,30 minute NILM iron thermostat cycle session
2026-06-13T06:26:49.789902+00:00,2026-06-13 11:56:49,Anllia,plug_1,Tapo P110,P110,iron,68ce0cc0,multi_cycle,1.0,1287.868,233.347,5.671,0.063,0.615,,on,-72,,30 minute NILM iron thermostat cycle session
2026-06-13T06:26:52.915795+00:00,2026-06-13 11:56:52,Anllia,plug_1,Tapo P110,P110,iron,68ce0cc0,multi_cycle,1.0,0.0,234.636,0.0,0.063,0.615,,on,-69,,30 minute NILM iron thermostat cycle session
2026-06-13T06:26:54.483247+00:00,2026-06-13 11:56:54,Anllia,plug_1,Tapo P110,P110,iron,68ce0cc0,multi_cycle,1.0,0.0,234.636,0.0,0.063,0.615,,on,-66,,30 minute NILM iron thermostat cycle session
2026-06-13T06:26:56.131614+00:00,2026-06-13 11:56:56,Anllia,plug_1,Tapo P110,P110,iron,68ce0cc0,multi_cycle,1.0,0.0,234.636,0.0,0.063,0.615,,on,-73,,30 minute NILM iron thermostat cycle session
2026-06-13T06:26:57.702022+00:00,2026-06-13 11:56:57,Anllia,plug_1,Tapo P110,P110,iron,68ce0cc0,multi_cycle,1.0,0.0,234.636,0.0,0.063,0.615,,on,-72,,30 minute NILM iron thermostat cycle session
2026-06-13T06:26:59.416875+00:00,2026-06-13 11:56:59,Anllia,plug_1,Tapo P110,P110,iron,68ce0cc0,multi_cycle,1.0,0.0,234.636,0.0,0.063,0.615,,on,-76,,30 minute NILM iron thermostat cycle session
2026-06-13T06:27:01.060560+00:00,2026-06-13 11:57:01,Anllia,plug_1,Tapo P110,P110,iron,68ce0cc0,multi_cycle,1.0,0.0,234.636,0.0,0.063,0.615,,on,-73,,30 minute NILM iron thermostat cycle session
2026-06-13T06:27:02.889730+00:00,2026-06-13 11:57:02,Anllia,plug_1,Tapo P110,P110,iron,68ce0cc0,multi_cycle,1.0,0.0,234.636,0.0,0.063,0.615,,on,-75,,30 minute NILM iron thermostat cycle session
2026-06-13T06:27:04.534560+00:00,2026-06-13 11:57:04,Anllia,plug_1,Tapo P110,P110,iron,68ce0cc0,multi_cycle,1.0,0.0,234.636,0.0,0.063,0.615,,on,-71,,30 minute NILM iron thermostat cycle session
2026-06-13T06:27:06.488989+00:00,2026-06-13 11:57:06,Anllia,plug_1,Tapo P110,P110,iron,68ce0cc0,multi_cycle,1.0,0.0,235.225,0.0,0.063,0.615,,on,-72,,30 minute NILM iron thermostat cycle session
2026-06-13T06:27:08.011238+00:00,2026-06-13 11:57:08,Anllia,plug_1,Tapo P110,P110,iron,68ce0cc0,multi_cycle,1.0,0.0,235.225,0.0,0.063,0.615,,on,-75,,30 minute NILM iron thermostat cycle session
2026-06-13T06:27:09.612738+00:00,2026-06-13 11:57:09,Anllia,plug_1,Tapo P110,P110,iron,68ce0cc0,multi_cycle,1.0,0.0,235.225,0.0,0.063,0.615,,on,-63,,30 minute NILM iron thermostat cycle session
2026-06-13T06:27:11.339384+00:00,2026-06-13 11:57:11,Anllia,plug_1,Tapo P110,P110,iron,68ce0cc0,multi_cycle,1.0,0.0,235.225,0.0,0.063,0.615,,on,-70,,30 minute NILM iron thermostat cycle session
2026-06-13T06:27:12.903727+00:00,2026-06-13 11:57:12,Anllia,plug_1,Tapo P110,P110,iron,68ce0cc0,multi_cycle,1.0,0.0,235.225,0.0,0.063,0.615,,on,-71,,30 minute NILM iron thermostat cycle session
2026-06-13T06:27:14.629808+00:00,2026-06-13 11:57:14,Anllia,plug_1,Tapo P110,P110,iron,68ce0cc0,multi_cycle,1.0,0.0,235.225,0.0,0.063,0.615,,on,-73,,30 minute NILM iron thermostat cycle session
2026-06-13T06:27:16.287556+00:00,2026-06-13 11:57:16,Anllia,plug_1,Tapo P110,P110,iron,68ce0cc0,multi_cycle,1.0,0.0,235.225,0.0,0.063,0.615,,on,-73,,30 minute NILM iron thermostat cycle session
2026-06-13T06:27:18.002316+00:00,2026-06-13 11:57:18,Anllia,plug_1,Tapo P110,P110,iron,68ce0cc0,multi_cycle,1.0,0.0,235.225,0.0,0.063,0.615,,on,-74,,30 minute NILM iron thermostat cycle session
2026-06-13T06:27:19.729455+00:00,2026-06-13 11:57:19,Anllia,plug_1,Tapo P110,P110,iron,68ce0cc0,multi_cycle,1.0,0.0,235.225,0.0,0.063,0.615,,on,-70,,30 minute NILM iron thermostat cycle session
2026-06-13T06:27:21.374605+00:00,2026-06-13 11:57:21,Anllia,plug_1,Tapo P110,P110,iron,68ce0cc0,multi_cycle,1.0,0.0,234.755,0.0,0.063,0.615,,on,-65,,30 minute NILM iron thermostat cycle session
2026-06-13T06:27:23.350823+00:00,2026-06-13 11:57:23,Anllia,plug_1,Tapo P110,P110,iron,68ce0cc0,multi_cycle,1.0,0.0,234.755,0.0,0.063,0.615,,on,-70,,30 minute NILM iron thermostat cycle session
2026-06-13T06:27:25.075092+00:00,2026-06-13 11:57:25,Anllia,plug_1,Tapo P110,P110,iron,68ce0cc0,multi_cycle,1.0,0.0,234.755,0.0,0.063,0.615,,on,-71,,30 minute NILM iron thermostat cycle session
2026-06-13T06:27:26.886341+00:00,2026-06-13 11:57:26,Anllia,plug_1,Tapo P110,P110,iron,68ce0cc0,multi_cycle,1.0,0.0,234.755,0.0,0.063,0.615,,on,-70,,30 minute NILM iron thermostat cycle session
2026-06-13T06:27:28.529874+00:00,2026-06-13 11:57:28,Anllia,plug_1,Tapo P110,P110,iron,68ce0cc0,multi_cycle,1.0,0.0,234.755,0.0,0.063,0.615,,on,-70,,30 minute NILM iron thermostat cycle session
2026-06-13T06:27:30.176580+00:00,2026-06-13 11:57:30,Anllia,plug_1,Tapo P110,P110,iron,68ce0cc0,multi_cycle,1.0,0.0,234.755,0.0,0.063,0.615,,on,-75,,30 minute NILM iron thermostat cycle session
2026-06-13T06:27:31.827536+00:00,2026-06-13 11:57:31,Anllia,plug_1,Tapo P110,P110,iron,68ce0cc0,multi_cycle,1.0,0.0,234.755,0.0,0.063,0.615,,on,-73,,30 minute NILM iron thermostat cycle session
2026-06-13T06:27:35.217052+00:00,2026-06-13 11:57:35,Anllia,plug_1,Tapo P110,P110,iron,68ce0cc0,multi_cycle,1.0,0.0,234.486,0.0,0.063,0.615,,on,-69,,30 minute NILM iron thermostat cycle session
2026-06-13T06:27:39.006492+00:00,2026-06-13 11:57:39,Anllia,plug_1,Tapo P110,P110,iron,68ce0cc0,multi_cycle,1.0,0.0,234.486,0.0,0.063,0.615,,on,-73,,30 minute NILM iron thermostat cycle session
2026-06-13T06:27:42.357739+00:00,2026-06-13 11:57:42,Anllia,plug_1,Tapo P110,P110,iron,68ce0cc0,multi_cycle,1.0,0.0,234.486,0.0,0.063,0.615,,on,-70,,30 minute NILM iron thermostat cycle session
2026-06-13T06:27:44.085757+00:00,2026-06-13 11:57:44,Anllia,plug_1,Tapo P110,P110,iron,68ce0cc0,multi_cycle,1.0,0.0,234.486,0.0,0.063,0.615,,on,-70,,30 minute NILM iron thermostat cycle session
2026-06-13T06:27:45.812411+00:00,2026-06-13 11:57:45,Anllia,plug_1,Tapo P110,P110,iron,68ce0cc0,multi_cycle,1.0,0.0,234.486,0.0,0.063,0.615,,on,-68,,30 minute NILM iron thermostat cycle session
2026-06-13T06:27:48.939333+00:00,2026-06-13 11:57:48,Anllia,plug_1,Tapo P110,P110,iron,68ce0cc0,multi_cycle,1.0,0.0,234.303,0.0,0.063,0.615,,on,-67,,30 minute NILM iron thermostat cycle session
2026-06-13T06:27:50.609048+00:00,2026-06-13 11:57:50,Anllia,plug_1,Tapo P110,P110,iron,68ce0cc0,multi_cycle,1.0,0.0,234.303,0.0,0.063,0.615,,on,-68,,30 minute NILM iron thermostat cycle session
2026-06-13T06:27:52.229619+00:00,2026-06-13 11:57:52,Anllia,plug_1,Tapo P110,P110,iron,68ce0cc0,multi_cycle,1.0,0.0,234.303,0.0,0.063,0.615,,on,-65,,30 minute NILM iron thermostat cycle session
2026-06-13T06:27:53.872411+00:00,2026-06-13 11:57:53,Anllia,plug_1,Tapo P110,P110,iron,68ce0cc0,multi_cycle,1.0,0.0,234.303,0.0,0.063,0.615,,on,-73,,30 minute NILM iron thermostat cycle session
2026-06-13T06:27:55.599908+00:00,2026-06-13 11:57:55,Anllia,plug_1,Tapo P110,P110,iron,68ce0cc0,multi_cycle,1.0,0.0,234.303,0.0,0.063,0.615,,on,-74,,30 minute NILM iron thermostat cycle session
2026-06-13T06:27:59.426529+00:00,2026-06-13 11:57:59,Anllia,plug_1,Tapo P110,P110,iron,68ce0cc0,multi_cycle,1.0,0.0,234.303,0.0,0.063,0.615,,on,-69,,30 minute NILM iron thermostat cycle session
2026-06-13T06:28:01.237556+00:00,2026-06-13 11:58:01,Anllia,plug_1,Tapo P110,P110,iron,68ce0cc0,multi_cycle,1.0,0.0,234.303,0.0,0.063,0.615,,on,-71,,30 minute NILM iron thermostat cycle session
2026-06-13T06:28:03.360124+00:00,2026-06-13 11:58:03,Anllia,plug_1,Tapo P110,P110,iron,68ce0cc0,multi_cycle,1.0,0.0,234.161,0.0,0.063,0.615,,on,-72,,30 minute NILM iron thermostat cycle session
2026-06-13T06:28:05.094738+00:00,2026-06-13 11:58:05,Anllia,plug_1,Tapo P110,P110,iron,68ce0cc0,multi_cycle,1.0,0.0,234.161,0.0,0.063,0.615,,on,-67,,30 minute NILM iron thermostat cycle session
2026-06-13T06:28:06.796519+00:00,2026-06-13 11:58:06,Anllia,plug_1,Tapo P110,P110,iron,68ce0cc0,multi_cycle,1.0,0.0,234.161,0.0,0.063,0.615,,on,-70,,30 minute NILM iron thermostat cycle session
2026-06-13T06:28:09.959685+00:00,2026-06-13 11:58:09,Anllia,plug_1,Tapo P110,P110,iron,68ce0cc0,multi_cycle,1.0,0.0,234.161,0.0,0.063,0.615,,on,-67,,30 minute NILM iron thermostat cycle session
2026-06-13T06:28:17.678525+00:00,2026-06-13 11:58:17,Anllia,plug_1,Tapo P110,P110,iron,68ce0cc0,multi_cycle,1.0,0.0,234.868,0.0,0.063,0.615,,on,-71,,30 minute NILM iron thermostat cycle session
2026-06-13T06:28:19.402619+00:00,2026-06-13 11:58:19,Anllia,plug_1,Tapo P110,P110,iron,68ce0cc0,multi_cycle,1.0,0.0,234.868,0.0,0.063,0.615,,on,-72,,30 minute NILM iron thermostat cycle session
2026-06-13T06:28:21.024962+00:00,2026-06-13 11:58:21,Anllia,plug_1,Tapo P110,P110,iron,68ce0cc0,multi_cycle,1.0,0.0,234.868,0.0,0.063,0.615,,on,-70,,30 minute NILM iron thermostat cycle session
2026-06-13T06:28:24.421200+00:00,2026-06-13 11:58:24,Anllia,plug_1,Tapo P110,P110,iron,68ce0cc0,multi_cycle,1.0,0.0,234.868,0.0,0.063,0.615,,on,-72,,30 minute NILM iron thermostat cycle session
2026-06-13T06:28:26.207072+00:00,2026-06-13 11:58:26,Anllia,plug_1,Tapo P110,P110,iron,68ce0cc0,multi_cycle,1.0,0.0,234.868,0.0,0.063,0.615,,on,-74,,30 minute NILM iron thermostat cycle session
2026-06-13T06:28:27.932354+00:00,2026-06-13 11:58:27,Anllia,plug_1,Tapo P110,P110,iron,68ce0cc0,multi_cycle,1.0,0.0,234.868,0.0,0.063,0.615,,on,-73,,30 minute NILM iron thermostat cycle session
2026-06-13T06:28:29.605534+00:00,2026-06-13 11:58:29,Anllia,plug_1,Tapo P110,P110,iron,68ce0cc0,multi_cycle,1.0,0.0,234.868,0.0,0.063,0.615,,on,-64,,30 minute NILM iron thermostat cycle session
2026-06-13T06:28:31.172261+00:00,2026-06-13 11:58:31,Anllia,plug_1,Tapo P110,P110,iron,68ce0cc0,multi_cycle,1.0,0.0,234.835,0.0,0.063,0.615,,on,-74,,30 minute NILM iron thermostat cycle session
2026-06-13T06:28:32.867767+00:00,2026-06-13 11:58:32,Anllia,plug_1,Tapo P110,P110,iron,68ce0cc0,multi_cycle,1.0,0.0,234.835,0.0,0.063,0.615,,on,-70,,30 minute NILM iron thermostat cycle session
2026-06-13T06:28:34.654710+00:00,2026-06-13 11:58:34,Anllia,plug_1,Tapo P110,P110,iron,68ce0cc0,multi_cycle,1.0,0.0,234.835,0.0,0.063,0.615,,on,-74,,30 minute NILM iron thermostat cycle session
2026-06-13T06:28:36.182636+00:00,2026-06-13 11:58:36,Anllia,plug_1,Tapo P110,P110,iron,68ce0cc0,multi_cycle,1.0,0.0,234.835,0.0,0.063,0.615,,on,-67,,30 minute NILM iron thermostat cycle session
2026-06-13T06:28:37.901372+00:00,2026-06-13 11:58:37,Anllia,plug_1,Tapo P110,P110,iron,68ce0cc0,multi_cycle,1.0,0.0,234.835,0.0,0.063,0.615,,on,-74,,30 minute NILM iron thermostat cycle session
2026-06-13T06:28:39.654840+00:00,2026-06-13 11:58:39,Anllia,plug_1,Tapo P110,P110,iron,68ce0cc0,multi_cycle,1.0,0.0,234.835,0.0,0.063,0.615,,on,-66,,30 minute NILM iron thermostat cycle session
2026-06-13T06:28:42.699703+00:00,2026-06-13 11:58:42,Anllia,plug_1,Tapo P110,P110,iron,68ce0cc0,multi_cycle,1.0,0.0,234.835,0.0,0.063,0.615,,on,-76,,30 minute NILM iron thermostat cycle session
2026-06-13T06:28:44.268134+00:00,2026-06-13 11:58:44,Anllia,plug_1,Tapo P110,P110,iron,68ce0cc0,multi_cycle,1.0,0.0,234.835,0.0,0.063,0.615,,on,-74,,30 minute NILM iron thermostat cycle session
2026-06-13T06:28:45.947534+00:00,2026-06-13 11:58:45,Anllia,plug_1,Tapo P110,P110,iron,68ce0cc0,multi_cycle,1.0,0.0,234.811,0.0,0.063,0.615,,on,-74,,30 minute NILM iron thermostat cycle session
2026-06-13T06:28:47.593163+00:00,2026-06-13 11:58:47,Anllia,plug_1,Tapo P110,P110,iron,68ce0cc0,multi_cycle,1.0,0.0,234.811,0.0,0.063,0.615,,on,-70,,30 minute NILM iron thermostat cycle session
2026-06-13T06:28:49.206971+00:00,2026-06-13 11:58:49,Anllia,plug_1,Tapo P110,P110,iron,68ce0cc0,multi_cycle,1.0,0.0,234.811,0.0,0.063,0.615,,on,-70,,30 minute NILM iron thermostat cycle session
2026-06-13T06:28:51.049575+00:00,2026-06-13 11:58:51,Anllia,plug_1,Tapo P110,P110,iron,68ce0cc0,multi_cycle,1.0,0.0,234.811,0.0,0.063,0.615,,on,-73,,30 minute NILM iron thermostat cycle session
2026-06-13T06:28:52.941828+00:00,2026-06-13 11:58:52,Anllia,plug_1,Tapo P110,P110,iron,68ce0cc0,multi_cycle,1.0,0.0,234.811,0.0,0.063,0.615,,on,-70,,30 minute NILM iron thermostat cycle session
2026-06-13T06:28:54.552964+00:00,2026-06-13 11:58:54,Anllia,plug_1,Tapo P110,P110,iron,68ce0cc0,multi_cycle,1.0,0.0,234.811,0.0,0.063,0.615,,on,-69,,30 minute NILM iron thermostat cycle session
2026-06-13T06:28:56.148911+00:00,2026-06-13 11:58:56,Anllia,plug_1,Tapo P110,P110,iron,68ce0cc0,multi_cycle,1.0,0.0,234.811,0.0,0.063,0.615,,on,-69,,30 minute NILM iron thermostat cycle session
2026-06-13T06:28:57.794760+00:00,2026-06-13 11:58:57,Anllia,plug_1,Tapo P110,P110,iron,68ce0cc0,multi_cycle,1.0,0.0,234.811,0.0,0.063,0.615,,on,-73,,30 minute NILM iron thermostat cycle session
2026-06-13T06:28:59.454147+00:00,2026-06-13 11:58:59,Anllia,plug_1,Tapo P110,P110,iron,68ce0cc0,multi_cycle,1.0,0.0,234.357,0.0,0.063,0.615,,on,-70,,30 minute NILM iron thermostat cycle session
2026-06-13T06:29:01.015631+00:00,2026-06-13 11:59:01,Anllia,plug_1,Tapo P110,P110,iron,68ce0cc0,multi_cycle,1.0,0.0,234.357,0.0,0.063,0.615,,on,-68,,30 minute NILM iron thermostat cycle session
2026-06-13T06:29:02.859899+00:00,2026-06-13 11:59:02,Anllia,plug_1,Tapo P110,P110,iron,68ce0cc0,multi_cycle,1.0,0.0,234.357,5.587,0.063,0.615,,on,-69,,30 minute NILM iron thermostat cycle session
2026-06-13T06:29:04.728268+00:00,2026-06-13 11:59:04,Anllia,plug_1,Tapo P110,P110,iron,68ce0cc0,multi_cycle,1.0,1299.596,226.719,5.587,0.064,0.616,,on,-68,,30 minute NILM iron thermostat cycle session
2026-06-13T06:29:06.428519+00:00,2026-06-13 11:59:06,Anllia,plug_1,Tapo P110,P110,iron,68ce0cc0,multi_cycle,1.0,1294.346,226.719,5.705,0.064,0.617,,on,-69,,30 minute NILM iron thermostat cycle session
2026-06-13T06:29:08.074538+00:00,2026-06-13 11:59:08,Anllia,plug_1,Tapo P110,P110,iron,68ce0cc0,multi_cycle,1.0,1291.054,226.54,5.705,0.065,0.617,,on,-69,,30 minute NILM iron thermostat cycle session
2026-06-13T06:29:09.724519+00:00,2026-06-13 11:59:09,Anllia,plug_1,Tapo P110,P110,iron,68ce0cc0,multi_cycle,1.0,1291.155,226.54,5.688,0.065,0.618,,on,-69,,30 minute NILM iron thermostat cycle session
2026-06-13T06:29:11.403619+00:00,2026-06-13 11:59:11,Anllia,plug_1,Tapo P110,P110,iron,68ce0cc0,multi_cycle,1.0,1289.524,226.673,5.688,0.066,0.618,,on,-69,,30 minute NILM iron thermostat cycle session
2026-06-13T06:29:13.096636+00:00,2026-06-13 11:59:13,Anllia,plug_1,Tapo P110,P110,iron,68ce0cc0,multi_cycle,1.0,1288.969,226.673,5.678,0.067,0.619,,on,-70,,30 minute NILM iron thermostat cycle session
2026-06-13T06:29:14.658415+00:00,2026-06-13 11:59:14,Anllia,plug_1,Tapo P110,P110,iron,68ce0cc0,multi_cycle,1.0,1288.152,226.707,5.678,0.067,0.62,,on,-69,,30 minute NILM iron thermostat cycle session
2026-06-13T06:29:16.311951+00:00,2026-06-13 11:59:16,Anllia,plug_1,Tapo P110,P110,iron,68ce0cc0,multi_cycle,1.0,1286.419,234.221,5.668,0.067,0.62,,on,-69,,30 minute NILM iron thermostat cycle session
2026-06-13T06:29:18.066658+00:00,2026-06-13 11:59:18,Anllia,plug_1,Tapo P110,P110,iron,68ce0cc0,multi_cycle,1.0,1286.419,234.221,5.668,0.067,0.62,,on,-69,,30 minute NILM iron thermostat cycle session
2026-06-13T06:29:19.636530+00:00,2026-06-13 11:59:19,Anllia,plug_1,Tapo P110,P110,iron,68ce0cc0,multi_cycle,1.0,0.0,234.221,0.0,0.067,0.62,,on,-69,,30 minute NILM iron thermostat cycle session
2026-06-13T06:29:21.522721+00:00,2026-06-13 11:59:21,Anllia,plug_1,Tapo P110,P110,iron,68ce0cc0,multi_cycle,1.0,0.0,234.877,0.0,0.067,0.62,,on,-70,,30 minute NILM iron thermostat cycle session
2026-06-13T06:29:23.369886+00:00,2026-06-13 11:59:23,Anllia,plug_1,Tapo P110,P110,iron,68ce0cc0,multi_cycle,1.0,0.0,234.877,0.0,0.067,0.62,,on,-69,,30 minute NILM iron thermostat cycle session
2026-06-13T06:29:24.975449+00:00,2026-06-13 11:59:24,Anllia,plug_1,Tapo P110,P110,iron,68ce0cc0,multi_cycle,1.0,0.0,234.877,0.0,0.067,0.62,,on,-70,,30 minute NILM iron thermostat cycle session
2026-06-13T06:29:26.662481+00:00,2026-06-13 11:59:26,Anllia,plug_1,Tapo P110,P110,iron,68ce0cc0,multi_cycle,1.0,0.0,234.877,0.0,0.067,0.62,,on,-69,,30 minute NILM iron thermostat cycle session
2026-06-13T06:29:28.306830+00:00,2026-06-13 11:59:28,Anllia,plug_1,Tapo P110,P110,iron,68ce0cc0,multi_cycle,1.0,0.0,234.877,0.0,0.067,0.62,,on,-69,,30 minute NILM iron thermostat cycle session
2026-06-13T06:29:29.832217+00:00,2026-06-13 11:59:29,Anllia,plug_1,Tapo P110,P110,iron,68ce0cc0,multi_cycle,1.0,0.0,234.877,0.0,0.067,0.62,,on,-68,,30 minute NILM iron thermostat cycle session
2026-06-13T06:29:31.370352+00:00,2026-06-13 11:59:31,Anllia,plug_1,Tapo P110,P110,iron,68ce0cc0,multi_cycle,1.0,0.0,234.877,0.0,0.067,0.62,,on,-70,,30 minute NILM iron thermostat cycle session
2026-06-13T06:29:32.926164+00:00,2026-06-13 11:59:32,Anllia,plug_1,Tapo P110,P110,iron,68ce0cc0,multi_cycle,1.0,0.0,234.877,0.0,0.067,0.62,,on,-69,,30 minute NILM iron thermostat cycle session
2026-06-13T06:29:34.558410+00:00,2026-06-13 11:59:34,Anllia,plug_1,Tapo P110,P110,iron,68ce0cc0,multi_cycle,1.0,0.0,233.888,0.0,0.067,0.62,,on,-69,,30 minute NILM iron thermostat cycle session
2026-06-13T06:29:36.156971+00:00,2026-06-13 11:59:36,Anllia,plug_1,Tapo P110,P110,iron,68ce0cc0,multi_cycle,1.0,0.0,233.888,0.0,0.067,0.62,,on,-71,,30 minute NILM iron thermostat cycle session
2026-06-13T06:29:37.811676+00:00,2026-06-13 11:59:37,Anllia,plug_1,Tapo P110,P110,iron,68ce0cc0,multi_cycle,1.0,0.0,233.888,0.0,0.067,0.62,,on,-69,,30 minute NILM iron thermostat cycle session
2026-06-13T06:29:39.410578+00:00,2026-06-13 11:59:39,Anllia,plug_1,Tapo P110,P110,iron,68ce0cc0,multi_cycle,1.0,0.0,233.888,0.0,0.067,0.62,,on,-74,,30 minute NILM iron thermostat cycle session
2026-06-13T06:29:42.457253+00:00,2026-06-13 11:59:42,Anllia,plug_1,Tapo P110,P110,iron,68ce0cc0,multi_cycle,1.0,0.0,233.888,0.0,0.067,0.62,,on,-70,,30 minute NILM iron thermostat cycle session
2026-06-13T06:29:44.106496+00:00,2026-06-13 11:59:44,Anllia,plug_1,Tapo P110,P110,iron,68ce0cc0,multi_cycle,1.0,0.0,233.888,0.0,0.067,0.62,,on,-70,,30 minute NILM iron thermostat cycle session
2026-06-13T06:29:47.142268+00:00,2026-06-13 11:59:47,Anllia,plug_1,Tapo P110,P110,iron,68ce0cc0,multi_cycle,1.0,0.0,233.888,0.0,0.067,0.62,,on,-69,,30 minute NILM iron thermostat cycle session
2026-06-13T06:29:48.705727+00:00,2026-06-13 11:59:48,Anllia,plug_1,Tapo P110,P110,iron,68ce0cc0,multi_cycle,1.0,0.0,234.943,0.0,0.067,0.62,,on,-69,,30 minute NILM iron thermostat cycle session
2026-06-13T06:29:50.377963+00:00,2026-06-13 11:59:50,Anllia,plug_1,Tapo P110,P110,iron,68ce0cc0,multi_cycle,1.0,0.0,234.943,0.0,0.067,0.62,,on,-73,,30 minute NILM iron thermostat cycle session
2026-06-13T06:29:51.931484+00:00,2026-06-13 11:59:51,Anllia,plug_1,Tapo P110,P110,iron,68ce0cc0,multi_cycle,1.0,0.0,234.943,0.0,0.067,0.62,,on,-68,,30 minute NILM iron thermostat cycle session
2026-06-13T06:29:53.489650+00:00,2026-06-13 11:59:53,Anllia,plug_1,Tapo P110,P110,iron,68ce0cc0,multi_cycle,1.0,0.0,234.943,0.0,0.067,0.62,,on,-67,,30 minute NILM iron thermostat cycle session
2026-06-13T06:29:55.126704+00:00,2026-06-13 11:59:55,Anllia,plug_1,Tapo P110,P110,iron,68ce0cc0,multi_cycle,1.0,0.0,234.943,0.0,0.067,0.62,,on,-71,,30 minute NILM iron thermostat cycle session
2026-06-13T06:29:56.699064+00:00,2026-06-13 11:59:56,Anllia,plug_1,Tapo P110,P110,iron,68ce0cc0,multi_cycle,1.0,0.0,234.943,0.0,0.067,0.62,,on,-70,,30 minute NILM iron thermostat cycle session
2026-06-13T06:29:58.363676+00:00,2026-06-13 11:59:58,Anllia,plug_1,Tapo P110,P110,iron,68ce0cc0,multi_cycle,1.0,0.0,234.943,0.0,0.067,0.62,,on,-74,,30 minute NILM iron thermostat cycle session
2026-06-13T06:29:59.979456+00:00,2026-06-13 11:59:59,Anllia,plug_1,Tapo P110,P110,iron,68ce0cc0,multi_cycle,1.0,0.0,234.943,0.0,0.067,0.62,,on,-67,,30 minute NILM iron thermostat cycle session
2026-06-13T06:30:01.556622+00:00,2026-06-13 12:00:01,Anllia,plug_1,Tapo P110,P110,iron,68ce0cc0,multi_cycle,1.0,0.0,234.943,0.0,0.067,0.62,,on,-69,,30 minute NILM iron thermostat cycle session
2026-06-13T06:30:03.345257+00:00,2026-06-13 12:00:03,Anllia,plug_1,Tapo P110,P110,iron,68ce0cc0,multi_cycle,1.0,0.0,236.357,0.0,0.067,0.62,,on,-70,,30 minute NILM iron thermostat cycle session
2026-06-13T06:30:05.401579+00:00,2026-06-13 12:00:05,Anllia,plug_1,Tapo P110,P110,iron,68ce0cc0,multi_cycle,1.0,0.0,236.357,0.0,0.067,0.62,,on,-70,,30 minute NILM iron thermostat cycle session
2026-06-13T06:30:06.962403+00:00,2026-06-13 12:00:06,Anllia,plug_1,Tapo P110,P110,iron,68ce0cc0,multi_cycle,1.0,0.0,236.357,0.0,0.067,0.62,,on,-67,,30 minute NILM iron thermostat cycle session
2026-06-13T06:30:08.691241+00:00,2026-06-13 12:00:08,Anllia,plug_1,Tapo P110,P110,iron,68ce0cc0,multi_cycle,1.0,0.0,236.357,0.0,0.067,0.62,,on,-68,,30 minute NILM iron thermostat cycle session
2026-06-13T06:30:10.418409+00:00,2026-06-13 12:00:10,Anllia,plug_1,Tapo P110,P110,iron,68ce0cc0,multi_cycle,1.0,0.0,236.357,0.0,0.067,0.62,,on,-68,,30 minute NILM iron thermostat cycle session
2026-06-13T06:30:11.981058+00:00,2026-06-13 12:00:11,Anllia,plug_1,Tapo P110,P110,iron,68ce0cc0,multi_cycle,1.0,0.0,236.357,0.0,0.067,0.62,,on,-68,,30 minute NILM iron thermostat cycle session
2026-06-13T06:30:13.624402+00:00,2026-06-13 12:00:13,Anllia,plug_1,Tapo P110,P110,iron,68ce0cc0,multi_cycle,1.0,0.0,236.357,0.0,0.067,0.62,,on,-70,,30 minute NILM iron thermostat cycle session
2026-06-13T06:30:15.271158+00:00,2026-06-13 12:00:15,Anllia,plug_1,Tapo P110,P110,iron,68ce0cc0,multi_cycle,1.0,0.0,236.357,0.0,0.067,0.62,,on,-69,,30 minute NILM iron thermostat cycle session
2026-06-13T06:30:16.835739+00:00,2026-06-13 12:00:16,Anllia,plug_1,Tapo P110,P110,iron,68ce0cc0,multi_cycle,1.0,0.0,236.722,0.0,0.067,0.62,,on,-70,,30 minute NILM iron thermostat cycle session
2026-06-13T06:30:18.807011+00:00,2026-06-13 12:00:18,Anllia,plug_1,Tapo P110,P110,iron,68ce0cc0,multi_cycle,1.0,0.0,236.722,0.0,0.067,0.62,,on,-68,,30 minute NILM iron thermostat cycle session
2026-06-13T06:30:20.338837+00:00,2026-06-13 12:00:20,Anllia,plug_1,Tapo P110,P110,iron,68ce0cc0,multi_cycle,1.0,0.0,236.722,0.0,0.067,0.62,,on,-67,,30 minute NILM iron thermostat cycle session
2026-06-13T06:30:22.037272+00:00,2026-06-13 12:00:22,Anllia,plug_1,Tapo P110,P110,iron,68ce0cc0,multi_cycle,1.0,0.0,236.722,0.0,0.067,0.62,,on,-69,,30 minute NILM iron thermostat cycle session
2026-06-13T06:30:23.703852+00:00,2026-06-13 12:00:23,Anllia,plug_1,Tapo P110,P110,iron,68ce0cc0,multi_cycle,1.0,0.0,236.722,0.0,0.067,0.62,,on,-65,,30 minute NILM iron thermostat cycle session
2026-06-13T06:30:25.551975+00:00,2026-06-13 12:00:25,Anllia,plug_1,Tapo P110,P110,iron,68ce0cc0,multi_cycle,1.0,0.0,236.722,0.0,0.067,0.62,,on,-67,,30 minute NILM iron thermostat cycle session
2026-06-13T06:30:27.135862+00:00,2026-06-13 12:00:27,Anllia,plug_1,Tapo P110,P110,iron,68ce0cc0,multi_cycle,1.0,0.0,236.722,0.0,0.067,0.62,,on,-69,,30 minute NILM iron thermostat cycle session
2026-06-13T06:30:28.803937+00:00,2026-06-13 12:00:28,Anllia,plug_1,Tapo P110,P110,iron,68ce0cc0,multi_cycle,1.0,0.0,236.722,0.0,0.067,0.62,,on,-75,,30 minute NILM iron thermostat cycle session
2026-06-13T06:30:30.486254+00:00,2026-06-13 12:00:30,Anllia,plug_1,Tapo P110,P110,iron,68ce0cc0,multi_cycle,1.0,0.0,236.722,0.0,0.067,0.62,,on,-71,,30 minute NILM iron thermostat cycle session
2026-06-13T06:30:32.075913+00:00,2026-06-13 12:00:32,Anllia,plug_1,Tapo P110,P110,iron,68ce0cc0,multi_cycle,1.0,0.0,235.907,0.0,0.067,0.62,,on,-71,,30 minute NILM iron thermostat cycle session
2026-06-13T06:30:33.613075+00:00,2026-06-13 12:00:33,Anllia,plug_1,Tapo P110,P110,iron,68ce0cc0,multi_cycle,1.0,0.0,235.907,0.0,0.067,0.62,,on,-71,,30 minute NILM iron thermostat cycle session
2026-06-13T06:30:35.259501+00:00,2026-06-13 12:00:35,Anllia,plug_1,Tapo P110,P110,iron,68ce0cc0,multi_cycle,1.0,0.0,235.907,0.0,0.067,0.62,,on,-71,,30 minute NILM iron thermostat cycle session
2026-06-13T06:30:36.765602+00:00,2026-06-13 12:00:36,Anllia,plug_1,Tapo P110,P110,iron,68ce0cc0,multi_cycle,1.0,0.0,235.907,0.0,0.067,0.62,,on,-68,,30 minute NILM iron thermostat cycle session
2026-06-13T06:30:38.344409+00:00,2026-06-13 12:00:38,Anllia,plug_1,Tapo P110,P110,iron,68ce0cc0,multi_cycle,1.0,0.0,235.907,0.0,0.067,0.62,,on,-70,,30 minute NILM iron thermostat cycle session
2026-06-13T06:30:39.865034+00:00,2026-06-13 12:00:39,Anllia,plug_1,Tapo P110,P110,iron,68ce0cc0,multi_cycle,1.0,0.0,235.907,0.0,0.067,0.62,,on,-69,,30 minute NILM iron thermostat cycle session
2026-06-13T06:30:41.426888+00:00,2026-06-13 12:00:41,Anllia,plug_1,Tapo P110,P110,iron,68ce0cc0,multi_cycle,1.0,0.0,235.907,0.0,0.067,0.62,,on,-71,,30 minute NILM iron thermostat cycle session
2026-06-13T06:30:42.999527+00:00,2026-06-13 12:00:42,Anllia,plug_1,Tapo P110,P110,iron,68ce0cc0,multi_cycle,1.0,0.0,235.907,0.0,0.067,0.62,,on,-70,,30 minute NILM iron thermostat cycle session
2026-06-13T06:30:44.553026+00:00,2026-06-13 12:00:44,Anllia,plug_1,Tapo P110,P110,iron,68ce0cc0,multi_cycle,1.0,0.0,235.907,0.0,0.067,0.62,,on,-71,,30 minute NILM iron thermostat cycle session
2026-06-13T06:30:46.279596+00:00,2026-06-13 12:00:46,Anllia,plug_1,Tapo P110,P110,iron,68ce0cc0,multi_cycle,1.0,0.0,236.124,0.0,0.067,0.62,,on,-71,,30 minute NILM iron thermostat cycle session
2026-06-13T06:30:47.862607+00:00,2026-06-13 12:00:47,Anllia,plug_1,Tapo P110,P110,iron,68ce0cc0,multi_cycle,1.0,0.0,236.124,0.0,0.067,0.62,,on,-71,,30 minute NILM iron thermostat cycle session
2026-06-13T06:30:49.652292+00:00,2026-06-13 12:00:49,Anllia,plug_1,Tapo P110,P110,iron,68ce0cc0,multi_cycle,1.0,0.0,236.124,0.0,0.067,0.62,,on,-72,,30 minute NILM iron thermostat cycle session
2026-06-13T06:30:51.214587+00:00,2026-06-13 12:00:51,Anllia,plug_1,Tapo P110,P110,iron,68ce0cc0,multi_cycle,1.0,0.0,236.124,0.0,0.067,0.62,,on,-67,,30 minute NILM iron thermostat cycle session
2026-06-13T06:30:52.809473+00:00,2026-06-13 12:00:52,Anllia,plug_1,Tapo P110,P110,iron,68ce0cc0,multi_cycle,1.0,0.0,236.124,0.0,0.067,0.62,,on,-70,,30 minute NILM iron thermostat cycle session
2026-06-13T06:30:54.339740+00:00,2026-06-13 12:00:54,Anllia,plug_1,Tapo P110,P110,iron,68ce0cc0,multi_cycle,1.0,0.0,236.124,0.0,0.067,0.62,,on,-68,,30 minute NILM iron thermostat cycle session
2026-06-13T06:30:55.902136+00:00,2026-06-13 12:00:55,Anllia,plug_1,Tapo P110,P110,iron,68ce0cc0,multi_cycle,1.0,0.0,236.124,0.0,0.067,0.62,,on,-68,,30 minute NILM iron thermostat cycle session
2026-06-13T06:30:57.480259+00:00,2026-06-13 12:00:57,Anllia,plug_1,Tapo P110,P110,iron,68ce0cc0,multi_cycle,1.0,0.0,236.124,0.0,0.067,0.62,,on,-74,,30 minute NILM iron thermostat cycle session
2026-06-13T06:30:59.217614+00:00,2026-06-13 12:00:59,Anllia,plug_1,Tapo P110,P110,iron,68ce0cc0,multi_cycle,1.0,0.0,236.378,0.0,0.067,0.62,,on,-70,,30 minute NILM iron thermostat cycle session
2026-06-13T06:31:00.783125+00:00,2026-06-13 12:01:00,Anllia,plug_1,Tapo P110,P110,iron,68ce0cc0,multi_cycle,1.0,0.0,236.378,0.0,0.067,0.62,,on,-68,,30 minute NILM iron thermostat cycle session
2026-06-13T06:31:02.477130+00:00,2026-06-13 12:01:02,Anllia,plug_1,Tapo P110,P110,iron,68ce0cc0,multi_cycle,1.0,0.0,236.378,0.0,0.067,0.62,,on,-70,,30 minute NILM iron thermostat cycle session
2026-06-13T06:31:04.126508+00:00,2026-06-13 12:01:04,Anllia,plug_1,Tapo P110,P110,iron,68ce0cc0,multi_cycle,1.0,0.0,236.378,0.0,0.067,0.62,,on,-70,,30 minute NILM iron thermostat cycle session
2026-06-13T06:31:06.099861+00:00,2026-06-13 12:01:06,Anllia,plug_1,Tapo P110,P110,iron,68ce0cc0,multi_cycle,1.0,0.0,236.378,0.0,0.067,0.62,,on,-71,,30 minute NILM iron thermostat cycle session
2026-06-13T06:31:07.754920+00:00,2026-06-13 12:01:07,Anllia,plug_1,Tapo P110,P110,iron,68ce0cc0,multi_cycle,1.0,0.0,236.378,0.0,0.067,0.62,,on,-74,,30 minute NILM iron thermostat cycle session
2026-06-13T06:31:09.308076+00:00,2026-06-13 12:01:09,Anllia,plug_1,Tapo P110,P110,iron,68ce0cc0,multi_cycle,1.0,0.0,236.378,0.0,0.067,0.62,,on,-72,,30 minute NILM iron thermostat cycle session
2026-06-13T06:31:10.885864+00:00,2026-06-13 12:01:10,Anllia,plug_1,Tapo P110,P110,iron,68ce0cc0,multi_cycle,1.0,0.0,236.378,0.0,0.067,0.62,,on,-70,,30 minute NILM iron thermostat cycle session
2026-06-13T06:31:12.514866+00:00,2026-06-13 12:01:12,Anllia,plug_1,Tapo P110,P110,iron,68ce0cc0,multi_cycle,1.0,0.0,236.378,0.0,0.067,0.62,,on,-64,,30 minute NILM iron thermostat cycle session
2026-06-13T06:31:14.045723+00:00,2026-06-13 12:01:14,Anllia,plug_1,Tapo P110,P110,iron,68ce0cc0,multi_cycle,1.0,0.0,236.481,0.0,0.067,0.62,,on,-64,,30 minute NILM iron thermostat cycle session
2026-06-13T06:31:15.725290+00:00,2026-06-13 12:01:15,Anllia,plug_1,Tapo P110,P110,iron,68ce0cc0,multi_cycle,1.0,0.0,236.481,0.0,0.067,0.62,,on,-69,,30 minute NILM iron thermostat cycle session
2026-06-13T06:31:17.368307+00:00,2026-06-13 12:01:17,Anllia,plug_1,Tapo P110,P110,iron,68ce0cc0,multi_cycle,1.0,0.0,236.481,0.0,0.067,0.62,,on,-70,,30 minute NILM iron thermostat cycle session
2026-06-13T06:31:19.068390+00:00,2026-06-13 12:01:19,Anllia,plug_1,Tapo P110,P110,iron,68ce0cc0,multi_cycle,1.0,0.0,236.481,0.0,0.067,0.62,,on,-70,,30 minute NILM iron thermostat cycle session
2026-06-13T06:31:20.589127+00:00,2026-06-13 12:01:20,Anllia,plug_1,Tapo P110,P110,iron,68ce0cc0,multi_cycle,1.0,0.0,236.481,0.0,0.067,0.62,,on,-71,,30 minute NILM iron thermostat cycle session
2026-06-13T06:31:22.375854+00:00,2026-06-13 12:01:22,Anllia,plug_1,Tapo P110,P110,iron,68ce0cc0,multi_cycle,1.0,0.0,236.481,0.0,0.067,0.62,,on,-68,,30 minute NILM iron thermostat cycle session
2026-06-13T06:31:23.965538+00:00,2026-06-13 12:01:23,Anllia,plug_1,Tapo P110,P110,iron,68ce0cc0,multi_cycle,1.0,0.0,236.481,0.0,0.067,0.62,,on,-67,,30 minute NILM iron thermostat cycle session
2026-06-13T06:31:25.593287+00:00,2026-06-13 12:01:25,Anllia,plug_1,Tapo P110,P110,iron,68ce0cc0,multi_cycle,1.0,0.0,236.481,0.0,0.067,0.62,,on,-69,,30 minute NILM iron thermostat cycle session
2026-06-13T06:31:27.168585+00:00,2026-06-13 12:01:27,Anllia,plug_1,Tapo P110,P110,iron,68ce0cc0,multi_cycle,1.0,0.0,236.579,0.0,0.067,0.62,,on,-70,,30 minute NILM iron thermostat cycle session
2026-06-13T06:31:28.749391+00:00,2026-06-13 12:01:28,Anllia,plug_1,Tapo P110,P110,iron,68ce0cc0,multi_cycle,1.0,0.0,236.579,0.0,0.067,0.62,,on,-69,,30 minute NILM iron thermostat cycle session
2026-06-13T06:31:31.976452+00:00,2026-06-13 12:01:31,Anllia,plug_1,Tapo P110,P110,iron,68ce0cc0,multi_cycle,1.0,1272.3,228.493,5.597,0.068,0.621,,on,-69,,30 minute NILM iron thermostat cycle session
2026-06-13T06:31:35.277045+00:00,2026-06-13 12:01:35,Anllia,plug_1,Tapo P110,P110,iron,68ce0cc0,multi_cycle,1.0,1317.904,228.821,5.757,0.069,0.622,,on,-71,,30 minute NILM iron thermostat cycle session
2026-06-13T06:31:36.823670+00:00,2026-06-13 12:01:36,Anllia,plug_1,Tapo P110,P110,iron,68ce0cc0,multi_cycle,1.0,1315.07,228.821,5.74,0.07,0.622,,on,-69,,30 minute NILM iron thermostat cycle session
2026-06-13T06:31:38.389210+00:00,2026-06-13 12:01:38,Anllia,plug_1,Tapo P110,P110,iron,68ce0cc0,multi_cycle,1.0,1314.827,228.889,5.74,0.071,0.623,,on,-68,,30 minute NILM iron thermostat cycle session
2026-06-13T06:31:42.100568+00:00,2026-06-13 12:01:42,Anllia,plug_1,Tapo P110,P110,iron,68ce0cc0,multi_cycle,1.0,1318.449,229.404,5.743,0.072,0.624,,on,-76,,30 minute NILM iron thermostat cycle session
2026-06-13T06:31:43.688936+00:00,2026-06-13 12:01:43,Anllia,plug_1,Tapo P110,P110,iron,68ce0cc0,multi_cycle,1.0,1314.008,229.404,5.727,0.072,0.625,,on,-68,,30 minute NILM iron thermostat cycle session
2026-06-13T06:31:45.195069+00:00,2026-06-13 12:01:45,Anllia,plug_1,Tapo P110,P110,iron,68ce0cc0,multi_cycle,1.0,1314.008,236.827,5.727,0.072,0.625,,on,-72,,30 minute NILM iron thermostat cycle session
2026-06-13T06:31:46.778477+00:00,2026-06-13 12:01:46,Anllia,plug_1,Tapo P110,P110,iron,68ce0cc0,multi_cycle,1.0,0.0,236.827,0.0,0.072,0.625,,on,-69,,30 minute NILM iron thermostat cycle session
2026-06-13T06:31:48.461082+00:00,2026-06-13 12:01:48,Anllia,plug_1,Tapo P110,P110,iron,68ce0cc0,multi_cycle,1.0,0.0,237.196,0.0,0.072,0.625,,on,-69,,30 minute NILM iron thermostat cycle session
2026-06-13T06:31:52.158889+00:00,2026-06-13 12:01:52,Anllia,plug_1,Tapo P110,P110,iron,68ce0cc0,multi_cycle,1.0,0.0,237.196,0.0,0.072,0.625,,on,-69,,30 minute NILM iron thermostat cycle session
2026-06-13T06:31:53.767916+00:00,2026-06-13 12:01:53,Anllia,plug_1,Tapo P110,P110,iron,68ce0cc0,multi_cycle,1.0,0.0,237.196,0.0,0.072,0.625,,on,-69,,30 minute NILM iron thermostat cycle session
2026-06-13T06:31:55.552474+00:00,2026-06-13 12:01:55,Anllia,plug_1,Tapo P110,P110,iron,68ce0cc0,multi_cycle,1.0,0.0,237.196,0.0,0.072,0.625,,on,-69,,30 minute NILM iron thermostat cycle session
2026-06-13T06:31:57.231041+00:00,2026-06-13 12:01:57,Anllia,plug_1,Tapo P110,P110,iron,68ce0cc0,multi_cycle,1.0,0.0,237.196,0.0,0.072,0.625,,on,-69,,30 minute NILM iron thermostat cycle session
2026-06-13T06:31:59.105172+00:00,2026-06-13 12:01:59,Anllia,plug_1,Tapo P110,P110,iron,68ce0cc0,multi_cycle,1.0,0.0,237.196,0.0,0.072,0.625,,on,-69,,30 minute NILM iron thermostat cycle session
2026-06-13T06:32:00.711382+00:00,2026-06-13 12:02:00,Anllia,plug_1,Tapo P110,P110,iron,68ce0cc0,multi_cycle,1.0,0.0,237.196,0.0,0.072,0.625,,on,-69,,30 minute NILM iron thermostat cycle session
2026-06-13T06:32:02.442448+00:00,2026-06-13 12:02:02,Anllia,plug_1,Tapo P110,P110,iron,68ce0cc0,multi_cycle,1.0,0.0,236.515,0.0,0.072,0.625,,on,-69,,30 minute NILM iron thermostat cycle session
2026-06-13T06:32:04.140055+00:00,2026-06-13 12:02:04,Anllia,plug_1,Tapo P110,P110,iron,68ce0cc0,multi_cycle,1.0,0.0,236.515,0.0,0.072,0.625,,on,-69,,30 minute NILM iron thermostat cycle session
2026-06-13T06:32:06.224210+00:00,2026-06-13 12:02:06,Anllia,plug_1,Tapo P110,P110,iron,68ce0cc0,multi_cycle,1.0,0.0,236.515,0.0,0.072,0.625,,on,-69,,30 minute NILM iron thermostat cycle session
2026-06-13T06:32:07.788726+00:00,2026-06-13 12:02:07,Anllia,plug_1,Tapo P110,P110,iron,68ce0cc0,multi_cycle,1.0,0.0,236.515,0.0,0.072,0.625,,on,-69,,30 minute NILM iron thermostat cycle session
2026-06-13T06:32:09.484919+00:00,2026-06-13 12:02:09,Anllia,plug_1,Tapo P110,P110,iron,68ce0cc0,multi_cycle,1.0,0.0,236.515,0.0,0.072,0.625,,on,-69,,30 minute NILM iron thermostat cycle session
2026-06-13T06:32:11.241786+00:00,2026-06-13 12:02:11,Anllia,plug_1,Tapo P110,P110,iron,68ce0cc0,multi_cycle,1.0,0.0,236.515,0.0,0.072,0.625,,on,-69,,30 minute NILM iron thermostat cycle session
2026-06-13T06:32:15.183298+00:00,2026-06-13 12:02:15,Anllia,plug_1,Tapo P110,P110,iron,68ce0cc0,multi_cycle,1.0,0.0,236.515,0.0,0.072,0.625,,on,-69,,30 minute NILM iron thermostat cycle session
2026-06-13T06:32:16.835147+00:00,2026-06-13 12:02:16,Anllia,plug_1,Tapo P110,P110,iron,68ce0cc0,multi_cycle,1.0,0.0,236.463,0.0,0.072,0.625,,on,-69,,30 minute NILM iron thermostat cycle session
2026-06-13T06:32:18.396626+00:00,2026-06-13 12:02:18,Anllia,plug_1,Tapo P110,P110,iron,68ce0cc0,multi_cycle,1.0,0.0,236.463,0.0,0.072,0.625,,on,-69,,30 minute NILM iron thermostat cycle session
2026-06-13T06:32:20.042276+00:00,2026-06-13 12:02:20,Anllia,plug_1,Tapo P110,P110,iron,68ce0cc0,multi_cycle,1.0,0.0,236.463,0.0,0.072,0.625,,on,-69,,30 minute NILM iron thermostat cycle session
2026-06-13T06:32:21.604693+00:00,2026-06-13 12:02:21,Anllia,plug_1,Tapo P110,P110,iron,68ce0cc0,multi_cycle,1.0,0.0,236.463,0.0,0.072,0.625,,on,-69,,30 minute NILM iron thermostat cycle session
2026-06-13T06:32:23.273838+00:00,2026-06-13 12:02:23,Anllia,plug_1,Tapo P110,P110,iron,68ce0cc0,multi_cycle,1.0,0.0,236.463,0.0,0.072,0.625,,on,-68,,30 minute NILM iron thermostat cycle session
2026-06-13T06:32:24.893827+00:00,2026-06-13 12:02:24,Anllia,plug_1,Tapo P110,P110,iron,68ce0cc0,multi_cycle,1.0,0.0,236.463,0.0,0.072,0.625,,on,-69,,30 minute NILM iron thermostat cycle session
2026-06-13T06:32:26.472614+00:00,2026-06-13 12:02:26,Anllia,plug_1,Tapo P110,P110,iron,68ce0cc0,multi_cycle,1.0,0.0,236.463,0.0,0.072,0.625,,on,-69,,30 minute NILM iron thermostat cycle session
2026-06-13T06:32:28.042734+00:00,2026-06-13 12:02:28,Anllia,plug_1,Tapo P110,P110,iron,68ce0cc0,multi_cycle,1.0,0.0,236.463,0.0,0.072,0.625,,on,-68,,30 minute NILM iron thermostat cycle session
2026-06-13T06:32:29.762822+00:00,2026-06-13 12:02:29,Anllia,plug_1,Tapo P110,P110,iron,68ce0cc0,multi_cycle,1.0,0.0,236.463,0.0,0.072,0.625,,on,-73,,30 minute NILM iron thermostat cycle session
2026-06-13T06:32:31.393762+00:00,2026-06-13 12:02:31,Anllia,plug_1,Tapo P110,P110,iron,68ce0cc0,multi_cycle,1.0,0.0,237.063,0.0,0.072,0.625,,on,-68,,30 minute NILM iron thermostat cycle session
2026-06-13T06:32:33.059419+00:00,2026-06-13 12:02:33,Anllia,plug_1,Tapo P110,P110,iron,68ce0cc0,multi_cycle,1.0,0.0,237.063,0.0,0.072,0.625,,on,-67,,30 minute NILM iron thermostat cycle session
2026-06-13T06:32:34.847978+00:00,2026-06-13 12:02:34,Anllia,plug_1,Tapo P110,P110,iron,68ce0cc0,multi_cycle,1.0,0.0,237.063,0.0,0.072,0.625,,on,-70,,30 minute NILM iron thermostat cycle session
2026-06-13T06:32:40.687421+00:00,2026-06-13 12:02:40,Anllia,plug_1,Tapo P110,P110,iron,68ce0cc0,multi_cycle,1.0,0.0,237.063,0.0,0.072,0.625,,on,-69,,30 minute NILM iron thermostat cycle session
2026-06-13T06:32:42.289309+00:00,2026-06-13 12:02:42,Anllia,plug_1,Tapo P110,P110,iron,68ce0cc0,multi_cycle,1.0,0.0,237.063,0.0,0.072,0.625,,on,-70,,30 minute NILM iron thermostat cycle session
2026-06-13T06:32:44.089416+00:00,2026-06-13 12:02:44,Anllia,plug_1,Tapo P110,P110,iron,68ce0cc0,multi_cycle,1.0,0.0,237.063,0.0,0.072,0.625,,on,-70,,30 minute NILM iron thermostat cycle session
2026-06-13T06:32:45.800068+00:00,2026-06-13 12:02:45,Anllia,plug_1,Tapo P110,P110,iron,68ce0cc0,multi_cycle,1.0,0.0,237.622,0.0,0.072,0.625,,on,-67,,30 minute NILM iron thermostat cycle session
2026-06-13T06:32:49.239227+00:00,2026-06-13 12:02:49,Anllia,plug_1,Tapo P110,P110,iron,68ce0cc0,multi_cycle,1.0,0.0,237.622,0.0,0.072,0.625,,on,-69,,30 minute NILM iron thermostat cycle session
2026-06-13T06:32:51.046235+00:00,2026-06-13 12:02:51,Anllia,plug_1,Tapo P110,P110,iron,68ce0cc0,multi_cycle,1.0,0.0,237.622,0.0,0.072,0.625,,on,-68,,30 minute NILM iron thermostat cycle session
2026-06-13T06:32:52.549824+00:00,2026-06-13 12:02:52,Anllia,plug_1,Tapo P110,P110,iron,68ce0cc0,multi_cycle,1.0,0.0,237.622,0.0,0.072,0.625,,on,-69,,30 minute NILM iron thermostat cycle session
2026-06-13T06:32:54.254954+00:00,2026-06-13 12:02:54,Anllia,plug_1,Tapo P110,P110,iron,68ce0cc0,multi_cycle,1.0,0.0,237.622,0.0,0.072,0.625,,on,-70,,30 minute NILM iron thermostat cycle session
2026-06-13T06:32:55.901701+00:00,2026-06-13 12:02:55,Anllia,plug_1,Tapo P110,P110,iron,68ce0cc0,multi_cycle,1.0,0.0,237.622,0.0,0.072,0.625,,on,-69,,30 minute NILM iron thermostat cycle session
2026-06-13T06:32:59.275437+00:00,2026-06-13 12:02:59,Anllia,plug_1,Tapo P110,P110,iron,68ce0cc0,multi_cycle,1.0,0.0,236.544,0.0,0.072,0.625,,on,-67,,30 minute NILM iron thermostat cycle session
2026-06-13T06:33:01.012892+00:00,2026-06-13 12:03:01,Anllia,plug_1,Tapo P110,P110,iron,68ce0cc0,multi_cycle,1.0,0.0,236.544,0.0,0.072,0.625,,on,-68,,30 minute NILM iron thermostat cycle session
2026-06-13T06:33:02.563789+00:00,2026-06-13 12:03:02,Anllia,plug_1,Tapo P110,P110,iron,68ce0cc0,multi_cycle,1.0,0.0,236.544,0.0,0.072,0.625,,on,-68,,30 minute NILM iron thermostat cycle session
2026-06-13T06:33:04.088668+00:00,2026-06-13 12:03:04,Anllia,plug_1,Tapo P110,P110,iron,68ce0cc0,multi_cycle,1.0,0.0,236.544,0.0,0.072,0.625,,on,-68,,30 minute NILM iron thermostat cycle session
2026-06-13T06:33:05.690697+00:00,2026-06-13 12:03:05,Anllia,plug_1,Tapo P110,P110,iron,68ce0cc0,multi_cycle,1.0,0.0,236.544,0.0,0.072,0.625,,on,-69,,30 minute NILM iron thermostat cycle session
2026-06-13T06:33:07.580946+00:00,2026-06-13 12:03:07,Anllia,plug_1,Tapo P110,P110,iron,68ce0cc0,multi_cycle,1.0,0.0,236.544,0.0,0.072,0.625,,on,-69,,30 minute NILM iron thermostat cycle session
2026-06-13T06:33:09.486309+00:00,2026-06-13 12:03:09,Anllia,plug_1,Tapo P110,P110,iron,68ce0cc0,multi_cycle,1.0,0.0,236.544,0.0,0.072,0.625,,on,-69,,30 minute NILM iron thermostat cycle session
2026-06-13T06:33:11.120163+00:00,2026-06-13 12:03:11,Anllia,plug_1,Tapo P110,P110,iron,68ce0cc0,multi_cycle,1.0,0.0,236.544,0.0,0.072,0.625,,on,-69,,30 minute NILM iron thermostat cycle session
2026-06-13T06:33:12.844991+00:00,2026-06-13 12:03:12,Anllia,plug_1,Tapo P110,P110,iron,68ce0cc0,multi_cycle,1.0,0.0,236.544,0.0,0.072,0.625,,on,-69,,30 minute NILM iron thermostat cycle session
2026-06-13T06:33:14.434496+00:00,2026-06-13 12:03:14,Anllia,plug_1,Tapo P110,P110,iron,68ce0cc0,multi_cycle,1.0,0.0,236.013,0.0,0.072,0.625,,on,-69,,30 minute NILM iron thermostat cycle session
2026-06-13T06:33:16.045737+00:00,2026-06-13 12:03:16,Anllia,plug_1,Tapo P110,P110,iron,68ce0cc0,multi_cycle,1.0,0.0,236.013,0.0,0.072,0.625,,on,-68,,30 minute NILM iron thermostat cycle session
2026-06-13T06:33:20.312427+00:00,2026-06-13 12:03:20,Anllia,plug_1,Tapo P110,P110,iron,68ce0cc0,multi_cycle,1.0,0.0,236.013,0.0,0.072,0.625,,on,-70,,30 minute NILM iron thermostat cycle session
2026-06-13T06:33:21.872962+00:00,2026-06-13 12:03:21,Anllia,plug_1,Tapo P110,P110,iron,68ce0cc0,multi_cycle,1.0,0.0,236.013,0.0,0.072,0.625,,on,-69,,30 minute NILM iron thermostat cycle session
2026-06-13T06:33:23.436583+00:00,2026-06-13 12:03:23,Anllia,plug_1,Tapo P110,P110,iron,68ce0cc0,multi_cycle,1.0,0.0,236.013,0.0,0.072,0.625,,on,-69,,30 minute NILM iron thermostat cycle session
2026-06-13T06:33:25.111965+00:00,2026-06-13 12:03:25,Anllia,plug_1,Tapo P110,P110,iron,68ce0cc0,multi_cycle,1.0,0.0,236.013,0.0,0.072,0.625,,on,-68,,30 minute NILM iron thermostat cycle session
2026-06-13T06:33:26.742112+00:00,2026-06-13 12:03:26,Anllia,plug_1,Tapo P110,P110,iron,68ce0cc0,multi_cycle,1.0,0.0,236.013,0.0,0.072,0.625,,on,-68,,30 minute NILM iron thermostat cycle session
2026-06-13T06:33:28.639727+00:00,2026-06-13 12:03:28,Anllia,plug_1,Tapo P110,P110,iron,68ce0cc0,multi_cycle,1.0,0.0,236.459,0.0,0.072,0.625,,on,-69,,30 minute NILM iron thermostat cycle session
2026-06-13T06:33:30.230832+00:00,2026-06-13 12:03:30,Anllia,plug_1,Tapo P110,P110,iron,68ce0cc0,multi_cycle,1.0,0.0,236.459,0.0,0.072,0.625,,on,-69,,30 minute NILM iron thermostat cycle session
2026-06-13T06:33:31.756776+00:00,2026-06-13 12:03:31,Anllia,plug_1,Tapo P110,P110,iron,68ce0cc0,multi_cycle,1.0,0.0,236.459,0.0,0.072,0.625,,on,-68,,30 minute NILM iron thermostat cycle session
2026-06-13T06:33:33.595714+00:00,2026-06-13 12:03:33,Anllia,plug_1,Tapo P110,P110,iron,68ce0cc0,multi_cycle,1.0,0.0,236.459,0.0,0.072,0.625,,on,-69,,30 minute NILM iron thermostat cycle session
2026-06-13T06:33:38.986959+00:00,2026-06-13 12:03:38,Anllia,plug_1,Tapo P110,P110,iron,68ce0cc0,multi_cycle,1.0,0.0,236.459,0.0,0.072,0.625,,on,-69,,30 minute NILM iron thermostat cycle session
2026-06-13T06:33:40.662752+00:00,2026-06-13 12:03:40,Anllia,plug_1,Tapo P110,P110,iron,68ce0cc0,multi_cycle,1.0,0.0,236.459,0.0,0.072,0.625,,on,-69,,30 minute NILM iron thermostat cycle session
2026-06-13T06:33:42.311169+00:00,2026-06-13 12:03:42,Anllia,plug_1,Tapo P110,P110,iron,68ce0cc0,multi_cycle,1.0,0.0,236.328,0.0,0.072,0.625,,on,-69,,30 minute NILM iron thermostat cycle session
2026-06-13T06:33:43.893475+00:00,2026-06-13 12:03:43,Anllia,plug_1,Tapo P110,P110,iron,68ce0cc0,multi_cycle,1.0,0.0,236.328,0.0,0.072,0.625,,on,-69,,30 minute NILM iron thermostat cycle session
2026-06-13T06:33:45.546319+00:00,2026-06-13 12:03:45,Anllia,plug_1,Tapo P110,P110,iron,68ce0cc0,multi_cycle,1.0,0.0,236.328,0.0,0.072,0.625,,on,-69,,30 minute NILM iron thermostat cycle session
2026-06-13T06:33:47.386750+00:00,2026-06-13 12:03:47,Anllia,plug_1,Tapo P110,P110,iron,68ce0cc0,multi_cycle,1.0,0.0,236.328,0.0,0.072,0.625,,on,-69,,30 minute NILM iron thermostat cycle session
2026-06-13T06:33:49.375527+00:00,2026-06-13 12:03:49,Anllia,plug_1,Tapo P110,P110,iron,68ce0cc0,multi_cycle,1.0,0.0,236.328,0.0,0.072,0.625,,on,-69,,30 minute NILM iron thermostat cycle session
2026-06-13T06:33:51.288023+00:00,2026-06-13 12:03:51,Anllia,plug_1,Tapo P110,P110,iron,68ce0cc0,multi_cycle,1.0,0.0,236.328,0.0,0.072,0.625,,on,-69,,30 minute NILM iron thermostat cycle session
2026-06-13T06:33:52.952008+00:00,2026-06-13 12:03:52,Anllia,plug_1,Tapo P110,P110,iron,68ce0cc0,multi_cycle,1.0,0.0,236.328,0.0,0.072,0.625,,on,-69,,30 minute NILM iron thermostat cycle session
2026-06-13T06:33:54.569595+00:00,2026-06-13 12:03:54,Anllia,plug_1,Tapo P110,P110,iron,68ce0cc0,multi_cycle,1.0,0.0,236.328,0.0,0.072,0.625,,on,-69,,30 minute NILM iron thermostat cycle session
2026-06-13T06:33:56.199263+00:00,2026-06-13 12:03:56,Anllia,plug_1,Tapo P110,P110,iron,68ce0cc0,multi_cycle,1.0,0.0,235.43,0.0,0.072,0.625,,on,-69,,30 minute NILM iron thermostat cycle session
2026-06-13T06:33:58.402020+00:00,2026-06-13 12:03:58,Anllia,plug_1,Tapo P110,P110,iron,68ce0cc0,multi_cycle,1.0,0.0,235.43,0.0,0.072,0.625,,on,-69,,30 minute NILM iron thermostat cycle session
2026-06-13T06:33:59.955239+00:00,2026-06-13 12:03:59,Anllia,plug_1,Tapo P110,P110,iron,68ce0cc0,multi_cycle,1.0,0.0,235.43,0.0,0.072,0.625,,on,-69,,30 minute NILM iron thermostat cycle session
2026-06-13T06:34:01.631372+00:00,2026-06-13 12:04:01,Anllia,plug_1,Tapo P110,P110,iron,68ce0cc0,multi_cycle,1.0,1233.521,235.43,5.475,0.073,0.625,,on,-69,,30 minute NILM iron thermostat cycle session
2026-06-13T06:34:03.699068+00:00,2026-06-13 12:04:03,Anllia,plug_1,Tapo P110,P110,iron,68ce0cc0,multi_cycle,1.0,1314.882,227.86,5.475,0.073,0.626,,on,-69,,30 minute NILM iron thermostat cycle session
2026-06-13T06:34:05.593787+00:00,2026-06-13 12:04:05,Anllia,plug_1,Tapo P110,P110,iron,68ce0cc0,multi_cycle,1.0,1310.981,228.027,5.743,0.074,0.626,,on,-69,,30 minute NILM iron thermostat cycle session
2026-06-13T06:34:07.222735+00:00,2026-06-13 12:04:07,Anllia,plug_1,Tapo P110,P110,iron,68ce0cc0,multi_cycle,1.0,1304.971,228.027,5.719,0.075,0.627,,on,-69,,30 minute NILM iron thermostat cycle session
2026-06-13T06:34:09.030694+00:00,2026-06-13 12:04:09,Anllia,plug_1,Tapo P110,P110,iron,68ce0cc0,multi_cycle,1.0,1302.9,227.805,5.719,0.075,0.628,,on,-69,,30 minute NILM iron thermostat cycle session
2026-06-13T06:34:10.842361+00:00,2026-06-13 12:04:10,Anllia,plug_1,Tapo P110,P110,iron,68ce0cc0,multi_cycle,1.0,1303.13,227.805,5.71,0.076,0.628,,on,-68,,30 minute NILM iron thermostat cycle session
2026-06-13T06:34:13.984847+00:00,2026-06-13 12:04:13,Anllia,plug_1,Tapo P110,P110,iron,68ce0cc0,multi_cycle,1.0,1304.313,228.111,5.71,0.077,0.629,,on,-69,,30 minute NILM iron thermostat cycle session
2026-06-13T06:34:15.547389+00:00,2026-06-13 12:04:15,Anllia,plug_1,Tapo P110,P110,iron,68ce0cc0,multi_cycle,1.0,1303.546,234.764,5.705,0.077,0.629,,on,-68,,30 minute NILM iron thermostat cycle session
2026-06-13T06:34:17.160196+00:00,2026-06-13 12:04:17,Anllia,plug_1,Tapo P110,P110,iron,68ce0cc0,multi_cycle,1.0,0.0,234.764,0.0,0.077,0.629,,on,-68,,30 minute NILM iron thermostat cycle session
2026-06-13T06:34:18.873929+00:00,2026-06-13 12:04:18,Anllia,plug_1,Tapo P110,P110,iron,68ce0cc0,multi_cycle,1.0,0.0,235.898,0.0,0.077,0.629,,on,-68,,30 minute NILM iron thermostat cycle session
2026-06-13T06:34:20.909916+00:00,2026-06-13 12:04:20,Anllia,plug_1,Tapo P110,P110,iron,68ce0cc0,multi_cycle,1.0,0.0,235.898,0.0,0.077,0.629,,on,-69,,30 minute NILM iron thermostat cycle session
2026-06-13T06:34:22.435914+00:00,2026-06-13 12:04:22,Anllia,plug_1,Tapo P110,P110,iron,68ce0cc0,multi_cycle,1.0,0.0,235.898,0.0,0.077,0.629,,on,-69,,30 minute NILM iron thermostat cycle session
2026-06-13T06:34:24.331273+00:00,2026-06-13 12:04:24,Anllia,plug_1,Tapo P110,P110,iron,68ce0cc0,multi_cycle,1.0,0.0,235.898,0.0,0.077,0.629,,on,-69,,30 minute NILM iron thermostat cycle session
2026-06-13T06:34:25.999316+00:00,2026-06-13 12:04:25,Anllia,plug_1,Tapo P110,P110,iron,68ce0cc0,multi_cycle,1.0,0.0,235.898,0.0,0.077,0.629,,on,-69,,30 minute NILM iron thermostat cycle session
2026-06-13T06:34:27.630251+00:00,2026-06-13 12:04:27,Anllia,plug_1,Tapo P110,P110,iron,68ce0cc0,multi_cycle,1.0,0.0,235.898,0.0,0.077,0.629,,on,-70,,30 minute NILM iron thermostat cycle session
2026-06-13T06:34:29.468993+00:00,2026-06-13 12:04:29,Anllia,plug_1,Tapo P110,P110,iron,68ce0cc0,multi_cycle,1.0,0.0,235.898,0.0,0.077,0.629,,on,-70,,30 minute NILM iron thermostat cycle session
2026-06-13T06:34:31.162273+00:00,2026-06-13 12:04:31,Anllia,plug_1,Tapo P110,P110,iron,68ce0cc0,multi_cycle,1.0,0.0,235.898,0.0,0.077,0.629,,on,-69,,30 minute NILM iron thermostat cycle session
2026-06-13T06:34:32.876846+00:00,2026-06-13 12:04:32,Anllia,plug_1,Tapo P110,P110,iron,68ce0cc0,multi_cycle,1.0,0.0,236.374,0.0,0.077,0.629,,on,-70,,30 minute NILM iron thermostat cycle session
2026-06-13T06:34:34.538348+00:00,2026-06-13 12:04:34,Anllia,plug_1,Tapo P110,P110,iron,68ce0cc0,multi_cycle,1.0,0.0,236.374,0.0,0.077,0.629,,on,-69,,30 minute NILM iron thermostat cycle session
2026-06-13T06:34:36.164597+00:00,2026-06-13 12:04:36,Anllia,plug_1,Tapo P110,P110,iron,68ce0cc0,multi_cycle,1.0,0.0,236.374,0.0,0.077,0.629,,on,-69,,30 minute NILM iron thermostat cycle session
2026-06-13T06:34:37.740597+00:00,2026-06-13 12:04:37,Anllia,plug_1,Tapo P110,P110,iron,68ce0cc0,multi_cycle,1.0,0.0,236.374,0.0,0.077,0.629,,on,-69,,30 minute NILM iron thermostat cycle session
2026-06-13T06:34:39.804723+00:00,2026-06-13 12:04:39,Anllia,plug_1,Tapo P110,P110,iron,68ce0cc0,multi_cycle,1.0,0.0,236.374,0.0,0.077,0.629,,on,-69,,30 minute NILM iron thermostat cycle session
2026-06-13T06:34:41.321942+00:00,2026-06-13 12:04:41,Anllia,plug_1,Tapo P110,P110,iron,68ce0cc0,multi_cycle,1.0,0.0,236.374,0.0,0.077,0.629,,on,-68,,30 minute NILM iron thermostat cycle session
2026-06-13T06:34:43.073246+00:00,2026-06-13 12:04:43,Anllia,plug_1,Tapo P110,P110,iron,68ce0cc0,multi_cycle,1.0,0.0,236.374,0.0,0.077,0.629,,on,-70,,30 minute NILM iron thermostat cycle session
2026-06-13T06:34:44.718520+00:00,2026-06-13 12:04:44,Anllia,plug_1,Tapo P110,P110,iron,68ce0cc0,multi_cycle,1.0,0.0,236.374,0.0,0.077,0.629,,on,-69,,30 minute NILM iron thermostat cycle session
2026-06-13T06:34:46.474648+00:00,2026-06-13 12:04:46,Anllia,plug_1,Tapo P110,P110,iron,68ce0cc0,multi_cycle,1.0,0.0,236.55,0.0,0.077,0.629,,on,-70,,30 minute NILM iron thermostat cycle session
2026-06-13T06:34:48.213376+00:00,2026-06-13 12:04:48,Anllia,plug_1,Tapo P110,P110,iron,68ce0cc0,multi_cycle,1.0,0.0,236.55,0.0,0.077,0.629,,on,-69,,30 minute NILM iron thermostat cycle session
2026-06-13T06:34:49.757967+00:00,2026-06-13 12:04:49,Anllia,plug_1,Tapo P110,P110,iron,68ce0cc0,multi_cycle,1.0,0.0,236.55,0.0,0.077,0.629,,on,-69,,30 minute NILM iron thermostat cycle session
2026-06-13T06:34:51.358951+00:00,2026-06-13 12:04:51,Anllia,plug_1,Tapo P110,P110,iron,68ce0cc0,multi_cycle,1.0,0.0,236.55,0.0,0.077,0.629,,on,-69,,30 minute NILM iron thermostat cycle session
2026-06-13T06:34:52.933319+00:00,2026-06-13 12:04:52,Anllia,plug_1,Tapo P110,P110,iron,68ce0cc0,multi_cycle,1.0,0.0,236.55,0.0,0.077,0.629,,on,-69,,30 minute NILM iron thermostat cycle session
2026-06-13T06:34:54.530318+00:00,2026-06-13 12:04:54,Anllia,plug_1,Tapo P110,P110,iron,68ce0cc0,multi_cycle,1.0,0.0,236.55,0.0,0.077,0.629,,on,-69,,30 minute NILM iron thermostat cycle session
2026-06-13T06:34:56.367083+00:00,2026-06-13 12:04:56,Anllia,plug_1,Tapo P110,P110,iron,68ce0cc0,multi_cycle,1.0,0.0,236.55,0.0,0.077,0.629,,on,-69,,30 minute NILM iron thermostat cycle session
2026-06-13T06:34:58.975211+00:00,2026-06-13 12:04:58,Anllia,plug_1,Tapo P110,P110,iron,68ce0cc0,multi_cycle,1.0,0.0,236.55,0.0,0.077,0.629,,on,-69,,30 minute NILM iron thermostat cycle session
2026-06-13T06:35:00.640270+00:00,2026-06-13 12:05:00,Anllia,plug_1,Tapo P110,P110,iron,68ce0cc0,multi_cycle,1.0,0.0,236.441,0.0,0.077,0.629,,on,-70,,30 minute NILM iron thermostat cycle session
2026-06-13T06:35:02.351926+00:00,2026-06-13 12:05:02,Anllia,plug_1,Tapo P110,P110,iron,68ce0cc0,multi_cycle,1.0,0.0,236.441,0.0,0.077,0.629,,on,-68,,30 minute NILM iron thermostat cycle session
2026-06-13T06:35:03.934675+00:00,2026-06-13 12:05:03,Anllia,plug_1,Tapo P110,P110,iron,68ce0cc0,multi_cycle,1.0,0.0,236.441,0.0,0.077,0.629,,on,-69,,30 minute NILM iron thermostat cycle session
2026-06-13T06:35:05.612353+00:00,2026-06-13 12:05:05,Anllia,plug_1,Tapo P110,P110,iron,68ce0cc0,multi_cycle,1.0,0.0,236.441,0.0,0.077,0.629,,on,-68,,30 minute NILM iron thermostat cycle session
2026-06-13T06:35:07.225312+00:00,2026-06-13 12:05:07,Anllia,plug_1,Tapo P110,P110,iron,68ce0cc0,multi_cycle,1.0,0.0,236.441,0.0,0.077,0.629,,on,-68,,30 minute NILM iron thermostat cycle session
2026-06-13T06:35:09.065227+00:00,2026-06-13 12:05:09,Anllia,plug_1,Tapo P110,P110,iron,68ce0cc0,multi_cycle,1.0,0.0,236.441,0.0,0.077,0.629,,on,-69,,30 minute NILM iron thermostat cycle session
2026-06-13T06:35:11.151326+00:00,2026-06-13 12:05:11,Anllia,plug_1,Tapo P110,P110,iron,68ce0cc0,multi_cycle,1.0,0.0,236.441,0.0,0.077,0.629,,on,-69,,30 minute NILM iron thermostat cycle session
2026-06-13T06:35:13.043642+00:00,2026-06-13 12:05:13,Anllia,plug_1,Tapo P110,P110,iron,68ce0cc0,multi_cycle,1.0,0.0,236.441,0.0,0.077,0.629,,on,-69,,30 minute NILM iron thermostat cycle session
2026-06-13T06:35:14.642087+00:00,2026-06-13 12:05:14,Anllia,plug_1,Tapo P110,P110,iron,68ce0cc0,multi_cycle,1.0,0.0,236.344,0.0,0.077,0.629,,on,-68,,30 minute NILM iron thermostat cycle session
2026-06-13T06:35:16.663015+00:00,2026-06-13 12:05:16,Anllia,plug_1,Tapo P110,P110,iron,68ce0cc0,multi_cycle,1.0,0.0,236.344,0.0,0.077,0.629,,on,-68,,30 minute NILM iron thermostat cycle session
2026-06-13T06:35:18.309050+00:00,2026-06-13 12:05:18,Anllia,plug_1,Tapo P110,P110,iron,68ce0cc0,multi_cycle,1.0,0.0,236.344,0.0,0.077,0.629,,on,-69,,30 minute NILM iron thermostat cycle session
2026-06-13T06:35:20.034905+00:00,2026-06-13 12:05:20,Anllia,plug_1,Tapo P110,P110,iron,68ce0cc0,multi_cycle,1.0,0.0,236.344,0.0,0.077,0.629,,on,-69,,30 minute NILM iron thermostat cycle session
2026-06-13T06:35:21.891795+00:00,2026-06-13 12:05:21,Anllia,plug_1,Tapo P110,P110,iron,68ce0cc0,multi_cycle,1.0,0.0,236.344,0.0,0.077,0.629,,on,-69,,30 minute NILM iron thermostat cycle session
2026-06-13T06:35:24.841119+00:00,2026-06-13 12:05:24,Anllia,plug_1,Tapo P110,P110,iron,68ce0cc0,multi_cycle,1.0,0.0,236.344,0.0,0.077,0.629,,on,-69,,30 minute NILM iron thermostat cycle session
2026-06-13T06:35:26.408156+00:00,2026-06-13 12:05:26,Anllia,plug_1,Tapo P110,P110,iron,68ce0cc0,multi_cycle,1.0,0.0,236.344,0.0,0.077,0.629,,on,-69,,30 minute NILM iron thermostat cycle session
2026-06-13T06:35:28.064036+00:00,2026-06-13 12:05:28,Anllia,plug_1,Tapo P110,P110,iron,68ce0cc0,multi_cycle,1.0,0.0,236.344,0.0,0.077,0.629,,on,-68,,30 minute NILM iron thermostat cycle session
2026-06-13T06:35:34.487174+00:00,2026-06-13 12:05:34,Anllia,plug_1,Tapo P110,P110,iron,68ce0cc0,multi_cycle,1.0,0.0,236.764,0.0,0.077,0.629,,on,-69,,30 minute NILM iron thermostat cycle session
2026-06-13T06:35:36.235429+00:00,2026-06-13 12:05:36,Anllia,plug_1,Tapo P110,P110,iron,68ce0cc0,multi_cycle,1.0,0.0,236.764,0.0,0.077,0.629,,on,-70,,30 minute NILM iron thermostat cycle session
2026-06-13T06:35:37.853870+00:00,2026-06-13 12:05:37,Anllia,plug_1,Tapo P110,P110,iron,68ce0cc0,multi_cycle,1.0,0.0,236.764,0.0,0.077,0.629,,on,-69,,30 minute NILM iron thermostat cycle session
2026-06-13T06:35:41.116907+00:00,2026-06-13 12:05:41,Anllia,plug_1,Tapo P110,P110,iron,68ce0cc0,multi_cycle,1.0,0.0,236.764,0.0,0.077,0.629,,on,-69,,30 minute NILM iron thermostat cycle session
2026-06-13T06:35:44.206993+00:00,2026-06-13 12:05:44,Anllia,plug_1,Tapo P110,P110,iron,68ce0cc0,multi_cycle,1.0,0.0,236.468,0.0,0.077,0.629,,on,-70,,30 minute NILM iron thermostat cycle session
2026-06-13T06:35:48.035058+00:00,2026-06-13 12:05:48,Anllia,plug_1,Tapo P110,P110,iron,68ce0cc0,multi_cycle,1.0,0.0,236.468,0.0,0.077,0.629,,on,-69,,30 minute NILM iron thermostat cycle session
2026-06-13T06:35:49.682848+00:00,2026-06-13 12:05:49,Anllia,plug_1,Tapo P110,P110,iron,68ce0cc0,multi_cycle,1.0,0.0,236.468,0.0,0.077,0.629,,on,-69,,30 minute NILM iron thermostat cycle session
2026-06-13T06:35:51.341275+00:00,2026-06-13 12:05:51,Anllia,plug_1,Tapo P110,P110,iron,68ce0cc0,multi_cycle,1.0,0.0,236.468,0.0,0.077,0.629,,on,-69,,30 minute NILM iron thermostat cycle session
2026-06-13T06:35:52.914230+00:00,2026-06-13 12:05:52,Anllia,plug_1,Tapo P110,P110,iron,68ce0cc0,multi_cycle,1.0,0.0,236.468,0.0,0.077,0.629,,on,-69,,30 minute NILM iron thermostat cycle session
2026-06-13T06:35:54.729214+00:00,2026-06-13 12:05:54,Anllia,plug_1,Tapo P110,P110,iron,68ce0cc0,multi_cycle,1.0,0.0,236.468,0.0,0.077,0.629,,on,-69,,30 minute NILM iron thermostat cycle session
2026-06-13T06:35:56.517306+00:00,2026-06-13 12:05:56,Anllia,plug_1,Tapo P110,P110,iron,68ce0cc0,multi_cycle,1.0,0.0,236.468,0.0,0.077,0.629,,on,-70,,30 minute NILM iron thermostat cycle session
2026-06-13T06:35:58.350543+00:00,2026-06-13 12:05:58,Anllia,plug_1,Tapo P110,P110,iron,68ce0cc0,multi_cycle,1.0,0.0,236.6,0.0,0.077,0.629,,on,-69,,30 minute NILM iron thermostat cycle session
2026-06-13T06:36:00.177876+00:00,2026-06-13 12:06:00,Anllia,plug_1,Tapo P110,P110,iron,68ce0cc0,multi_cycle,1.0,0.0,236.6,0.0,0.077,0.629,,on,-69,,30 minute NILM iron thermostat cycle session
2026-06-13T06:36:01.780479+00:00,2026-06-13 12:06:01,Anllia,plug_1,Tapo P110,P110,iron,68ce0cc0,multi_cycle,1.0,0.0,236.6,0.0,0.077,0.629,,on,-69,,30 minute NILM iron thermostat cycle session
2026-06-13T06:36:03.323679+00:00,2026-06-13 12:06:03,Anllia,plug_1,Tapo P110,P110,iron,68ce0cc0,multi_cycle,1.0,0.0,236.6,0.0,0.077,0.629,,on,-68,,30 minute NILM iron thermostat cycle session
2026-06-13T06:36:04.908302+00:00,2026-06-13 12:06:04,Anllia,plug_1,Tapo P110,P110,iron,68ce0cc0,multi_cycle,1.0,0.0,236.6,0.0,0.077,0.629,,on,-69,,30 minute NILM iron thermostat cycle session
2026-06-13T06:36:06.599586+00:00,2026-06-13 12:06:06,Anllia,plug_1,Tapo P110,P110,iron,68ce0cc0,multi_cycle,1.0,0.0,236.6,0.0,0.077,0.629,,on,-69,,30 minute NILM iron thermostat cycle session
2026-06-13T06:36:08.162154+00:00,2026-06-13 12:06:08,Anllia,plug_1,Tapo P110,P110,iron,68ce0cc0,multi_cycle,1.0,0.0,236.6,0.0,0.077,0.629,,on,-69,,30 minute NILM iron thermostat cycle session
2026-06-13T06:36:09.937091+00:00,2026-06-13 12:06:09,Anllia,plug_1,Tapo P110,P110,iron,68ce0cc0,multi_cycle,1.0,0.0,236.6,0.0,0.077,0.629,,on,-69,,30 minute NILM iron thermostat cycle session
2026-06-13T06:36:13.440309+00:00,2026-06-13 12:06:13,Anllia,plug_1,Tapo P110,P110,iron,68ce0cc0,multi_cycle,1.0,0.0,236.444,0.0,0.077,0.629,,on,-69,,30 minute NILM iron thermostat cycle session
2026-06-13T06:36:14.980285+00:00,2026-06-13 12:06:14,Anllia,plug_1,Tapo P110,P110,iron,68ce0cc0,multi_cycle,1.0,0.0,236.444,0.0,0.077,0.629,,on,-68,,30 minute NILM iron thermostat cycle session
2026-06-13T06:36:16.672596+00:00,2026-06-13 12:06:16,Anllia,plug_1,Tapo P110,P110,iron,68ce0cc0,multi_cycle,1.0,0.0,236.444,0.0,0.077,0.629,,on,-69,,30 minute NILM iron thermostat cycle session
2026-06-13T06:36:18.391394+00:00,2026-06-13 12:06:18,Anllia,plug_1,Tapo P110,P110,iron,68ce0cc0,multi_cycle,1.0,0.0,236.444,0.0,0.077,0.629,,on,-69,,30 minute NILM iron thermostat cycle session
2026-06-13T06:36:20.118847+00:00,2026-06-13 12:06:20,Anllia,plug_1,Tapo P110,P110,iron,68ce0cc0,multi_cycle,1.0,0.0,236.444,0.0,0.077,0.629,,on,-68,,30 minute NILM iron thermostat cycle session
2026-06-13T06:36:21.634251+00:00,2026-06-13 12:06:21,Anllia,plug_1,Tapo P110,P110,iron,68ce0cc0,multi_cycle,1.0,0.0,236.444,0.0,0.077,0.629,,on,-69,,30 minute NILM iron thermostat cycle session
2026-06-13T06:36:23.475121+00:00,2026-06-13 12:06:23,Anllia,plug_1,Tapo P110,P110,iron,68ce0cc0,multi_cycle,1.0,0.0,236.444,0.0,0.077,0.629,,on,-69,,30 minute NILM iron thermostat cycle session
2026-06-13T06:36:25.083255+00:00,2026-06-13 12:06:25,Anllia,plug_1,Tapo P110,P110,iron,68ce0cc0,multi_cycle,1.0,0.0,236.381,0.0,0.077,0.629,,on,-68,,30 minute NILM iron thermostat cycle session
2026-06-13T06:36:27.072607+00:00,2026-06-13 12:06:27,Anllia,plug_1,Tapo P110,P110,iron,68ce0cc0,multi_cycle,1.0,0.0,236.381,0.0,0.077,0.629,,on,-69,,30 minute NILM iron thermostat cycle session
2026-06-13T06:36:28.714242+00:00,2026-06-13 12:06:28,Anllia,plug_1,Tapo P110,P110,iron,68ce0cc0,multi_cycle,1.0,0.0,236.381,0.0,0.077,0.629,,on,-69,,30 minute NILM iron thermostat cycle session
2026-06-13T06:36:30.660019+00:00,2026-06-13 12:06:30,Anllia,plug_1,Tapo P110,P110,iron,68ce0cc0,multi_cycle,1.0,0.0,236.381,0.0,0.077,0.629,,on,-68,,30 minute NILM iron thermostat cycle session
2026-06-13T06:36:32.258862+00:00,2026-06-13 12:06:32,Anllia,plug_1,Tapo P110,P110,iron,68ce0cc0,multi_cycle,1.0,1250.253,236.381,5.486,0.077,0.63,,on,-68,,30 minute NILM iron thermostat cycle session
2026-06-13T06:36:33.914440+00:00,2026-06-13 12:06:33,Anllia,plug_1,Tapo P110,P110,iron,68ce0cc0,multi_cycle,1.0,1320.556,228.358,5.486,0.078,0.63,,on,-69,,30 minute NILM iron thermostat cycle session
2026-06-13T06:36:35.476485+00:00,2026-06-13 12:06:35,Anllia,plug_1,Tapo P110,P110,iron,68ce0cc0,multi_cycle,1.0,1317.643,228.358,5.758,0.079,0.631,,on,-69,,30 minute NILM iron thermostat cycle session
2026-06-13T06:36:37.097088+00:00,2026-06-13 12:06:37,Anllia,plug_1,Tapo P110,P110,iron,68ce0cc0,multi_cycle,1.0,1316.57,228.71,5.758,0.079,0.632,,on,-69,,30 minute NILM iron thermostat cycle session
2026-06-13T06:36:38.854331+00:00,2026-06-13 12:06:38,Anllia,plug_1,Tapo P110,P110,iron,68ce0cc0,multi_cycle,1.0,1314.61,228.71,5.74,0.08,0.632,,on,-69,,30 minute NILM iron thermostat cycle session
2026-06-13T06:36:40.370029+00:00,2026-06-13 12:06:40,Anllia,plug_1,Tapo P110,P110,iron,68ce0cc0,multi_cycle,1.0,1313.651,228.75,5.74,0.08,0.633,,on,-70,,30 minute NILM iron thermostat cycle session
2026-06-13T06:36:41.940258+00:00,2026-06-13 12:06:41,Anllia,plug_1,Tapo P110,P110,iron,68ce0cc0,multi_cycle,1.0,1311.459,228.75,5.727,0.081,0.633,,on,-70,,30 minute NILM iron thermostat cycle session
2026-06-13T06:36:44.975569+00:00,2026-06-13 12:06:44,Anllia,plug_1,Tapo P110,P110,iron,68ce0cc0,multi_cycle,1.0,1309.043,228.551,5.713,0.082,0.634,,on,-70,,30 minute NILM iron thermostat cycle session
2026-06-13T06:36:46.786407+00:00,2026-06-13 12:06:46,Anllia,plug_1,Tapo P110,P110,iron,68ce0cc0,multi_cycle,1.0,1307.104,235.617,5.713,0.082,0.634,,on,-69,,30 minute NILM iron thermostat cycle session
2026-06-13T06:36:48.349484+00:00,2026-06-13 12:06:48,Anllia,plug_1,Tapo P110,P110,iron,68ce0cc0,multi_cycle,1.0,0.0,235.617,0.0,0.082,0.634,,on,-70,,30 minute NILM iron thermostat cycle session
2026-06-13T06:36:49.912749+00:00,2026-06-13 12:06:49,Anllia,plug_1,Tapo P110,P110,iron,68ce0cc0,multi_cycle,1.0,0.0,236.398,0.0,0.082,0.634,,on,-69,,30 minute NILM iron thermostat cycle session
2026-06-13T06:36:51.474538+00:00,2026-06-13 12:06:51,Anllia,plug_1,Tapo P110,P110,iron,68ce0cc0,multi_cycle,1.0,0.0,236.398,0.0,0.082,0.634,,on,-69,,30 minute NILM iron thermostat cycle session
2026-06-13T06:36:53.119852+00:00,2026-06-13 12:06:53,Anllia,plug_1,Tapo P110,P110,iron,68ce0cc0,multi_cycle,1.0,0.0,236.398,0.0,0.082,0.634,,on,-69,,30 minute NILM iron thermostat cycle session
2026-06-13T06:36:54.646435+00:00,2026-06-13 12:06:54,Anllia,plug_1,Tapo P110,P110,iron,68ce0cc0,multi_cycle,1.0,0.0,236.398,0.0,0.082,0.634,,on,-69,,30 minute NILM iron thermostat cycle session
2026-06-13T06:36:56.316872+00:00,2026-06-13 12:06:56,Anllia,plug_1,Tapo P110,P110,iron,68ce0cc0,multi_cycle,1.0,0.0,236.398,0.0,0.082,0.634,,on,-69,,30 minute NILM iron thermostat cycle session
2026-06-13T06:36:57.963323+00:00,2026-06-13 12:06:57,Anllia,plug_1,Tapo P110,P110,iron,68ce0cc0,multi_cycle,1.0,0.0,236.398,0.0,0.082,0.634,,on,-70,,30 minute NILM iron thermostat cycle session
2026-06-13T06:36:59.864934+00:00,2026-06-13 12:06:59,Anllia,plug_1,Tapo P110,P110,iron,68ce0cc0,multi_cycle,1.0,0.0,236.398,0.0,0.082,0.634,,on,-69,,30 minute NILM iron thermostat cycle session
2026-06-13T06:37:01.387762+00:00,2026-06-13 12:07:01,Anllia,plug_1,Tapo P110,P110,iron,68ce0cc0,multi_cycle,1.0,0.0,236.398,0.0,0.082,0.634,,on,-69,,30 minute NILM iron thermostat cycle session
2026-06-13T06:37:03.017967+00:00,2026-06-13 12:07:03,Anllia,plug_1,Tapo P110,P110,iron,68ce0cc0,multi_cycle,1.0,0.0,236.398,0.0,0.082,0.634,,on,-69,,30 minute NILM iron thermostat cycle session
2026-06-13T06:37:04.599694+00:00,2026-06-13 12:07:04,Anllia,plug_1,Tapo P110,P110,iron,68ce0cc0,multi_cycle,1.0,0.0,236.01,0.0,0.082,0.634,,on,-69,,30 minute NILM iron thermostat cycle session
2026-06-13T06:37:07.527132+00:00,2026-06-13 12:07:07,Anllia,plug_1,Tapo P110,P110,iron,68ce0cc0,multi_cycle,1.0,0.0,236.01,0.0,0.082,0.634,,on,-69,,30 minute NILM iron thermostat cycle session
2026-06-13T06:37:09.085714+00:00,2026-06-13 12:07:09,Anllia,plug_1,Tapo P110,P110,iron,68ce0cc0,multi_cycle,1.0,0.0,236.01,0.0,0.082,0.634,,on,-69,,30 minute NILM iron thermostat cycle session
2026-06-13T06:37:10.650416+00:00,2026-06-13 12:07:10,Anllia,plug_1,Tapo P110,P110,iron,68ce0cc0,multi_cycle,1.0,0.0,236.01,0.0,0.082,0.634,,on,-69,,30 minute NILM iron thermostat cycle session
2026-06-13T06:37:12.639291+00:00,2026-06-13 12:07:12,Anllia,plug_1,Tapo P110,P110,iron,68ce0cc0,multi_cycle,1.0,0.0,236.01,0.0,0.082,0.634,,on,-69,,30 minute NILM iron thermostat cycle session
2026-06-13T06:37:14.298149+00:00,2026-06-13 12:07:14,Anllia,plug_1,Tapo P110,P110,iron,68ce0cc0,multi_cycle,1.0,0.0,236.01,0.0,0.082,0.634,,on,-68,,30 minute NILM iron thermostat cycle session
2026-06-13T06:37:15.869677+00:00,2026-06-13 12:07:15,Anllia,plug_1,Tapo P110,P110,iron,68ce0cc0,multi_cycle,1.0,0.0,236.01,0.0,0.082,0.634,,on,-69,,30 minute NILM iron thermostat cycle session
2026-06-13T06:37:17.486156+00:00,2026-06-13 12:07:17,Anllia,plug_1,Tapo P110,P110,iron,68ce0cc0,multi_cycle,1.0,0.0,235.598,0.0,0.082,0.634,,on,-70,,30 minute NILM iron thermostat cycle session
2026-06-13T06:37:19.128361+00:00,2026-06-13 12:07:19,Anllia,plug_1,Tapo P110,P110,iron,68ce0cc0,multi_cycle,1.0,0.0,235.598,0.0,0.082,0.634,,on,-69,,30 minute NILM iron thermostat cycle session
2026-06-13T06:37:20.775303+00:00,2026-06-13 12:07:20,Anllia,plug_1,Tapo P110,P110,iron,68ce0cc0,multi_cycle,1.0,0.0,235.598,0.0,0.082,0.634,,on,-69,,30 minute NILM iron thermostat cycle session
2026-06-13T06:37:22.303590+00:00,2026-06-13 12:07:22,Anllia,plug_1,Tapo P110,P110,iron,68ce0cc0,multi_cycle,1.0,0.0,235.598,0.0,0.082,0.634,,on,-69,,30 minute NILM iron thermostat cycle session
2026-06-13T06:37:24.252457+00:00,2026-06-13 12:07:24,Anllia,plug_1,Tapo P110,P110,iron,68ce0cc0,multi_cycle,1.0,0.0,235.598,0.0,0.082,0.634,,on,-69,,30 minute NILM iron thermostat cycle session
2026-06-13T06:37:25.981261+00:00,2026-06-13 12:07:25,Anllia,plug_1,Tapo P110,P110,iron,68ce0cc0,multi_cycle,1.0,0.0,235.598,0.0,0.082,0.634,,on,-69,,30 minute NILM iron thermostat cycle session
2026-06-13T06:37:27.542758+00:00,2026-06-13 12:07:27,Anllia,plug_1,Tapo P110,P110,iron,68ce0cc0,multi_cycle,1.0,0.0,235.598,0.0,0.082,0.634,,on,-69,,30 minute NILM iron thermostat cycle session
2026-06-13T06:37:29.105368+00:00,2026-06-13 12:07:29,Anllia,plug_1,Tapo P110,P110,iron,68ce0cc0,multi_cycle,1.0,0.0,235.598,0.0,0.082,0.634,,on,-69,,30 minute NILM iron thermostat cycle session
2026-06-13T06:37:30.840794+00:00,2026-06-13 12:07:30,Anllia,plug_1,Tapo P110,P110,iron,68ce0cc0,multi_cycle,1.0,0.0,235.598,0.0,0.082,0.634,,on,-69,,30 minute NILM iron thermostat cycle session
2026-06-13T06:37:32.485673+00:00,2026-06-13 12:07:32,Anllia,plug_1,Tapo P110,P110,iron,68ce0cc0,multi_cycle,1.0,0.0,235.451,0.0,0.082,0.634,,on,-69,,30 minute NILM iron thermostat cycle session
2026-06-13T06:37:34.177011+00:00,2026-06-13 12:07:34,Anllia,plug_1,Tapo P110,P110,iron,68ce0cc0,multi_cycle,1.0,0.0,235.451,0.0,0.082,0.634,,on,-70,,30 minute NILM iron thermostat cycle session
2026-06-13T06:37:35.832276+00:00,2026-06-13 12:07:35,Anllia,plug_1,Tapo P110,P110,iron,68ce0cc0,multi_cycle,1.0,0.0,235.451,0.0,0.082,0.634,,on,-70,,30 minute NILM iron thermostat cycle session
2026-06-13T06:37:37.548798+00:00,2026-06-13 12:07:37,Anllia,plug_1,Tapo P110,P110,iron,68ce0cc0,multi_cycle,1.0,0.0,235.451,0.0,0.082,0.634,,on,-70,,30 minute NILM iron thermostat cycle session
2026-06-13T06:37:39.444932+00:00,2026-06-13 12:07:39,Anllia,plug_1,Tapo P110,P110,iron,68ce0cc0,multi_cycle,1.0,0.0,235.451,0.0,0.082,0.634,,on,-69,,30 minute NILM iron thermostat cycle session
2026-06-13T06:37:41.268935+00:00,2026-06-13 12:07:41,Anllia,plug_1,Tapo P110,P110,iron,68ce0cc0,multi_cycle,1.0,0.0,235.451,0.0,0.082,0.634,,on,-69,,30 minute NILM iron thermostat cycle session
2026-06-13T06:37:43.394966+00:00,2026-06-13 12:07:43,Anllia,plug_1,Tapo P110,P110,iron,68ce0cc0,multi_cycle,1.0,0.0,235.451,0.0,0.082,0.634,,on,-69,,30 minute NILM iron thermostat cycle session
2026-06-13T06:37:45.292261+00:00,2026-06-13 12:07:45,Anllia,plug_1,Tapo P110,P110,iron,68ce0cc0,multi_cycle,1.0,0.0,235.451,0.0,0.082,0.634,,on,-69,,30 minute NILM iron thermostat cycle session
2026-06-13T06:37:46.875821+00:00,2026-06-13 12:07:46,Anllia,plug_1,Tapo P110,P110,iron,68ce0cc0,multi_cycle,1.0,0.0,235.644,0.0,0.082,0.634,,on,-68,,30 minute NILM iron thermostat cycle session
2026-06-13T06:37:52.691363+00:00,2026-06-13 12:07:52,Anllia,plug_1,Tapo P110,P110,iron,68ce0cc0,multi_cycle,1.0,0.0,235.644,0.0,0.082,0.634,,on,-69,,30 minute NILM iron thermostat cycle session
2026-06-13T06:37:54.278309+00:00,2026-06-13 12:07:54,Anllia,plug_1,Tapo P110,P110,iron,68ce0cc0,multi_cycle,1.0,0.0,235.644,0.0,0.082,0.634,,on,-69,,30 minute NILM iron thermostat cycle session
2026-06-13T06:37:55.819827+00:00,2026-06-13 12:07:55,Anllia,plug_1,Tapo P110,P110,iron,68ce0cc0,multi_cycle,1.0,0.0,235.644,0.0,0.082,0.634,,on,-69,,30 minute NILM iron thermostat cycle session
2026-06-13T06:37:57.793785+00:00,2026-06-13 12:07:57,Anllia,plug_1,Tapo P110,P110,iron,68ce0cc0,multi_cycle,1.0,0.0,235.644,0.0,0.082,0.634,,on,-69,,30 minute NILM iron thermostat cycle session
2026-06-13T06:37:59.883131+00:00,2026-06-13 12:07:59,Anllia,plug_1,Tapo P110,P110,iron,68ce0cc0,multi_cycle,1.0,0.0,235.526,0.0,0.082,0.634,,on,-69,,30 minute NILM iron thermostat cycle session
2026-06-13T06:38:01.495595+00:00,2026-06-13 12:08:01,Anllia,plug_1,Tapo P110,P110,iron,68ce0cc0,multi_cycle,1.0,0.0,235.526,0.0,0.082,0.634,,on,-68,,30 minute NILM iron thermostat cycle session
2026-06-13T06:38:03.183462+00:00,2026-06-13 12:08:03,Anllia,plug_1,Tapo P110,P110,iron,68ce0cc0,multi_cycle,1.0,0.0,235.526,0.0,0.082,0.634,,on,-69,,30 minute NILM iron thermostat cycle session
2026-06-13T06:38:06.677296+00:00,2026-06-13 12:08:06,Anllia,plug_1,Tapo P110,P110,iron,68ce0cc0,multi_cycle,1.0,0.0,235.526,0.0,0.082,0.634,,on,-69,,30 minute NILM iron thermostat cycle session
2026-06-13T06:38:08.323054+00:00,2026-06-13 12:08:08,Anllia,plug_1,Tapo P110,P110,iron,68ce0cc0,multi_cycle,1.0,0.0,235.526,0.0,0.082,0.634,,on,-68,,30 minute NILM iron thermostat cycle session
2026-06-13T06:38:10.050012+00:00,2026-06-13 12:08:10,Anllia,plug_1,Tapo P110,P110,iron,68ce0cc0,multi_cycle,1.0,0.0,235.526,0.0,0.082,0.634,,on,-69,,30 minute NILM iron thermostat cycle session
2026-06-13T06:38:11.567795+00:00,2026-06-13 12:08:11,Anllia,plug_1,Tapo P110,P110,iron,68ce0cc0,multi_cycle,1.0,0.0,235.526,0.0,0.082,0.634,,on,-69,,30 minute NILM iron thermostat cycle session
2026-06-13T06:38:13.383894+00:00,2026-06-13 12:08:13,Anllia,plug_1,Tapo P110,P110,iron,68ce0cc0,multi_cycle,1.0,0.0,235.526,0.0,0.082,0.634,,on,-69,,30 minute NILM iron thermostat cycle session
2026-06-13T06:38:14.986837+00:00,2026-06-13 12:08:14,Anllia,plug_1,Tapo P110,P110,iron,68ce0cc0,multi_cycle,1.0,0.0,235.401,0.0,0.082,0.634,,on,-68,,30 minute NILM iron thermostat cycle session
2026-06-13T06:38:16.502057+00:00,2026-06-13 12:08:16,Anllia,plug_1,Tapo P110,P110,iron,68ce0cc0,multi_cycle,1.0,0.0,235.401,0.0,0.082,0.634,,on,-69,,30 minute NILM iron thermostat cycle session
2026-06-13T06:38:18.531332+00:00,2026-06-13 12:08:18,Anllia,plug_1,Tapo P110,P110,iron,68ce0cc0,multi_cycle,1.0,0.0,235.401,0.0,0.082,0.634,,on,-69,,30 minute NILM iron thermostat cycle session
2026-06-13T06:38:20.131036+00:00,2026-06-13 12:08:20,Anllia,plug_1,Tapo P110,P110,iron,68ce0cc0,multi_cycle,1.0,0.0,235.401,0.0,0.082,0.634,,on,-69,,30 minute NILM iron thermostat cycle session
2026-06-13T06:38:21.691755+00:00,2026-06-13 12:08:21,Anllia,plug_1,Tapo P110,P110,iron,68ce0cc0,multi_cycle,1.0,0.0,235.401,0.0,0.082,0.634,,on,-69,,30 minute NILM iron thermostat cycle session
2026-06-13T06:38:23.213465+00:00,2026-06-13 12:08:23,Anllia,plug_1,Tapo P110,P110,iron,68ce0cc0,multi_cycle,1.0,0.0,235.401,0.0,0.082,0.634,,on,-70,,30 minute NILM iron thermostat cycle session
2026-06-13T06:38:24.846931+00:00,2026-06-13 12:08:24,Anllia,plug_1,Tapo P110,P110,iron,68ce0cc0,multi_cycle,1.0,0.0,235.401,0.0,0.082,0.634,,on,-69,,30 minute NILM iron thermostat cycle session
2026-06-13T06:38:26.393827+00:00,2026-06-13 12:08:26,Anllia,plug_1,Tapo P110,P110,iron,68ce0cc0,multi_cycle,1.0,0.0,235.401,0.0,0.082,0.634,,on,-69,,30 minute NILM iron thermostat cycle session
2026-06-13T06:38:28.894843+00:00,2026-06-13 12:08:28,Anllia,plug_1,Tapo P110,P110,iron,68ce0cc0,multi_cycle,1.0,0.0,234.541,0.0,0.082,0.634,,on,-69,,30 minute NILM iron thermostat cycle session
2026-06-13T06:38:30.509618+00:00,2026-06-13 12:08:30,Anllia,plug_1,Tapo P110,P110,iron,68ce0cc0,multi_cycle,1.0,0.0,234.541,0.0,0.082,0.634,,on,-70,,30 minute NILM iron thermostat cycle session
2026-06-13T06:38:32.320403+00:00,2026-06-13 12:08:32,Anllia,plug_1,Tapo P110,P110,iron,68ce0cc0,multi_cycle,1.0,0.0,234.541,0.0,0.082,0.634,,on,-66,,30 minute NILM iron thermostat cycle session
2026-06-13T06:38:33.839830+00:00,2026-06-13 12:08:33,Anllia,plug_1,Tapo P110,P110,iron,68ce0cc0,multi_cycle,1.0,0.0,234.541,0.0,0.082,0.634,,on,-70,,30 minute NILM iron thermostat cycle session
2026-06-13T06:38:35.524855+00:00,2026-06-13 12:08:35,Anllia,plug_1,Tapo P110,P110,iron,68ce0cc0,multi_cycle,1.0,0.0,234.541,0.0,0.082,0.634,,on,-68,,30 minute NILM iron thermostat cycle session
2026-06-13T06:38:37.169825+00:00,2026-06-13 12:08:37,Anllia,plug_1,Tapo P110,P110,iron,68ce0cc0,multi_cycle,1.0,0.0,234.541,0.0,0.082,0.634,,on,-69,,30 minute NILM iron thermostat cycle session
2026-06-13T06:38:38.735453+00:00,2026-06-13 12:08:38,Anllia,plug_1,Tapo P110,P110,iron,68ce0cc0,multi_cycle,1.0,0.0,234.541,0.0,0.082,0.634,,on,-68,,30 minute NILM iron thermostat cycle session
2026-06-13T06:38:42.049835+00:00,2026-06-13 12:08:42,Anllia,plug_1,Tapo P110,P110,iron,68ce0cc0,multi_cycle,1.0,0.0,234.541,0.0,0.082,0.634,,on,-69,,30 minute NILM iron thermostat cycle session
2026-06-13T06:38:43.637383+00:00,2026-06-13 12:08:43,Anllia,plug_1,Tapo P110,P110,iron,68ce0cc0,multi_cycle,1.0,0.0,234.833,0.0,0.082,0.634,,on,-68,,30 minute NILM iron thermostat cycle session
2026-06-13T06:38:45.313423+00:00,2026-06-13 12:08:45,Anllia,plug_1,Tapo P110,P110,iron,68ce0cc0,multi_cycle,1.0,0.0,234.833,0.0,0.082,0.634,,on,-70,,30 minute NILM iron thermostat cycle session
2026-06-13T06:38:47.042955+00:00,2026-06-13 12:08:47,Anllia,plug_1,Tapo P110,P110,iron,68ce0cc0,multi_cycle,1.0,0.0,234.833,0.0,0.082,0.634,,on,-71,,30 minute NILM iron thermostat cycle session
2026-06-13T06:38:50.250928+00:00,2026-06-13 12:08:50,Anllia,plug_1,Tapo P110,P110,iron,68ce0cc0,multi_cycle,1.0,0.0,234.833,0.0,0.082,0.634,,on,-70,,30 minute NILM iron thermostat cycle session
2026-06-13T06:38:51.768940+00:00,2026-06-13 12:08:51,Anllia,plug_1,Tapo P110,P110,iron,68ce0cc0,multi_cycle,1.0,0.0,234.833,0.0,0.082,0.634,,on,-70,,30 minute NILM iron thermostat cycle session
2026-06-13T06:38:53.298139+00:00,2026-06-13 12:08:53,Anllia,plug_1,Tapo P110,P110,iron,68ce0cc0,multi_cycle,1.0,0.0,234.833,0.0,0.082,0.634,,on,-70,,30 minute NILM iron thermostat cycle session
2026-06-13T06:38:54.984643+00:00,2026-06-13 12:08:54,Anllia,plug_1,Tapo P110,P110,iron,68ce0cc0,multi_cycle,1.0,0.0,234.833,0.0,0.082,0.634,,on,-72,,30 minute NILM iron thermostat cycle session
2026-06-13T06:38:56.663844+00:00,2026-06-13 12:08:56,Anllia,plug_1,Tapo P110,P110,iron,68ce0cc0,multi_cycle,1.0,0.0,235.276,0.0,0.082,0.634,,on,-70,,30 minute NILM iron thermostat cycle session
2026-06-13T06:38:58.226700+00:00,2026-06-13 12:08:58,Anllia,plug_1,Tapo P110,P110,iron,68ce0cc0,multi_cycle,1.0,0.0,235.276,0.0,0.082,0.634,,on,-68,,30 minute NILM iron thermostat cycle session
2026-06-13T06:39:00.168042+00:00,2026-06-13 12:09:00,Anllia,plug_1,Tapo P110,P110,iron,68ce0cc0,multi_cycle,1.0,0.0,235.276,0.0,0.082,0.634,,on,-66,,30 minute NILM iron thermostat cycle session
2026-06-13T06:39:01.763586+00:00,2026-06-13 12:09:01,Anllia,plug_1,Tapo P110,P110,iron,68ce0cc0,multi_cycle,1.0,0.0,235.276,0.0,0.082,0.634,,on,-67,,30 minute NILM iron thermostat cycle session
2026-06-13T06:39:03.412622+00:00,2026-06-13 12:09:03,Anllia,plug_1,Tapo P110,P110,iron,68ce0cc0,multi_cycle,1.0,0.0,235.276,5.516,0.082,0.635,,on,-69,,30 minute NILM iron thermostat cycle session
2026-06-13T06:39:05.091883+00:00,2026-06-13 12:09:05,Anllia,plug_1,Tapo P110,P110,iron,68ce0cc0,multi_cycle,1.0,1306.892,227.223,5.516,0.083,0.635,,on,-69,,30 minute NILM iron thermostat cycle session
2026-06-13T06:39:06.893849+00:00,2026-06-13 12:09:06,Anllia,plug_1,Tapo P110,P110,iron,68ce0cc0,multi_cycle,1.0,1308.431,227.223,5.737,0.083,0.636,,on,-69,,30 minute NILM iron thermostat cycle session
2026-06-13T06:39:08.542624+00:00,2026-06-13 12:09:08,Anllia,plug_1,Tapo P110,P110,iron,68ce0cc0,multi_cycle,1.0,1313.085,228.403,5.737,0.084,0.636,,on,-70,,30 minute NILM iron thermostat cycle session
2026-06-13T06:39:10.204889+00:00,2026-06-13 12:09:10,Anllia,plug_1,Tapo P110,P110,iron,68ce0cc0,multi_cycle,1.0,1311.332,228.403,5.732,0.085,0.637,,on,-69,,30 minute NILM iron thermostat cycle session
2026-06-13T06:39:11.799788+00:00,2026-06-13 12:09:11,Anllia,plug_1,Tapo P110,P110,iron,68ce0cc0,multi_cycle,1.0,1311.588,228.582,5.732,0.085,0.638,,on,-70,,30 minute NILM iron thermostat cycle session
2026-06-13T06:39:13.689120+00:00,2026-06-13 12:09:13,Anllia,plug_1,Tapo P110,P110,iron,68ce0cc0,multi_cycle,1.0,1310.289,228.582,5.725,0.086,0.638,,on,-70,,30 minute NILM iron thermostat cycle session
2026-06-13T06:39:15.665492+00:00,2026-06-13 12:09:15,Anllia,plug_1,Tapo P110,P110,iron,68ce0cc0,multi_cycle,1.0,1310.331,228.663,5.718,0.086,0.639,,on,-69,,30 minute NILM iron thermostat cycle session
2026-06-13T06:39:17.264115+00:00,2026-06-13 12:09:17,Anllia,plug_1,Tapo P110,P110,iron,68ce0cc0,multi_cycle,1.0,1309.707,236.511,5.718,0.086,0.639,,on,-69,,30 minute NILM iron thermostat cycle session
2026-06-13T06:39:18.829709+00:00,2026-06-13 12:09:18,Anllia,plug_1,Tapo P110,P110,iron,68ce0cc0,multi_cycle,1.0,1309.707,236.511,0.0,0.086,0.639,,on,-69,,30 minute NILM iron thermostat cycle session
2026-06-13T06:39:20.363133+00:00,2026-06-13 12:09:20,Anllia,plug_1,Tapo P110,P110,iron,68ce0cc0,multi_cycle,1.0,0.0,236.511,0.0,0.086,0.639,,on,-69,,30 minute NILM iron thermostat cycle session
2026-06-13T06:39:21.873434+00:00,2026-06-13 12:09:21,Anllia,plug_1,Tapo P110,P110,iron,68ce0cc0,multi_cycle,1.0,0.0,235.904,0.0,0.086,0.639,,on,-69,,30 minute NILM iron thermostat cycle session
2026-06-13T06:39:23.559095+00:00,2026-06-13 12:09:23,Anllia,plug_1,Tapo P110,P110,iron,68ce0cc0,multi_cycle,1.0,0.0,235.904,0.0,0.086,0.639,,on,-70,,30 minute NILM iron thermostat cycle session
2026-06-13T06:39:25.985922+00:00,2026-06-13 12:09:25,Anllia,plug_1,Tapo P110,P110,iron,68ce0cc0,multi_cycle,1.0,0.0,235.904,0.0,0.086,0.639,,on,-71,,30 minute NILM iron thermostat cycle session
2026-06-13T06:39:27.672986+00:00,2026-06-13 12:09:27,Anllia,plug_1,Tapo P110,P110,iron,68ce0cc0,multi_cycle,1.0,0.0,235.904,0.0,0.086,0.639,,on,-71,,30 minute NILM iron thermostat cycle session
2026-06-13T06:39:29.186385+00:00,2026-06-13 12:09:29,Anllia,plug_1,Tapo P110,P110,iron,68ce0cc0,multi_cycle,1.0,0.0,235.904,0.0,0.086,0.639,,on,-74,,30 minute NILM iron thermostat cycle session
2026-06-13T06:39:30.879236+00:00,2026-06-13 12:09:30,Anllia,plug_1,Tapo P110,P110,iron,68ce0cc0,multi_cycle,1.0,0.0,235.904,0.0,0.086,0.639,,on,-71,,30 minute NILM iron thermostat cycle session
2026-06-13T06:39:32.659573+00:00,2026-06-13 12:09:32,Anllia,plug_1,Tapo P110,P110,iron,68ce0cc0,multi_cycle,1.0,0.0,235.904,0.0,0.086,0.639,,on,-70,,30 minute NILM iron thermostat cycle session
2026-06-13T06:39:34.251278+00:00,2026-06-13 12:09:34,Anllia,plug_1,Tapo P110,P110,iron,68ce0cc0,multi_cycle,1.0,0.0,235.904,0.0,0.086,0.639,,on,-71,,30 minute NILM iron thermostat cycle session
2026-06-13T06:39:36.060553+00:00,2026-06-13 12:09:36,Anllia,plug_1,Tapo P110,P110,iron,68ce0cc0,multi_cycle,1.0,0.0,236.18,0.0,0.086,0.639,,on,-69,,30 minute NILM iron thermostat cycle session
2026-06-13T06:39:37.788003+00:00,2026-06-13 12:09:37,Anllia,plug_1,Tapo P110,P110,iron,68ce0cc0,multi_cycle,1.0,0.0,236.18,0.0,0.086,0.639,,on,-72,,30 minute NILM iron thermostat cycle session
2026-06-13T06:39:39.514439+00:00,2026-06-13 12:09:39,Anllia,plug_1,Tapo P110,P110,iron,68ce0cc0,multi_cycle,1.0,0.0,236.18,0.0,0.086,0.639,,on,-72,,30 minute NILM iron thermostat cycle session
2026-06-13T06:39:41.125376+00:00,2026-06-13 12:09:41,Anllia,plug_1,Tapo P110,P110,iron,68ce0cc0,multi_cycle,1.0,0.0,236.18,0.0,0.086,0.639,,on,-70,,30 minute NILM iron thermostat cycle session
2026-06-13T06:39:42.723113+00:00,2026-06-13 12:09:42,Anllia,plug_1,Tapo P110,P110,iron,68ce0cc0,multi_cycle,1.0,0.0,236.18,0.0,0.086,0.639,,on,-71,,30 minute NILM iron thermostat cycle session
2026-06-13T06:39:45.985195+00:00,2026-06-13 12:09:45,Anllia,plug_1,Tapo P110,P110,iron,68ce0cc0,multi_cycle,1.0,0.0,236.18,0.0,0.086,0.639,,on,-70,,30 minute NILM iron thermostat cycle session
2026-06-13T06:39:47.821932+00:00,2026-06-13 12:09:47,Anllia,plug_1,Tapo P110,P110,iron,68ce0cc0,multi_cycle,1.0,0.0,236.18,0.0,0.086,0.639,,on,-69,,30 minute NILM iron thermostat cycle session
2026-06-13T06:39:49.566266+00:00,2026-06-13 12:09:49,Anllia,plug_1,Tapo P110,P110,iron,68ce0cc0,multi_cycle,1.0,0.0,237.113,0.0,0.086,0.639,,on,-71,,30 minute NILM iron thermostat cycle session
2026-06-13T06:39:51.606459+00:00,2026-06-13 12:09:51,Anllia,plug_1,Tapo P110,P110,iron,68ce0cc0,multi_cycle,1.0,0.0,237.113,0.0,0.086,0.639,,on,-71,,30 minute NILM iron thermostat cycle session
2026-06-13T06:39:53.289955+00:00,2026-06-13 12:09:53,Anllia,plug_1,Tapo P110,P110,iron,68ce0cc0,multi_cycle,1.0,0.0,237.113,0.0,0.086,0.639,,on,-70,,30 minute NILM iron thermostat cycle session
2026-06-13T06:39:54.896314+00:00,2026-06-13 12:09:54,Anllia,plug_1,Tapo P110,P110,iron,68ce0cc0,multi_cycle,1.0,0.0,237.113,0.0,0.086,0.639,,on,-70,,30 minute NILM iron thermostat cycle session
2026-06-13T06:39:56.541538+00:00,2026-06-13 12:09:56,Anllia,plug_1,Tapo P110,P110,iron,68ce0cc0,multi_cycle,1.0,0.0,237.113,0.0,0.086,0.639,,on,-70,,30 minute NILM iron thermostat cycle session
2026-06-13T06:39:58.435234+00:00,2026-06-13 12:09:58,Anllia,plug_1,Tapo P110,P110,iron,68ce0cc0,multi_cycle,1.0,0.0,237.113,0.0,0.086,0.639,,on,-70,,30 minute NILM iron thermostat cycle session
2026-06-13T06:40:00.043034+00:00,2026-06-13 12:10:00,Anllia,plug_1,Tapo P110,P110,iron,68ce0cc0,multi_cycle,1.0,0.0,237.113,0.0,0.086,0.639,,on,-69,,30 minute NILM iron thermostat cycle session
2026-06-13T06:40:01.726706+00:00,2026-06-13 12:10:01,Anllia,plug_1,Tapo P110,P110,iron,68ce0cc0,multi_cycle,1.0,0.0,237.113,0.0,0.086,0.639,,on,-71,,30 minute NILM iron thermostat cycle session
2026-06-13T06:40:03.368289+00:00,2026-06-13 12:10:03,Anllia,plug_1,Tapo P110,P110,iron,68ce0cc0,multi_cycle,1.0,0.0,237.067,0.0,0.086,0.639,,on,-74,,30 minute NILM iron thermostat cycle session
2026-06-13T06:40:05.060300+00:00,2026-06-13 12:10:05,Anllia,plug_1,Tapo P110,P110,iron,68ce0cc0,multi_cycle,1.0,0.0,237.067,0.0,0.086,0.639,,on,-71,,30 minute NILM iron thermostat cycle session
2026-06-13T06:40:06.678385+00:00,2026-06-13 12:10:06,Anllia,plug_1,Tapo P110,P110,iron,68ce0cc0,multi_cycle,1.0,0.0,237.067,0.0,0.086,0.639,,on,-73,,30 minute NILM iron thermostat cycle session
2026-06-13T06:40:08.305446+00:00,2026-06-13 12:10:08,Anllia,plug_1,Tapo P110,P110,iron,68ce0cc0,multi_cycle,1.0,0.0,237.067,0.0,0.086,0.639,,on,-68,,30 minute NILM iron thermostat cycle session
2026-06-13T06:40:10.220830+00:00,2026-06-13 12:10:10,Anllia,plug_1,Tapo P110,P110,iron,68ce0cc0,multi_cycle,1.0,0.0,237.067,0.0,0.086,0.639,,on,-70,,30 minute NILM iron thermostat cycle session
2026-06-13T06:40:11.840596+00:00,2026-06-13 12:10:11,Anllia,plug_1,Tapo P110,P110,iron,68ce0cc0,multi_cycle,1.0,0.0,237.067,0.0,0.086,0.639,,on,-70,,30 minute NILM iron thermostat cycle session
2026-06-13T06:40:13.666276+00:00,2026-06-13 12:10:13,Anllia,plug_1,Tapo P110,P110,iron,68ce0cc0,multi_cycle,1.0,0.0,237.067,0.0,0.086,0.639,,on,-68,,30 minute NILM iron thermostat cycle session
2026-06-13T06:40:15.459846+00:00,2026-06-13 12:10:15,Anllia,plug_1,Tapo P110,P110,iron,68ce0cc0,multi_cycle,1.0,0.0,237.067,0.0,0.086,0.639,,on,-70,,30 minute NILM iron thermostat cycle session
2026-06-13T06:40:17.031539+00:00,2026-06-13 12:10:17,Anllia,plug_1,Tapo P110,P110,iron,68ce0cc0,multi_cycle,1.0,0.0,236.503,0.0,0.086,0.639,,on,-68,,30 minute NILM iron thermostat cycle session
2026-06-13T06:40:18.633057+00:00,2026-06-13 12:10:18,Anllia,plug_1,Tapo P110,P110,iron,68ce0cc0,multi_cycle,1.0,0.0,236.503,0.0,0.086,0.639,,on,-68,,30 minute NILM iron thermostat cycle session
2026-06-13T06:40:20.312552+00:00,2026-06-13 12:10:20,Anllia,plug_1,Tapo P110,P110,iron,68ce0cc0,multi_cycle,1.0,0.0,236.503,0.0,0.086,0.639,,on,-68,,30 minute NILM iron thermostat cycle session
2026-06-13T06:40:21.882684+00:00,2026-06-13 12:10:21,Anllia,plug_1,Tapo P110,P110,iron,68ce0cc0,multi_cycle,1.0,0.0,236.503,0.0,0.086,0.639,,on,-67,,30 minute NILM iron thermostat cycle session
2026-06-13T06:40:23.399636+00:00,2026-06-13 12:10:23,Anllia,plug_1,Tapo P110,P110,iron,68ce0cc0,multi_cycle,1.0,0.0,236.503,0.0,0.086,0.639,,on,-69,,30 minute NILM iron thermostat cycle session
2026-06-13T06:40:24.944684+00:00,2026-06-13 12:10:24,Anllia,plug_1,Tapo P110,P110,iron,68ce0cc0,multi_cycle,1.0,0.0,236.503,0.0,0.086,0.639,,on,-68,,30 minute NILM iron thermostat cycle session
2026-06-13T06:40:26.645482+00:00,2026-06-13 12:10:26,Anllia,plug_1,Tapo P110,P110,iron,68ce0cc0,multi_cycle,1.0,0.0,236.503,0.0,0.086,0.639,,on,-69,,30 minute NILM iron thermostat cycle session
2026-06-13T06:40:28.293360+00:00,2026-06-13 12:10:28,Anllia,plug_1,Tapo P110,P110,iron,68ce0cc0,multi_cycle,1.0,0.0,236.503,0.0,0.086,0.639,,on,-68,,30 minute NILM iron thermostat cycle session
2026-06-13T06:40:29.936707+00:00,2026-06-13 12:10:29,Anllia,plug_1,Tapo P110,P110,iron,68ce0cc0,multi_cycle,1.0,0.0,236.503,0.0,0.086,0.639,,on,-68,,30 minute NILM iron thermostat cycle session
2026-06-13T06:40:31.511774+00:00,2026-06-13 12:10:31,Anllia,plug_1,Tapo P110,P110,iron,68ce0cc0,multi_cycle,1.0,0.0,236.178,0.0,0.086,0.639,,on,-68,,30 minute NILM iron thermostat cycle session
2026-06-13T06:40:33.060437+00:00,2026-06-13 12:10:33,Anllia,plug_1,Tapo P110,P110,iron,68ce0cc0,multi_cycle,1.0,0.0,236.178,0.0,0.086,0.639,,on,-70,,30 minute NILM iron thermostat cycle session
2026-06-13T06:40:34.624905+00:00,2026-06-13 12:10:34,Anllia,plug_1,Tapo P110,P110,iron,68ce0cc0,multi_cycle,1.0,0.0,236.178,0.0,0.086,0.639,,on,-70,,30 minute NILM iron thermostat cycle session
2026-06-13T06:40:36.186645+00:00,2026-06-13 12:10:36,Anllia,plug_1,Tapo P110,P110,iron,68ce0cc0,multi_cycle,1.0,0.0,236.178,0.0,0.086,0.639,,on,-74,,30 minute NILM iron thermostat cycle session
2026-06-13T06:40:37.705236+00:00,2026-06-13 12:10:37,Anllia,plug_1,Tapo P110,P110,iron,68ce0cc0,multi_cycle,1.0,0.0,236.178,0.0,0.086,0.639,,on,-72,,30 minute NILM iron thermostat cycle session
2026-06-13T06:40:39.251156+00:00,2026-06-13 12:10:39,Anllia,plug_1,Tapo P110,P110,iron,68ce0cc0,multi_cycle,1.0,0.0,236.178,0.0,0.086,0.639,,on,-71,,30 minute NILM iron thermostat cycle session
