timestamp_utc,timestamp_local,team_member,plug_id,plug_alias,plug_model,appliance,session_id,mode,sample_interval_sec,power_w,voltage_v,current_a,energy_today_kwh,energy_this_month_kwh,energy_total_kwh,state,rssi,signal_level,notes
2026-06-12T14:57:05.393266+00:00,2026-06-12 20:27:05,Anllia,plug_1,Tapo P110,P110,iron,ebce04ed,multi_cycle,1.0,1325.228,229.316,5.761,0.045,0.461,,on,-65,,30 minute NILM iron thermostat cycle session
2026-06-12T14:57:06.831687+00:00,2026-06-12 20:27:06,Anllia,plug_1,Tapo P110,P110,iron,ebce04ed,multi_cycle,1.0,1323.395,229.827,5.761,0.046,0.461,,on,-66,,30 minute NILM iron thermostat cycle session
2026-06-12T14:57:08.121564+00:00,2026-06-12 20:27:08,Anllia,plug_1,Tapo P110,P110,iron,ebce04ed,multi_cycle,1.0,1322.814,229.827,5.749,0.046,0.462,,on,-65,,30 minute NILM iron thermostat cycle session
2026-06-12T14:57:09.427310+00:00,2026-06-12 20:27:09,Anllia,plug_1,Tapo P110,P110,iron,ebce04ed,multi_cycle,1.0,1321.861,229.866,5.749,0.047,0.462,,on,-65,,30 minute NILM iron thermostat cycle session
2026-06-12T14:57:10.698753+00:00,2026-06-12 20:27:10,Anllia,plug_1,Tapo P110,P110,iron,ebce04ed,multi_cycle,1.0,1322.986,229.866,5.743,0.047,0.463,,on,-65,,30 minute NILM iron thermostat cycle session
2026-06-12T14:57:12.014440+00:00,2026-06-12 20:27:12,Anllia,plug_1,Tapo P110,P110,iron,ebce04ed,multi_cycle,1.0,1322.986,230.067,5.743,0.047,0.463,,on,-65,,30 minute NILM iron thermostat cycle session
2026-06-12T14:57:13.363348+00:00,2026-06-12 20:27:13,Anllia,plug_1,Tapo P110,P110,iron,ebce04ed,multi_cycle,1.0,1320.977,230.067,5.736,0.048,0.464,,on,-65,,30 minute NILM iron thermostat cycle session
2026-06-12T14:57:14.650655+00:00,2026-06-12 20:27:14,Anllia,plug_1,Tapo P110,P110,iron,ebce04ed,multi_cycle,1.0,1056.59,237.818,5.736,0.048,0.464,,on,-65,,30 minute NILM iron thermostat cycle session
2026-06-12T14:57:16.000417+00:00,2026-06-12 20:27:16,Anllia,plug_1,Tapo P110,P110,iron,ebce04ed,multi_cycle,1.0,1056.59,237.818,5.736,0.048,0.464,,on,-64,,30 minute NILM iron thermostat cycle session
2026-06-12T14:57:17.269017+00:00,2026-06-12 20:27:17,Anllia,plug_1,Tapo P110,P110,iron,ebce04ed,multi_cycle,1.0,0.0,237.818,0.0,0.048,0.464,,on,-65,,30 minute NILM iron thermostat cycle session
2026-06-12T14:57:18.683310+00:00,2026-06-12 20:27:18,Anllia,plug_1,Tapo P110,P110,iron,ebce04ed,multi_cycle,1.0,0.0,237.919,0.0,0.048,0.464,,on,-69,,30 minute NILM iron thermostat cycle session
2026-06-12T14:57:19.993237+00:00,2026-06-12 20:27:19,Anllia,plug_1,Tapo P110,P110,iron,ebce04ed,multi_cycle,1.0,0.0,237.919,0.0,0.048,0.464,,on,-72,,30 minute NILM iron thermostat cycle session
2026-06-12T14:57:21.453313+00:00,2026-06-12 20:27:21,Anllia,plug_1,Tapo P110,P110,iron,ebce04ed,multi_cycle,1.0,0.0,237.919,0.0,0.048,0.464,,on,-65,,30 minute NILM iron thermostat cycle session
2026-06-12T14:57:22.713545+00:00,2026-06-12 20:27:22,Anllia,plug_1,Tapo P110,P110,iron,ebce04ed,multi_cycle,1.0,0.0,237.919,0.0,0.048,0.464,,on,-64,,30 minute NILM iron thermostat cycle session
2026-06-12T14:57:24.074402+00:00,2026-06-12 20:27:24,Anllia,plug_1,Tapo P110,P110,iron,ebce04ed,multi_cycle,1.0,0.0,237.919,0.0,0.048,0.464,,on,-67,,30 minute NILM iron thermostat cycle session
2026-06-12T14:57:25.383199+00:00,2026-06-12 20:27:25,Anllia,plug_1,Tapo P110,P110,iron,ebce04ed,multi_cycle,1.0,0.0,237.919,0.0,0.048,0.464,,on,-63,,30 minute NILM iron thermostat cycle session
2026-06-12T14:57:26.747573+00:00,2026-06-12 20:27:26,Anllia,plug_1,Tapo P110,P110,iron,ebce04ed,multi_cycle,1.0,0.0,237.919,0.0,0.048,0.464,,on,-69,,30 minute NILM iron thermostat cycle session
2026-06-12T14:57:28.095016+00:00,2026-06-12 20:27:28,Anllia,plug_1,Tapo P110,P110,iron,ebce04ed,multi_cycle,1.0,0.0,237.919,0.0,0.048,0.464,,on,-63,,30 minute NILM iron thermostat cycle session
2026-06-12T14:57:29.575698+00:00,2026-06-12 20:27:29,Anllia,plug_1,Tapo P110,P110,iron,ebce04ed,multi_cycle,1.0,0.0,237.919,0.0,0.048,0.464,,on,-63,,30 minute NILM iron thermostat cycle session
2026-06-12T14:57:30.860229+00:00,2026-06-12 20:27:30,Anllia,plug_1,Tapo P110,P110,iron,ebce04ed,multi_cycle,1.0,0.0,237.919,0.0,0.048,0.464,,on,-62,,30 minute NILM iron thermostat cycle session
2026-06-12T14:57:32.199257+00:00,2026-06-12 20:27:32,Anllia,plug_1,Tapo P110,P110,iron,ebce04ed,multi_cycle,1.0,0.0,237.919,0.0,0.048,0.464,,on,-62,,30 minute NILM iron thermostat cycle session
2026-06-12T14:57:33.533016+00:00,2026-06-12 20:27:33,Anllia,plug_1,Tapo P110,P110,iron,ebce04ed,multi_cycle,1.0,0.0,238.067,0.0,0.048,0.464,,on,-64,,30 minute NILM iron thermostat cycle session
2026-06-12T14:57:34.922468+00:00,2026-06-12 20:27:34,Anllia,plug_1,Tapo P110,P110,iron,ebce04ed,multi_cycle,1.0,0.0,238.067,0.0,0.048,0.464,,on,-65,,30 minute NILM iron thermostat cycle session
2026-06-12T14:57:36.206019+00:00,2026-06-12 20:27:36,Anllia,plug_1,Tapo P110,P110,iron,ebce04ed,multi_cycle,1.0,0.0,238.067,0.0,0.048,0.464,,on,-66,,30 minute NILM iron thermostat cycle session
2026-06-12T14:57:37.521729+00:00,2026-06-12 20:27:37,Anllia,plug_1,Tapo P110,P110,iron,ebce04ed,multi_cycle,1.0,0.0,238.067,0.0,0.048,0.464,,on,-67,,30 minute NILM iron thermostat cycle session
2026-06-12T14:57:38.787770+00:00,2026-06-12 20:27:38,Anllia,plug_1,Tapo P110,P110,iron,ebce04ed,multi_cycle,1.0,0.0,238.067,0.0,0.048,0.464,,on,-67,,30 minute NILM iron thermostat cycle session
2026-06-12T14:57:40.040708+00:00,2026-06-12 20:27:40,Anllia,plug_1,Tapo P110,P110,iron,ebce04ed,multi_cycle,1.0,0.0,238.067,0.0,0.048,0.464,,on,-73,,30 minute NILM iron thermostat cycle session
2026-06-12T14:57:41.338127+00:00,2026-06-12 20:27:41,Anllia,plug_1,Tapo P110,P110,iron,ebce04ed,multi_cycle,1.0,0.0,238.067,0.0,0.048,0.464,,on,-68,,30 minute NILM iron thermostat cycle session
2026-06-12T14:57:42.652817+00:00,2026-06-12 20:27:42,Anllia,plug_1,Tapo P110,P110,iron,ebce04ed,multi_cycle,1.0,0.0,238.067,0.0,0.048,0.464,,on,-64,,30 minute NILM iron thermostat cycle session
2026-06-12T14:57:43.902789+00:00,2026-06-12 20:27:43,Anllia,plug_1,Tapo P110,P110,iron,ebce04ed,multi_cycle,1.0,0.0,238.067,0.0,0.048,0.464,,on,-64,,30 minute NILM iron thermostat cycle session
2026-06-12T14:57:45.254442+00:00,2026-06-12 20:27:45,Anllia,plug_1,Tapo P110,P110,iron,ebce04ed,multi_cycle,1.0,0.0,238.067,0.0,0.048,0.464,,on,-65,,30 minute NILM iron thermostat cycle session
2026-06-12T14:57:46.601628+00:00,2026-06-12 20:27:46,Anllia,plug_1,Tapo P110,P110,iron,ebce04ed,multi_cycle,1.0,0.0,237.538,0.0,0.048,0.464,,on,-65,,30 minute NILM iron thermostat cycle session
2026-06-12T14:57:47.847721+00:00,2026-06-12 20:27:47,Anllia,plug_1,Tapo P110,P110,iron,ebce04ed,multi_cycle,1.0,0.0,237.538,0.0,0.048,0.464,,on,-66,,30 minute NILM iron thermostat cycle session
2026-06-12T14:57:49.092298+00:00,2026-06-12 20:27:49,Anllia,plug_1,Tapo P110,P110,iron,ebce04ed,multi_cycle,1.0,0.0,237.538,0.0,0.048,0.464,,on,-66,,30 minute NILM iron thermostat cycle session
2026-06-12T14:57:50.443709+00:00,2026-06-12 20:27:50,Anllia,plug_1,Tapo P110,P110,iron,ebce04ed,multi_cycle,1.0,0.0,237.538,0.0,0.048,0.464,,on,-66,,30 minute NILM iron thermostat cycle session
2026-06-12T14:57:51.701328+00:00,2026-06-12 20:27:51,Anllia,plug_1,Tapo P110,P110,iron,ebce04ed,multi_cycle,1.0,0.0,237.538,0.0,0.048,0.464,,on,-72,,30 minute NILM iron thermostat cycle session
2026-06-12T14:57:52.984930+00:00,2026-06-12 20:27:52,Anllia,plug_1,Tapo P110,P110,iron,ebce04ed,multi_cycle,1.0,0.0,237.538,0.0,0.048,0.464,,on,-68,,30 minute NILM iron thermostat cycle session
2026-06-12T14:57:54.327296+00:00,2026-06-12 20:27:54,Anllia,plug_1,Tapo P110,P110,iron,ebce04ed,multi_cycle,1.0,0.0,237.538,0.0,0.048,0.464,,on,-71,,30 minute NILM iron thermostat cycle session
2026-06-12T14:57:55.570212+00:00,2026-06-12 20:27:55,Anllia,plug_1,Tapo P110,P110,iron,ebce04ed,multi_cycle,1.0,0.0,237.538,0.0,0.048,0.464,,on,-68,,30 minute NILM iron thermostat cycle session
2026-06-12T14:57:56.936298+00:00,2026-06-12 20:27:56,Anllia,plug_1,Tapo P110,P110,iron,ebce04ed,multi_cycle,1.0,0.0,237.538,0.0,0.048,0.464,,on,-68,,30 minute NILM iron thermostat cycle session
2026-06-12T14:57:58.351606+00:00,2026-06-12 20:27:58,Anllia,plug_1,Tapo P110,P110,iron,ebce04ed,multi_cycle,1.0,0.0,237.538,0.0,0.048,0.464,,on,-66,,30 minute NILM iron thermostat cycle session
2026-06-12T14:57:59.651492+00:00,2026-06-12 20:27:59,Anllia,plug_1,Tapo P110,P110,iron,ebce04ed,multi_cycle,1.0,0.0,237.538,0.0,0.048,0.464,,on,-68,,30 minute NILM iron thermostat cycle session
2026-06-12T14:58:00.921005+00:00,2026-06-12 20:28:00,Anllia,plug_1,Tapo P110,P110,iron,ebce04ed,multi_cycle,1.0,0.0,236.889,0.0,0.048,0.464,,on,-69,,30 minute NILM iron thermostat cycle session
2026-06-12T14:58:02.198347+00:00,2026-06-12 20:28:02,Anllia,plug_1,Tapo P110,P110,iron,ebce04ed,multi_cycle,1.0,0.0,236.889,0.0,0.048,0.464,,on,-71,,30 minute NILM iron thermostat cycle session
2026-06-12T14:58:03.451015+00:00,2026-06-12 20:28:03,Anllia,plug_1,Tapo P110,P110,iron,ebce04ed,multi_cycle,1.0,0.0,236.889,0.0,0.048,0.464,,on,-63,,30 minute NILM iron thermostat cycle session
2026-06-12T14:58:04.780802+00:00,2026-06-12 20:28:04,Anllia,plug_1,Tapo P110,P110,iron,ebce04ed,multi_cycle,1.0,0.0,236.889,0.0,0.048,0.464,,on,-65,,30 minute NILM iron thermostat cycle session
2026-06-12T14:58:06.083655+00:00,2026-06-12 20:28:06,Anllia,plug_1,Tapo P110,P110,iron,ebce04ed,multi_cycle,1.0,0.0,236.889,0.0,0.048,0.464,,on,-67,,30 minute NILM iron thermostat cycle session
2026-06-12T14:58:07.352410+00:00,2026-06-12 20:28:07,Anllia,plug_1,Tapo P110,P110,iron,ebce04ed,multi_cycle,1.0,0.0,236.889,0.0,0.048,0.464,,on,-70,,30 minute NILM iron thermostat cycle session
2026-06-12T14:58:08.632844+00:00,2026-06-12 20:28:08,Anllia,plug_1,Tapo P110,P110,iron,ebce04ed,multi_cycle,1.0,0.0,236.889,0.0,0.048,0.464,,on,-65,,30 minute NILM iron thermostat cycle session
2026-06-12T14:58:10.113886+00:00,2026-06-12 20:28:10,Anllia,plug_1,Tapo P110,P110,iron,ebce04ed,multi_cycle,1.0,0.0,236.889,0.0,0.048,0.464,,on,-80,,30 minute NILM iron thermostat cycle session
2026-06-12T14:58:11.384524+00:00,2026-06-12 20:28:11,Anllia,plug_1,Tapo P110,P110,iron,ebce04ed,multi_cycle,1.0,0.0,236.889,0.0,0.048,0.464,,on,-73,,30 minute NILM iron thermostat cycle session
2026-06-12T14:58:12.638408+00:00,2026-06-12 20:28:12,Anllia,plug_1,Tapo P110,P110,iron,ebce04ed,multi_cycle,1.0,0.0,236.889,0.0,0.048,0.464,,on,-74,,30 minute NILM iron thermostat cycle session
2026-06-12T14:58:13.979964+00:00,2026-06-12 20:28:13,Anllia,plug_1,Tapo P110,P110,iron,ebce04ed,multi_cycle,1.0,0.0,236.889,0.0,0.048,0.464,,on,-69,,30 minute NILM iron thermostat cycle session
2026-06-12T14:58:15.254153+00:00,2026-06-12 20:28:15,Anllia,plug_1,Tapo P110,P110,iron,ebce04ed,multi_cycle,1.0,0.0,237.281,0.0,0.048,0.464,,on,-67,,30 minute NILM iron thermostat cycle session
2026-06-12T14:58:16.498498+00:00,2026-06-12 20:28:16,Anllia,plug_1,Tapo P110,P110,iron,ebce04ed,multi_cycle,1.0,0.0,237.281,0.0,0.048,0.464,,on,-74,,30 minute NILM iron thermostat cycle session
2026-06-12T14:58:17.772855+00:00,2026-06-12 20:28:17,Anllia,plug_1,Tapo P110,P110,iron,ebce04ed,multi_cycle,1.0,0.0,237.281,0.0,0.048,0.464,,on,-65,,30 minute NILM iron thermostat cycle session
2026-06-12T14:58:19.313258+00:00,2026-06-12 20:28:19,Anllia,plug_1,Tapo P110,P110,iron,ebce04ed,multi_cycle,1.0,0.0,237.281,0.0,0.048,0.464,,on,-65,,30 minute NILM iron thermostat cycle session
2026-06-12T14:58:20.556431+00:00,2026-06-12 20:28:20,Anllia,plug_1,Tapo P110,P110,iron,ebce04ed,multi_cycle,1.0,0.0,237.281,0.0,0.048,0.464,,on,-65,,30 minute NILM iron thermostat cycle session
2026-06-12T14:58:21.899777+00:00,2026-06-12 20:28:21,Anllia,plug_1,Tapo P110,P110,iron,ebce04ed,multi_cycle,1.0,0.0,237.281,0.0,0.048,0.464,,on,-65,,30 minute NILM iron thermostat cycle session
2026-06-12T14:58:23.168920+00:00,2026-06-12 20:28:23,Anllia,plug_1,Tapo P110,P110,iron,ebce04ed,multi_cycle,1.0,0.0,237.281,0.0,0.048,0.464,,on,-65,,30 minute NILM iron thermostat cycle session
2026-06-12T14:58:24.529373+00:00,2026-06-12 20:28:24,Anllia,plug_1,Tapo P110,P110,iron,ebce04ed,multi_cycle,1.0,0.0,237.281,0.0,0.048,0.464,,on,-65,,30 minute NILM iron thermostat cycle session
2026-06-12T14:58:25.796531+00:00,2026-06-12 20:28:25,Anllia,plug_1,Tapo P110,P110,iron,ebce04ed,multi_cycle,1.0,0.0,237.281,0.0,0.048,0.464,,on,-66,,30 minute NILM iron thermostat cycle session
2026-06-12T14:58:27.053459+00:00,2026-06-12 20:28:27,Anllia,plug_1,Tapo P110,P110,iron,ebce04ed,multi_cycle,1.0,0.0,237.281,0.0,0.048,0.464,,on,-65,,30 minute NILM iron thermostat cycle session
2026-06-12T14:58:28.297384+00:00,2026-06-12 20:28:28,Anllia,plug_1,Tapo P110,P110,iron,ebce04ed,multi_cycle,1.0,0.0,237.281,0.0,0.048,0.464,,on,-65,,30 minute NILM iron thermostat cycle session
2026-06-12T14:58:29.582653+00:00,2026-06-12 20:28:29,Anllia,plug_1,Tapo P110,P110,iron,ebce04ed,multi_cycle,1.0,0.0,237.227,0.0,0.048,0.464,,on,-65,,30 minute NILM iron thermostat cycle session
2026-06-12T14:58:30.862546+00:00,2026-06-12 20:28:30,Anllia,plug_1,Tapo P110,P110,iron,ebce04ed,multi_cycle,1.0,0.0,237.227,0.0,0.048,0.464,,on,-65,,30 minute NILM iron thermostat cycle session
2026-06-12T14:58:32.178599+00:00,2026-06-12 20:28:32,Anllia,plug_1,Tapo P110,P110,iron,ebce04ed,multi_cycle,1.0,0.0,237.227,0.0,0.048,0.464,,on,-65,,30 minute NILM iron thermostat cycle session
2026-06-12T14:58:33.766485+00:00,2026-06-12 20:28:33,Anllia,plug_1,Tapo P110,P110,iron,ebce04ed,multi_cycle,1.0,0.0,237.227,0.0,0.048,0.464,,on,-64,,30 minute NILM iron thermostat cycle session
2026-06-12T14:58:35.034197+00:00,2026-06-12 20:28:35,Anllia,plug_1,Tapo P110,P110,iron,ebce04ed,multi_cycle,1.0,0.0,237.227,0.0,0.048,0.464,,on,-65,,30 minute NILM iron thermostat cycle session
2026-06-12T14:58:36.321621+00:00,2026-06-12 20:28:36,Anllia,plug_1,Tapo P110,P110,iron,ebce04ed,multi_cycle,1.0,0.0,237.227,0.0,0.048,0.464,,on,-65,,30 minute NILM iron thermostat cycle session
2026-06-12T14:58:37.632181+00:00,2026-06-12 20:28:37,Anllia,plug_1,Tapo P110,P110,iron,ebce04ed,multi_cycle,1.0,0.0,237.227,0.0,0.048,0.464,,on,-65,,30 minute NILM iron thermostat cycle session
2026-06-12T14:58:38.898892+00:00,2026-06-12 20:28:38,Anllia,plug_1,Tapo P110,P110,iron,ebce04ed,multi_cycle,1.0,0.0,237.227,0.0,0.048,0.464,,on,-64,,30 minute NILM iron thermostat cycle session
2026-06-12T14:58:40.213343+00:00,2026-06-12 20:28:40,Anllia,plug_1,Tapo P110,P110,iron,ebce04ed,multi_cycle,1.0,0.0,237.227,0.0,0.048,0.464,,on,-65,,30 minute NILM iron thermostat cycle session
2026-06-12T14:58:41.457644+00:00,2026-06-12 20:28:41,Anllia,plug_1,Tapo P110,P110,iron,ebce04ed,multi_cycle,1.0,0.0,237.227,0.0,0.048,0.464,,on,-65,,30 minute NILM iron thermostat cycle session
2026-06-12T14:58:42.813890+00:00,2026-06-12 20:28:42,Anllia,plug_1,Tapo P110,P110,iron,ebce04ed,multi_cycle,1.0,0.0,237.227,0.0,0.048,0.464,,on,-65,,30 minute NILM iron thermostat cycle session
2026-06-12T14:58:44.080783+00:00,2026-06-12 20:28:44,Anllia,plug_1,Tapo P110,P110,iron,ebce04ed,multi_cycle,1.0,0.0,237.404,0.0,0.048,0.464,,on,-65,,30 minute NILM iron thermostat cycle session
2026-06-12T14:58:45.528005+00:00,2026-06-12 20:28:45,Anllia,plug_1,Tapo P110,P110,iron,ebce04ed,multi_cycle,1.0,0.0,237.404,0.0,0.048,0.464,,on,-64,,30 minute NILM iron thermostat cycle session
2026-06-12T14:58:46.794571+00:00,2026-06-12 20:28:46,Anllia,plug_1,Tapo P110,P110,iron,ebce04ed,multi_cycle,1.0,0.0,237.404,0.0,0.048,0.464,,on,-65,,30 minute NILM iron thermostat cycle session
2026-06-12T14:58:48.087439+00:00,2026-06-12 20:28:48,Anllia,plug_1,Tapo P110,P110,iron,ebce04ed,multi_cycle,1.0,0.0,237.404,0.0,0.048,0.464,,on,-65,,30 minute NILM iron thermostat cycle session
2026-06-12T14:58:49.333773+00:00,2026-06-12 20:28:49,Anllia,plug_1,Tapo P110,P110,iron,ebce04ed,multi_cycle,1.0,0.0,237.404,0.0,0.048,0.464,,on,-66,,30 minute NILM iron thermostat cycle session
2026-06-12T14:58:50.668448+00:00,2026-06-12 20:28:50,Anllia,plug_1,Tapo P110,P110,iron,ebce04ed,multi_cycle,1.0,0.0,237.404,0.0,0.048,0.464,,on,-65,,30 minute NILM iron thermostat cycle session
2026-06-12T14:58:51.958806+00:00,2026-06-12 20:28:51,Anllia,plug_1,Tapo P110,P110,iron,ebce04ed,multi_cycle,1.0,0.0,237.404,0.0,0.048,0.464,,on,-66,,30 minute NILM iron thermostat cycle session
2026-06-12T14:58:53.210423+00:00,2026-06-12 20:28:53,Anllia,plug_1,Tapo P110,P110,iron,ebce04ed,multi_cycle,1.0,0.0,237.404,0.0,0.048,0.464,,on,-67,,30 minute NILM iron thermostat cycle session
2026-06-12T14:58:54.468455+00:00,2026-06-12 20:28:54,Anllia,plug_1,Tapo P110,P110,iron,ebce04ed,multi_cycle,1.0,0.0,237.404,0.0,0.048,0.464,,on,-66,,30 minute NILM iron thermostat cycle session
2026-06-12T14:58:55.713010+00:00,2026-06-12 20:28:55,Anllia,plug_1,Tapo P110,P110,iron,ebce04ed,multi_cycle,1.0,0.0,237.404,0.0,0.048,0.464,,on,-65,,30 minute NILM iron thermostat cycle session
2026-06-12T14:58:57.275062+00:00,2026-06-12 20:28:57,Anllia,plug_1,Tapo P110,P110,iron,ebce04ed,multi_cycle,1.0,0.0,237.096,0.0,0.048,0.464,,on,-65,,30 minute NILM iron thermostat cycle session
2026-06-12T14:58:58.549463+00:00,2026-06-12 20:28:58,Anllia,plug_1,Tapo P110,P110,iron,ebce04ed,multi_cycle,1.0,0.0,237.096,0.0,0.048,0.464,,on,-64,,30 minute NILM iron thermostat cycle session
2026-06-12T14:58:59.795571+00:00,2026-06-12 20:28:59,Anllia,plug_1,Tapo P110,P110,iron,ebce04ed,multi_cycle,1.0,0.0,237.096,0.0,0.048,0.464,,on,-66,,30 minute NILM iron thermostat cycle session
2026-06-12T14:59:01.055652+00:00,2026-06-12 20:29:01,Anllia,plug_1,Tapo P110,P110,iron,ebce04ed,multi_cycle,1.0,0.0,237.096,0.0,0.048,0.464,,on,-65,,30 minute NILM iron thermostat cycle session
2026-06-12T14:59:02.371296+00:00,2026-06-12 20:29:02,Anllia,plug_1,Tapo P110,P110,iron,ebce04ed,multi_cycle,1.0,0.0,237.096,0.0,0.048,0.464,,on,-65,,30 minute NILM iron thermostat cycle session
2026-06-12T14:59:03.614507+00:00,2026-06-12 20:29:03,Anllia,plug_1,Tapo P110,P110,iron,ebce04ed,multi_cycle,1.0,0.0,237.096,0.0,0.048,0.464,,on,-65,,30 minute NILM iron thermostat cycle session
2026-06-12T14:59:04.885084+00:00,2026-06-12 20:29:04,Anllia,plug_1,Tapo P110,P110,iron,ebce04ed,multi_cycle,1.0,0.0,237.096,0.0,0.048,0.464,,on,-65,,30 minute NILM iron thermostat cycle session
2026-06-12T14:59:06.197224+00:00,2026-06-12 20:29:06,Anllia,plug_1,Tapo P110,P110,iron,ebce04ed,multi_cycle,1.0,0.0,237.096,0.0,0.048,0.464,,on,-65,,30 minute NILM iron thermostat cycle session
2026-06-12T14:59:07.473965+00:00,2026-06-12 20:29:07,Anllia,plug_1,Tapo P110,P110,iron,ebce04ed,multi_cycle,1.0,0.0,237.096,0.0,0.048,0.464,,on,-64,,30 minute NILM iron thermostat cycle session
2026-06-12T14:59:08.757853+00:00,2026-06-12 20:29:08,Anllia,plug_1,Tapo P110,P110,iron,ebce04ed,multi_cycle,1.0,0.0,237.096,0.0,0.048,0.464,,on,-65,,30 minute NILM iron thermostat cycle session
2026-06-12T14:59:10.109341+00:00,2026-06-12 20:29:10,Anllia,plug_1,Tapo P110,P110,iron,ebce04ed,multi_cycle,1.0,0.0,237.096,0.0,0.048,0.464,,on,-65,,30 minute NILM iron thermostat cycle session
2026-06-12T14:59:11.351327+00:00,2026-06-12 20:29:11,Anllia,plug_1,Tapo P110,P110,iron,ebce04ed,multi_cycle,1.0,0.0,236.972,0.0,0.048,0.464,,on,-68,,30 minute NILM iron thermostat cycle session
2026-06-12T14:59:12.597890+00:00,2026-06-12 20:29:12,Anllia,plug_1,Tapo P110,P110,iron,ebce04ed,multi_cycle,1.0,0.0,236.972,0.0,0.048,0.464,,on,-75,,30 minute NILM iron thermostat cycle session
2026-06-12T14:59:13.839640+00:00,2026-06-12 20:29:13,Anllia,plug_1,Tapo P110,P110,iron,ebce04ed,multi_cycle,1.0,0.0,236.972,0.0,0.048,0.464,,on,-67,,30 minute NILM iron thermostat cycle session
2026-06-12T14:59:15.161341+00:00,2026-06-12 20:29:15,Anllia,plug_1,Tapo P110,P110,iron,ebce04ed,multi_cycle,1.0,0.0,236.972,0.0,0.048,0.464,,on,-64,,30 minute NILM iron thermostat cycle session
2026-06-12T14:59:17.004794+00:00,2026-06-12 20:29:17,Anllia,plug_1,Tapo P110,P110,iron,ebce04ed,multi_cycle,1.0,0.0,236.972,0.0,0.048,0.464,,on,-67,,30 minute NILM iron thermostat cycle session
2026-06-12T14:59:18.345436+00:00,2026-06-12 20:29:18,Anllia,plug_1,Tapo P110,P110,iron,ebce04ed,multi_cycle,1.0,0.0,236.972,0.0,0.048,0.464,,on,-72,,30 minute NILM iron thermostat cycle session
2026-06-12T14:59:19.597484+00:00,2026-06-12 20:29:19,Anllia,plug_1,Tapo P110,P110,iron,ebce04ed,multi_cycle,1.0,0.0,236.972,0.0,0.048,0.464,,on,-65,,30 minute NILM iron thermostat cycle session
2026-06-12T14:59:20.964524+00:00,2026-06-12 20:29:20,Anllia,plug_1,Tapo P110,P110,iron,ebce04ed,multi_cycle,1.0,0.0,236.972,0.0,0.048,0.464,,on,-69,,30 minute NILM iron thermostat cycle session
2026-06-12T14:59:22.423315+00:00,2026-06-12 20:29:22,Anllia,plug_1,Tapo P110,P110,iron,ebce04ed,multi_cycle,1.0,0.0,236.972,0.0,0.048,0.464,,on,-71,,30 minute NILM iron thermostat cycle session
2026-06-12T14:59:23.672114+00:00,2026-06-12 20:29:23,Anllia,plug_1,Tapo P110,P110,iron,ebce04ed,multi_cycle,1.0,0.0,236.972,0.0,0.048,0.464,,on,-65,,30 minute NILM iron thermostat cycle session
2026-06-12T14:59:25.013709+00:00,2026-06-12 20:29:25,Anllia,plug_1,Tapo P110,P110,iron,ebce04ed,multi_cycle,1.0,0.0,236.972,0.0,0.048,0.464,,on,-67,,30 minute NILM iron thermostat cycle session
2026-06-12T14:59:26.296090+00:00,2026-06-12 20:29:26,Anllia,plug_1,Tapo P110,P110,iron,ebce04ed,multi_cycle,1.0,0.0,236.909,0.0,0.048,0.464,,on,-70,,30 minute NILM iron thermostat cycle session
2026-06-12T14:59:27.543764+00:00,2026-06-12 20:29:27,Anllia,plug_1,Tapo P110,P110,iron,ebce04ed,multi_cycle,1.0,0.0,236.909,0.0,0.048,0.464,,on,-68,,30 minute NILM iron thermostat cycle session
2026-06-12T14:59:29.209560+00:00,2026-06-12 20:29:29,Anllia,plug_1,Tapo P110,P110,iron,ebce04ed,multi_cycle,1.0,1253.291,236.909,5.546,0.049,0.464,,on,-69,,30 minute NILM iron thermostat cycle session
2026-06-12T14:59:30.537582+00:00,2026-06-12 20:29:30,Anllia,plug_1,Tapo P110,P110,iron,ebce04ed,multi_cycle,1.0,1326.062,229.1,5.546,0.049,0.465,,on,-78,,30 minute NILM iron thermostat cycle session
2026-06-12T14:59:31.812993+00:00,2026-06-12 20:29:31,Anllia,plug_1,Tapo P110,P110,iron,ebce04ed,multi_cycle,1.0,1322.15,229.1,5.762,0.05,0.466,,on,-66,,30 minute NILM iron thermostat cycle session
2026-06-12T14:59:33.061937+00:00,2026-06-12 20:29:33,Anllia,plug_1,Tapo P110,P110,iron,ebce04ed,multi_cycle,1.0,1318.788,229.129,5.762,0.05,0.466,,on,-69,,30 minute NILM iron thermostat cycle session
2026-06-12T14:59:34.357064+00:00,2026-06-12 20:29:34,Anllia,plug_1,Tapo P110,P110,iron,ebce04ed,multi_cycle,1.0,1315.391,229.129,5.737,0.051,0.467,,on,-71,,30 minute NILM iron thermostat cycle session
2026-06-12T14:59:35.636171+00:00,2026-06-12 20:29:35,Anllia,plug_1,Tapo P110,P110,iron,ebce04ed,multi_cycle,1.0,1310.855,228.713,5.737,0.051,0.467,,on,-64,,30 minute NILM iron thermostat cycle session
2026-06-12T14:59:36.989408+00:00,2026-06-12 20:29:36,Anllia,plug_1,Tapo P110,P110,iron,ebce04ed,multi_cycle,1.0,1307.75,228.713,5.715,0.052,0.467,,on,-71,,30 minute NILM iron thermostat cycle session
2026-06-12T14:59:38.278246+00:00,2026-06-12 20:29:38,Anllia,plug_1,Tapo P110,P110,iron,ebce04ed,multi_cycle,1.0,1307.38,228.576,5.715,0.052,0.468,,on,-69,,30 minute NILM iron thermostat cycle session
2026-06-12T14:59:39.520697+00:00,2026-06-12 20:29:39,Anllia,plug_1,Tapo P110,P110,iron,ebce04ed,multi_cycle,1.0,1307.38,228.576,5.715,0.053,0.468,,on,-70,,30 minute NILM iron thermostat cycle session
2026-06-12T14:59:40.811538+00:00,2026-06-12 20:29:40,Anllia,plug_1,Tapo P110,P110,iron,ebce04ed,multi_cycle,1.0,1309.412,228.576,5.714,0.053,0.468,,on,-64,,30 minute NILM iron thermostat cycle session
2026-06-12T14:59:42.177117+00:00,2026-06-12 20:29:42,Anllia,plug_1,Tapo P110,P110,iron,ebce04ed,multi_cycle,1.0,1309.412,236.918,5.714,0.053,0.468,,on,-69,,30 minute NILM iron thermostat cycle session
2026-06-12T14:59:43.495502+00:00,2026-06-12 20:29:43,Anllia,plug_1,Tapo P110,P110,iron,ebce04ed,multi_cycle,1.0,0.0,236.918,0.0,0.053,0.468,,on,-70,,30 minute NILM iron thermostat cycle session
2026-06-12T14:59:44.811513+00:00,2026-06-12 20:29:44,Anllia,plug_1,Tapo P110,P110,iron,ebce04ed,multi_cycle,1.0,0.0,236.918,0.0,0.053,0.468,,on,-63,,30 minute NILM iron thermostat cycle session
2026-06-12T14:59:46.158677+00:00,2026-06-12 20:29:46,Anllia,plug_1,Tapo P110,P110,iron,ebce04ed,multi_cycle,1.0,0.0,237.102,0.0,0.053,0.468,,on,-63,,30 minute NILM iron thermostat cycle session
2026-06-12T14:59:47.481129+00:00,2026-06-12 20:29:47,Anllia,plug_1,Tapo P110,P110,iron,ebce04ed,multi_cycle,1.0,0.0,237.102,0.0,0.053,0.468,,on,-68,,30 minute NILM iron thermostat cycle session
2026-06-12T14:59:48.817361+00:00,2026-06-12 20:29:48,Anllia,plug_1,Tapo P110,P110,iron,ebce04ed,multi_cycle,1.0,0.0,237.102,0.0,0.053,0.468,,on,-70,,30 minute NILM iron thermostat cycle session
2026-06-12T14:59:50.163634+00:00,2026-06-12 20:29:50,Anllia,plug_1,Tapo P110,P110,iron,ebce04ed,multi_cycle,1.0,0.0,237.102,0.0,0.053,0.468,,on,-68,,30 minute NILM iron thermostat cycle session
2026-06-12T14:59:51.429166+00:00,2026-06-12 20:29:51,Anllia,plug_1,Tapo P110,P110,iron,ebce04ed,multi_cycle,1.0,0.0,237.102,0.0,0.053,0.468,,on,-74,,30 minute NILM iron thermostat cycle session
2026-06-12T14:59:52.676131+00:00,2026-06-12 20:29:52,Anllia,plug_1,Tapo P110,P110,iron,ebce04ed,multi_cycle,1.0,0.0,237.102,0.0,0.053,0.468,,on,-75,,30 minute NILM iron thermostat cycle session
2026-06-12T14:59:54.123178+00:00,2026-06-12 20:29:54,Anllia,plug_1,Tapo P110,P110,iron,ebce04ed,multi_cycle,1.0,0.0,237.102,0.0,0.053,0.468,,on,-79,,30 minute NILM iron thermostat cycle session
2026-06-12T14:59:55.396605+00:00,2026-06-12 20:29:55,Anllia,plug_1,Tapo P110,P110,iron,ebce04ed,multi_cycle,1.0,0.0,237.102,0.0,0.053,0.468,,on,-76,,30 minute NILM iron thermostat cycle session
2026-06-12T14:59:56.802399+00:00,2026-06-12 20:29:56,Anllia,plug_1,Tapo P110,P110,iron,ebce04ed,multi_cycle,1.0,0.0,237.102,0.0,0.053,0.468,,on,-75,,30 minute NILM iron thermostat cycle session
2026-06-12T14:59:58.071085+00:00,2026-06-12 20:29:58,Anllia,plug_1,Tapo P110,P110,iron,ebce04ed,multi_cycle,1.0,0.0,237.102,0.0,0.053,0.468,,on,-73,,30 minute NILM iron thermostat cycle session
2026-06-12T14:59:59.324582+00:00,2026-06-12 20:29:59,Anllia,plug_1,Tapo P110,P110,iron,ebce04ed,multi_cycle,1.0,0.0,237.233,0.0,0.053,0.468,,on,-76,,30 minute NILM iron thermostat cycle session
2026-06-12T15:00:00.710094+00:00,2026-06-12 20:30:00,Anllia,plug_1,Tapo P110,P110,iron,ebce04ed,multi_cycle,1.0,0.0,237.233,0.0,0.053,0.468,,on,-76,,30 minute NILM iron thermostat cycle session
2026-06-12T15:00:02.020623+00:00,2026-06-12 20:30:02,Anllia,plug_1,Tapo P110,P110,iron,ebce04ed,multi_cycle,1.0,0.0,237.233,0.0,0.053,0.468,,on,-76,,30 minute NILM iron thermostat cycle session
2026-06-12T15:00:03.337588+00:00,2026-06-12 20:30:03,Anllia,plug_1,Tapo P110,P110,iron,ebce04ed,multi_cycle,1.0,0.0,237.233,0.0,0.053,0.468,,on,-78,,30 minute NILM iron thermostat cycle session
2026-06-12T15:00:04.691488+00:00,2026-06-12 20:30:04,Anllia,plug_1,Tapo P110,P110,iron,ebce04ed,multi_cycle,1.0,0.0,237.233,0.0,0.053,0.468,,on,-78,,30 minute NILM iron thermostat cycle session
2026-06-12T15:00:06.075354+00:00,2026-06-12 20:30:06,Anllia,plug_1,Tapo P110,P110,iron,ebce04ed,multi_cycle,1.0,0.0,237.233,0.0,0.053,0.468,,on,-76,,30 minute NILM iron thermostat cycle session
2026-06-12T15:00:07.407024+00:00,2026-06-12 20:30:07,Anllia,plug_1,Tapo P110,P110,iron,ebce04ed,multi_cycle,1.0,0.0,237.233,0.0,0.053,0.468,,on,-76,,30 minute NILM iron thermostat cycle session
2026-06-12T15:00:08.653205+00:00,2026-06-12 20:30:08,Anllia,plug_1,Tapo P110,P110,iron,ebce04ed,multi_cycle,1.0,0.0,237.233,0.0,0.053,0.468,,on,-75,,30 minute NILM iron thermostat cycle session
2026-06-12T15:00:09.898634+00:00,2026-06-12 20:30:09,Anllia,plug_1,Tapo P110,P110,iron,ebce04ed,multi_cycle,1.0,0.0,237.233,0.0,0.053,0.468,,on,-73,,30 minute NILM iron thermostat cycle session
2026-06-12T15:00:11.192949+00:00,2026-06-12 20:30:11,Anllia,plug_1,Tapo P110,P110,iron,ebce04ed,multi_cycle,1.0,0.0,237.233,0.0,0.053,0.468,,on,-75,,30 minute NILM iron thermostat cycle session
2026-06-12T15:00:12.555250+00:00,2026-06-12 20:30:12,Anllia,plug_1,Tapo P110,P110,iron,ebce04ed,multi_cycle,1.0,0.0,237.233,0.0,0.053,0.468,,on,-76,,30 minute NILM iron thermostat cycle session
2026-06-12T15:00:13.921780+00:00,2026-06-12 20:30:13,Anllia,plug_1,Tapo P110,P110,iron,ebce04ed,multi_cycle,1.0,0.0,236.545,0.0,0.053,0.468,,on,-73,,30 minute NILM iron thermostat cycle session
2026-06-12T15:00:15.197183+00:00,2026-06-12 20:30:15,Anllia,plug_1,Tapo P110,P110,iron,ebce04ed,multi_cycle,1.0,0.0,236.545,0.0,0.053,0.468,,on,-76,,30 minute NILM iron thermostat cycle session
2026-06-12T15:00:16.454396+00:00,2026-06-12 20:30:16,Anllia,plug_1,Tapo P110,P110,iron,ebce04ed,multi_cycle,1.0,0.0,236.545,0.0,0.053,0.468,,on,-77,,30 minute NILM iron thermostat cycle session
2026-06-12T15:00:17.711837+00:00,2026-06-12 20:30:17,Anllia,plug_1,Tapo P110,P110,iron,ebce04ed,multi_cycle,1.0,0.0,236.545,0.0,0.053,0.468,,on,-76,,30 minute NILM iron thermostat cycle session
2026-06-12T15:00:19.053127+00:00,2026-06-12 20:30:19,Anllia,plug_1,Tapo P110,P110,iron,ebce04ed,multi_cycle,1.0,0.0,236.545,0.0,0.053,0.468,,on,-79,,30 minute NILM iron thermostat cycle session
2026-06-12T15:00:20.331750+00:00,2026-06-12 20:30:20,Anllia,plug_1,Tapo P110,P110,iron,ebce04ed,multi_cycle,1.0,0.0,236.545,0.0,0.053,0.468,,on,-76,,30 minute NILM iron thermostat cycle session
2026-06-12T15:00:21.574760+00:00,2026-06-12 20:30:21,Anllia,plug_1,Tapo P110,P110,iron,ebce04ed,multi_cycle,1.0,0.0,236.545,0.0,0.053,0.468,,on,-77,,30 minute NILM iron thermostat cycle session
2026-06-12T15:00:22.927455+00:00,2026-06-12 20:30:22,Anllia,plug_1,Tapo P110,P110,iron,ebce04ed,multi_cycle,1.0,0.0,236.545,0.0,0.053,0.468,,on,-75,,30 minute NILM iron thermostat cycle session
2026-06-12T15:00:24.410458+00:00,2026-06-12 20:30:24,Anllia,plug_1,Tapo P110,P110,iron,ebce04ed,multi_cycle,1.0,0.0,236.545,0.0,0.053,0.468,,on,-77,,30 minute NILM iron thermostat cycle session
2026-06-12T15:00:25.758192+00:00,2026-06-12 20:30:25,Anllia,plug_1,Tapo P110,P110,iron,ebce04ed,multi_cycle,1.0,0.0,236.545,0.0,0.053,0.468,,on,-74,,30 minute NILM iron thermostat cycle session
2026-06-12T15:00:27.008519+00:00,2026-06-12 20:30:27,Anllia,plug_1,Tapo P110,P110,iron,ebce04ed,multi_cycle,1.0,0.0,236.545,0.0,0.053,0.468,,on,-72,,30 minute NILM iron thermostat cycle session
2026-06-12T15:00:28.308593+00:00,2026-06-12 20:30:28,Anllia,plug_1,Tapo P110,P110,iron,ebce04ed,multi_cycle,1.0,0.0,236.516,0.0,0.053,0.468,,on,-73,,30 minute NILM iron thermostat cycle session
2026-06-12T15:00:29.601298+00:00,2026-06-12 20:30:29,Anllia,plug_1,Tapo P110,P110,iron,ebce04ed,multi_cycle,1.0,0.0,236.516,0.0,0.053,0.468,,on,-74,,30 minute NILM iron thermostat cycle session
2026-06-12T15:00:31.005360+00:00,2026-06-12 20:30:31,Anllia,plug_1,Tapo P110,P110,iron,ebce04ed,multi_cycle,1.0,0.0,236.516,0.0,0.053,0.468,,on,-73,,30 minute NILM iron thermostat cycle session
2026-06-12T15:00:32.272183+00:00,2026-06-12 20:30:32,Anllia,plug_1,Tapo P110,P110,iron,ebce04ed,multi_cycle,1.0,0.0,236.516,0.0,0.053,0.468,,on,-73,,30 minute NILM iron thermostat cycle session
2026-06-12T15:00:33.634266+00:00,2026-06-12 20:30:33,Anllia,plug_1,Tapo P110,P110,iron,ebce04ed,multi_cycle,1.0,0.0,236.516,0.0,0.053,0.468,,on,-72,,30 minute NILM iron thermostat cycle session
2026-06-12T15:00:34.994494+00:00,2026-06-12 20:30:34,Anllia,plug_1,Tapo P110,P110,iron,ebce04ed,multi_cycle,1.0,0.0,236.516,0.0,0.053,0.468,,on,-73,,30 minute NILM iron thermostat cycle session
2026-06-12T15:00:36.325740+00:00,2026-06-12 20:30:36,Anllia,plug_1,Tapo P110,P110,iron,ebce04ed,multi_cycle,1.0,0.0,236.516,0.0,0.053,0.468,,on,-72,,30 minute NILM iron thermostat cycle session
2026-06-12T15:00:37.641610+00:00,2026-06-12 20:30:37,Anllia,plug_1,Tapo P110,P110,iron,ebce04ed,multi_cycle,1.0,0.0,236.516,0.0,0.053,0.468,,on,-73,,30 minute NILM iron thermostat cycle session
2026-06-12T15:00:38.995863+00:00,2026-06-12 20:30:38,Anllia,plug_1,Tapo P110,P110,iron,ebce04ed,multi_cycle,1.0,0.0,236.516,0.0,0.053,0.468,,on,-74,,30 minute NILM iron thermostat cycle session
2026-06-12T15:00:40.414266+00:00,2026-06-12 20:30:40,Anllia,plug_1,Tapo P110,P110,iron,ebce04ed,multi_cycle,1.0,0.0,236.516,0.0,0.053,0.468,,on,-73,,30 minute NILM iron thermostat cycle session
2026-06-12T15:00:41.671017+00:00,2026-06-12 20:30:41,Anllia,plug_1,Tapo P110,P110,iron,ebce04ed,multi_cycle,1.0,0.0,237.155,0.0,0.053,0.468,,on,-71,,30 minute NILM iron thermostat cycle session
2026-06-12T15:00:43.345737+00:00,2026-06-12 20:30:43,Anllia,plug_1,Tapo P110,P110,iron,ebce04ed,multi_cycle,1.0,0.0,237.155,0.0,0.053,0.468,,on,-72,,30 minute NILM iron thermostat cycle session
2026-06-12T15:00:44.596691+00:00,2026-06-12 20:30:44,Anllia,plug_1,Tapo P110,P110,iron,ebce04ed,multi_cycle,1.0,0.0,237.155,0.0,0.053,0.468,,on,-74,,30 minute NILM iron thermostat cycle session
2026-06-12T15:00:45.961199+00:00,2026-06-12 20:30:45,Anllia,plug_1,Tapo P110,P110,iron,ebce04ed,multi_cycle,1.0,0.0,237.155,0.0,0.053,0.468,,on,-75,,30 minute NILM iron thermostat cycle session
2026-06-12T15:00:47.289423+00:00,2026-06-12 20:30:47,Anllia,plug_1,Tapo P110,P110,iron,ebce04ed,multi_cycle,1.0,0.0,237.155,0.0,0.053,0.468,,on,-73,,30 minute NILM iron thermostat cycle session
2026-06-12T15:00:48.557314+00:00,2026-06-12 20:30:48,Anllia,plug_1,Tapo P110,P110,iron,ebce04ed,multi_cycle,1.0,0.0,237.155,0.0,0.053,0.468,,on,-74,,30 minute NILM iron thermostat cycle session
2026-06-12T15:00:49.841595+00:00,2026-06-12 20:30:49,Anllia,plug_1,Tapo P110,P110,iron,ebce04ed,multi_cycle,1.0,0.0,237.155,0.0,0.053,0.468,,on,-73,,30 minute NILM iron thermostat cycle session
2026-06-12T15:00:51.091907+00:00,2026-06-12 20:30:51,Anllia,plug_1,Tapo P110,P110,iron,ebce04ed,multi_cycle,1.0,0.0,237.155,0.0,0.053,0.468,,on,-73,,30 minute NILM iron thermostat cycle session
2026-06-12T15:00:52.403644+00:00,2026-06-12 20:30:52,Anllia,plug_1,Tapo P110,P110,iron,ebce04ed,multi_cycle,1.0,0.0,237.155,0.0,0.053,0.468,,on,-72,,30 minute NILM iron thermostat cycle session
2026-06-12T15:00:53.672665+00:00,2026-06-12 20:30:53,Anllia,plug_1,Tapo P110,P110,iron,ebce04ed,multi_cycle,1.0,0.0,237.155,0.0,0.053,0.468,,on,-73,,30 minute NILM iron thermostat cycle session
2026-06-12T15:00:54.926051+00:00,2026-06-12 20:30:54,Anllia,plug_1,Tapo P110,P110,iron,ebce04ed,multi_cycle,1.0,0.0,237.155,0.0,0.053,0.468,,on,-74,,30 minute NILM iron thermostat cycle session
2026-06-12T15:00:56.185209+00:00,2026-06-12 20:30:56,Anllia,plug_1,Tapo P110,P110,iron,ebce04ed,multi_cycle,1.0,0.0,237.243,0.0,0.053,0.468,,on,-73,,30 minute NILM iron thermostat cycle session
2026-06-12T15:00:57.507543+00:00,2026-06-12 20:30:57,Anllia,plug_1,Tapo P110,P110,iron,ebce04ed,multi_cycle,1.0,0.0,237.243,0.0,0.053,0.468,,on,-73,,30 minute NILM iron thermostat cycle session
2026-06-12T15:00:58.852677+00:00,2026-06-12 20:30:58,Anllia,plug_1,Tapo P110,P110,iron,ebce04ed,multi_cycle,1.0,0.0,237.243,0.0,0.053,0.468,,on,-73,,30 minute NILM iron thermostat cycle session
2026-06-12T15:01:00.098097+00:00,2026-06-12 20:31:00,Anllia,plug_1,Tapo P110,P110,iron,ebce04ed,multi_cycle,1.0,0.0,237.243,0.0,0.053,0.468,,on,-73,,30 minute NILM iron thermostat cycle session
2026-06-12T15:01:01.452923+00:00,2026-06-12 20:31:01,Anllia,plug_1,Tapo P110,P110,iron,ebce04ed,multi_cycle,1.0,0.0,237.243,0.0,0.053,0.468,,on,-75,,30 minute NILM iron thermostat cycle session
2026-06-12T15:01:02.724575+00:00,2026-06-12 20:31:02,Anllia,plug_1,Tapo P110,P110,iron,ebce04ed,multi_cycle,1.0,0.0,237.243,0.0,0.053,0.468,,on,-73,,30 minute NILM iron thermostat cycle session
2026-06-12T15:01:04.086938+00:00,2026-06-12 20:31:04,Anllia,plug_1,Tapo P110,P110,iron,ebce04ed,multi_cycle,1.0,0.0,237.243,0.0,0.053,0.468,,on,-74,,30 minute NILM iron thermostat cycle session
2026-06-12T15:01:05.497698+00:00,2026-06-12 20:31:05,Anllia,plug_1,Tapo P110,P110,iron,ebce04ed,multi_cycle,1.0,0.0,237.243,0.0,0.053,0.468,,on,-72,,30 minute NILM iron thermostat cycle session
2026-06-12T15:01:06.787564+00:00,2026-06-12 20:31:06,Anllia,plug_1,Tapo P110,P110,iron,ebce04ed,multi_cycle,1.0,0.0,237.243,0.0,0.053,0.468,,on,-72,,30 minute NILM iron thermostat cycle session
2026-06-12T15:01:08.081106+00:00,2026-06-12 20:31:08,Anllia,plug_1,Tapo P110,P110,iron,ebce04ed,multi_cycle,1.0,0.0,237.243,0.0,0.053,0.468,,on,-73,,30 minute NILM iron thermostat cycle session
2026-06-12T15:01:09.401013+00:00,2026-06-12 20:31:09,Anllia,plug_1,Tapo P110,P110,iron,ebce04ed,multi_cycle,1.0,0.0,237.435,0.0,0.053,0.468,,on,-73,,30 minute NILM iron thermostat cycle session
2026-06-12T15:01:10.766746+00:00,2026-06-12 20:31:10,Anllia,plug_1,Tapo P110,P110,iron,ebce04ed,multi_cycle,1.0,0.0,237.435,0.0,0.053,0.468,,on,-80,,30 minute NILM iron thermostat cycle session
2026-06-12T15:01:12.041922+00:00,2026-06-12 20:31:12,Anllia,plug_1,Tapo P110,P110,iron,ebce04ed,multi_cycle,1.0,0.0,237.435,0.0,0.053,0.468,,on,-71,,30 minute NILM iron thermostat cycle session
2026-06-12T15:01:13.358705+00:00,2026-06-12 20:31:13,Anllia,plug_1,Tapo P110,P110,iron,ebce04ed,multi_cycle,1.0,0.0,237.435,0.0,0.053,0.468,,on,-67,,30 minute NILM iron thermostat cycle session
2026-06-12T15:01:14.653474+00:00,2026-06-12 20:31:14,Anllia,plug_1,Tapo P110,P110,iron,ebce04ed,multi_cycle,1.0,0.0,237.435,0.0,0.053,0.468,,on,-66,,30 minute NILM iron thermostat cycle session
2026-06-12T15:01:15.952925+00:00,2026-06-12 20:31:15,Anllia,plug_1,Tapo P110,P110,iron,ebce04ed,multi_cycle,1.0,0.0,237.435,0.0,0.053,0.468,,on,-65,,30 minute NILM iron thermostat cycle session
2026-06-12T15:01:17.227047+00:00,2026-06-12 20:31:17,Anllia,plug_1,Tapo P110,P110,iron,ebce04ed,multi_cycle,1.0,0.0,237.435,0.0,0.053,0.468,,on,-67,,30 minute NILM iron thermostat cycle session
2026-06-12T15:01:18.482788+00:00,2026-06-12 20:31:18,Anllia,plug_1,Tapo P110,P110,iron,ebce04ed,multi_cycle,1.0,0.0,237.435,0.0,0.053,0.468,,on,-67,,30 minute NILM iron thermostat cycle session
2026-06-12T15:01:19.825937+00:00,2026-06-12 20:31:19,Anllia,plug_1,Tapo P110,P110,iron,ebce04ed,multi_cycle,1.0,0.0,237.435,0.0,0.053,0.468,,on,-65,,30 minute NILM iron thermostat cycle session
2026-06-12T15:01:21.143156+00:00,2026-06-12 20:31:21,Anllia,plug_1,Tapo P110,P110,iron,ebce04ed,multi_cycle,1.0,0.0,237.435,0.0,0.053,0.468,,on,-64,,30 minute NILM iron thermostat cycle session
2026-06-12T15:01:22.580386+00:00,2026-06-12 20:31:22,Anllia,plug_1,Tapo P110,P110,iron,ebce04ed,multi_cycle,1.0,0.0,237.435,0.0,0.053,0.468,,on,-64,,30 minute NILM iron thermostat cycle session
2026-06-12T15:01:23.980737+00:00,2026-06-12 20:31:23,Anllia,plug_1,Tapo P110,P110,iron,ebce04ed,multi_cycle,1.0,0.0,236.415,0.0,0.053,0.468,,on,-66,,30 minute NILM iron thermostat cycle session
2026-06-12T15:01:25.341372+00:00,2026-06-12 20:31:25,Anllia,plug_1,Tapo P110,P110,iron,ebce04ed,multi_cycle,1.0,0.0,236.415,0.0,0.053,0.468,,on,-65,,30 minute NILM iron thermostat cycle session
2026-06-12T15:01:26.650981+00:00,2026-06-12 20:31:26,Anllia,plug_1,Tapo P110,P110,iron,ebce04ed,multi_cycle,1.0,0.0,236.415,0.0,0.053,0.468,,on,-65,,30 minute NILM iron thermostat cycle session
2026-06-12T15:01:28.151416+00:00,2026-06-12 20:31:28,Anllia,plug_1,Tapo P110,P110,iron,ebce04ed,multi_cycle,1.0,0.0,236.415,0.0,0.053,0.468,,on,-65,,30 minute NILM iron thermostat cycle session
2026-06-12T15:01:29.618406+00:00,2026-06-12 20:31:29,Anllia,plug_1,Tapo P110,P110,iron,ebce04ed,multi_cycle,1.0,0.0,236.415,0.0,0.053,0.468,,on,-65,,30 minute NILM iron thermostat cycle session
2026-06-12T15:01:30.922630+00:00,2026-06-12 20:31:30,Anllia,plug_1,Tapo P110,P110,iron,ebce04ed,multi_cycle,1.0,0.0,236.415,0.0,0.053,0.468,,on,-66,,30 minute NILM iron thermostat cycle session
2026-06-12T15:01:32.165641+00:00,2026-06-12 20:31:32,Anllia,plug_1,Tapo P110,P110,iron,ebce04ed,multi_cycle,1.0,0.0,236.415,0.0,0.053,0.468,,on,-65,,30 minute NILM iron thermostat cycle session
2026-06-12T15:01:33.487866+00:00,2026-06-12 20:31:33,Anllia,plug_1,Tapo P110,P110,iron,ebce04ed,multi_cycle,1.0,0.0,236.415,0.0,0.053,0.468,,on,-65,,30 minute NILM iron thermostat cycle session
2026-06-12T15:01:34.762823+00:00,2026-06-12 20:31:34,Anllia,plug_1,Tapo P110,P110,iron,ebce04ed,multi_cycle,1.0,0.0,236.415,0.0,0.053,0.468,,on,-65,,30 minute NILM iron thermostat cycle session
2026-06-12T15:01:36.003679+00:00,2026-06-12 20:31:36,Anllia,plug_1,Tapo P110,P110,iron,ebce04ed,multi_cycle,1.0,0.0,236.415,0.0,0.053,0.468,,on,-66,,30 minute NILM iron thermostat cycle session
2026-06-12T15:01:37.284177+00:00,2026-06-12 20:31:37,Anllia,plug_1,Tapo P110,P110,iron,ebce04ed,multi_cycle,1.0,0.0,236.415,0.0,0.053,0.468,,on,-68,,30 minute NILM iron thermostat cycle session
2026-06-12T15:01:38.676482+00:00,2026-06-12 20:31:38,Anllia,plug_1,Tapo P110,P110,iron,ebce04ed,multi_cycle,1.0,0.0,236.408,0.0,0.053,0.468,,on,-66,,30 minute NILM iron thermostat cycle session
2026-06-12T15:01:40.074547+00:00,2026-06-12 20:31:40,Anllia,plug_1,Tapo P110,P110,iron,ebce04ed,multi_cycle,1.0,0.0,236.408,0.0,0.053,0.468,,on,-65,,30 minute NILM iron thermostat cycle session
2026-06-12T15:01:41.342445+00:00,2026-06-12 20:31:41,Anllia,plug_1,Tapo P110,P110,iron,ebce04ed,multi_cycle,1.0,0.0,236.408,0.0,0.053,0.468,,on,-68,,30 minute NILM iron thermostat cycle session
2026-06-12T15:01:42.594096+00:00,2026-06-12 20:31:42,Anllia,plug_1,Tapo P110,P110,iron,ebce04ed,multi_cycle,1.0,0.0,236.408,0.0,0.053,0.468,,on,-66,,30 minute NILM iron thermostat cycle session
2026-06-12T15:01:44.056813+00:00,2026-06-12 20:31:44,Anllia,plug_1,Tapo P110,P110,iron,ebce04ed,multi_cycle,1.0,0.0,236.408,0.0,0.053,0.468,,on,-69,,30 minute NILM iron thermostat cycle session
2026-06-12T15:01:45.537072+00:00,2026-06-12 20:31:45,Anllia,plug_1,Tapo P110,P110,iron,ebce04ed,multi_cycle,1.0,0.0,236.408,0.0,0.053,0.468,,on,-67,,30 minute NILM iron thermostat cycle session
2026-06-12T15:01:46.989986+00:00,2026-06-12 20:31:46,Anllia,plug_1,Tapo P110,P110,iron,ebce04ed,multi_cycle,1.0,0.0,236.408,0.0,0.053,0.468,,on,-64,,30 minute NILM iron thermostat cycle session
2026-06-12T15:01:48.337676+00:00,2026-06-12 20:31:48,Anllia,plug_1,Tapo P110,P110,iron,ebce04ed,multi_cycle,1.0,0.0,236.408,0.0,0.053,0.468,,on,-65,,30 minute NILM iron thermostat cycle session
2026-06-12T15:01:49.704982+00:00,2026-06-12 20:31:49,Anllia,plug_1,Tapo P110,P110,iron,ebce04ed,multi_cycle,1.0,0.0,236.408,0.0,0.053,0.468,,on,-67,,30 minute NILM iron thermostat cycle session
2026-06-12T15:01:50.984549+00:00,2026-06-12 20:31:50,Anllia,plug_1,Tapo P110,P110,iron,ebce04ed,multi_cycle,1.0,0.0,236.408,0.0,0.053,0.469,,on,-67,,30 minute NILM iron thermostat cycle session
2026-06-12T15:01:52.257124+00:00,2026-06-12 20:31:52,Anllia,plug_1,Tapo P110,P110,iron,ebce04ed,multi_cycle,1.0,1245.406,232.674,0.0,0.053,0.469,,on,-72,,30 minute NILM iron thermostat cycle session
2026-06-12T15:01:53.499007+00:00,2026-06-12 20:31:53,Anllia,plug_1,Tapo P110,P110,iron,ebce04ed,multi_cycle,1.0,1320.0,232.674,5.77,0.054,0.469,,on,-73,,30 minute NILM iron thermostat cycle session
2026-06-12T15:01:54.923174+00:00,2026-06-12 20:31:54,Anllia,plug_1,Tapo P110,P110,iron,ebce04ed,multi_cycle,1.0,1313.686,228.342,5.77,0.054,0.47,,on,-67,,30 minute NILM iron thermostat cycle session
2026-06-12T15:01:56.242071+00:00,2026-06-12 20:31:56,Anllia,plug_1,Tapo P110,P110,iron,ebce04ed,multi_cycle,1.0,1308.923,228.342,5.729,0.055,0.47,,on,-66,,30 minute NILM iron thermostat cycle session
2026-06-12T15:01:57.513797+00:00,2026-06-12 20:31:57,Anllia,plug_1,Tapo P110,P110,iron,ebce04ed,multi_cycle,1.0,1308.923,228.342,5.729,0.055,0.471,,on,-66,,30 minute NILM iron thermostat cycle session
2026-06-12T15:01:58.836546+00:00,2026-06-12 20:31:58,Anllia,plug_1,Tapo P110,P110,iron,ebce04ed,multi_cycle,1.0,1304.655,228.002,5.729,0.056,0.471,,on,-68,,30 minute NILM iron thermostat cycle session
2026-06-12T15:02:00.202421+00:00,2026-06-12 20:32:00,Anllia,plug_1,Tapo P110,P110,iron,ebce04ed,multi_cycle,1.0,1303.367,228.002,5.709,0.056,0.472,,on,-66,,30 minute NILM iron thermostat cycle session
2026-06-12T15:02:01.500065+00:00,2026-06-12 20:32:01,Anllia,plug_1,Tapo P110,P110,iron,ebce04ed,multi_cycle,1.0,1302.964,228.046,5.709,0.057,0.472,,on,-66,,30 minute NILM iron thermostat cycle session
2026-06-12T15:02:02.856867+00:00,2026-06-12 20:32:02,Anllia,plug_1,Tapo P110,P110,iron,ebce04ed,multi_cycle,1.0,1301.886,228.046,5.702,0.057,0.473,,on,-66,,30 minute NILM iron thermostat cycle session
2026-06-12T15:02:04.117311+00:00,2026-06-12 20:32:04,Anllia,plug_1,Tapo P110,P110,iron,ebce04ed,multi_cycle,1.0,1302.479,228.19,5.702,0.057,0.473,,on,-67,,30 minute NILM iron thermostat cycle session
2026-06-12T15:02:05.454950+00:00,2026-06-12 20:32:05,Anllia,plug_1,Tapo P110,P110,iron,ebce04ed,multi_cycle,1.0,1302.479,228.19,5.702,0.057,0.473,,on,-67,,30 minute NILM iron thermostat cycle session
2026-06-12T15:02:06.868394+00:00,2026-06-12 20:32:06,Anllia,plug_1,Tapo P110,P110,iron,ebce04ed,multi_cycle,1.0,1302.479,228.19,0.0,0.057,0.473,,on,-67,,30 minute NILM iron thermostat cycle session
2026-06-12T15:02:08.235009+00:00,2026-06-12 20:32:08,Anllia,plug_1,Tapo P110,P110,iron,ebce04ed,multi_cycle,1.0,0.0,235.768,0.0,0.057,0.473,,on,-67,,30 minute NILM iron thermostat cycle session
2026-06-12T15:02:09.532370+00:00,2026-06-12 20:32:09,Anllia,plug_1,Tapo P110,P110,iron,ebce04ed,multi_cycle,1.0,0.0,235.768,0.0,0.057,0.473,,on,-67,,30 minute NILM iron thermostat cycle session
2026-06-12T15:02:10.943731+00:00,2026-06-12 20:32:10,Anllia,plug_1,Tapo P110,P110,iron,ebce04ed,multi_cycle,1.0,0.0,235.768,0.0,0.057,0.473,,on,-67,,30 minute NILM iron thermostat cycle session
2026-06-12T15:02:12.312779+00:00,2026-06-12 20:32:12,Anllia,plug_1,Tapo P110,P110,iron,ebce04ed,multi_cycle,1.0,0.0,235.768,0.0,0.057,0.473,,on,-67,,30 minute NILM iron thermostat cycle session
2026-06-12T15:02:13.555400+00:00,2026-06-12 20:32:13,Anllia,plug_1,Tapo P110,P110,iron,ebce04ed,multi_cycle,1.0,0.0,235.768,0.0,0.057,0.473,,on,-67,,30 minute NILM iron thermostat cycle session
2026-06-12T15:02:14.860059+00:00,2026-06-12 20:32:14,Anllia,plug_1,Tapo P110,P110,iron,ebce04ed,multi_cycle,1.0,0.0,235.768,0.0,0.057,0.473,,on,-67,,30 minute NILM iron thermostat cycle session
2026-06-12T15:02:16.298602+00:00,2026-06-12 20:32:16,Anllia,plug_1,Tapo P110,P110,iron,ebce04ed,multi_cycle,1.0,0.0,235.768,0.0,0.057,0.473,,on,-67,,30 minute NILM iron thermostat cycle session
2026-06-12T15:02:17.789638+00:00,2026-06-12 20:32:17,Anllia,plug_1,Tapo P110,P110,iron,ebce04ed,multi_cycle,1.0,0.0,235.768,0.0,0.057,0.473,,on,-67,,30 minute NILM iron thermostat cycle session
2026-06-12T15:02:19.362635+00:00,2026-06-12 20:32:19,Anllia,plug_1,Tapo P110,P110,iron,ebce04ed,multi_cycle,1.0,0.0,235.768,0.0,0.057,0.473,,on,-66,,30 minute NILM iron thermostat cycle session
2026-06-12T15:02:21.275153+00:00,2026-06-12 20:32:21,Anllia,plug_1,Tapo P110,P110,iron,ebce04ed,multi_cycle,1.0,0.0,235.768,0.0,0.057,0.473,,on,-68,,30 minute NILM iron thermostat cycle session
2026-06-12T15:02:22.538536+00:00,2026-06-12 20:32:22,Anllia,plug_1,Tapo P110,P110,iron,ebce04ed,multi_cycle,1.0,0.0,235.825,0.0,0.057,0.473,,on,-66,,30 minute NILM iron thermostat cycle session
2026-06-12T15:02:23.904207+00:00,2026-06-12 20:32:23,Anllia,plug_1,Tapo P110,P110,iron,ebce04ed,multi_cycle,1.0,0.0,235.825,0.0,0.057,0.473,,on,-66,,30 minute NILM iron thermostat cycle session
2026-06-12T15:02:25.438221+00:00,2026-06-12 20:32:25,Anllia,plug_1,Tapo P110,P110,iron,ebce04ed,multi_cycle,1.0,0.0,235.825,0.0,0.057,0.473,,on,-66,,30 minute NILM iron thermostat cycle session
2026-06-12T15:02:27.019335+00:00,2026-06-12 20:32:27,Anllia,plug_1,Tapo P110,P110,iron,ebce04ed,multi_cycle,1.0,0.0,235.825,0.0,0.057,0.473,,on,-67,,30 minute NILM iron thermostat cycle session
2026-06-12T15:02:28.382460+00:00,2026-06-12 20:32:28,Anllia,plug_1,Tapo P110,P110,iron,ebce04ed,multi_cycle,1.0,0.0,235.825,0.0,0.057,0.473,,on,-67,,30 minute NILM iron thermostat cycle session
2026-06-12T15:02:29.896930+00:00,2026-06-12 20:32:29,Anllia,plug_1,Tapo P110,P110,iron,ebce04ed,multi_cycle,1.0,0.0,235.825,0.0,0.057,0.473,,on,-67,,30 minute NILM iron thermostat cycle session
2026-06-12T15:02:31.293759+00:00,2026-06-12 20:32:31,Anllia,plug_1,Tapo P110,P110,iron,ebce04ed,multi_cycle,1.0,0.0,235.825,0.0,0.057,0.473,,on,-67,,30 minute NILM iron thermostat cycle session
2026-06-12T15:02:32.696724+00:00,2026-06-12 20:32:32,Anllia,plug_1,Tapo P110,P110,iron,ebce04ed,multi_cycle,1.0,0.0,235.825,0.0,0.057,0.473,,on,-68,,30 minute NILM iron thermostat cycle session
2026-06-12T15:02:34.017915+00:00,2026-06-12 20:32:34,Anllia,plug_1,Tapo P110,P110,iron,ebce04ed,multi_cycle,1.0,0.0,235.825,0.0,0.057,0.473,,on,-67,,30 minute NILM iron thermostat cycle session
2026-06-12T15:02:35.291686+00:00,2026-06-12 20:32:35,Anllia,plug_1,Tapo P110,P110,iron,ebce04ed,multi_cycle,1.0,0.0,235.825,0.0,0.057,0.473,,on,-67,,30 minute NILM iron thermostat cycle session
2026-06-12T15:02:36.537510+00:00,2026-06-12 20:32:36,Anllia,plug_1,Tapo P110,P110,iron,ebce04ed,multi_cycle,1.0,0.0,236.139,0.0,0.057,0.473,,on,-66,,30 minute NILM iron thermostat cycle session
2026-06-12T15:02:37.882776+00:00,2026-06-12 20:32:37,Anllia,plug_1,Tapo P110,P110,iron,ebce04ed,multi_cycle,1.0,0.0,236.139,0.0,0.057,0.473,,on,-67,,30 minute NILM iron thermostat cycle session
2026-06-12T15:02:39.378236+00:00,2026-06-12 20:32:39,Anllia,plug_1,Tapo P110,P110,iron,ebce04ed,multi_cycle,1.0,0.0,236.139,0.0,0.057,0.473,,on,-66,,30 minute NILM iron thermostat cycle session
2026-06-12T15:02:40.712999+00:00,2026-06-12 20:32:40,Anllia,plug_1,Tapo P110,P110,iron,ebce04ed,multi_cycle,1.0,0.0,236.139,0.0,0.057,0.473,,on,-66,,30 minute NILM iron thermostat cycle session
2026-06-12T15:02:42.078330+00:00,2026-06-12 20:32:42,Anllia,plug_1,Tapo P110,P110,iron,ebce04ed,multi_cycle,1.0,0.0,236.139,0.0,0.057,0.473,,on,-67,,30 minute NILM iron thermostat cycle session
2026-06-12T15:02:43.476487+00:00,2026-06-12 20:32:43,Anllia,plug_1,Tapo P110,P110,iron,ebce04ed,multi_cycle,1.0,0.0,236.139,0.0,0.057,0.473,,on,-67,,30 minute NILM iron thermostat cycle session
2026-06-12T15:02:44.720902+00:00,2026-06-12 20:32:44,Anllia,plug_1,Tapo P110,P110,iron,ebce04ed,multi_cycle,1.0,0.0,236.139,0.0,0.057,0.473,,on,-67,,30 minute NILM iron thermostat cycle session
2026-06-12T15:02:47.497235+00:00,2026-06-12 20:32:47,Anllia,plug_1,Tapo P110,P110,iron,ebce04ed,multi_cycle,1.0,0.0,236.139,0.0,0.057,0.473,,on,-66,,30 minute NILM iron thermostat cycle session
2026-06-12T15:02:48.930583+00:00,2026-06-12 20:32:48,Anllia,plug_1,Tapo P110,P110,iron,ebce04ed,multi_cycle,1.0,0.0,236.139,0.0,0.057,0.473,,on,-67,,30 minute NILM iron thermostat cycle session
2026-06-12T15:02:50.412622+00:00,2026-06-12 20:32:50,Anllia,plug_1,Tapo P110,P110,iron,ebce04ed,multi_cycle,1.0,0.0,236.162,0.0,0.057,0.473,,on,-67,,30 minute NILM iron thermostat cycle session
2026-06-12T15:02:51.681828+00:00,2026-06-12 20:32:51,Anllia,plug_1,Tapo P110,P110,iron,ebce04ed,multi_cycle,1.0,0.0,236.162,0.0,0.057,0.473,,on,-66,,30 minute NILM iron thermostat cycle session
2026-06-12T15:02:53.001992+00:00,2026-06-12 20:32:53,Anllia,plug_1,Tapo P110,P110,iron,ebce04ed,multi_cycle,1.0,0.0,236.162,0.0,0.057,0.473,,on,-67,,30 minute NILM iron thermostat cycle session
2026-06-12T15:02:54.379561+00:00,2026-06-12 20:32:54,Anllia,plug_1,Tapo P110,P110,iron,ebce04ed,multi_cycle,1.0,0.0,236.162,0.0,0.057,0.473,,on,-67,,30 minute NILM iron thermostat cycle session
2026-06-12T15:02:55.649628+00:00,2026-06-12 20:32:55,Anllia,plug_1,Tapo P110,P110,iron,ebce04ed,multi_cycle,1.0,0.0,236.162,0.0,0.057,0.473,,on,-67,,30 minute NILM iron thermostat cycle session
2026-06-12T15:02:56.899169+00:00,2026-06-12 20:32:56,Anllia,plug_1,Tapo P110,P110,iron,ebce04ed,multi_cycle,1.0,0.0,236.162,0.0,0.057,0.473,,on,-66,,30 minute NILM iron thermostat cycle session
2026-06-12T15:02:58.142106+00:00,2026-06-12 20:32:58,Anllia,plug_1,Tapo P110,P110,iron,ebce04ed,multi_cycle,1.0,0.0,236.162,0.0,0.057,0.473,,on,-66,,30 minute NILM iron thermostat cycle session
2026-06-12T15:02:59.624294+00:00,2026-06-12 20:32:59,Anllia,plug_1,Tapo P110,P110,iron,ebce04ed,multi_cycle,1.0,0.0,236.162,0.0,0.057,0.473,,on,-66,,30 minute NILM iron thermostat cycle session
2026-06-12T15:03:00.977973+00:00,2026-06-12 20:33:00,Anllia,plug_1,Tapo P110,P110,iron,ebce04ed,multi_cycle,1.0,0.0,236.162,0.0,0.057,0.473,,on,-66,,30 minute NILM iron thermostat cycle session
2026-06-12T15:03:02.541262+00:00,2026-06-12 20:33:02,Anllia,plug_1,Tapo P110,P110,iron,ebce04ed,multi_cycle,1.0,0.0,236.162,0.0,0.057,0.473,,on,-66,,30 minute NILM iron thermostat cycle session
2026-06-12T15:03:03.860507+00:00,2026-06-12 20:33:03,Anllia,plug_1,Tapo P110,P110,iron,ebce04ed,multi_cycle,1.0,0.0,236.265,0.0,0.057,0.473,,on,-66,,30 minute NILM iron thermostat cycle session
2026-06-12T15:03:05.122757+00:00,2026-06-12 20:33:05,Anllia,plug_1,Tapo P110,P110,iron,ebce04ed,multi_cycle,1.0,0.0,236.265,0.0,0.057,0.473,,on,-66,,30 minute NILM iron thermostat cycle session
2026-06-12T15:03:06.490807+00:00,2026-06-12 20:33:06,Anllia,plug_1,Tapo P110,P110,iron,ebce04ed,multi_cycle,1.0,0.0,236.265,0.0,0.057,0.473,,on,-66,,30 minute NILM iron thermostat cycle session
2026-06-12T15:03:07.889373+00:00,2026-06-12 20:33:07,Anllia,plug_1,Tapo P110,P110,iron,ebce04ed,multi_cycle,1.0,0.0,236.265,0.0,0.057,0.473,,on,-67,,30 minute NILM iron thermostat cycle session
2026-06-12T15:03:09.307765+00:00,2026-06-12 20:33:09,Anllia,plug_1,Tapo P110,P110,iron,ebce04ed,multi_cycle,1.0,0.0,236.265,0.0,0.057,0.473,,on,-67,,30 minute NILM iron thermostat cycle session
2026-06-12T15:03:10.719956+00:00,2026-06-12 20:33:10,Anllia,plug_1,Tapo P110,P110,iron,ebce04ed,multi_cycle,1.0,0.0,236.265,0.0,0.057,0.473,,on,-67,,30 minute NILM iron thermostat cycle session
2026-06-12T15:03:12.013275+00:00,2026-06-12 20:33:12,Anllia,plug_1,Tapo P110,P110,iron,ebce04ed,multi_cycle,1.0,0.0,236.265,0.0,0.057,0.473,,on,-67,,30 minute NILM iron thermostat cycle session
2026-06-12T15:03:13.432216+00:00,2026-06-12 20:33:13,Anllia,plug_1,Tapo P110,P110,iron,ebce04ed,multi_cycle,1.0,0.0,236.265,0.0,0.057,0.473,,on,-66,,30 minute NILM iron thermostat cycle session
2026-06-12T15:03:14.749184+00:00,2026-06-12 20:33:14,Anllia,plug_1,Tapo P110,P110,iron,ebce04ed,multi_cycle,1.0,0.0,236.265,0.0,0.057,0.473,,on,-66,,30 minute NILM iron thermostat cycle session
2026-06-12T15:03:16.032571+00:00,2026-06-12 20:33:16,Anllia,plug_1,Tapo P110,P110,iron,ebce04ed,multi_cycle,1.0,0.0,236.265,0.0,0.057,0.473,,on,-67,,30 minute NILM iron thermostat cycle session
2026-06-12T15:03:17.301908+00:00,2026-06-12 20:33:17,Anllia,plug_1,Tapo P110,P110,iron,ebce04ed,multi_cycle,1.0,0.0,236.265,0.0,0.057,0.473,,on,-67,,30 minute NILM iron thermostat cycle session
2026-06-12T15:03:18.747387+00:00,2026-06-12 20:33:18,Anllia,plug_1,Tapo P110,P110,iron,ebce04ed,multi_cycle,1.0,0.0,236.831,0.0,0.057,0.473,,on,-67,,30 minute NILM iron thermostat cycle session
2026-06-12T15:03:20.320907+00:00,2026-06-12 20:33:20,Anllia,plug_1,Tapo P110,P110,iron,ebce04ed,multi_cycle,1.0,0.0,236.831,0.0,0.057,0.473,,on,-67,,30 minute NILM iron thermostat cycle session
2026-06-12T15:03:21.588104+00:00,2026-06-12 20:33:21,Anllia,plug_1,Tapo P110,P110,iron,ebce04ed,multi_cycle,1.0,0.0,236.831,0.0,0.057,0.473,,on,-67,,30 minute NILM iron thermostat cycle session
2026-06-12T15:03:22.899452+00:00,2026-06-12 20:33:22,Anllia,plug_1,Tapo P110,P110,iron,ebce04ed,multi_cycle,1.0,0.0,236.831,0.0,0.057,0.473,,on,-67,,30 minute NILM iron thermostat cycle session
2026-06-12T15:03:24.219675+00:00,2026-06-12 20:33:24,Anllia,plug_1,Tapo P110,P110,iron,ebce04ed,multi_cycle,1.0,0.0,236.831,0.0,0.057,0.473,,on,-67,,30 minute NILM iron thermostat cycle session
2026-06-12T15:03:25.617357+00:00,2026-06-12 20:33:25,Anllia,plug_1,Tapo P110,P110,iron,ebce04ed,multi_cycle,1.0,0.0,236.831,0.0,0.057,0.473,,on,-67,,30 minute NILM iron thermostat cycle session
2026-06-12T15:03:27.016002+00:00,2026-06-12 20:33:27,Anllia,plug_1,Tapo P110,P110,iron,ebce04ed,multi_cycle,1.0,0.0,236.831,0.0,0.057,0.473,,on,-67,,30 minute NILM iron thermostat cycle session
2026-06-12T15:03:28.258183+00:00,2026-06-12 20:33:28,Anllia,plug_1,Tapo P110,P110,iron,ebce04ed,multi_cycle,1.0,0.0,236.831,0.0,0.057,0.473,,on,-64,,30 minute NILM iron thermostat cycle session
2026-06-12T15:03:29.536875+00:00,2026-06-12 20:33:29,Anllia,plug_1,Tapo P110,P110,iron,ebce04ed,multi_cycle,1.0,0.0,236.831,0.0,0.057,0.473,,on,-66,,30 minute NILM iron thermostat cycle session
2026-06-12T15:03:30.802738+00:00,2026-06-12 20:33:30,Anllia,plug_1,Tapo P110,P110,iron,ebce04ed,multi_cycle,1.0,0.0,236.831,0.0,0.057,0.473,,on,-67,,30 minute NILM iron thermostat cycle session
2026-06-12T15:03:33.900462+00:00,2026-06-12 20:33:33,Anllia,plug_1,Tapo P110,P110,iron,ebce04ed,multi_cycle,1.0,0.0,236.726,0.0,0.057,0.473,,on,-66,,30 minute NILM iron thermostat cycle session
2026-06-12T15:03:35.283223+00:00,2026-06-12 20:33:35,Anllia,plug_1,Tapo P110,P110,iron,ebce04ed,multi_cycle,1.0,0.0,236.726,0.0,0.057,0.473,,on,-67,,30 minute NILM iron thermostat cycle session
2026-06-12T15:03:36.639982+00:00,2026-06-12 20:33:36,Anllia,plug_1,Tapo P110,P110,iron,ebce04ed,multi_cycle,1.0,0.0,236.726,0.0,0.057,0.473,,on,-66,,30 minute NILM iron thermostat cycle session
2026-06-12T15:03:38.088008+00:00,2026-06-12 20:33:38,Anllia,plug_1,Tapo P110,P110,iron,ebce04ed,multi_cycle,1.0,0.0,236.726,0.0,0.057,0.473,,on,-67,,30 minute NILM iron thermostat cycle session
2026-06-12T15:03:39.362102+00:00,2026-06-12 20:33:39,Anllia,plug_1,Tapo P110,P110,iron,ebce04ed,multi_cycle,1.0,0.0,236.726,0.0,0.057,0.473,,on,-66,,30 minute NILM iron thermostat cycle session
2026-06-12T15:03:40.736997+00:00,2026-06-12 20:33:40,Anllia,plug_1,Tapo P110,P110,iron,ebce04ed,multi_cycle,1.0,0.0,236.726,0.0,0.057,0.473,,on,-66,,30 minute NILM iron thermostat cycle session
2026-06-12T15:03:41.989628+00:00,2026-06-12 20:33:41,Anllia,plug_1,Tapo P110,P110,iron,ebce04ed,multi_cycle,1.0,0.0,236.726,0.0,0.057,0.473,,on,-66,,30 minute NILM iron thermostat cycle session
2026-06-12T15:03:43.516232+00:00,2026-06-12 20:33:43,Anllia,plug_1,Tapo P110,P110,iron,ebce04ed,multi_cycle,1.0,0.0,236.726,0.0,0.057,0.473,,on,-66,,30 minute NILM iron thermostat cycle session
2026-06-12T15:03:44.914862+00:00,2026-06-12 20:33:44,Anllia,plug_1,Tapo P110,P110,iron,ebce04ed,multi_cycle,1.0,0.0,236.726,0.0,0.057,0.473,,on,-67,,30 minute NILM iron thermostat cycle session
2026-06-12T15:03:46.195467+00:00,2026-06-12 20:33:46,Anllia,plug_1,Tapo P110,P110,iron,ebce04ed,multi_cycle,1.0,0.0,236.537,0.0,0.057,0.473,,on,-67,,30 minute NILM iron thermostat cycle session
2026-06-12T15:03:47.491561+00:00,2026-06-12 20:33:47,Anllia,plug_1,Tapo P110,P110,iron,ebce04ed,multi_cycle,1.0,0.0,236.537,0.0,0.057,0.473,,on,-67,,30 minute NILM iron thermostat cycle session
2026-06-12T15:03:48.941930+00:00,2026-06-12 20:33:48,Anllia,plug_1,Tapo P110,P110,iron,ebce04ed,multi_cycle,1.0,0.0,236.537,0.0,0.057,0.473,,on,-67,,30 minute NILM iron thermostat cycle session
2026-06-12T15:03:50.296550+00:00,2026-06-12 20:33:50,Anllia,plug_1,Tapo P110,P110,iron,ebce04ed,multi_cycle,1.0,0.0,236.537,0.0,0.057,0.473,,on,-67,,30 minute NILM iron thermostat cycle session
2026-06-12T15:03:51.639546+00:00,2026-06-12 20:33:51,Anllia,plug_1,Tapo P110,P110,iron,ebce04ed,multi_cycle,1.0,0.0,236.537,0.0,0.057,0.473,,on,-67,,30 minute NILM iron thermostat cycle session
2026-06-12T15:03:53.010585+00:00,2026-06-12 20:33:53,Anllia,plug_1,Tapo P110,P110,iron,ebce04ed,multi_cycle,1.0,0.0,236.537,0.0,0.057,0.473,,on,-66,,30 minute NILM iron thermostat cycle session
2026-06-12T15:03:54.313981+00:00,2026-06-12 20:33:54,Anllia,plug_1,Tapo P110,P110,iron,ebce04ed,multi_cycle,1.0,0.0,236.537,0.0,0.057,0.473,,on,-67,,30 minute NILM iron thermostat cycle session
2026-06-12T15:03:55.778416+00:00,2026-06-12 20:33:55,Anllia,plug_1,Tapo P110,P110,iron,ebce04ed,multi_cycle,1.0,0.0,236.537,0.0,0.057,0.473,,on,-67,,30 minute NILM iron thermostat cycle session
2026-06-12T15:03:57.318190+00:00,2026-06-12 20:33:57,Anllia,plug_1,Tapo P110,P110,iron,ebce04ed,multi_cycle,1.0,0.0,236.537,0.0,0.057,0.473,,on,-67,,30 minute NILM iron thermostat cycle session
2026-06-12T15:03:58.667637+00:00,2026-06-12 20:33:58,Anllia,plug_1,Tapo P110,P110,iron,ebce04ed,multi_cycle,1.0,0.0,236.537,0.0,0.057,0.473,,on,-66,,30 minute NILM iron thermostat cycle session
2026-06-12T15:03:59.932756+00:00,2026-06-12 20:33:59,Anllia,plug_1,Tapo P110,P110,iron,ebce04ed,multi_cycle,1.0,0.0,236.537,0.0,0.057,0.473,,on,-66,,30 minute NILM iron thermostat cycle session
2026-06-12T15:04:01.286411+00:00,2026-06-12 20:34:01,Anllia,plug_1,Tapo P110,P110,iron,ebce04ed,multi_cycle,1.0,0.0,236.909,0.0,0.057,0.473,,on,-68,,30 minute NILM iron thermostat cycle session
2026-06-12T15:04:02.652921+00:00,2026-06-12 20:34:02,Anllia,plug_1,Tapo P110,P110,iron,ebce04ed,multi_cycle,1.0,0.0,236.909,0.0,0.057,0.473,,on,-67,,30 minute NILM iron thermostat cycle session
2026-06-12T15:04:04.044823+00:00,2026-06-12 20:34:04,Anllia,plug_1,Tapo P110,P110,iron,ebce04ed,multi_cycle,1.0,0.0,236.909,0.0,0.057,0.473,,on,-66,,30 minute NILM iron thermostat cycle session
2026-06-12T15:04:05.441946+00:00,2026-06-12 20:34:05,Anllia,plug_1,Tapo P110,P110,iron,ebce04ed,multi_cycle,1.0,0.0,236.909,0.0,0.057,0.473,,on,-66,,30 minute NILM iron thermostat cycle session
2026-06-12T15:04:06.858972+00:00,2026-06-12 20:34:06,Anllia,plug_1,Tapo P110,P110,iron,ebce04ed,multi_cycle,1.0,0.0,236.909,0.0,0.057,0.473,,on,-67,,30 minute NILM iron thermostat cycle session
2026-06-12T15:04:08.155959+00:00,2026-06-12 20:34:08,Anllia,plug_1,Tapo P110,P110,iron,ebce04ed,multi_cycle,1.0,0.0,236.909,0.0,0.057,0.473,,on,-66,,30 minute NILM iron thermostat cycle session
2026-06-12T15:04:09.463083+00:00,2026-06-12 20:34:09,Anllia,plug_1,Tapo P110,P110,iron,ebce04ed,multi_cycle,1.0,0.0,236.909,0.0,0.057,0.473,,on,-67,,30 minute NILM iron thermostat cycle session
2026-06-12T15:04:11.003989+00:00,2026-06-12 20:34:11,Anllia,plug_1,Tapo P110,P110,iron,ebce04ed,multi_cycle,1.0,0.0,236.909,0.0,0.057,0.473,,on,-67,,30 minute NILM iron thermostat cycle session
2026-06-12T15:04:12.255196+00:00,2026-06-12 20:34:12,Anllia,plug_1,Tapo P110,P110,iron,ebce04ed,multi_cycle,1.0,0.0,236.909,0.0,0.057,0.473,,on,-66,,30 minute NILM iron thermostat cycle session
2026-06-12T15:04:13.564553+00:00,2026-06-12 20:34:13,Anllia,plug_1,Tapo P110,P110,iron,ebce04ed,multi_cycle,1.0,0.0,236.909,0.0,0.057,0.473,,on,-66,,30 minute NILM iron thermostat cycle session
2026-06-12T15:04:14.868249+00:00,2026-06-12 20:34:14,Anllia,plug_1,Tapo P110,P110,iron,ebce04ed,multi_cycle,1.0,0.0,237.099,0.0,0.057,0.473,,on,-66,,30 minute NILM iron thermostat cycle session
2026-06-12T15:04:16.300960+00:00,2026-06-12 20:34:16,Anllia,plug_1,Tapo P110,P110,iron,ebce04ed,multi_cycle,1.0,0.0,237.099,0.0,0.057,0.473,,on,-67,,30 minute NILM iron thermostat cycle session
2026-06-12T15:04:17.545982+00:00,2026-06-12 20:34:17,Anllia,plug_1,Tapo P110,P110,iron,ebce04ed,multi_cycle,1.0,0.0,237.099,0.0,0.057,0.473,,on,-66,,30 minute NILM iron thermostat cycle session
2026-06-12T15:04:18.992890+00:00,2026-06-12 20:34:18,Anllia,plug_1,Tapo P110,P110,iron,ebce04ed,multi_cycle,1.0,0.0,237.099,0.0,0.058,0.473,,on,-67,,30 minute NILM iron thermostat cycle session
2026-06-12T15:04:20.236184+00:00,2026-06-12 20:34:20,Anllia,plug_1,Tapo P110,P110,iron,ebce04ed,multi_cycle,1.0,1266.505,237.099,5.557,0.058,0.474,,on,-67,,30 minute NILM iron thermostat cycle session
2026-06-12T15:04:21.473699+00:00,2026-06-12 20:34:21,Anllia,plug_1,Tapo P110,P110,iron,ebce04ed,multi_cycle,1.0,1327.023,229.094,5.557,0.058,0.474,,on,-67,,30 minute NILM iron thermostat cycle session
2026-06-12T15:04:23.024860+00:00,2026-06-12 20:34:23,Anllia,plug_1,Tapo P110,P110,iron,ebce04ed,multi_cycle,1.0,1324.082,229.094,5.768,0.059,0.475,,on,-66,,30 minute NILM iron thermostat cycle session
2026-06-12T15:04:24.374617+00:00,2026-06-12 20:34:24,Anllia,plug_1,Tapo P110,P110,iron,ebce04ed,multi_cycle,1.0,1319.937,229.152,5.768,0.059,0.475,,on,-66,,30 minute NILM iron thermostat cycle session
2026-06-12T15:04:25.689404+00:00,2026-06-12 20:34:25,Anllia,plug_1,Tapo P110,P110,iron,ebce04ed,multi_cycle,1.0,1320.75,229.152,5.75,0.06,0.476,,on,-66,,30 minute NILM iron thermostat cycle session
2026-06-12T15:04:27.130200+00:00,2026-06-12 20:34:27,Anllia,plug_1,Tapo P110,P110,iron,ebce04ed,multi_cycle,1.0,1320.75,229.436,5.75,0.061,0.476,,on,-67,,30 minute NILM iron thermostat cycle session
2026-06-12T15:04:28.487783+00:00,2026-06-12 20:34:28,Anllia,plug_1,Tapo P110,P110,iron,ebce04ed,multi_cycle,1.0,1319.611,229.436,5.75,0.061,0.477,,on,-66,,30 minute NILM iron thermostat cycle session
2026-06-12T15:04:29.753911+00:00,2026-06-12 20:34:29,Anllia,plug_1,Tapo P110,P110,iron,ebce04ed,multi_cycle,1.0,1320.147,229.436,5.743,0.062,0.477,,on,-66,,30 minute NILM iron thermostat cycle session
2026-06-12T15:04:31.025221+00:00,2026-06-12 20:34:31,Anllia,plug_1,Tapo P110,P110,iron,ebce04ed,multi_cycle,1.0,1317.043,229.39,5.743,0.062,0.478,,on,-66,,30 minute NILM iron thermostat cycle session
2026-06-12T15:04:32.483122+00:00,2026-06-12 20:34:32,Anllia,plug_1,Tapo P110,P110,iron,ebce04ed,multi_cycle,1.0,1316.552,229.39,5.73,0.062,0.478,,on,-67,,30 minute NILM iron thermostat cycle session
2026-06-12T15:04:33.732312+00:00,2026-06-12 20:34:33,Anllia,plug_1,Tapo P110,P110,iron,ebce04ed,multi_cycle,1.0,1316.552,233.408,5.73,0.062,0.478,,on,-67,,30 minute NILM iron thermostat cycle session
2026-06-12T15:04:34.980255+00:00,2026-06-12 20:34:34,Anllia,plug_1,Tapo P110,P110,iron,ebce04ed,multi_cycle,1.0,1316.552,233.408,5.73,0.062,0.478,,on,-67,,30 minute NILM iron thermostat cycle session
2026-06-12T15:04:36.311885+00:00,2026-06-12 20:34:36,Anllia,plug_1,Tapo P110,P110,iron,ebce04ed,multi_cycle,1.0,0.0,233.408,0.0,0.062,0.478,,on,-67,,30 minute NILM iron thermostat cycle session
2026-06-12T15:04:37.562477+00:00,2026-06-12 20:34:37,Anllia,plug_1,Tapo P110,P110,iron,ebce04ed,multi_cycle,1.0,0.0,236.988,0.0,0.062,0.478,,on,-67,,30 minute NILM iron thermostat cycle session
2026-06-12T15:04:38.833307+00:00,2026-06-12 20:34:38,Anllia,plug_1,Tapo P110,P110,iron,ebce04ed,multi_cycle,1.0,0.0,236.988,0.0,0.062,0.478,,on,-67,,30 minute NILM iron thermostat cycle session
2026-06-12T15:04:40.086903+00:00,2026-06-12 20:34:40,Anllia,plug_1,Tapo P110,P110,iron,ebce04ed,multi_cycle,1.0,0.0,236.988,0.0,0.062,0.478,,on,-67,,30 minute NILM iron thermostat cycle session
2026-06-12T15:04:41.460870+00:00,2026-06-12 20:34:41,Anllia,plug_1,Tapo P110,P110,iron,ebce04ed,multi_cycle,1.0,0.0,236.988,0.0,0.062,0.478,,on,-66,,30 minute NILM iron thermostat cycle session
2026-06-12T15:04:43.096903+00:00,2026-06-12 20:34:43,Anllia,plug_1,Tapo P110,P110,iron,ebce04ed,multi_cycle,1.0,0.0,236.988,0.0,0.062,0.478,,on,-67,,30 minute NILM iron thermostat cycle session
2026-06-12T15:04:44.412704+00:00,2026-06-12 20:34:44,Anllia,plug_1,Tapo P110,P110,iron,ebce04ed,multi_cycle,1.0,0.0,236.988,0.0,0.062,0.478,,on,-66,,30 minute NILM iron thermostat cycle session
2026-06-12T15:04:45.693570+00:00,2026-06-12 20:34:45,Anllia,plug_1,Tapo P110,P110,iron,ebce04ed,multi_cycle,1.0,0.0,236.988,0.0,0.062,0.478,,on,-67,,30 minute NILM iron thermostat cycle session
2026-06-12T15:04:47.126597+00:00,2026-06-12 20:34:47,Anllia,plug_1,Tapo P110,P110,iron,ebce04ed,multi_cycle,1.0,0.0,236.988,0.0,0.062,0.478,,on,-67,,30 minute NILM iron thermostat cycle session
2026-06-12T15:04:48.403092+00:00,2026-06-12 20:34:48,Anllia,plug_1,Tapo P110,P110,iron,ebce04ed,multi_cycle,1.0,0.0,236.988,0.0,0.062,0.478,,on,-66,,30 minute NILM iron thermostat cycle session
2026-06-12T15:04:49.757572+00:00,2026-06-12 20:34:49,Anllia,plug_1,Tapo P110,P110,iron,ebce04ed,multi_cycle,1.0,0.0,236.988,0.0,0.062,0.478,,on,-66,,30 minute NILM iron thermostat cycle session
2026-06-12T15:04:51.008667+00:00,2026-06-12 20:34:51,Anllia,plug_1,Tapo P110,P110,iron,ebce04ed,multi_cycle,1.0,0.0,236.988,0.0,0.062,0.478,,on,-66,,30 minute NILM iron thermostat cycle session
2026-06-12T15:04:52.251152+00:00,2026-06-12 20:34:52,Anllia,plug_1,Tapo P110,P110,iron,ebce04ed,multi_cycle,1.0,0.0,237.48,0.0,0.062,0.478,,on,-67,,30 minute NILM iron thermostat cycle session
2026-06-12T15:04:53.504325+00:00,2026-06-12 20:34:53,Anllia,plug_1,Tapo P110,P110,iron,ebce04ed,multi_cycle,1.0,0.0,237.48,0.0,0.062,0.478,,on,-66,,30 minute NILM iron thermostat cycle session
2026-06-12T15:04:55.072683+00:00,2026-06-12 20:34:55,Anllia,plug_1,Tapo P110,P110,iron,ebce04ed,multi_cycle,1.0,0.0,237.48,0.0,0.062,0.478,,on,-67,,30 minute NILM iron thermostat cycle session
2026-06-12T15:04:56.469002+00:00,2026-06-12 20:34:56,Anllia,plug_1,Tapo P110,P110,iron,ebce04ed,multi_cycle,1.0,0.0,237.48,0.0,0.062,0.478,,on,-66,,30 minute NILM iron thermostat cycle session
2026-06-12T15:04:58.115237+00:00,2026-06-12 20:34:58,Anllia,plug_1,Tapo P110,P110,iron,ebce04ed,multi_cycle,1.0,0.0,237.48,0.0,0.062,0.478,,on,-67,,30 minute NILM iron thermostat cycle session
2026-06-12T15:04:59.494578+00:00,2026-06-12 20:34:59,Anllia,plug_1,Tapo P110,P110,iron,ebce04ed,multi_cycle,1.0,0.0,237.48,0.0,0.062,0.478,,on,-67,,30 minute NILM iron thermostat cycle session
2026-06-12T15:05:00.829813+00:00,2026-06-12 20:35:00,Anllia,plug_1,Tapo P110,P110,iron,ebce04ed,multi_cycle,1.0,0.0,237.48,0.0,0.062,0.478,,on,-67,,30 minute NILM iron thermostat cycle session
2026-06-12T15:05:02.239384+00:00,2026-06-12 20:35:02,Anllia,plug_1,Tapo P110,P110,iron,ebce04ed,multi_cycle,1.0,0.0,237.48,0.0,0.062,0.478,,on,-67,,30 minute NILM iron thermostat cycle session
2026-06-12T15:05:03.586502+00:00,2026-06-12 20:35:03,Anllia,plug_1,Tapo P110,P110,iron,ebce04ed,multi_cycle,1.0,0.0,237.48,0.0,0.062,0.478,,on,-67,,30 minute NILM iron thermostat cycle session
2026-06-12T15:05:04.906452+00:00,2026-06-12 20:35:04,Anllia,plug_1,Tapo P110,P110,iron,ebce04ed,multi_cycle,1.0,0.0,237.48,0.0,0.062,0.478,,on,-67,,30 minute NILM iron thermostat cycle session
2026-06-12T15:05:06.195866+00:00,2026-06-12 20:35:06,Anllia,plug_1,Tapo P110,P110,iron,ebce04ed,multi_cycle,1.0,0.0,237.088,0.0,0.062,0.478,,on,-67,,30 minute NILM iron thermostat cycle session
2026-06-12T15:05:07.535224+00:00,2026-06-12 20:35:07,Anllia,plug_1,Tapo P110,P110,iron,ebce04ed,multi_cycle,1.0,0.0,237.088,0.0,0.062,0.478,,on,-67,,30 minute NILM iron thermostat cycle session
2026-06-12T15:05:08.900244+00:00,2026-06-12 20:35:08,Anllia,plug_1,Tapo P110,P110,iron,ebce04ed,multi_cycle,1.0,0.0,237.088,0.0,0.062,0.478,,on,-67,,30 minute NILM iron thermostat cycle session
2026-06-12T15:05:10.560358+00:00,2026-06-12 20:35:10,Anllia,plug_1,Tapo P110,P110,iron,ebce04ed,multi_cycle,1.0,0.0,237.088,0.0,0.062,0.478,,on,-67,,30 minute NILM iron thermostat cycle session
2026-06-12T15:05:11.876636+00:00,2026-06-12 20:35:11,Anllia,plug_1,Tapo P110,P110,iron,ebce04ed,multi_cycle,1.0,0.0,237.088,0.0,0.062,0.478,,on,-66,,30 minute NILM iron thermostat cycle session
2026-06-12T15:05:13.143877+00:00,2026-06-12 20:35:13,Anllia,plug_1,Tapo P110,P110,iron,ebce04ed,multi_cycle,1.0,0.0,237.088,0.0,0.062,0.478,,on,-66,,30 minute NILM iron thermostat cycle session
2026-06-12T15:05:14.508668+00:00,2026-06-12 20:35:14,Anllia,plug_1,Tapo P110,P110,iron,ebce04ed,multi_cycle,1.0,0.0,237.088,0.0,0.062,0.478,,on,-66,,30 minute NILM iron thermostat cycle session
2026-06-12T15:05:15.776671+00:00,2026-06-12 20:35:15,Anllia,plug_1,Tapo P110,P110,iron,ebce04ed,multi_cycle,1.0,0.0,237.088,0.0,0.062,0.478,,on,-67,,30 minute NILM iron thermostat cycle session
2026-06-12T15:05:17.140230+00:00,2026-06-12 20:35:17,Anllia,plug_1,Tapo P110,P110,iron,ebce04ed,multi_cycle,1.0,0.0,237.088,0.0,0.062,0.478,,on,-67,,30 minute NILM iron thermostat cycle session
2026-06-12T15:05:18.404878+00:00,2026-06-12 20:35:18,Anllia,plug_1,Tapo P110,P110,iron,ebce04ed,multi_cycle,1.0,0.0,237.088,0.0,0.062,0.478,,on,-67,,30 minute NILM iron thermostat cycle session
2026-06-12T15:05:19.653472+00:00,2026-06-12 20:35:19,Anllia,plug_1,Tapo P110,P110,iron,ebce04ed,multi_cycle,1.0,0.0,237.974,0.0,0.062,0.478,,on,-67,,30 minute NILM iron thermostat cycle session
2026-06-12T15:05:21.097244+00:00,2026-06-12 20:35:21,Anllia,plug_1,Tapo P110,P110,iron,ebce04ed,multi_cycle,1.0,0.0,237.974,0.0,0.062,0.478,,on,-67,,30 minute NILM iron thermostat cycle session
2026-06-12T15:05:22.364154+00:00,2026-06-12 20:35:22,Anllia,plug_1,Tapo P110,P110,iron,ebce04ed,multi_cycle,1.0,0.0,237.974,0.0,0.062,0.478,,on,-67,,30 minute NILM iron thermostat cycle session
2026-06-12T15:05:23.679049+00:00,2026-06-12 20:35:23,Anllia,plug_1,Tapo P110,P110,iron,ebce04ed,multi_cycle,1.0,0.0,237.974,0.0,0.062,0.478,,on,-67,,30 minute NILM iron thermostat cycle session
2026-06-12T15:05:25.059520+00:00,2026-06-12 20:35:25,Anllia,plug_1,Tapo P110,P110,iron,ebce04ed,multi_cycle,1.0,0.0,237.974,0.0,0.062,0.478,,on,-67,,30 minute NILM iron thermostat cycle session
2026-06-12T15:05:26.360933+00:00,2026-06-12 20:35:26,Anllia,plug_1,Tapo P110,P110,iron,ebce04ed,multi_cycle,1.0,0.0,237.974,0.0,0.062,0.478,,on,-67,,30 minute NILM iron thermostat cycle session
2026-06-12T15:05:27.628392+00:00,2026-06-12 20:35:27,Anllia,plug_1,Tapo P110,P110,iron,ebce04ed,multi_cycle,1.0,0.0,237.974,0.0,0.062,0.478,,on,-67,,30 minute NILM iron thermostat cycle session
2026-06-12T15:05:28.895243+00:00,2026-06-12 20:35:28,Anllia,plug_1,Tapo P110,P110,iron,ebce04ed,multi_cycle,1.0,0.0,237.974,0.0,0.062,0.478,,on,-67,,30 minute NILM iron thermostat cycle session
2026-06-12T15:05:30.270930+00:00,2026-06-12 20:35:30,Anllia,plug_1,Tapo P110,P110,iron,ebce04ed,multi_cycle,1.0,0.0,237.974,0.0,0.062,0.478,,on,-67,,30 minute NILM iron thermostat cycle session
2026-06-12T15:05:31.541379+00:00,2026-06-12 20:35:31,Anllia,plug_1,Tapo P110,P110,iron,ebce04ed,multi_cycle,1.0,0.0,237.974,0.0,0.062,0.478,,on,-67,,30 minute NILM iron thermostat cycle session
2026-06-12T15:05:32.826269+00:00,2026-06-12 20:35:32,Anllia,plug_1,Tapo P110,P110,iron,ebce04ed,multi_cycle,1.0,0.0,237.974,0.0,0.062,0.478,,on,-67,,30 minute NILM iron thermostat cycle session
2026-06-12T15:05:34.319163+00:00,2026-06-12 20:35:34,Anllia,plug_1,Tapo P110,P110,iron,ebce04ed,multi_cycle,1.0,0.0,237.944,0.0,0.062,0.478,,on,-67,,30 minute NILM iron thermostat cycle session
2026-06-12T15:05:35.630009+00:00,2026-06-12 20:35:35,Anllia,plug_1,Tapo P110,P110,iron,ebce04ed,multi_cycle,1.0,0.0,237.944,0.0,0.062,0.478,,on,-67,,30 minute NILM iron thermostat cycle session
2026-06-12T15:05:36.992069+00:00,2026-06-12 20:35:36,Anllia,plug_1,Tapo P110,P110,iron,ebce04ed,multi_cycle,1.0,0.0,237.944,0.0,0.062,0.478,,on,-67,,30 minute NILM iron thermostat cycle session
2026-06-12T15:05:38.257700+00:00,2026-06-12 20:35:38,Anllia,plug_1,Tapo P110,P110,iron,ebce04ed,multi_cycle,1.0,0.0,237.944,0.0,0.062,0.478,,on,-67,,30 minute NILM iron thermostat cycle session
2026-06-12T15:05:39.543467+00:00,2026-06-12 20:35:39,Anllia,plug_1,Tapo P110,P110,iron,ebce04ed,multi_cycle,1.0,0.0,237.944,0.0,0.062,0.478,,on,-67,,30 minute NILM iron thermostat cycle session
2026-06-12T15:05:40.892286+00:00,2026-06-12 20:35:40,Anllia,plug_1,Tapo P110,P110,iron,ebce04ed,multi_cycle,1.0,0.0,237.944,0.0,0.062,0.478,,on,-67,,30 minute NILM iron thermostat cycle session
2026-06-12T15:05:42.261410+00:00,2026-06-12 20:35:42,Anllia,plug_1,Tapo P110,P110,iron,ebce04ed,multi_cycle,1.0,0.0,237.944,0.0,0.062,0.478,,on,-67,,30 minute NILM iron thermostat cycle session
2026-06-12T15:05:43.773756+00:00,2026-06-12 20:35:43,Anllia,plug_1,Tapo P110,P110,iron,ebce04ed,multi_cycle,1.0,0.0,237.944,0.0,0.062,0.478,,on,-66,,30 minute NILM iron thermostat cycle session
2026-06-12T15:05:45.064510+00:00,2026-06-12 20:35:45,Anllia,plug_1,Tapo P110,P110,iron,ebce04ed,multi_cycle,1.0,0.0,237.944,0.0,0.062,0.478,,on,-67,,30 minute NILM iron thermostat cycle session
2026-06-12T15:05:46.650120+00:00,2026-06-12 20:35:46,Anllia,plug_1,Tapo P110,P110,iron,ebce04ed,multi_cycle,1.0,0.0,237.944,0.0,0.062,0.478,,on,-66,,30 minute NILM iron thermostat cycle session
2026-06-12T15:05:48.094690+00:00,2026-06-12 20:35:48,Anllia,plug_1,Tapo P110,P110,iron,ebce04ed,multi_cycle,1.0,0.0,238.05,0.0,0.062,0.478,,on,-66,,30 minute NILM iron thermostat cycle session
2026-06-12T15:05:49.411979+00:00,2026-06-12 20:35:49,Anllia,plug_1,Tapo P110,P110,iron,ebce04ed,multi_cycle,1.0,0.0,238.05,0.0,0.062,0.478,,on,-66,,30 minute NILM iron thermostat cycle session
2026-06-12T15:05:50.892074+00:00,2026-06-12 20:35:50,Anllia,plug_1,Tapo P110,P110,iron,ebce04ed,multi_cycle,1.0,0.0,238.05,0.0,0.062,0.478,,on,-67,,30 minute NILM iron thermostat cycle session
2026-06-12T15:05:52.209416+00:00,2026-06-12 20:35:52,Anllia,plug_1,Tapo P110,P110,iron,ebce04ed,multi_cycle,1.0,0.0,238.05,0.0,0.062,0.478,,on,-66,,30 minute NILM iron thermostat cycle session
2026-06-12T15:05:53.747714+00:00,2026-06-12 20:35:53,Anllia,plug_1,Tapo P110,P110,iron,ebce04ed,multi_cycle,1.0,0.0,238.05,0.0,0.062,0.478,,on,-66,,30 minute NILM iron thermostat cycle session
2026-06-12T15:05:55.121141+00:00,2026-06-12 20:35:55,Anllia,plug_1,Tapo P110,P110,iron,ebce04ed,multi_cycle,1.0,0.0,238.05,0.0,0.062,0.478,,on,-66,,30 minute NILM iron thermostat cycle session
2026-06-12T15:05:56.375265+00:00,2026-06-12 20:35:56,Anllia,plug_1,Tapo P110,P110,iron,ebce04ed,multi_cycle,1.0,0.0,238.05,0.0,0.062,0.478,,on,-67,,30 minute NILM iron thermostat cycle session
2026-06-12T15:05:57.720966+00:00,2026-06-12 20:35:57,Anllia,plug_1,Tapo P110,P110,iron,ebce04ed,multi_cycle,1.0,0.0,238.05,0.0,0.062,0.478,,on,-66,,30 minute NILM iron thermostat cycle session
2026-06-12T15:05:59.012274+00:00,2026-06-12 20:35:59,Anllia,plug_1,Tapo P110,P110,iron,ebce04ed,multi_cycle,1.0,0.0,238.05,0.0,0.062,0.478,,on,-67,,30 minute NILM iron thermostat cycle session
2026-06-12T15:06:00.434165+00:00,2026-06-12 20:36:00,Anllia,plug_1,Tapo P110,P110,iron,ebce04ed,multi_cycle,1.0,0.0,238.05,0.0,0.062,0.478,,on,-66,,30 minute NILM iron thermostat cycle session
2026-06-12T15:06:01.704274+00:00,2026-06-12 20:36:01,Anllia,plug_1,Tapo P110,P110,iron,ebce04ed,multi_cycle,1.0,0.0,237.772,0.0,0.062,0.478,,on,-67,,30 minute NILM iron thermostat cycle session
2026-06-12T15:06:02.954365+00:00,2026-06-12 20:36:02,Anllia,plug_1,Tapo P110,P110,iron,ebce04ed,multi_cycle,1.0,0.0,237.772,0.0,0.062,0.478,,on,-66,,30 minute NILM iron thermostat cycle session
2026-06-12T15:06:04.343982+00:00,2026-06-12 20:36:04,Anllia,plug_1,Tapo P110,P110,iron,ebce04ed,multi_cycle,1.0,0.0,237.772,0.0,0.062,0.478,,on,-68,,30 minute NILM iron thermostat cycle session
2026-06-12T15:06:05.653065+00:00,2026-06-12 20:36:05,Anllia,plug_1,Tapo P110,P110,iron,ebce04ed,multi_cycle,1.0,0.0,237.772,0.0,0.062,0.478,,on,-66,,30 minute NILM iron thermostat cycle session
2026-06-12T15:06:07.025247+00:00,2026-06-12 20:36:07,Anllia,plug_1,Tapo P110,P110,iron,ebce04ed,multi_cycle,1.0,0.0,237.772,0.0,0.062,0.478,,on,-68,,30 minute NILM iron thermostat cycle session
2026-06-12T15:06:08.513009+00:00,2026-06-12 20:36:08,Anllia,plug_1,Tapo P110,P110,iron,ebce04ed,multi_cycle,1.0,0.0,237.772,0.0,0.062,0.478,,on,-65,,30 minute NILM iron thermostat cycle session
2026-06-12T15:06:09.756344+00:00,2026-06-12 20:36:09,Anllia,plug_1,Tapo P110,P110,iron,ebce04ed,multi_cycle,1.0,0.0,237.772,0.0,0.062,0.478,,on,-66,,30 minute NILM iron thermostat cycle session
2026-06-12T15:06:11.733142+00:00,2026-06-12 20:36:11,Anllia,plug_1,Tapo P110,P110,iron,ebce04ed,multi_cycle,1.0,0.0,237.772,0.0,0.062,0.478,,on,-66,,30 minute NILM iron thermostat cycle session
2026-06-12T15:06:13.073518+00:00,2026-06-12 20:36:13,Anllia,plug_1,Tapo P110,P110,iron,ebce04ed,multi_cycle,1.0,0.0,237.772,0.0,0.062,0.478,,on,-66,,30 minute NILM iron thermostat cycle session
2026-06-12T15:06:14.380418+00:00,2026-06-12 20:36:14,Anllia,plug_1,Tapo P110,P110,iron,ebce04ed,multi_cycle,1.0,0.0,237.772,0.0,0.062,0.478,,on,-66,,30 minute NILM iron thermostat cycle session
2026-06-12T15:06:15.744942+00:00,2026-06-12 20:36:15,Anllia,plug_1,Tapo P110,P110,iron,ebce04ed,multi_cycle,1.0,0.0,237.772,0.0,0.062,0.478,,on,-66,,30 minute NILM iron thermostat cycle session
2026-06-12T15:06:17.010496+00:00,2026-06-12 20:36:17,Anllia,plug_1,Tapo P110,P110,iron,ebce04ed,multi_cycle,1.0,0.0,237.735,0.0,0.062,0.478,,on,-66,,30 minute NILM iron thermostat cycle session
2026-06-12T15:06:18.656074+00:00,2026-06-12 20:36:18,Anllia,plug_1,Tapo P110,P110,iron,ebce04ed,multi_cycle,1.0,0.0,237.735,0.0,0.062,0.478,,on,-66,,30 minute NILM iron thermostat cycle session
2026-06-12T15:06:20.022751+00:00,2026-06-12 20:36:20,Anllia,plug_1,Tapo P110,P110,iron,ebce04ed,multi_cycle,1.0,0.0,237.735,0.0,0.062,0.478,,on,-66,,30 minute NILM iron thermostat cycle session
2026-06-12T15:06:21.287191+00:00,2026-06-12 20:36:21,Anllia,plug_1,Tapo P110,P110,iron,ebce04ed,multi_cycle,1.0,0.0,237.735,0.0,0.062,0.478,,on,-66,,30 minute NILM iron thermostat cycle session
2026-06-12T15:06:22.573623+00:00,2026-06-12 20:36:22,Anllia,plug_1,Tapo P110,P110,iron,ebce04ed,multi_cycle,1.0,0.0,237.735,0.0,0.062,0.478,,on,-66,,30 minute NILM iron thermostat cycle session
2026-06-12T15:06:23.892549+00:00,2026-06-12 20:36:23,Anllia,plug_1,Tapo P110,P110,iron,ebce04ed,multi_cycle,1.0,0.0,237.735,0.0,0.062,0.478,,on,-66,,30 minute NILM iron thermostat cycle session
2026-06-12T15:06:25.273585+00:00,2026-06-12 20:36:25,Anllia,plug_1,Tapo P110,P110,iron,ebce04ed,multi_cycle,1.0,0.0,237.735,0.0,0.062,0.478,,on,-66,,30 minute NILM iron thermostat cycle session
2026-06-12T15:06:26.637256+00:00,2026-06-12 20:36:26,Anllia,plug_1,Tapo P110,P110,iron,ebce04ed,multi_cycle,1.0,0.0,237.735,0.0,0.062,0.478,,on,-67,,30 minute NILM iron thermostat cycle session
2026-06-12T15:06:27.926225+00:00,2026-06-12 20:36:27,Anllia,plug_1,Tapo P110,P110,iron,ebce04ed,multi_cycle,1.0,0.0,237.735,0.0,0.062,0.478,,on,-66,,30 minute NILM iron thermostat cycle session
2026-06-12T15:06:29.238312+00:00,2026-06-12 20:36:29,Anllia,plug_1,Tapo P110,P110,iron,ebce04ed,multi_cycle,1.0,0.0,237.735,0.0,0.062,0.478,,on,-67,,30 minute NILM iron thermostat cycle session
2026-06-12T15:06:30.502417+00:00,2026-06-12 20:36:30,Anllia,plug_1,Tapo P110,P110,iron,ebce04ed,multi_cycle,1.0,0.0,238.084,0.0,0.062,0.478,,on,-66,,30 minute NILM iron thermostat cycle session
2026-06-12T15:06:31.790441+00:00,2026-06-12 20:36:31,Anllia,plug_1,Tapo P110,P110,iron,ebce04ed,multi_cycle,1.0,0.0,238.084,0.0,0.062,0.478,,on,-66,,30 minute NILM iron thermostat cycle session
2026-06-12T15:06:33.122845+00:00,2026-06-12 20:36:33,Anllia,plug_1,Tapo P110,P110,iron,ebce04ed,multi_cycle,1.0,0.0,238.084,0.0,0.062,0.478,,on,-66,,30 minute NILM iron thermostat cycle session
2026-06-12T15:06:34.455458+00:00,2026-06-12 20:36:34,Anllia,plug_1,Tapo P110,P110,iron,ebce04ed,multi_cycle,1.0,0.0,238.084,0.0,0.062,0.478,,on,-66,,30 minute NILM iron thermostat cycle session
2026-06-12T15:06:35.822936+00:00,2026-06-12 20:36:35,Anllia,plug_1,Tapo P110,P110,iron,ebce04ed,multi_cycle,1.0,0.0,238.084,0.0,0.062,0.478,,on,-66,,30 minute NILM iron thermostat cycle session
2026-06-12T15:06:37.181618+00:00,2026-06-12 20:36:37,Anllia,plug_1,Tapo P110,P110,iron,ebce04ed,multi_cycle,1.0,0.0,238.084,0.0,0.062,0.478,,on,-66,,30 minute NILM iron thermostat cycle session
2026-06-12T15:06:38.463088+00:00,2026-06-12 20:36:38,Anllia,plug_1,Tapo P110,P110,iron,ebce04ed,multi_cycle,1.0,0.0,238.084,0.0,0.062,0.478,,on,-66,,30 minute NILM iron thermostat cycle session
2026-06-12T15:06:39.884784+00:00,2026-06-12 20:36:39,Anllia,plug_1,Tapo P110,P110,iron,ebce04ed,multi_cycle,1.0,0.0,238.084,0.0,0.062,0.478,,on,-66,,30 minute NILM iron thermostat cycle session
2026-06-12T15:06:41.249744+00:00,2026-06-12 20:36:41,Anllia,plug_1,Tapo P110,P110,iron,ebce04ed,multi_cycle,1.0,0.0,238.084,0.0,0.062,0.478,,on,-66,,30 minute NILM iron thermostat cycle session
2026-06-12T15:06:42.515270+00:00,2026-06-12 20:36:42,Anllia,plug_1,Tapo P110,P110,iron,ebce04ed,multi_cycle,1.0,0.0,238.084,0.0,0.062,0.478,,on,-66,,30 minute NILM iron thermostat cycle session
2026-06-12T15:06:43.899242+00:00,2026-06-12 20:36:43,Anllia,plug_1,Tapo P110,P110,iron,ebce04ed,multi_cycle,1.0,0.0,238.084,0.0,0.062,0.478,,on,-67,,30 minute NILM iron thermostat cycle session
2026-06-12T15:06:45.362137+00:00,2026-06-12 20:36:45,Anllia,plug_1,Tapo P110,P110,iron,ebce04ed,multi_cycle,1.0,0.0,238.065,0.0,0.062,0.478,,on,-66,,30 minute NILM iron thermostat cycle session
2026-06-12T15:06:46.760438+00:00,2026-06-12 20:36:46,Anllia,plug_1,Tapo P110,P110,iron,ebce04ed,multi_cycle,1.0,0.0,238.065,0.0,0.062,0.478,,on,-66,,30 minute NILM iron thermostat cycle session
2026-06-12T15:06:48.357369+00:00,2026-06-12 20:36:48,Anllia,plug_1,Tapo P110,P110,iron,ebce04ed,multi_cycle,1.0,0.0,238.065,0.0,0.062,0.478,,on,-67,,30 minute NILM iron thermostat cycle session
2026-06-12T15:06:49.625864+00:00,2026-06-12 20:36:49,Anllia,plug_1,Tapo P110,P110,iron,ebce04ed,multi_cycle,1.0,0.0,238.065,0.0,0.062,0.478,,on,-67,,30 minute NILM iron thermostat cycle session
2026-06-12T15:06:50.867203+00:00,2026-06-12 20:36:50,Anllia,plug_1,Tapo P110,P110,iron,ebce04ed,multi_cycle,1.0,0.0,238.065,0.009,0.063,0.478,,on,-67,,30 minute NILM iron thermostat cycle session
2026-06-12T15:06:52.232172+00:00,2026-06-12 20:36:52,Anllia,plug_1,Tapo P110,P110,iron,ebce04ed,multi_cycle,1.0,1283.959,229.92,0.009,0.063,0.479,,on,-67,,30 minute NILM iron thermostat cycle session
2026-06-12T15:06:53.506725+00:00,2026-06-12 20:36:53,Anllia,plug_1,Tapo P110,P110,iron,ebce04ed,multi_cycle,1.0,1337.023,229.92,0.009,0.063,0.479,,on,-66,,30 minute NILM iron thermostat cycle session
2026-06-12T15:06:54.951550+00:00,2026-06-12 20:36:54,Anllia,plug_1,Tapo P110,P110,iron,ebce04ed,multi_cycle,1.0,1331.771,229.92,5.797,0.064,0.48,,on,-65,,30 minute NILM iron thermostat cycle session
2026-06-12T15:06:56.303331+00:00,2026-06-12 20:36:56,Anllia,plug_1,Tapo P110,P110,iron,ebce04ed,multi_cycle,1.0,1326.099,229.819,5.797,0.064,0.48,,on,-66,,30 minute NILM iron thermostat cycle session
2026-06-12T15:06:57.627796+00:00,2026-06-12 20:36:57,Anllia,plug_1,Tapo P110,P110,iron,ebce04ed,multi_cycle,1.0,1326.099,229.819,5.763,0.065,0.481,,on,-66,,30 minute NILM iron thermostat cycle session
2026-06-12T15:06:58.935816+00:00,2026-06-12 20:36:58,Anllia,plug_1,Tapo P110,P110,iron,ebce04ed,multi_cycle,1.0,1324.1,229.654,5.763,0.065,0.481,,on,-66,,30 minute NILM iron thermostat cycle session
2026-06-12T15:07:00.268351+00:00,2026-06-12 20:37:00,Anllia,plug_1,Tapo P110,P110,iron,ebce04ed,multi_cycle,1.0,1323.042,229.654,5.751,0.066,0.482,,on,-66,,30 minute NILM iron thermostat cycle session
2026-06-12T15:07:01.539354+00:00,2026-06-12 20:37:01,Anllia,plug_1,Tapo P110,P110,iron,ebce04ed,multi_cycle,1.0,1322.568,229.753,5.751,0.066,0.482,,on,-66,,30 minute NILM iron thermostat cycle session
2026-06-12T15:07:02.901402+00:00,2026-06-12 20:37:02,Anllia,plug_1,Tapo P110,P110,iron,ebce04ed,multi_cycle,1.0,1321.492,229.753,5.744,0.067,0.483,,on,-66,,30 minute NILM iron thermostat cycle session
2026-06-12T15:07:04.553616+00:00,2026-06-12 20:37:04,Anllia,plug_1,Tapo P110,P110,iron,ebce04ed,multi_cycle,1.0,1322.682,231.862,5.744,0.067,0.483,,on,-66,,30 minute NILM iron thermostat cycle session
2026-06-12T15:07:06.196615+00:00,2026-06-12 20:37:06,Anllia,plug_1,Tapo P110,P110,iron,ebce04ed,multi_cycle,1.0,1322.682,231.862,0.0,0.067,0.483,,on,-66,,30 minute NILM iron thermostat cycle session
2026-06-12T15:07:07.440239+00:00,2026-06-12 20:37:07,Anllia,plug_1,Tapo P110,P110,iron,ebce04ed,multi_cycle,1.0,0.0,231.862,0.0,0.067,0.483,,on,-66,,30 minute NILM iron thermostat cycle session
2026-06-12T15:07:08.787424+00:00,2026-06-12 20:37:08,Anllia,plug_1,Tapo P110,P110,iron,ebce04ed,multi_cycle,1.0,0.0,237.714,0.0,0.067,0.483,,on,-66,,30 minute NILM iron thermostat cycle session
2026-06-12T15:07:10.152861+00:00,2026-06-12 20:37:10,Anllia,plug_1,Tapo P110,P110,iron,ebce04ed,multi_cycle,1.0,0.0,237.714,0.0,0.067,0.483,,on,-66,,30 minute NILM iron thermostat cycle session
2026-06-12T15:07:11.494957+00:00,2026-06-12 20:37:11,Anllia,plug_1,Tapo P110,P110,iron,ebce04ed,multi_cycle,1.0,0.0,237.714,0.0,0.067,0.483,,on,-66,,30 minute NILM iron thermostat cycle session
2026-06-12T15:07:12.870152+00:00,2026-06-12 20:37:12,Anllia,plug_1,Tapo P110,P110,iron,ebce04ed,multi_cycle,1.0,0.0,237.714,0.0,0.067,0.483,,on,-66,,30 minute NILM iron thermostat cycle session
2026-06-12T15:07:14.222386+00:00,2026-06-12 20:37:14,Anllia,plug_1,Tapo P110,P110,iron,ebce04ed,multi_cycle,1.0,0.0,237.714,0.0,0.067,0.483,,on,-66,,30 minute NILM iron thermostat cycle session
2026-06-12T15:07:16.446296+00:00,2026-06-12 20:37:16,Anllia,plug_1,Tapo P110,P110,iron,ebce04ed,multi_cycle,1.0,0.0,237.714,0.0,0.067,0.483,,on,-66,,30 minute NILM iron thermostat cycle session
2026-06-12T15:07:17.721471+00:00,2026-06-12 20:37:17,Anllia,plug_1,Tapo P110,P110,iron,ebce04ed,multi_cycle,1.0,0.0,237.714,0.0,0.067,0.483,,on,-68,,30 minute NILM iron thermostat cycle session
2026-06-12T15:07:19.165858+00:00,2026-06-12 20:37:19,Anllia,plug_1,Tapo P110,P110,iron,ebce04ed,multi_cycle,1.0,0.0,237.714,0.0,0.067,0.483,,on,-67,,30 minute NILM iron thermostat cycle session
2026-06-12T15:07:20.445724+00:00,2026-06-12 20:37:20,Anllia,plug_1,Tapo P110,P110,iron,ebce04ed,multi_cycle,1.0,0.0,237.714,0.0,0.067,0.483,,on,-67,,30 minute NILM iron thermostat cycle session
2026-06-12T15:07:21.947503+00:00,2026-06-12 20:37:21,Anllia,plug_1,Tapo P110,P110,iron,ebce04ed,multi_cycle,1.0,0.0,237.714,0.0,0.067,0.483,,on,-67,,30 minute NILM iron thermostat cycle session
2026-06-12T15:07:23.317092+00:00,2026-06-12 20:37:23,Anllia,plug_1,Tapo P110,P110,iron,ebce04ed,multi_cycle,1.0,0.0,238.4,0.0,0.067,0.483,,on,-67,,30 minute NILM iron thermostat cycle session
2026-06-12T15:07:24.665077+00:00,2026-06-12 20:37:24,Anllia,plug_1,Tapo P110,P110,iron,ebce04ed,multi_cycle,1.0,0.0,238.4,0.0,0.067,0.483,,on,-66,,30 minute NILM iron thermostat cycle session
2026-06-12T15:07:25.958151+00:00,2026-06-12 20:37:25,Anllia,plug_1,Tapo P110,P110,iron,ebce04ed,multi_cycle,1.0,0.0,238.4,0.0,0.067,0.483,,on,-66,,30 minute NILM iron thermostat cycle session
2026-06-12T15:07:27.380399+00:00,2026-06-12 20:37:27,Anllia,plug_1,Tapo P110,P110,iron,ebce04ed,multi_cycle,1.0,0.0,238.4,0.0,0.067,0.483,,on,-68,,30 minute NILM iron thermostat cycle session
2026-06-12T15:07:28.640324+00:00,2026-06-12 20:37:28,Anllia,plug_1,Tapo P110,P110,iron,ebce04ed,multi_cycle,1.0,0.0,238.4,0.0,0.067,0.483,,on,-68,,30 minute NILM iron thermostat cycle session
2026-06-12T15:07:29.979958+00:00,2026-06-12 20:37:29,Anllia,plug_1,Tapo P110,P110,iron,ebce04ed,multi_cycle,1.0,0.0,238.4,0.0,0.067,0.483,,on,-66,,30 minute NILM iron thermostat cycle session
2026-06-12T15:07:31.382868+00:00,2026-06-12 20:37:31,Anllia,plug_1,Tapo P110,P110,iron,ebce04ed,multi_cycle,1.0,0.0,238.4,0.0,0.067,0.483,,on,-67,,30 minute NILM iron thermostat cycle session
2026-06-12T15:07:32.727520+00:00,2026-06-12 20:37:32,Anllia,plug_1,Tapo P110,P110,iron,ebce04ed,multi_cycle,1.0,0.0,238.4,0.0,0.067,0.483,,on,-67,,30 minute NILM iron thermostat cycle session
2026-06-12T15:07:34.174929+00:00,2026-06-12 20:37:34,Anllia,plug_1,Tapo P110,P110,iron,ebce04ed,multi_cycle,1.0,0.0,238.4,0.0,0.067,0.483,,on,-67,,30 minute NILM iron thermostat cycle session
2026-06-12T15:07:35.418199+00:00,2026-06-12 20:37:35,Anllia,plug_1,Tapo P110,P110,iron,ebce04ed,multi_cycle,1.0,0.0,238.4,0.0,0.067,0.483,,on,-67,,30 minute NILM iron thermostat cycle session
2026-06-12T15:07:36.658819+00:00,2026-06-12 20:37:36,Anllia,plug_1,Tapo P110,P110,iron,ebce04ed,multi_cycle,1.0,0.0,238.161,0.0,0.067,0.483,,on,-67,,30 minute NILM iron thermostat cycle session
2026-06-12T15:07:38.042996+00:00,2026-06-12 20:37:38,Anllia,plug_1,Tapo P110,P110,iron,ebce04ed,multi_cycle,1.0,0.0,238.161,0.0,0.067,0.483,,on,-67,,30 minute NILM iron thermostat cycle session
2026-06-12T15:07:39.317675+00:00,2026-06-12 20:37:39,Anllia,plug_1,Tapo P110,P110,iron,ebce04ed,multi_cycle,1.0,0.0,238.161,0.0,0.067,0.483,,on,-67,,30 minute NILM iron thermostat cycle session
2026-06-12T15:07:42.394648+00:00,2026-06-12 20:37:42,Anllia,plug_1,Tapo P110,P110,iron,ebce04ed,multi_cycle,1.0,0.0,238.161,0.0,0.067,0.483,,on,-67,,30 minute NILM iron thermostat cycle session
2026-06-12T15:07:43.720741+00:00,2026-06-12 20:37:43,Anllia,plug_1,Tapo P110,P110,iron,ebce04ed,multi_cycle,1.0,0.0,238.161,0.0,0.067,0.483,,on,-67,,30 minute NILM iron thermostat cycle session
2026-06-12T15:07:44.993565+00:00,2026-06-12 20:37:44,Anllia,plug_1,Tapo P110,P110,iron,ebce04ed,multi_cycle,1.0,0.0,238.161,0.0,0.067,0.483,,on,-67,,30 minute NILM iron thermostat cycle session
2026-06-12T15:07:46.278691+00:00,2026-06-12 20:37:46,Anllia,plug_1,Tapo P110,P110,iron,ebce04ed,multi_cycle,1.0,0.0,238.161,0.0,0.067,0.483,,on,-67,,30 minute NILM iron thermostat cycle session
2026-06-12T15:07:47.586606+00:00,2026-06-12 20:37:47,Anllia,plug_1,Tapo P110,P110,iron,ebce04ed,multi_cycle,1.0,0.0,238.161,0.0,0.067,0.483,,on,-67,,30 minute NILM iron thermostat cycle session
2026-06-12T15:07:48.936197+00:00,2026-06-12 20:37:48,Anllia,plug_1,Tapo P110,P110,iron,ebce04ed,multi_cycle,1.0,0.0,238.161,0.0,0.067,0.483,,on,-70,,30 minute NILM iron thermostat cycle session
2026-06-12T15:07:50.416932+00:00,2026-06-12 20:37:50,Anllia,plug_1,Tapo P110,P110,iron,ebce04ed,multi_cycle,1.0,0.0,238.147,0.0,0.067,0.483,,on,-66,,30 minute NILM iron thermostat cycle session
2026-06-12T15:07:51.714506+00:00,2026-06-12 20:37:51,Anllia,plug_1,Tapo P110,P110,iron,ebce04ed,multi_cycle,1.0,0.0,238.147,0.0,0.067,0.483,,on,-70,,30 minute NILM iron thermostat cycle session
2026-06-12T15:07:53.189708+00:00,2026-06-12 20:37:53,Anllia,plug_1,Tapo P110,P110,iron,ebce04ed,multi_cycle,1.0,0.0,238.147,0.0,0.067,0.483,,on,-69,,30 minute NILM iron thermostat cycle session
2026-06-12T15:07:54.590757+00:00,2026-06-12 20:37:54,Anllia,plug_1,Tapo P110,P110,iron,ebce04ed,multi_cycle,1.0,0.0,238.147,0.0,0.067,0.483,,on,-66,,30 minute NILM iron thermostat cycle session
2026-06-12T15:07:55.848401+00:00,2026-06-12 20:37:55,Anllia,plug_1,Tapo P110,P110,iron,ebce04ed,multi_cycle,1.0,0.0,238.147,0.0,0.067,0.483,,on,-67,,30 minute NILM iron thermostat cycle session
2026-06-12T15:07:57.161060+00:00,2026-06-12 20:37:57,Anllia,plug_1,Tapo P110,P110,iron,ebce04ed,multi_cycle,1.0,0.0,238.147,0.0,0.067,0.483,,on,-66,,30 minute NILM iron thermostat cycle session
2026-06-12T15:07:58.420117+00:00,2026-06-12 20:37:58,Anllia,plug_1,Tapo P110,P110,iron,ebce04ed,multi_cycle,1.0,0.0,238.147,0.0,0.067,0.483,,on,-66,,30 minute NILM iron thermostat cycle session
2026-06-12T15:07:59.710507+00:00,2026-06-12 20:37:59,Anllia,plug_1,Tapo P110,P110,iron,ebce04ed,multi_cycle,1.0,0.0,238.147,0.0,0.067,0.483,,on,-66,,30 minute NILM iron thermostat cycle session
2026-06-12T15:08:00.993424+00:00,2026-06-12 20:38:00,Anllia,plug_1,Tapo P110,P110,iron,ebce04ed,multi_cycle,1.0,0.0,238.147,0.0,0.067,0.483,,on,-67,,30 minute NILM iron thermostat cycle session
2026-06-12T15:08:02.309549+00:00,2026-06-12 20:38:02,Anllia,plug_1,Tapo P110,P110,iron,ebce04ed,multi_cycle,1.0,0.0,238.147,0.0,0.067,0.483,,on,-66,,30 minute NILM iron thermostat cycle session
2026-06-12T15:08:03.621040+00:00,2026-06-12 20:38:03,Anllia,plug_1,Tapo P110,P110,iron,ebce04ed,multi_cycle,1.0,0.0,238.147,0.0,0.067,0.483,,on,-66,,30 minute NILM iron thermostat cycle session
2026-06-12T15:08:04.866936+00:00,2026-06-12 20:38:04,Anllia,plug_1,Tapo P110,P110,iron,ebce04ed,multi_cycle,1.0,0.0,238.422,0.0,0.067,0.483,,on,-66,,30 minute NILM iron thermostat cycle session
2026-06-12T15:08:06.178185+00:00,2026-06-12 20:38:06,Anllia,plug_1,Tapo P110,P110,iron,ebce04ed,multi_cycle,1.0,0.0,238.422,0.0,0.067,0.483,,on,-67,,30 minute NILM iron thermostat cycle session
2026-06-12T15:08:07.609554+00:00,2026-06-12 20:38:07,Anllia,plug_1,Tapo P110,P110,iron,ebce04ed,multi_cycle,1.0,0.0,238.422,0.0,0.067,0.483,,on,-66,,30 minute NILM iron thermostat cycle session
2026-06-12T15:08:08.854955+00:00,2026-06-12 20:38:08,Anllia,plug_1,Tapo P110,P110,iron,ebce04ed,multi_cycle,1.0,0.0,238.422,0.0,0.067,0.483,,on,-67,,30 minute NILM iron thermostat cycle session
2026-06-12T15:08:10.208458+00:00,2026-06-12 20:38:10,Anllia,plug_1,Tapo P110,P110,iron,ebce04ed,multi_cycle,1.0,0.0,238.422,0.0,0.067,0.483,,on,-66,,30 minute NILM iron thermostat cycle session
2026-06-12T15:08:11.550872+00:00,2026-06-12 20:38:11,Anllia,plug_1,Tapo P110,P110,iron,ebce04ed,multi_cycle,1.0,0.0,238.422,0.0,0.067,0.483,,on,-66,,30 minute NILM iron thermostat cycle session
2026-06-12T15:08:12.925615+00:00,2026-06-12 20:38:12,Anllia,plug_1,Tapo P110,P110,iron,ebce04ed,multi_cycle,1.0,0.0,238.422,0.0,0.067,0.483,,on,-66,,30 minute NILM iron thermostat cycle session
2026-06-12T15:08:14.168251+00:00,2026-06-12 20:38:14,Anllia,plug_1,Tapo P110,P110,iron,ebce04ed,multi_cycle,1.0,0.0,238.422,0.0,0.067,0.483,,on,-68,,30 minute NILM iron thermostat cycle session
2026-06-12T15:08:15.531348+00:00,2026-06-12 20:38:15,Anllia,plug_1,Tapo P110,P110,iron,ebce04ed,multi_cycle,1.0,0.0,238.422,0.0,0.067,0.483,,on,-79,,30 minute NILM iron thermostat cycle session
2026-06-12T15:08:16.796305+00:00,2026-06-12 20:38:16,Anllia,plug_1,Tapo P110,P110,iron,ebce04ed,multi_cycle,1.0,0.0,238.422,0.0,0.067,0.483,,on,-67,,30 minute NILM iron thermostat cycle session
2026-06-12T15:08:18.221405+00:00,2026-06-12 20:38:18,Anllia,plug_1,Tapo P110,P110,iron,ebce04ed,multi_cycle,1.0,0.0,238.422,0.0,0.067,0.483,,on,-65,,30 minute NILM iron thermostat cycle session
2026-06-12T15:08:19.522159+00:00,2026-06-12 20:38:19,Anllia,plug_1,Tapo P110,P110,iron,ebce04ed,multi_cycle,1.0,0.0,238.759,0.0,0.067,0.483,,on,-66,,30 minute NILM iron thermostat cycle session
2026-06-12T15:08:20.937206+00:00,2026-06-12 20:38:20,Anllia,plug_1,Tapo P110,P110,iron,ebce04ed,multi_cycle,1.0,0.0,238.759,0.0,0.067,0.483,,on,-64,,30 minute NILM iron thermostat cycle session
2026-06-12T15:08:22.254041+00:00,2026-06-12 20:38:22,Anllia,plug_1,Tapo P110,P110,iron,ebce04ed,multi_cycle,1.0,0.0,238.759,0.0,0.067,0.483,,on,-64,,30 minute NILM iron thermostat cycle session
2026-06-12T15:08:23.498309+00:00,2026-06-12 20:38:23,Anllia,plug_1,Tapo P110,P110,iron,ebce04ed,multi_cycle,1.0,0.0,238.759,0.0,0.067,0.483,,on,-64,,30 minute NILM iron thermostat cycle session
2026-06-12T15:08:24.763503+00:00,2026-06-12 20:38:24,Anllia,plug_1,Tapo P110,P110,iron,ebce04ed,multi_cycle,1.0,0.0,238.759,0.0,0.067,0.483,,on,-68,,30 minute NILM iron thermostat cycle session
2026-06-12T15:08:26.202050+00:00,2026-06-12 20:38:26,Anllia,plug_1,Tapo P110,P110,iron,ebce04ed,multi_cycle,1.0,0.0,238.759,0.0,0.067,0.483,,on,-65,,30 minute NILM iron thermostat cycle session
2026-06-12T15:08:27.563000+00:00,2026-06-12 20:38:27,Anllia,plug_1,Tapo P110,P110,iron,ebce04ed,multi_cycle,1.0,0.0,238.759,0.0,0.067,0.483,,on,-69,,30 minute NILM iron thermostat cycle session
2026-06-12T15:08:28.884917+00:00,2026-06-12 20:38:28,Anllia,plug_1,Tapo P110,P110,iron,ebce04ed,multi_cycle,1.0,0.0,238.759,0.0,0.067,0.483,,on,-69,,30 minute NILM iron thermostat cycle session
2026-06-12T15:08:32.082116+00:00,2026-06-12 20:38:32,Anllia,plug_1,Tapo P110,P110,iron,ebce04ed,multi_cycle,1.0,0.0,238.759,0.0,0.067,0.483,,on,-66,,30 minute NILM iron thermostat cycle session
2026-06-12T15:08:33.361430+00:00,2026-06-12 20:38:33,Anllia,plug_1,Tapo P110,P110,iron,ebce04ed,multi_cycle,1.0,0.0,238.333,0.0,0.067,0.483,,on,-66,,30 minute NILM iron thermostat cycle session
2026-06-12T15:08:34.655263+00:00,2026-06-12 20:38:34,Anllia,plug_1,Tapo P110,P110,iron,ebce04ed,multi_cycle,1.0,0.0,238.333,0.0,0.067,0.483,,on,-68,,30 minute NILM iron thermostat cycle session
2026-06-12T15:08:35.912260+00:00,2026-06-12 20:38:35,Anllia,plug_1,Tapo P110,P110,iron,ebce04ed,multi_cycle,1.0,0.0,238.333,0.0,0.067,0.483,,on,-69,,30 minute NILM iron thermostat cycle session
2026-06-12T15:08:37.355417+00:00,2026-06-12 20:38:37,Anllia,plug_1,Tapo P110,P110,iron,ebce04ed,multi_cycle,1.0,0.0,238.333,0.0,0.067,0.483,,on,-68,,30 minute NILM iron thermostat cycle session
2026-06-12T15:08:38.703271+00:00,2026-06-12 20:38:38,Anllia,plug_1,Tapo P110,P110,iron,ebce04ed,multi_cycle,1.0,0.0,238.333,0.0,0.067,0.483,,on,-69,,30 minute NILM iron thermostat cycle session
2026-06-12T15:08:40.024812+00:00,2026-06-12 20:38:40,Anllia,plug_1,Tapo P110,P110,iron,ebce04ed,multi_cycle,1.0,0.0,238.333,0.0,0.067,0.483,,on,-68,,30 minute NILM iron thermostat cycle session
2026-06-12T15:08:41.389457+00:00,2026-06-12 20:38:41,Anllia,plug_1,Tapo P110,P110,iron,ebce04ed,multi_cycle,1.0,0.0,238.333,0.0,0.067,0.483,,on,-69,,30 minute NILM iron thermostat cycle session
2026-06-12T15:08:42.815035+00:00,2026-06-12 20:38:42,Anllia,plug_1,Tapo P110,P110,iron,ebce04ed,multi_cycle,1.0,0.0,238.333,0.0,0.067,0.483,,on,-66,,30 minute NILM iron thermostat cycle session
2026-06-12T15:08:44.187667+00:00,2026-06-12 20:38:44,Anllia,plug_1,Tapo P110,P110,iron,ebce04ed,multi_cycle,1.0,0.0,238.333,0.0,0.067,0.483,,on,-66,,30 minute NILM iron thermostat cycle session
2026-06-12T15:08:45.551493+00:00,2026-06-12 20:38:45,Anllia,plug_1,Tapo P110,P110,iron,ebce04ed,multi_cycle,1.0,0.0,238.333,0.0,0.067,0.483,,on,-66,,30 minute NILM iron thermostat cycle session
2026-06-12T15:08:46.905978+00:00,2026-06-12 20:38:46,Anllia,plug_1,Tapo P110,P110,iron,ebce04ed,multi_cycle,1.0,0.0,238.575,0.0,0.067,0.483,,on,-66,,30 minute NILM iron thermostat cycle session
2026-06-12T15:08:48.160122+00:00,2026-06-12 20:38:48,Anllia,plug_1,Tapo P110,P110,iron,ebce04ed,multi_cycle,1.0,0.0,238.575,0.0,0.067,0.483,,on,-66,,30 minute NILM iron thermostat cycle session
2026-06-12T15:08:49.535950+00:00,2026-06-12 20:38:49,Anllia,plug_1,Tapo P110,P110,iron,ebce04ed,multi_cycle,1.0,0.0,238.575,0.0,0.067,0.483,,on,-65,,30 minute NILM iron thermostat cycle session
2026-06-12T15:08:51.012900+00:00,2026-06-12 20:38:51,Anllia,plug_1,Tapo P110,P110,iron,ebce04ed,multi_cycle,1.0,0.0,238.575,0.0,0.067,0.483,,on,-66,,30 minute NILM iron thermostat cycle session
2026-06-12T15:08:52.329442+00:00,2026-06-12 20:38:52,Anllia,plug_1,Tapo P110,P110,iron,ebce04ed,multi_cycle,1.0,0.0,238.575,0.0,0.067,0.483,,on,-65,,30 minute NILM iron thermostat cycle session
2026-06-12T15:08:53.678220+00:00,2026-06-12 20:38:53,Anllia,plug_1,Tapo P110,P110,iron,ebce04ed,multi_cycle,1.0,0.0,238.575,0.0,0.067,0.483,,on,-66,,30 minute NILM iron thermostat cycle session
2026-06-12T15:08:55.043496+00:00,2026-06-12 20:38:55,Anllia,plug_1,Tapo P110,P110,iron,ebce04ed,multi_cycle,1.0,0.0,238.575,0.0,0.067,0.483,,on,-65,,30 minute NILM iron thermostat cycle session
2026-06-12T15:08:56.394541+00:00,2026-06-12 20:38:56,Anllia,plug_1,Tapo P110,P110,iron,ebce04ed,multi_cycle,1.0,0.0,238.575,0.0,0.067,0.483,,on,-65,,30 minute NILM iron thermostat cycle session
2026-06-12T15:08:57.759878+00:00,2026-06-12 20:38:57,Anllia,plug_1,Tapo P110,P110,iron,ebce04ed,multi_cycle,1.0,0.0,238.575,0.0,0.067,0.483,,on,-67,,30 minute NILM iron thermostat cycle session
2026-06-12T15:08:59.010963+00:00,2026-06-12 20:38:59,Anllia,plug_1,Tapo P110,P110,iron,ebce04ed,multi_cycle,1.0,0.0,238.575,0.0,0.067,0.483,,on,-66,,30 minute NILM iron thermostat cycle session
2026-06-12T15:09:00.311094+00:00,2026-06-12 20:39:00,Anllia,plug_1,Tapo P110,P110,iron,ebce04ed,multi_cycle,1.0,0.0,238.575,0.0,0.067,0.483,,on,-67,,30 minute NILM iron thermostat cycle session
2026-06-12T15:09:02.201818+00:00,2026-06-12 20:39:02,Anllia,plug_1,Tapo P110,P110,iron,ebce04ed,multi_cycle,1.0,0.0,238.854,0.0,0.067,0.483,,on,-67,,30 minute NILM iron thermostat cycle session
2026-06-12T15:09:03.599496+00:00,2026-06-12 20:39:03,Anllia,plug_1,Tapo P110,P110,iron,ebce04ed,multi_cycle,1.0,0.0,238.854,0.0,0.067,0.483,,on,-75,,30 minute NILM iron thermostat cycle session
2026-06-12T15:09:04.948376+00:00,2026-06-12 20:39:04,Anllia,plug_1,Tapo P110,P110,iron,ebce04ed,multi_cycle,1.0,0.0,238.854,0.0,0.067,0.483,,on,-67,,30 minute NILM iron thermostat cycle session
2026-06-12T15:09:06.237216+00:00,2026-06-12 20:39:06,Anllia,plug_1,Tapo P110,P110,iron,ebce04ed,multi_cycle,1.0,0.0,238.854,0.0,0.067,0.483,,on,-66,,30 minute NILM iron thermostat cycle session
2026-06-12T15:09:07.630185+00:00,2026-06-12 20:39:07,Anllia,plug_1,Tapo P110,P110,iron,ebce04ed,multi_cycle,1.0,0.0,238.854,0.0,0.067,0.483,,on,-68,,30 minute NILM iron thermostat cycle session
2026-06-12T15:09:08.899541+00:00,2026-06-12 20:39:08,Anllia,plug_1,Tapo P110,P110,iron,ebce04ed,multi_cycle,1.0,0.0,238.854,0.0,0.067,0.483,,on,-65,,30 minute NILM iron thermostat cycle session
2026-06-12T15:09:10.293267+00:00,2026-06-12 20:39:10,Anllia,plug_1,Tapo P110,P110,iron,ebce04ed,multi_cycle,1.0,0.0,238.854,0.0,0.067,0.483,,on,-65,,30 minute NILM iron thermostat cycle session
2026-06-12T15:09:11.551850+00:00,2026-06-12 20:39:11,Anllia,plug_1,Tapo P110,P110,iron,ebce04ed,multi_cycle,1.0,0.0,238.854,0.0,0.067,0.483,,on,-67,,30 minute NILM iron thermostat cycle session
2026-06-12T15:09:12.893816+00:00,2026-06-12 20:39:12,Anllia,plug_1,Tapo P110,P110,iron,ebce04ed,multi_cycle,1.0,0.0,238.854,0.0,0.067,0.483,,on,-66,,30 minute NILM iron thermostat cycle session
2026-06-12T15:09:14.248192+00:00,2026-06-12 20:39:14,Anllia,plug_1,Tapo P110,P110,iron,ebce04ed,multi_cycle,1.0,0.0,238.854,0.0,0.067,0.483,,on,-66,,30 minute NILM iron thermostat cycle session
2026-06-12T15:09:15.608096+00:00,2026-06-12 20:39:15,Anllia,plug_1,Tapo P110,P110,iron,ebce04ed,multi_cycle,1.0,0.0,238.906,0.0,0.067,0.483,,on,-67,,30 minute NILM iron thermostat cycle session
2026-06-12T15:09:16.874584+00:00,2026-06-12 20:39:16,Anllia,plug_1,Tapo P110,P110,iron,ebce04ed,multi_cycle,1.0,0.0,238.906,0.0,0.067,0.483,,on,-66,,30 minute NILM iron thermostat cycle session
2026-06-12T15:09:18.167848+00:00,2026-06-12 20:39:18,Anllia,plug_1,Tapo P110,P110,iron,ebce04ed,multi_cycle,1.0,0.0,238.906,0.0,0.067,0.483,,on,-76,,30 minute NILM iron thermostat cycle session
2026-06-12T15:09:19.428168+00:00,2026-06-12 20:39:19,Anllia,plug_1,Tapo P110,P110,iron,ebce04ed,multi_cycle,1.0,1278.055,238.906,5.571,0.068,0.484,,on,-73,,30 minute NILM iron thermostat cycle session
2026-06-12T15:09:20.956093+00:00,2026-06-12 20:39:20,Anllia,plug_1,Tapo P110,P110,iron,ebce04ed,multi_cycle,1.0,1346.368,230.705,5.571,0.068,0.484,,on,-74,,30 minute NILM iron thermostat cycle session
2026-06-12T15:09:22.308231+00:00,2026-06-12 20:39:22,Anllia,plug_1,Tapo P110,P110,iron,ebce04ed,multi_cycle,1.0,1341.92,230.705,5.807,0.069,0.485,,on,-71,,30 minute NILM iron thermostat cycle session
2026-06-12T15:09:23.594872+00:00,2026-06-12 20:39:23,Anllia,plug_1,Tapo P110,P110,iron,ebce04ed,multi_cycle,1.0,1337.164,230.629,5.807,0.069,0.485,,on,-71,,30 minute NILM iron thermostat cycle session
2026-06-12T15:09:24.885817+00:00,2026-06-12 20:39:24,Anllia,plug_1,Tapo P110,P110,iron,ebce04ed,multi_cycle,1.0,1334.3,230.629,5.779,0.07,0.486,,on,-69,,30 minute NILM iron thermostat cycle session
2026-06-12T15:09:26.175691+00:00,2026-06-12 20:39:26,Anllia,plug_1,Tapo P110,P110,iron,ebce04ed,multi_cycle,1.0,1334.3,230.586,5.779,0.07,0.486,,on,-70,,30 minute NILM iron thermostat cycle session
2026-06-12T15:09:27.433740+00:00,2026-06-12 20:39:27,Anllia,plug_1,Tapo P110,P110,iron,ebce04ed,multi_cycle,1.0,1333.292,230.586,5.779,0.071,0.487,,on,-70,,30 minute NILM iron thermostat cycle session
2026-06-12T15:09:29.114202+00:00,2026-06-12 20:39:29,Anllia,plug_1,Tapo P110,P110,iron,ebce04ed,multi_cycle,1.0,1331.587,230.586,5.768,0.071,0.487,,on,-69,,30 minute NILM iron thermostat cycle session
2026-06-12T15:09:30.534290+00:00,2026-06-12 20:39:30,Anllia,plug_1,Tapo P110,P110,iron,ebce04ed,multi_cycle,1.0,1332.025,230.669,5.768,0.072,0.488,,on,-72,,30 minute NILM iron thermostat cycle session
2026-06-12T15:09:31.935501+00:00,2026-06-12 20:39:31,Anllia,plug_1,Tapo P110,P110,iron,ebce04ed,multi_cycle,1.0,1330.429,230.669,5.76,0.072,0.488,,on,-70,,30 minute NILM iron thermostat cycle session
2026-06-12T15:09:33.182608+00:00,2026-06-12 20:39:33,Anllia,plug_1,Tapo P110,P110,iron,ebce04ed,multi_cycle,1.0,1330.429,237.032,5.76,0.072,0.488,,on,-70,,30 minute NILM iron thermostat cycle session
2026-06-12T15:09:34.576769+00:00,2026-06-12 20:39:34,Anllia,plug_1,Tapo P110,P110,iron,ebce04ed,multi_cycle,1.0,0.0,237.032,0.0,0.072,0.488,,on,-70,,30 minute NILM iron thermostat cycle session
2026-06-12T15:09:36.154317+00:00,2026-06-12 20:39:36,Anllia,plug_1,Tapo P110,P110,iron,ebce04ed,multi_cycle,1.0,0.0,238.885,0.0,0.072,0.488,,on,-70,,30 minute NILM iron thermostat cycle session
2026-06-12T15:09:37.623945+00:00,2026-06-12 20:39:37,Anllia,plug_1,Tapo P110,P110,iron,ebce04ed,multi_cycle,1.0,0.0,238.885,0.0,0.072,0.488,,on,-70,,30 minute NILM iron thermostat cycle session
2026-06-12T15:09:38.902345+00:00,2026-06-12 20:39:38,Anllia,plug_1,Tapo P110,P110,iron,ebce04ed,multi_cycle,1.0,0.0,238.885,0.0,0.072,0.488,,on,-69,,30 minute NILM iron thermostat cycle session
2026-06-12T15:09:40.337987+00:00,2026-06-12 20:39:40,Anllia,plug_1,Tapo P110,P110,iron,ebce04ed,multi_cycle,1.0,0.0,238.885,0.0,0.072,0.488,,on,-70,,30 minute NILM iron thermostat cycle session
2026-06-12T15:09:41.596048+00:00,2026-06-12 20:39:41,Anllia,plug_1,Tapo P110,P110,iron,ebce04ed,multi_cycle,1.0,0.0,238.885,0.0,0.072,0.488,,on,-69,,30 minute NILM iron thermostat cycle session
2026-06-12T15:09:42.885858+00:00,2026-06-12 20:39:42,Anllia,plug_1,Tapo P110,P110,iron,ebce04ed,multi_cycle,1.0,0.0,238.885,0.0,0.072,0.488,,on,-69,,30 minute NILM iron thermostat cycle session
2026-06-12T15:09:44.214585+00:00,2026-06-12 20:39:44,Anllia,plug_1,Tapo P110,P110,iron,ebce04ed,multi_cycle,1.0,0.0,238.885,0.0,0.072,0.488,,on,-68,,30 minute NILM iron thermostat cycle session
2026-06-12T15:09:45.679471+00:00,2026-06-12 20:39:45,Anllia,plug_1,Tapo P110,P110,iron,ebce04ed,multi_cycle,1.0,0.0,238.885,0.0,0.072,0.488,,on,-68,,30 minute NILM iron thermostat cycle session
2026-06-12T15:09:46.973436+00:00,2026-06-12 20:39:46,Anllia,plug_1,Tapo P110,P110,iron,ebce04ed,multi_cycle,1.0,0.0,238.885,0.0,0.072,0.488,,on,-70,,30 minute NILM iron thermostat cycle session
2026-06-12T15:09:48.445213+00:00,2026-06-12 20:39:48,Anllia,plug_1,Tapo P110,P110,iron,ebce04ed,multi_cycle,1.0,0.0,238.885,0.0,0.072,0.488,,on,-72,,30 minute NILM iron thermostat cycle session
2026-06-12T15:09:49.843422+00:00,2026-06-12 20:39:49,Anllia,plug_1,Tapo P110,P110,iron,ebce04ed,multi_cycle,1.0,0.0,238.885,0.0,0.072,0.488,,on,-70,,30 minute NILM iron thermostat cycle session
2026-06-12T15:09:51.243904+00:00,2026-06-12 20:39:51,Anllia,plug_1,Tapo P110,P110,iron,ebce04ed,multi_cycle,1.0,0.0,239.373,0.0,0.072,0.488,,on,-71,,30 minute NILM iron thermostat cycle session
2026-06-12T15:09:52.509877+00:00,2026-06-12 20:39:52,Anllia,plug_1,Tapo P110,P110,iron,ebce04ed,multi_cycle,1.0,0.0,239.373,0.0,0.072,0.488,,on,-70,,30 minute NILM iron thermostat cycle session
2026-06-12T15:09:53.757975+00:00,2026-06-12 20:39:53,Anllia,plug_1,Tapo P110,P110,iron,ebce04ed,multi_cycle,1.0,0.0,239.373,0.0,0.072,0.488,,on,-71,,30 minute NILM iron thermostat cycle session
2026-06-12T15:09:55.067496+00:00,2026-06-12 20:39:55,Anllia,plug_1,Tapo P110,P110,iron,ebce04ed,multi_cycle,1.0,0.0,239.373,0.0,0.072,0.488,,on,-70,,30 minute NILM iron thermostat cycle session
2026-06-12T15:09:58.582410+00:00,2026-06-12 20:39:58,Anllia,plug_1,Tapo P110,P110,iron,ebce04ed,multi_cycle,1.0,0.0,239.373,0.0,0.072,0.488,,on,-72,,30 minute NILM iron thermostat cycle session
2026-06-12T15:09:59.836972+00:00,2026-06-12 20:39:59,Anllia,plug_1,Tapo P110,P110,iron,ebce04ed,multi_cycle,1.0,0.0,239.373,0.0,0.072,0.488,,on,-73,,30 minute NILM iron thermostat cycle session
2026-06-12T15:10:01.153818+00:00,2026-06-12 20:40:01,Anllia,plug_1,Tapo P110,P110,iron,ebce04ed,multi_cycle,1.0,0.0,239.373,0.0,0.072,0.488,,on,-71,,30 minute NILM iron thermostat cycle session
2026-06-12T15:10:02.518956+00:00,2026-06-12 20:40:02,Anllia,plug_1,Tapo P110,P110,iron,ebce04ed,multi_cycle,1.0,0.0,239.373,0.0,0.072,0.488,,on,-71,,30 minute NILM iron thermostat cycle session
2026-06-12T15:10:03.866729+00:00,2026-06-12 20:40:03,Anllia,plug_1,Tapo P110,P110,iron,ebce04ed,multi_cycle,1.0,0.0,239.373,0.0,0.072,0.488,,on,-70,,30 minute NILM iron thermostat cycle session
2026-06-12T15:10:05.279147+00:00,2026-06-12 20:40:05,Anllia,plug_1,Tapo P110,P110,iron,ebce04ed,multi_cycle,1.0,0.0,238.309,0.0,0.072,0.488,,on,-70,,30 minute NILM iron thermostat cycle session
2026-06-12T15:10:06.631946+00:00,2026-06-12 20:40:06,Anllia,plug_1,Tapo P110,P110,iron,ebce04ed,multi_cycle,1.0,0.0,238.309,0.0,0.072,0.488,,on,-73,,30 minute NILM iron thermostat cycle session
2026-06-12T15:10:08.112721+00:00,2026-06-12 20:40:08,Anllia,plug_1,Tapo P110,P110,iron,ebce04ed,multi_cycle,1.0,0.0,238.309,0.0,0.072,0.488,,on,-70,,30 minute NILM iron thermostat cycle session
2026-06-12T15:10:09.401547+00:00,2026-06-12 20:40:09,Anllia,plug_1,Tapo P110,P110,iron,ebce04ed,multi_cycle,1.0,0.0,238.309,0.0,0.072,0.488,,on,-70,,30 minute NILM iron thermostat cycle session
2026-06-12T15:10:10.746128+00:00,2026-06-12 20:40:10,Anllia,plug_1,Tapo P110,P110,iron,ebce04ed,multi_cycle,1.0,0.0,238.309,0.0,0.072,0.488,,on,-70,,30 minute NILM iron thermostat cycle session
2026-06-12T15:10:12.099132+00:00,2026-06-12 20:40:12,Anllia,plug_1,Tapo P110,P110,iron,ebce04ed,multi_cycle,1.0,0.0,238.309,0.0,0.072,0.488,,on,-69,,30 minute NILM iron thermostat cycle session
2026-06-12T15:10:13.460045+00:00,2026-06-12 20:40:13,Anllia,plug_1,Tapo P110,P110,iron,ebce04ed,multi_cycle,1.0,0.0,238.309,0.0,0.072,0.488,,on,-70,,30 minute NILM iron thermostat cycle session
2026-06-12T15:10:14.828220+00:00,2026-06-12 20:40:14,Anllia,plug_1,Tapo P110,P110,iron,ebce04ed,multi_cycle,1.0,0.0,238.309,0.0,0.072,0.488,,on,-70,,30 minute NILM iron thermostat cycle session
2026-06-12T15:10:16.182287+00:00,2026-06-12 20:40:16,Anllia,plug_1,Tapo P110,P110,iron,ebce04ed,multi_cycle,1.0,0.0,238.309,0.0,0.072,0.488,,on,-69,,30 minute NILM iron thermostat cycle session
2026-06-12T15:10:17.569842+00:00,2026-06-12 20:40:17,Anllia,plug_1,Tapo P110,P110,iron,ebce04ed,multi_cycle,1.0,0.0,238.309,0.0,0.072,0.488,,on,-69,,30 minute NILM iron thermostat cycle session
2026-06-12T15:10:18.930870+00:00,2026-06-12 20:40:18,Anllia,plug_1,Tapo P110,P110,iron,ebce04ed,multi_cycle,1.0,0.0,239.167,0.0,0.072,0.488,,on,-68,,30 minute NILM iron thermostat cycle session
2026-06-12T15:10:20.287446+00:00,2026-06-12 20:40:20,Anllia,plug_1,Tapo P110,P110,iron,ebce04ed,multi_cycle,1.0,0.0,239.167,0.0,0.072,0.488,,on,-67,,30 minute NILM iron thermostat cycle session
2026-06-12T15:10:21.615005+00:00,2026-06-12 20:40:21,Anllia,plug_1,Tapo P110,P110,iron,ebce04ed,multi_cycle,1.0,0.0,239.167,0.0,0.072,0.488,,on,-66,,30 minute NILM iron thermostat cycle session
2026-06-12T15:10:23.006408+00:00,2026-06-12 20:40:23,Anllia,plug_1,Tapo P110,P110,iron,ebce04ed,multi_cycle,1.0,0.0,239.167,0.0,0.072,0.488,,on,-67,,30 minute NILM iron thermostat cycle session
2026-06-12T15:10:24.405120+00:00,2026-06-12 20:40:24,Anllia,plug_1,Tapo P110,P110,iron,ebce04ed,multi_cycle,1.0,0.0,239.167,0.0,0.072,0.488,,on,-66,,30 minute NILM iron thermostat cycle session
2026-06-12T15:10:25.670540+00:00,2026-06-12 20:40:25,Anllia,plug_1,Tapo P110,P110,iron,ebce04ed,multi_cycle,1.0,0.0,239.167,0.0,0.072,0.488,,on,-66,,30 minute NILM iron thermostat cycle session
2026-06-12T15:10:27.039173+00:00,2026-06-12 20:40:27,Anllia,plug_1,Tapo P110,P110,iron,ebce04ed,multi_cycle,1.0,0.0,239.167,0.0,0.072,0.488,,on,-66,,30 minute NILM iron thermostat cycle session
2026-06-12T15:10:28.355026+00:00,2026-06-12 20:40:28,Anllia,plug_1,Tapo P110,P110,iron,ebce04ed,multi_cycle,1.0,0.0,239.167,0.0,0.072,0.488,,on,-66,,30 minute NILM iron thermostat cycle session
2026-06-12T15:10:29.753322+00:00,2026-06-12 20:40:29,Anllia,plug_1,Tapo P110,P110,iron,ebce04ed,multi_cycle,1.0,0.0,239.167,0.0,0.072,0.488,,on,-67,,30 minute NILM iron thermostat cycle session
2026-06-12T15:10:32.303211+00:00,2026-06-12 20:40:32,Anllia,plug_1,Tapo P110,P110,iron,ebce04ed,multi_cycle,1.0,0.0,239.167,0.0,0.072,0.488,,on,-68,,30 minute NILM iron thermostat cycle session
2026-06-12T15:10:33.568906+00:00,2026-06-12 20:40:33,Anllia,plug_1,Tapo P110,P110,iron,ebce04ed,multi_cycle,1.0,0.0,238.599,0.0,0.072,0.488,,on,-67,,30 minute NILM iron thermostat cycle session
2026-06-12T15:10:34.935175+00:00,2026-06-12 20:40:34,Anllia,plug_1,Tapo P110,P110,iron,ebce04ed,multi_cycle,1.0,0.0,238.599,0.0,0.072,0.488,,on,-69,,30 minute NILM iron thermostat cycle session
2026-06-12T15:10:36.217974+00:00,2026-06-12 20:40:36,Anllia,plug_1,Tapo P110,P110,iron,ebce04ed,multi_cycle,1.0,0.0,238.599,0.0,0.072,0.488,,on,-72,,30 minute NILM iron thermostat cycle session
2026-06-12T15:10:37.485592+00:00,2026-06-12 20:40:37,Anllia,plug_1,Tapo P110,P110,iron,ebce04ed,multi_cycle,1.0,0.0,238.599,0.0,0.072,0.488,,on,-73,,30 minute NILM iron thermostat cycle session
2026-06-12T15:10:38.727324+00:00,2026-06-12 20:40:38,Anllia,plug_1,Tapo P110,P110,iron,ebce04ed,multi_cycle,1.0,0.0,238.599,0.0,0.072,0.488,,on,-72,,30 minute NILM iron thermostat cycle session
2026-06-12T15:10:40.067055+00:00,2026-06-12 20:40:40,Anllia,plug_1,Tapo P110,P110,iron,ebce04ed,multi_cycle,1.0,0.0,238.599,0.0,0.072,0.488,,on,-72,,30 minute NILM iron thermostat cycle session
2026-06-12T15:10:41.351623+00:00,2026-06-12 20:40:41,Anllia,plug_1,Tapo P110,P110,iron,ebce04ed,multi_cycle,1.0,0.0,238.599,0.0,0.072,0.488,,on,-72,,30 minute NILM iron thermostat cycle session
2026-06-12T15:10:42.667974+00:00,2026-06-12 20:40:42,Anllia,plug_1,Tapo P110,P110,iron,ebce04ed,multi_cycle,1.0,0.0,238.599,0.0,0.072,0.488,,on,-71,,30 minute NILM iron thermostat cycle session
2026-06-12T15:10:44.148364+00:00,2026-06-12 20:40:44,Anllia,plug_1,Tapo P110,P110,iron,ebce04ed,multi_cycle,1.0,0.0,238.599,0.0,0.072,0.488,,on,-69,,30 minute NILM iron thermostat cycle session
2026-06-12T15:10:46.243791+00:00,2026-06-12 20:40:46,Anllia,plug_1,Tapo P110,P110,iron,ebce04ed,multi_cycle,1.0,0.0,238.599,0.0,0.072,0.488,,on,-71,,30 minute NILM iron thermostat cycle session
2026-06-12T15:10:47.612918+00:00,2026-06-12 20:40:47,Anllia,plug_1,Tapo P110,P110,iron,ebce04ed,multi_cycle,1.0,0.0,238.682,0.0,0.072,0.488,,on,-69,,30 minute NILM iron thermostat cycle session
2026-06-12T15:10:49.045047+00:00,2026-06-12 20:40:49,Anllia,plug_1,Tapo P110,P110,iron,ebce04ed,multi_cycle,1.0,0.0,238.682,0.0,0.072,0.488,,on,-72,,30 minute NILM iron thermostat cycle session
2026-06-12T15:10:50.360903+00:00,2026-06-12 20:40:50,Anllia,plug_1,Tapo P110,P110,iron,ebce04ed,multi_cycle,1.0,0.0,238.682,0.0,0.072,0.488,,on,-72,,30 minute NILM iron thermostat cycle session
2026-06-12T15:10:51.654020+00:00,2026-06-12 20:40:51,Anllia,plug_1,Tapo P110,P110,iron,ebce04ed,multi_cycle,1.0,0.0,238.682,0.0,0.072,0.488,,on,-72,,30 minute NILM iron thermostat cycle session
2026-06-12T15:10:53.158489+00:00,2026-06-12 20:40:53,Anllia,plug_1,Tapo P110,P110,iron,ebce04ed,multi_cycle,1.0,0.0,238.682,0.0,0.072,0.488,,on,-73,,30 minute NILM iron thermostat cycle session
2026-06-12T15:10:54.474736+00:00,2026-06-12 20:40:54,Anllia,plug_1,Tapo P110,P110,iron,ebce04ed,multi_cycle,1.0,0.0,238.682,0.0,0.072,0.488,,on,-74,,30 minute NILM iron thermostat cycle session
2026-06-12T15:10:55.759311+00:00,2026-06-12 20:40:55,Anllia,plug_1,Tapo P110,P110,iron,ebce04ed,multi_cycle,1.0,0.0,238.682,0.0,0.072,0.488,,on,-68,,30 minute NILM iron thermostat cycle session
2026-06-12T15:10:57.023829+00:00,2026-06-12 20:40:57,Anllia,plug_1,Tapo P110,P110,iron,ebce04ed,multi_cycle,1.0,0.0,238.682,0.0,0.072,0.488,,on,-68,,30 minute NILM iron thermostat cycle session
2026-06-12T15:10:58.404387+00:00,2026-06-12 20:40:58,Anllia,plug_1,Tapo P110,P110,iron,ebce04ed,multi_cycle,1.0,0.0,238.682,0.0,0.072,0.488,,on,-71,,30 minute NILM iron thermostat cycle session
2026-06-12T15:10:59.714498+00:00,2026-06-12 20:40:59,Anllia,plug_1,Tapo P110,P110,iron,ebce04ed,multi_cycle,1.0,0.0,238.682,0.0,0.072,0.488,,on,-73,,30 minute NILM iron thermostat cycle session
2026-06-12T15:11:00.959676+00:00,2026-06-12 20:41:00,Anllia,plug_1,Tapo P110,P110,iron,ebce04ed,multi_cycle,1.0,0.0,238.734,0.0,0.072,0.488,,on,-75,,30 minute NILM iron thermostat cycle session
2026-06-12T15:11:02.261370+00:00,2026-06-12 20:41:02,Anllia,plug_1,Tapo P110,P110,iron,ebce04ed,multi_cycle,1.0,0.0,238.734,0.0,0.072,0.488,,on,-74,,30 minute NILM iron thermostat cycle session
2026-06-12T15:11:03.695277+00:00,2026-06-12 20:41:03,Anllia,plug_1,Tapo P110,P110,iron,ebce04ed,multi_cycle,1.0,0.0,238.734,0.0,0.072,0.488,,on,-72,,30 minute NILM iron thermostat cycle session
2026-06-12T15:11:05.092773+00:00,2026-06-12 20:41:05,Anllia,plug_1,Tapo P110,P110,iron,ebce04ed,multi_cycle,1.0,0.0,238.734,0.0,0.072,0.488,,on,-70,,30 minute NILM iron thermostat cycle session
2026-06-12T15:11:06.758913+00:00,2026-06-12 20:41:06,Anllia,plug_1,Tapo P110,P110,iron,ebce04ed,multi_cycle,1.0,0.0,238.734,0.0,0.072,0.488,,on,-66,,30 minute NILM iron thermostat cycle session
2026-06-12T15:11:08.106156+00:00,2026-06-12 20:41:08,Anllia,plug_1,Tapo P110,P110,iron,ebce04ed,multi_cycle,1.0,0.0,238.734,0.0,0.072,0.488,,on,-67,,30 minute NILM iron thermostat cycle session
2026-06-12T15:11:09.455238+00:00,2026-06-12 20:41:09,Anllia,plug_1,Tapo P110,P110,iron,ebce04ed,multi_cycle,1.0,0.0,238.734,0.0,0.072,0.488,,on,-67,,30 minute NILM iron thermostat cycle session
2026-06-12T15:11:10.771992+00:00,2026-06-12 20:41:10,Anllia,plug_1,Tapo P110,P110,iron,ebce04ed,multi_cycle,1.0,0.0,238.734,0.0,0.072,0.488,,on,-65,,30 minute NILM iron thermostat cycle session
2026-06-12T15:11:12.081654+00:00,2026-06-12 20:41:12,Anllia,plug_1,Tapo P110,P110,iron,ebce04ed,multi_cycle,1.0,0.0,238.734,0.0,0.072,0.488,,on,-68,,30 minute NILM iron thermostat cycle session
2026-06-12T15:11:13.461288+00:00,2026-06-12 20:41:13,Anllia,plug_1,Tapo P110,P110,iron,ebce04ed,multi_cycle,1.0,0.0,238.734,0.0,0.072,0.488,,on,-68,,30 minute NILM iron thermostat cycle session
2026-06-12T15:12:22.812928+00:00,2026-06-12 20:42:22,Anllia,plug_1,Tapo P110,P110,iron,ebce04ed,multi_cycle,1.0,0.0,237.931,0.0,0.077,0.493,,on,-67,,30 minute NILM iron thermostat cycle session
2026-06-12T15:12:24.110916+00:00,2026-06-12 20:42:24,Anllia,plug_1,Tapo P110,P110,iron,ebce04ed,multi_cycle,1.0,0.0,237.931,0.0,0.077,0.493,,on,-67,,30 minute NILM iron thermostat cycle session
2026-06-12T15:12:25.374936+00:00,2026-06-12 20:42:25,Anllia,plug_1,Tapo P110,P110,iron,ebce04ed,multi_cycle,1.0,0.0,237.931,0.0,0.077,0.493,,on,-67,,30 minute NILM iron thermostat cycle session
2026-06-12T15:12:26.723881+00:00,2026-06-12 20:42:26,Anllia,plug_1,Tapo P110,P110,iron,ebce04ed,multi_cycle,1.0,0.0,237.931,0.0,0.077,0.493,,on,-67,,30 minute NILM iron thermostat cycle session
2026-06-12T15:12:28.098334+00:00,2026-06-12 20:42:28,Anllia,plug_1,Tapo P110,P110,iron,ebce04ed,multi_cycle,1.0,0.0,237.931,0.0,0.077,0.493,,on,-67,,30 minute NILM iron thermostat cycle session
2026-06-12T15:12:29.370009+00:00,2026-06-12 20:42:29,Anllia,plug_1,Tapo P110,P110,iron,ebce04ed,multi_cycle,1.0,0.0,237.931,0.0,0.077,0.493,,on,-67,,30 minute NILM iron thermostat cycle session
2026-06-12T15:12:30.826329+00:00,2026-06-12 20:42:30,Anllia,plug_1,Tapo P110,P110,iron,ebce04ed,multi_cycle,1.0,0.0,237.931,0.0,0.077,0.493,,on,-67,,30 minute NILM iron thermostat cycle session
2026-06-12T15:12:32.091398+00:00,2026-06-12 20:42:32,Anllia,plug_1,Tapo P110,P110,iron,ebce04ed,multi_cycle,1.0,0.0,237.931,0.0,0.077,0.493,,on,-67,,30 minute NILM iron thermostat cycle session
2026-06-12T15:12:33.406870+00:00,2026-06-12 20:42:33,Anllia,plug_1,Tapo P110,P110,iron,ebce04ed,multi_cycle,1.0,0.0,237.931,0.0,0.077,0.493,,on,-67,,30 minute NILM iron thermostat cycle session
2026-06-12T15:12:34.888096+00:00,2026-06-12 20:42:34,Anllia,plug_1,Tapo P110,P110,iron,ebce04ed,multi_cycle,1.0,0.0,237.931,0.0,0.077,0.493,,on,-67,,30 minute NILM iron thermostat cycle session
2026-06-12T15:12:36.236784+00:00,2026-06-12 20:42:36,Anllia,plug_1,Tapo P110,P110,iron,ebce04ed,multi_cycle,1.0,0.0,237.91,0.0,0.077,0.493,,on,-67,,30 minute NILM iron thermostat cycle session
2026-06-12T15:12:37.620505+00:00,2026-06-12 20:42:37,Anllia,plug_1,Tapo P110,P110,iron,ebce04ed,multi_cycle,1.0,0.0,237.91,0.0,0.077,0.493,,on,-67,,30 minute NILM iron thermostat cycle session
2026-06-12T15:12:38.902702+00:00,2026-06-12 20:42:38,Anllia,plug_1,Tapo P110,P110,iron,ebce04ed,multi_cycle,1.0,0.0,237.91,0.0,0.077,0.493,,on,-67,,30 minute NILM iron thermostat cycle session
2026-06-12T15:12:40.208825+00:00,2026-06-12 20:42:40,Anllia,plug_1,Tapo P110,P110,iron,ebce04ed,multi_cycle,1.0,0.0,237.91,0.0,0.077,0.493,,on,-67,,30 minute NILM iron thermostat cycle session
2026-06-12T15:12:41.476801+00:00,2026-06-12 20:42:41,Anllia,plug_1,Tapo P110,P110,iron,ebce04ed,multi_cycle,1.0,0.0,237.91,0.0,0.077,0.493,,on,-67,,30 minute NILM iron thermostat cycle session
2026-06-12T15:12:42.763054+00:00,2026-06-12 20:42:42,Anllia,plug_1,Tapo P110,P110,iron,ebce04ed,multi_cycle,1.0,0.0,237.91,0.0,0.077,0.493,,on,-67,,30 minute NILM iron thermostat cycle session
2026-06-12T15:12:44.195532+00:00,2026-06-12 20:42:44,Anllia,plug_1,Tapo P110,P110,iron,ebce04ed,multi_cycle,1.0,0.0,237.91,0.0,0.077,0.493,,on,-67,,30 minute NILM iron thermostat cycle session
2026-06-12T15:12:45.638318+00:00,2026-06-12 20:42:45,Anllia,plug_1,Tapo P110,P110,iron,ebce04ed,multi_cycle,1.0,0.0,237.91,0.0,0.077,0.493,,on,-67,,30 minute NILM iron thermostat cycle session
2026-06-12T15:12:46.922039+00:00,2026-06-12 20:42:46,Anllia,plug_1,Tapo P110,P110,iron,ebce04ed,multi_cycle,1.0,0.0,237.91,0.0,0.077,0.493,,on,-68,,30 minute NILM iron thermostat cycle session
2026-06-12T15:12:48.287363+00:00,2026-06-12 20:42:48,Anllia,plug_1,Tapo P110,P110,iron,ebce04ed,multi_cycle,1.0,0.0,237.91,0.0,0.077,0.493,,on,-66,,30 minute NILM iron thermostat cycle session
2026-06-12T15:12:50.130919+00:00,2026-06-12 20:42:50,Anllia,plug_1,Tapo P110,P110,iron,ebce04ed,multi_cycle,1.0,0.0,237.77,0.0,0.077,0.493,,on,-67,,30 minute NILM iron thermostat cycle session
2026-06-12T15:12:51.397208+00:00,2026-06-12 20:42:51,Anllia,plug_1,Tapo P110,P110,iron,ebce04ed,multi_cycle,1.0,0.0,237.77,0.0,0.077,0.493,,on,-67,,30 minute NILM iron thermostat cycle session
2026-06-12T15:12:52.830674+00:00,2026-06-12 20:42:52,Anllia,plug_1,Tapo P110,P110,iron,ebce04ed,multi_cycle,1.0,0.0,237.77,0.0,0.077,0.493,,on,-67,,30 minute NILM iron thermostat cycle session
2026-06-12T15:12:54.097644+00:00,2026-06-12 20:42:54,Anllia,plug_1,Tapo P110,P110,iron,ebce04ed,multi_cycle,1.0,0.0,237.77,0.0,0.077,0.493,,on,-67,,30 minute NILM iron thermostat cycle session
2026-06-12T15:12:55.544068+00:00,2026-06-12 20:42:55,Anllia,plug_1,Tapo P110,P110,iron,ebce04ed,multi_cycle,1.0,0.0,237.77,0.0,0.077,0.493,,on,-67,,30 minute NILM iron thermostat cycle session
2026-06-12T15:12:56.790430+00:00,2026-06-12 20:42:56,Anllia,plug_1,Tapo P110,P110,iron,ebce04ed,multi_cycle,1.0,0.0,237.77,0.0,0.077,0.493,,on,-67,,30 minute NILM iron thermostat cycle session
2026-06-12T15:12:58.101552+00:00,2026-06-12 20:42:58,Anllia,plug_1,Tapo P110,P110,iron,ebce04ed,multi_cycle,1.0,0.0,237.77,0.0,0.077,0.493,,on,-67,,30 minute NILM iron thermostat cycle session
2026-06-12T15:12:59.372758+00:00,2026-06-12 20:42:59,Anllia,plug_1,Tapo P110,P110,iron,ebce04ed,multi_cycle,1.0,0.0,237.77,0.0,0.077,0.493,,on,-67,,30 minute NILM iron thermostat cycle session
2026-06-12T15:13:00.725885+00:00,2026-06-12 20:43:00,Anllia,plug_1,Tapo P110,P110,iron,ebce04ed,multi_cycle,1.0,0.0,237.77,0.0,0.077,0.493,,on,-66,,30 minute NILM iron thermostat cycle session
2026-06-12T15:13:02.080633+00:00,2026-06-12 20:43:02,Anllia,plug_1,Tapo P110,P110,iron,ebce04ed,multi_cycle,1.0,0.0,237.77,0.0,0.077,0.493,,on,-67,,30 minute NILM iron thermostat cycle session
2026-06-12T15:13:03.628925+00:00,2026-06-12 20:43:03,Anllia,plug_1,Tapo P110,P110,iron,ebce04ed,multi_cycle,1.0,0.0,237.615,0.0,0.077,0.493,,on,-67,,30 minute NILM iron thermostat cycle session
2026-06-12T15:13:04.955032+00:00,2026-06-12 20:43:04,Anllia,plug_1,Tapo P110,P110,iron,ebce04ed,multi_cycle,1.0,0.0,237.615,0.0,0.077,0.493,,on,-67,,30 minute NILM iron thermostat cycle session
2026-06-12T15:13:06.320882+00:00,2026-06-12 20:43:06,Anllia,plug_1,Tapo P110,P110,iron,ebce04ed,multi_cycle,1.0,0.0,237.615,0.0,0.077,0.493,,on,-67,,30 minute NILM iron thermostat cycle session
2026-06-12T15:13:07.604575+00:00,2026-06-12 20:43:07,Anllia,plug_1,Tapo P110,P110,iron,ebce04ed,multi_cycle,1.0,0.0,237.615,0.0,0.077,0.493,,on,-66,,30 minute NILM iron thermostat cycle session
2026-06-12T15:13:08.866525+00:00,2026-06-12 20:43:08,Anllia,plug_1,Tapo P110,P110,iron,ebce04ed,multi_cycle,1.0,0.0,237.615,0.0,0.077,0.493,,on,-66,,30 minute NILM iron thermostat cycle session
2026-06-12T15:13:10.231642+00:00,2026-06-12 20:43:10,Anllia,plug_1,Tapo P110,P110,iron,ebce04ed,multi_cycle,1.0,0.0,237.615,0.0,0.077,0.493,,on,-67,,30 minute NILM iron thermostat cycle session
2026-06-12T15:13:11.594910+00:00,2026-06-12 20:43:11,Anllia,plug_1,Tapo P110,P110,iron,ebce04ed,multi_cycle,1.0,0.0,237.615,0.0,0.077,0.493,,on,-67,,30 minute NILM iron thermostat cycle session
2026-06-12T15:13:12.870158+00:00,2026-06-12 20:43:12,Anllia,plug_1,Tapo P110,P110,iron,ebce04ed,multi_cycle,1.0,0.0,237.615,0.0,0.077,0.493,,on,-67,,30 minute NILM iron thermostat cycle session
2026-06-12T15:13:14.307617+00:00,2026-06-12 20:43:14,Anllia,plug_1,Tapo P110,P110,iron,ebce04ed,multi_cycle,1.0,0.0,237.615,0.0,0.077,0.493,,on,-67,,30 minute NILM iron thermostat cycle session
2026-06-12T15:13:15.626111+00:00,2026-06-12 20:43:15,Anllia,plug_1,Tapo P110,P110,iron,ebce04ed,multi_cycle,1.0,0.0,237.615,0.0,0.077,0.493,,on,-66,,30 minute NILM iron thermostat cycle session
2026-06-12T15:13:17.213792+00:00,2026-06-12 20:43:17,Anllia,plug_1,Tapo P110,P110,iron,ebce04ed,multi_cycle,1.0,0.0,237.75,0.0,0.077,0.493,,on,-67,,30 minute NILM iron thermostat cycle session
2026-06-12T15:13:18.671614+00:00,2026-06-12 20:43:18,Anllia,plug_1,Tapo P110,P110,iron,ebce04ed,multi_cycle,1.0,0.0,237.75,0.0,0.077,0.493,,on,-66,,30 minute NILM iron thermostat cycle session
2026-06-12T15:13:19.916303+00:00,2026-06-12 20:43:19,Anllia,plug_1,Tapo P110,P110,iron,ebce04ed,multi_cycle,1.0,0.0,237.75,0.0,0.077,0.493,,on,-66,,30 minute NILM iron thermostat cycle session
2026-06-12T15:13:21.221153+00:00,2026-06-12 20:43:21,Anllia,plug_1,Tapo P110,P110,iron,ebce04ed,multi_cycle,1.0,0.0,237.75,0.0,0.077,0.493,,on,-67,,30 minute NILM iron thermostat cycle session
2026-06-12T15:13:22.887580+00:00,2026-06-12 20:43:22,Anllia,plug_1,Tapo P110,P110,iron,ebce04ed,multi_cycle,1.0,0.0,237.75,0.0,0.077,0.493,,on,-66,,30 minute NILM iron thermostat cycle session
2026-06-12T15:13:24.346871+00:00,2026-06-12 20:43:24,Anllia,plug_1,Tapo P110,P110,iron,ebce04ed,multi_cycle,1.0,0.0,237.75,0.0,0.077,0.493,,on,-67,,30 minute NILM iron thermostat cycle session
2026-06-12T15:13:25.745733+00:00,2026-06-12 20:43:25,Anllia,plug_1,Tapo P110,P110,iron,ebce04ed,multi_cycle,1.0,0.0,237.75,0.0,0.077,0.493,,on,-66,,30 minute NILM iron thermostat cycle session
2026-06-12T15:13:27.096350+00:00,2026-06-12 20:43:27,Anllia,plug_1,Tapo P110,P110,iron,ebce04ed,multi_cycle,1.0,0.0,237.75,0.0,0.077,0.493,,on,-67,,30 minute NILM iron thermostat cycle session
2026-06-12T15:13:28.492732+00:00,2026-06-12 20:43:28,Anllia,plug_1,Tapo P110,P110,iron,ebce04ed,multi_cycle,1.0,0.0,237.75,0.0,0.077,0.493,,on,-66,,30 minute NILM iron thermostat cycle session
2026-06-12T15:13:29.775488+00:00,2026-06-12 20:43:29,Anllia,plug_1,Tapo P110,P110,iron,ebce04ed,multi_cycle,1.0,0.0,237.75,0.0,0.077,0.493,,on,-66,,30 minute NILM iron thermostat cycle session
2026-06-12T15:13:31.048503+00:00,2026-06-12 20:43:31,Anllia,plug_1,Tapo P110,P110,iron,ebce04ed,multi_cycle,1.0,0.0,237.75,0.0,0.077,0.493,,on,-66,,30 minute NILM iron thermostat cycle session
2026-06-12T15:13:32.307407+00:00,2026-06-12 20:43:32,Anllia,plug_1,Tapo P110,P110,iron,ebce04ed,multi_cycle,1.0,0.0,238.384,0.0,0.077,0.493,,on,-67,,30 minute NILM iron thermostat cycle session
2026-06-12T15:13:33.643990+00:00,2026-06-12 20:43:33,Anllia,plug_1,Tapo P110,P110,iron,ebce04ed,multi_cycle,1.0,0.0,238.384,0.0,0.077,0.493,,on,-67,,30 minute NILM iron thermostat cycle session
2026-06-12T15:13:34.895852+00:00,2026-06-12 20:43:34,Anllia,plug_1,Tapo P110,P110,iron,ebce04ed,multi_cycle,1.0,0.0,238.384,0.0,0.077,0.493,,on,-66,,30 minute NILM iron thermostat cycle session
2026-06-12T15:13:36.305078+00:00,2026-06-12 20:43:36,Anllia,plug_1,Tapo P110,P110,iron,ebce04ed,multi_cycle,1.0,0.0,238.384,0.0,0.077,0.493,,on,-66,,30 minute NILM iron thermostat cycle session
2026-06-12T15:13:38.140261+00:00,2026-06-12 20:43:38,Anllia,plug_1,Tapo P110,P110,iron,ebce04ed,multi_cycle,1.0,0.0,238.384,0.0,0.077,0.493,,on,-67,,30 minute NILM iron thermostat cycle session
2026-06-12T15:13:39.512413+00:00,2026-06-12 20:43:39,Anllia,plug_1,Tapo P110,P110,iron,ebce04ed,multi_cycle,1.0,0.0,238.384,0.0,0.077,0.493,,on,-67,,30 minute NILM iron thermostat cycle session
2026-06-12T15:13:41.033158+00:00,2026-06-12 20:43:41,Anllia,plug_1,Tapo P110,P110,iron,ebce04ed,multi_cycle,1.0,0.0,238.384,0.0,0.077,0.493,,on,-67,,30 minute NILM iron thermostat cycle session
2026-06-12T15:13:42.487333+00:00,2026-06-12 20:43:42,Anllia,plug_1,Tapo P110,P110,iron,ebce04ed,multi_cycle,1.0,0.0,238.384,0.0,0.077,0.493,,on,-67,,30 minute NILM iron thermostat cycle session
2026-06-12T15:13:43.968223+00:00,2026-06-12 20:43:43,Anllia,plug_1,Tapo P110,P110,iron,ebce04ed,multi_cycle,1.0,0.0,238.384,0.0,0.077,0.493,,on,-66,,30 minute NILM iron thermostat cycle session
2026-06-12T15:13:45.284113+00:00,2026-06-12 20:43:45,Anllia,plug_1,Tapo P110,P110,iron,ebce04ed,multi_cycle,1.0,0.0,238.384,0.0,0.077,0.493,,on,-66,,30 minute NILM iron thermostat cycle session
2026-06-12T15:13:47.124556+00:00,2026-06-12 20:43:47,Anllia,plug_1,Tapo P110,P110,iron,ebce04ed,multi_cycle,1.0,0.0,239.221,0.0,0.077,0.493,,on,-67,,30 minute NILM iron thermostat cycle session
2026-06-12T15:13:48.473510+00:00,2026-06-12 20:43:48,Anllia,plug_1,Tapo P110,P110,iron,ebce04ed,multi_cycle,1.0,0.0,239.221,0.0,0.077,0.493,,on,-67,,30 minute NILM iron thermostat cycle session
2026-06-12T15:13:49.789718+00:00,2026-06-12 20:43:49,Anllia,plug_1,Tapo P110,P110,iron,ebce04ed,multi_cycle,1.0,0.0,239.221,0.0,0.077,0.493,,on,-66,,30 minute NILM iron thermostat cycle session
2026-06-12T15:13:51.140481+00:00,2026-06-12 20:43:51,Anllia,plug_1,Tapo P110,P110,iron,ebce04ed,multi_cycle,1.0,0.0,239.221,0.0,0.077,0.493,,on,-66,,30 minute NILM iron thermostat cycle session
2026-06-12T15:13:52.426631+00:00,2026-06-12 20:43:52,Anllia,plug_1,Tapo P110,P110,iron,ebce04ed,multi_cycle,1.0,0.0,239.221,0.0,0.077,0.493,,on,-66,,30 minute NILM iron thermostat cycle session
2026-06-12T15:13:53.806656+00:00,2026-06-12 20:43:53,Anllia,plug_1,Tapo P110,P110,iron,ebce04ed,multi_cycle,1.0,0.0,239.221,0.0,0.077,0.493,,on,-67,,30 minute NILM iron thermostat cycle session
2026-06-12T15:13:55.069032+00:00,2026-06-12 20:43:55,Anllia,plug_1,Tapo P110,P110,iron,ebce04ed,multi_cycle,1.0,0.0,239.221,0.0,0.077,0.493,,on,-66,,30 minute NILM iron thermostat cycle session
2026-06-12T15:13:56.357037+00:00,2026-06-12 20:43:56,Anllia,plug_1,Tapo P110,P110,iron,ebce04ed,multi_cycle,1.0,0.0,239.221,0.0,0.077,0.493,,on,-66,,30 minute NILM iron thermostat cycle session
2026-06-12T15:13:57.747115+00:00,2026-06-12 20:43:57,Anllia,plug_1,Tapo P110,P110,iron,ebce04ed,multi_cycle,1.0,0.0,239.221,0.0,0.077,0.493,,on,-67,,30 minute NILM iron thermostat cycle session
2026-06-12T15:13:59.017382+00:00,2026-06-12 20:43:59,Anllia,plug_1,Tapo P110,P110,iron,ebce04ed,multi_cycle,1.0,0.0,239.221,0.0,0.077,0.493,,on,-67,,30 minute NILM iron thermostat cycle session
2026-06-12T15:14:00.265834+00:00,2026-06-12 20:44:00,Anllia,plug_1,Tapo P110,P110,iron,ebce04ed,multi_cycle,1.0,0.0,238.441,0.0,0.077,0.493,,on,-67,,30 minute NILM iron thermostat cycle session
2026-06-12T15:14:01.574708+00:00,2026-06-12 20:44:01,Anllia,plug_1,Tapo P110,P110,iron,ebce04ed,multi_cycle,1.0,0.0,238.441,0.0,0.077,0.493,,on,-66,,30 minute NILM iron thermostat cycle session
2026-06-12T15:14:02.883450+00:00,2026-06-12 20:44:02,Anllia,plug_1,Tapo P110,P110,iron,ebce04ed,multi_cycle,1.0,0.0,238.441,0.0,0.077,0.493,,on,-67,,30 minute NILM iron thermostat cycle session
2026-06-12T15:14:04.434057+00:00,2026-06-12 20:44:04,Anllia,plug_1,Tapo P110,P110,iron,ebce04ed,multi_cycle,1.0,0.0,238.441,0.0,0.077,0.493,,on,-67,,30 minute NILM iron thermostat cycle session
2026-06-12T15:14:05.767016+00:00,2026-06-12 20:44:05,Anllia,plug_1,Tapo P110,P110,iron,ebce04ed,multi_cycle,1.0,0.0,238.441,0.0,0.077,0.493,,on,-67,,30 minute NILM iron thermostat cycle session
2026-06-12T15:14:07.134182+00:00,2026-06-12 20:44:07,Anllia,plug_1,Tapo P110,P110,iron,ebce04ed,multi_cycle,1.0,0.0,238.441,0.0,0.077,0.493,,on,-62,,30 minute NILM iron thermostat cycle session
2026-06-12T15:14:08.406254+00:00,2026-06-12 20:44:08,Anllia,plug_1,Tapo P110,P110,iron,ebce04ed,multi_cycle,1.0,0.0,238.441,0.0,0.077,0.493,,on,-67,,30 minute NILM iron thermostat cycle session
2026-06-12T15:14:09.945643+00:00,2026-06-12 20:44:09,Anllia,plug_1,Tapo P110,P110,iron,ebce04ed,multi_cycle,1.0,0.0,238.441,0.0,0.077,0.493,,on,-67,,30 minute NILM iron thermostat cycle session
2026-06-12T15:14:11.290878+00:00,2026-06-12 20:44:11,Anllia,plug_1,Tapo P110,P110,iron,ebce04ed,multi_cycle,1.0,0.0,238.441,0.0,0.077,0.493,,on,-66,,30 minute NILM iron thermostat cycle session
2026-06-12T15:14:12.546003+00:00,2026-06-12 20:44:12,Anllia,plug_1,Tapo P110,P110,iron,ebce04ed,multi_cycle,1.0,0.0,238.441,0.0,0.077,0.493,,on,-67,,30 minute NILM iron thermostat cycle session
2026-06-12T15:14:14.046175+00:00,2026-06-12 20:44:14,Anllia,plug_1,Tapo P110,P110,iron,ebce04ed,multi_cycle,1.0,0.0,237.621,0.0,0.077,0.493,,on,-66,,30 minute NILM iron thermostat cycle session
2026-06-12T15:14:15.452343+00:00,2026-06-12 20:44:15,Anllia,plug_1,Tapo P110,P110,iron,ebce04ed,multi_cycle,1.0,0.0,237.621,0.0,0.077,0.493,,on,-67,,30 minute NILM iron thermostat cycle session
2026-06-12T15:14:16.762417+00:00,2026-06-12 20:44:16,Anllia,plug_1,Tapo P110,P110,iron,ebce04ed,multi_cycle,1.0,0.0,237.621,0.0,0.077,0.493,,on,-67,,30 minute NILM iron thermostat cycle session
2026-06-12T15:14:18.114021+00:00,2026-06-12 20:44:18,Anllia,plug_1,Tapo P110,P110,iron,ebce04ed,multi_cycle,1.0,0.0,237.621,0.0,0.077,0.493,,on,-67,,30 minute NILM iron thermostat cycle session
2026-06-12T15:14:19.392874+00:00,2026-06-12 20:44:19,Anllia,plug_1,Tapo P110,P110,iron,ebce04ed,multi_cycle,1.0,0.0,237.621,0.0,0.077,0.493,,on,-66,,30 minute NILM iron thermostat cycle session
2026-06-12T15:14:20.639751+00:00,2026-06-12 20:44:20,Anllia,plug_1,Tapo P110,P110,iron,ebce04ed,multi_cycle,1.0,1264.748,237.621,5.562,0.078,0.494,,on,-66,,30 minute NILM iron thermostat cycle session
2026-06-12T15:14:21.979807+00:00,2026-06-12 20:44:21,Anllia,plug_1,Tapo P110,P110,iron,ebce04ed,multi_cycle,1.0,1330.746,229.393,5.562,0.078,0.494,,on,-67,,30 minute NILM iron thermostat cycle session
2026-06-12T15:14:23.328768+00:00,2026-06-12 20:44:23,Anllia,plug_1,Tapo P110,P110,iron,ebce04ed,multi_cycle,1.0,1328.041,229.393,5.777,0.079,0.495,,on,-66,,30 minute NILM iron thermostat cycle session
2026-06-12T15:14:24.809389+00:00,2026-06-12 20:44:24,Anllia,plug_1,Tapo P110,P110,iron,ebce04ed,multi_cycle,1.0,1325.374,229.6,5.777,0.079,0.495,,on,-66,,30 minute NILM iron thermostat cycle session
2026-06-12T15:14:26.239516+00:00,2026-06-12 20:44:26,Anllia,plug_1,Tapo P110,P110,iron,ebce04ed,multi_cycle,1.0,1324.784,229.6,5.758,0.08,0.496,,on,-67,,30 minute NILM iron thermostat cycle session
2026-06-12T15:14:27.637295+00:00,2026-06-12 20:44:27,Anllia,plug_1,Tapo P110,P110,iron,ebce04ed,multi_cycle,1.0,1323.953,229.759,5.758,0.08,0.496,,on,-66,,30 minute NILM iron thermostat cycle session
2026-06-12T15:14:28.886964+00:00,2026-06-12 20:44:28,Anllia,plug_1,Tapo P110,P110,iron,ebce04ed,multi_cycle,1.0,1323.953,229.759,5.752,0.081,0.497,,on,-66,,30 minute NILM iron thermostat cycle session
2026-06-12T15:14:30.195755+00:00,2026-06-12 20:44:30,Anllia,plug_1,Tapo P110,P110,iron,ebce04ed,multi_cycle,1.0,1323.793,229.759,5.752,0.081,0.497,,on,-67,,30 minute NILM iron thermostat cycle session
2026-06-12T15:14:31.457394+00:00,2026-06-12 20:44:31,Anllia,plug_1,Tapo P110,P110,iron,ebce04ed,multi_cycle,1.0,1321.834,229.754,5.752,0.082,0.498,,on,-66,,30 minute NILM iron thermostat cycle session
2026-06-12T15:14:32.736320+00:00,2026-06-12 20:44:32,Anllia,plug_1,Tapo P110,P110,iron,ebce04ed,multi_cycle,1.0,1326.942,229.754,5.752,0.082,0.498,,on,-66,,30 minute NILM iron thermostat cycle session
2026-06-12T15:14:34.088126+00:00,2026-06-12 20:44:34,Anllia,plug_1,Tapo P110,P110,iron,ebce04ed,multi_cycle,1.0,1326.942,237.445,5.752,0.082,0.498,,on,-66,,30 minute NILM iron thermostat cycle session
2026-06-12T15:14:35.372668+00:00,2026-06-12 20:44:35,Anllia,plug_1,Tapo P110,P110,iron,ebce04ed,multi_cycle,1.0,1326.942,237.445,5.752,0.082,0.498,,on,-66,,30 minute NILM iron thermostat cycle session
2026-06-12T15:14:36.635845+00:00,2026-06-12 20:44:36,Anllia,plug_1,Tapo P110,P110,iron,ebce04ed,multi_cycle,1.0,0.0,237.445,0.0,0.082,0.498,,on,-67,,30 minute NILM iron thermostat cycle session
2026-06-12T15:14:39.083855+00:00,2026-06-12 20:44:39,Anllia,plug_1,Tapo P110,P110,iron,ebce04ed,multi_cycle,1.0,0.0,238.41,0.0,0.082,0.498,,on,-66,,30 minute NILM iron thermostat cycle session
2026-06-12T15:14:40.342920+00:00,2026-06-12 20:44:40,Anllia,plug_1,Tapo P110,P110,iron,ebce04ed,multi_cycle,1.0,0.0,238.41,0.0,0.082,0.498,,on,-67,,30 minute NILM iron thermostat cycle session
2026-06-12T15:14:41.704109+00:00,2026-06-12 20:44:41,Anllia,plug_1,Tapo P110,P110,iron,ebce04ed,multi_cycle,1.0,0.0,238.41,0.0,0.082,0.498,,on,-67,,30 minute NILM iron thermostat cycle session
2026-06-12T15:14:43.025132+00:00,2026-06-12 20:44:43,Anllia,plug_1,Tapo P110,P110,iron,ebce04ed,multi_cycle,1.0,0.0,238.41,0.0,0.082,0.498,,on,-67,,30 minute NILM iron thermostat cycle session
2026-06-12T15:14:44.331809+00:00,2026-06-12 20:44:44,Anllia,plug_1,Tapo P110,P110,iron,ebce04ed,multi_cycle,1.0,0.0,238.41,0.0,0.082,0.498,,on,-66,,30 minute NILM iron thermostat cycle session
2026-06-12T15:14:45.575841+00:00,2026-06-12 20:44:45,Anllia,plug_1,Tapo P110,P110,iron,ebce04ed,multi_cycle,1.0,0.0,238.41,0.0,0.082,0.498,,on,-66,,30 minute NILM iron thermostat cycle session
2026-06-12T15:14:46.921462+00:00,2026-06-12 20:44:46,Anllia,plug_1,Tapo P110,P110,iron,ebce04ed,multi_cycle,1.0,0.0,238.41,0.0,0.082,0.498,,on,-67,,30 minute NILM iron thermostat cycle session
2026-06-12T15:14:48.206854+00:00,2026-06-12 20:44:48,Anllia,plug_1,Tapo P110,P110,iron,ebce04ed,multi_cycle,1.0,0.0,238.41,0.0,0.082,0.498,,on,-66,,30 minute NILM iron thermostat cycle session
2026-06-12T15:14:49.635458+00:00,2026-06-12 20:44:49,Anllia,plug_1,Tapo P110,P110,iron,ebce04ed,multi_cycle,1.0,0.0,238.41,0.0,0.082,0.498,,on,-66,,30 minute NILM iron thermostat cycle session
2026-06-12T15:14:50.881747+00:00,2026-06-12 20:44:50,Anllia,plug_1,Tapo P110,P110,iron,ebce04ed,multi_cycle,1.0,0.0,238.41,0.0,0.082,0.498,,on,-67,,30 minute NILM iron thermostat cycle session
2026-06-12T15:14:52.348026+00:00,2026-06-12 20:44:52,Anllia,plug_1,Tapo P110,P110,iron,ebce04ed,multi_cycle,1.0,0.0,238.438,0.0,0.082,0.498,,on,-66,,30 minute NILM iron thermostat cycle session
2026-06-12T15:14:53.596318+00:00,2026-06-12 20:44:53,Anllia,plug_1,Tapo P110,P110,iron,ebce04ed,multi_cycle,1.0,0.0,238.438,0.0,0.082,0.498,,on,-67,,30 minute NILM iron thermostat cycle session
2026-06-12T15:14:55.029490+00:00,2026-06-12 20:44:55,Anllia,plug_1,Tapo P110,P110,iron,ebce04ed,multi_cycle,1.0,0.0,238.438,0.0,0.082,0.498,,on,-66,,30 minute NILM iron thermostat cycle session
2026-06-12T15:14:56.673595+00:00,2026-06-12 20:44:56,Anllia,plug_1,Tapo P110,P110,iron,ebce04ed,multi_cycle,1.0,0.0,238.438,0.0,0.082,0.498,,on,-66,,30 minute NILM iron thermostat cycle session
2026-06-12T15:14:57.946714+00:00,2026-06-12 20:44:57,Anllia,plug_1,Tapo P110,P110,iron,ebce04ed,multi_cycle,1.0,0.0,238.438,0.0,0.082,0.498,,on,-67,,30 minute NILM iron thermostat cycle session
2026-06-12T15:14:59.305160+00:00,2026-06-12 20:44:59,Anllia,plug_1,Tapo P110,P110,iron,ebce04ed,multi_cycle,1.0,0.0,238.438,0.0,0.082,0.498,,on,-66,,30 minute NILM iron thermostat cycle session
2026-06-12T15:15:00.559619+00:00,2026-06-12 20:45:00,Anllia,plug_1,Tapo P110,P110,iron,ebce04ed,multi_cycle,1.0,0.0,238.438,0.0,0.082,0.498,,on,-67,,30 minute NILM iron thermostat cycle session
2026-06-12T15:15:01.803787+00:00,2026-06-12 20:45:01,Anllia,plug_1,Tapo P110,P110,iron,ebce04ed,multi_cycle,1.0,0.0,238.438,0.0,0.082,0.498,,on,-67,,30 minute NILM iron thermostat cycle session
2026-06-12T15:15:03.171080+00:00,2026-06-12 20:45:03,Anllia,plug_1,Tapo P110,P110,iron,ebce04ed,multi_cycle,1.0,0.0,238.438,0.0,0.082,0.498,,on,-67,,30 minute NILM iron thermostat cycle session
2026-06-12T15:15:04.489040+00:00,2026-06-12 20:45:04,Anllia,plug_1,Tapo P110,P110,iron,ebce04ed,multi_cycle,1.0,0.0,238.438,0.0,0.082,0.498,,on,-67,,30 minute NILM iron thermostat cycle session
2026-06-12T15:15:05.969845+00:00,2026-06-12 20:45:05,Anllia,plug_1,Tapo P110,P110,iron,ebce04ed,multi_cycle,1.0,0.0,238.165,0.0,0.082,0.498,,on,-67,,30 minute NILM iron thermostat cycle session
2026-06-12T15:15:07.236489+00:00,2026-06-12 20:45:07,Anllia,plug_1,Tapo P110,P110,iron,ebce04ed,multi_cycle,1.0,0.0,238.165,0.0,0.082,0.498,,on,-67,,30 minute NILM iron thermostat cycle session
2026-06-12T15:15:08.683420+00:00,2026-06-12 20:45:08,Anllia,plug_1,Tapo P110,P110,iron,ebce04ed,multi_cycle,1.0,0.0,238.165,0.0,0.082,0.498,,on,-66,,30 minute NILM iron thermostat cycle session
2026-06-12T15:15:10.411277+00:00,2026-06-12 20:45:10,Anllia,plug_1,Tapo P110,P110,iron,ebce04ed,multi_cycle,1.0,0.0,238.165,0.0,0.082,0.498,,on,-66,,30 minute NILM iron thermostat cycle session
2026-06-12T15:15:11.891498+00:00,2026-06-12 20:45:11,Anllia,plug_1,Tapo P110,P110,iron,ebce04ed,multi_cycle,1.0,0.0,238.165,0.0,0.082,0.498,,on,-66,,30 minute NILM iron thermostat cycle session
2026-06-12T15:15:13.165549+00:00,2026-06-12 20:45:13,Anllia,plug_1,Tapo P110,P110,iron,ebce04ed,multi_cycle,1.0,0.0,238.165,0.0,0.082,0.498,,on,-66,,30 minute NILM iron thermostat cycle session
2026-06-12T15:15:14.459829+00:00,2026-06-12 20:45:14,Anllia,plug_1,Tapo P110,P110,iron,ebce04ed,multi_cycle,1.0,0.0,238.165,0.0,0.082,0.498,,on,-67,,30 minute NILM iron thermostat cycle session
2026-06-12T15:15:15.765371+00:00,2026-06-12 20:45:15,Anllia,plug_1,Tapo P110,P110,iron,ebce04ed,multi_cycle,1.0,0.0,238.165,0.0,0.082,0.498,,on,-66,,30 minute NILM iron thermostat cycle session
2026-06-12T15:15:17.075578+00:00,2026-06-12 20:45:17,Anllia,plug_1,Tapo P110,P110,iron,ebce04ed,multi_cycle,1.0,0.0,238.165,0.0,0.082,0.498,,on,-67,,30 minute NILM iron thermostat cycle session
2026-06-12T15:15:18.342075+00:00,2026-06-12 20:45:18,Anllia,plug_1,Tapo P110,P110,iron,ebce04ed,multi_cycle,1.0,0.0,238.165,0.0,0.082,0.498,,on,-66,,30 minute NILM iron thermostat cycle session
2026-06-12T15:15:19.661229+00:00,2026-06-12 20:45:19,Anllia,plug_1,Tapo P110,P110,iron,ebce04ed,multi_cycle,1.0,0.0,238.165,0.0,0.082,0.498,,on,-67,,30 minute NILM iron thermostat cycle session
2026-06-12T15:15:21.023205+00:00,2026-06-12 20:45:21,Anllia,plug_1,Tapo P110,P110,iron,ebce04ed,multi_cycle,1.0,0.0,237.621,0.0,0.082,0.498,,on,-67,,30 minute NILM iron thermostat cycle session
2026-06-12T15:15:22.341395+00:00,2026-06-12 20:45:22,Anllia,plug_1,Tapo P110,P110,iron,ebce04ed,multi_cycle,1.0,0.0,237.621,0.0,0.082,0.498,,on,-66,,30 minute NILM iron thermostat cycle session
2026-06-12T15:15:23.672805+00:00,2026-06-12 20:45:23,Anllia,plug_1,Tapo P110,P110,iron,ebce04ed,multi_cycle,1.0,0.0,237.621,0.0,0.082,0.498,,on,-66,,30 minute NILM iron thermostat cycle session
2026-06-12T15:15:24.922152+00:00,2026-06-12 20:45:24,Anllia,plug_1,Tapo P110,P110,iron,ebce04ed,multi_cycle,1.0,0.0,237.621,0.0,0.082,0.498,,on,-67,,30 minute NILM iron thermostat cycle session
2026-06-12T15:15:26.241445+00:00,2026-06-12 20:45:26,Anllia,plug_1,Tapo P110,P110,iron,ebce04ed,multi_cycle,1.0,0.0,237.621,0.0,0.082,0.498,,on,-66,,30 minute NILM iron thermostat cycle session
2026-06-12T15:15:27.598517+00:00,2026-06-12 20:45:27,Anllia,plug_1,Tapo P110,P110,iron,ebce04ed,multi_cycle,1.0,0.0,237.621,0.0,0.082,0.498,,on,-67,,30 minute NILM iron thermostat cycle session
2026-06-12T15:15:28.909497+00:00,2026-06-12 20:45:28,Anllia,plug_1,Tapo P110,P110,iron,ebce04ed,multi_cycle,1.0,0.0,237.621,0.0,0.082,0.498,,on,-66,,30 minute NILM iron thermostat cycle session
2026-06-12T15:15:30.272080+00:00,2026-06-12 20:45:30,Anllia,plug_1,Tapo P110,P110,iron,ebce04ed,multi_cycle,1.0,0.0,237.621,0.0,0.082,0.498,,on,-67,,30 minute NILM iron thermostat cycle session
2026-06-12T15:15:31.672638+00:00,2026-06-12 20:45:31,Anllia,plug_1,Tapo P110,P110,iron,ebce04ed,multi_cycle,1.0,0.0,237.621,0.0,0.082,0.498,,on,-67,,30 minute NILM iron thermostat cycle session
2026-06-12T15:15:32.920434+00:00,2026-06-12 20:45:32,Anllia,plug_1,Tapo P110,P110,iron,ebce04ed,multi_cycle,1.0,0.0,237.621,0.0,0.082,0.498,,on,-66,,30 minute NILM iron thermostat cycle session
2026-06-12T15:15:34.192101+00:00,2026-06-12 20:45:34,Anllia,plug_1,Tapo P110,P110,iron,ebce04ed,multi_cycle,1.0,0.0,238.62,0.0,0.082,0.498,,on,-66,,30 minute NILM iron thermostat cycle session
2026-06-12T15:15:35.752122+00:00,2026-06-12 20:45:35,Anllia,plug_1,Tapo P110,P110,iron,ebce04ed,multi_cycle,1.0,0.0,238.62,0.0,0.082,0.498,,on,-67,,30 minute NILM iron thermostat cycle session
2026-06-12T15:15:37.150351+00:00,2026-06-12 20:45:37,Anllia,plug_1,Tapo P110,P110,iron,ebce04ed,multi_cycle,1.0,0.0,238.62,0.0,0.082,0.498,,on,-66,,30 minute NILM iron thermostat cycle session
2026-06-12T15:15:38.418361+00:00,2026-06-12 20:45:38,Anllia,plug_1,Tapo P110,P110,iron,ebce04ed,multi_cycle,1.0,0.0,238.62,0.0,0.082,0.498,,on,-67,,30 minute NILM iron thermostat cycle session
2026-06-12T15:15:39.673440+00:00,2026-06-12 20:45:39,Anllia,plug_1,Tapo P110,P110,iron,ebce04ed,multi_cycle,1.0,0.0,238.62,0.0,0.082,0.498,,on,-66,,30 minute NILM iron thermostat cycle session
2026-06-12T15:15:40.969606+00:00,2026-06-12 20:45:40,Anllia,plug_1,Tapo P110,P110,iron,ebce04ed,multi_cycle,1.0,0.0,238.62,0.0,0.082,0.498,,on,-66,,30 minute NILM iron thermostat cycle session
2026-06-12T15:15:42.286718+00:00,2026-06-12 20:45:42,Anllia,plug_1,Tapo P110,P110,iron,ebce04ed,multi_cycle,1.0,0.0,238.62,0.0,0.082,0.498,,on,-67,,30 minute NILM iron thermostat cycle session
2026-06-12T15:15:43.732534+00:00,2026-06-12 20:45:43,Anllia,plug_1,Tapo P110,P110,iron,ebce04ed,multi_cycle,1.0,0.0,238.62,0.0,0.082,0.498,,on,-66,,30 minute NILM iron thermostat cycle session
2026-06-12T15:15:44.997971+00:00,2026-06-12 20:45:44,Anllia,plug_1,Tapo P110,P110,iron,ebce04ed,multi_cycle,1.0,0.0,238.62,0.0,0.082,0.498,,on,-66,,30 minute NILM iron thermostat cycle session
2026-06-12T15:15:46.363221+00:00,2026-06-12 20:45:46,Anllia,plug_1,Tapo P110,P110,iron,ebce04ed,multi_cycle,1.0,0.0,238.62,0.0,0.082,0.498,,on,-66,,30 minute NILM iron thermostat cycle session
2026-06-12T15:15:47.616065+00:00,2026-06-12 20:45:47,Anllia,plug_1,Tapo P110,P110,iron,ebce04ed,multi_cycle,1.0,0.0,238.62,0.0,0.082,0.498,,on,-66,,30 minute NILM iron thermostat cycle session
2026-06-12T15:15:48.926696+00:00,2026-06-12 20:45:48,Anllia,plug_1,Tapo P110,P110,iron,ebce04ed,multi_cycle,1.0,0.0,238.749,0.0,0.082,0.498,,on,-65,,30 minute NILM iron thermostat cycle session
2026-06-12T15:15:50.182087+00:00,2026-06-12 20:45:50,Anllia,plug_1,Tapo P110,P110,iron,ebce04ed,multi_cycle,1.0,0.0,238.749,0.0,0.082,0.498,,on,-66,,30 minute NILM iron thermostat cycle session
2026-06-12T15:15:51.465684+00:00,2026-06-12 20:45:51,Anllia,plug_1,Tapo P110,P110,iron,ebce04ed,multi_cycle,1.0,0.0,238.749,0.0,0.082,0.498,,on,-66,,30 minute NILM iron thermostat cycle session
2026-06-12T15:15:52.806708+00:00,2026-06-12 20:45:52,Anllia,plug_1,Tapo P110,P110,iron,ebce04ed,multi_cycle,1.0,0.0,238.749,0.0,0.082,0.498,,on,-67,,30 minute NILM iron thermostat cycle session
2026-06-12T15:15:54.122690+00:00,2026-06-12 20:45:54,Anllia,plug_1,Tapo P110,P110,iron,ebce04ed,multi_cycle,1.0,0.0,238.749,0.0,0.082,0.498,,on,-66,,30 minute NILM iron thermostat cycle session
2026-06-12T15:15:55.383198+00:00,2026-06-12 20:45:55,Anllia,plug_1,Tapo P110,P110,iron,ebce04ed,multi_cycle,1.0,0.0,238.749,0.0,0.082,0.498,,on,-66,,30 minute NILM iron thermostat cycle session
2026-06-12T15:15:56.811036+00:00,2026-06-12 20:45:56,Anllia,plug_1,Tapo P110,P110,iron,ebce04ed,multi_cycle,1.0,0.0,238.749,0.0,0.082,0.498,,on,-66,,30 minute NILM iron thermostat cycle session
2026-06-12T15:15:58.054457+00:00,2026-06-12 20:45:58,Anllia,plug_1,Tapo P110,P110,iron,ebce04ed,multi_cycle,1.0,0.0,238.749,0.0,0.082,0.498,,on,-66,,30 minute NILM iron thermostat cycle session
2026-06-12T15:15:59.298350+00:00,2026-06-12 20:45:59,Anllia,plug_1,Tapo P110,P110,iron,ebce04ed,multi_cycle,1.0,0.0,238.749,0.0,0.082,0.498,,on,-66,,30 minute NILM iron thermostat cycle session
2026-06-12T15:16:00.674940+00:00,2026-06-12 20:46:00,Anllia,plug_1,Tapo P110,P110,iron,ebce04ed,multi_cycle,1.0,0.0,238.749,0.0,0.082,0.498,,on,-66,,30 minute NILM iron thermostat cycle session
2026-06-12T15:16:01.939716+00:00,2026-06-12 20:46:01,Anllia,plug_1,Tapo P110,P110,iron,ebce04ed,multi_cycle,1.0,0.0,238.749,0.0,0.082,0.498,,on,-66,,30 minute NILM iron thermostat cycle session
2026-06-12T15:16:03.318146+00:00,2026-06-12 20:46:03,Anllia,plug_1,Tapo P110,P110,iron,ebce04ed,multi_cycle,1.0,0.0,238.602,0.0,0.082,0.498,,on,-65,,30 minute NILM iron thermostat cycle session
2026-06-12T15:16:04.769146+00:00,2026-06-12 20:46:04,Anllia,plug_1,Tapo P110,P110,iron,ebce04ed,multi_cycle,1.0,0.0,238.602,0.0,0.082,0.498,,on,-74,,30 minute NILM iron thermostat cycle session
2026-06-12T15:16:06.021916+00:00,2026-06-12 20:46:06,Anllia,plug_1,Tapo P110,P110,iron,ebce04ed,multi_cycle,1.0,0.0,238.602,0.0,0.082,0.498,,on,-72,,30 minute NILM iron thermostat cycle session
2026-06-12T15:16:07.313645+00:00,2026-06-12 20:46:07,Anllia,plug_1,Tapo P110,P110,iron,ebce04ed,multi_cycle,1.0,0.0,238.602,0.0,0.082,0.498,,on,-81,,30 minute NILM iron thermostat cycle session
2026-06-12T15:16:08.735881+00:00,2026-06-12 20:46:08,Anllia,plug_1,Tapo P110,P110,iron,ebce04ed,multi_cycle,1.0,0.0,238.602,0.0,0.082,0.498,,on,-66,,30 minute NILM iron thermostat cycle session
2026-06-12T15:16:10.003313+00:00,2026-06-12 20:46:10,Anllia,plug_1,Tapo P110,P110,iron,ebce04ed,multi_cycle,1.0,0.0,238.602,0.0,0.082,0.498,,on,-65,,30 minute NILM iron thermostat cycle session
2026-06-12T15:16:11.562077+00:00,2026-06-12 20:46:11,Anllia,plug_1,Tapo P110,P110,iron,ebce04ed,multi_cycle,1.0,0.0,238.602,0.0,0.082,0.498,,on,-67,,30 minute NILM iron thermostat cycle session
2026-06-12T15:16:12.830521+00:00,2026-06-12 20:46:12,Anllia,plug_1,Tapo P110,P110,iron,ebce04ed,multi_cycle,1.0,0.0,238.602,0.0,0.082,0.498,,on,-67,,30 minute NILM iron thermostat cycle session
2026-06-12T15:16:14.083536+00:00,2026-06-12 20:46:14,Anllia,plug_1,Tapo P110,P110,iron,ebce04ed,multi_cycle,1.0,0.0,238.602,0.0,0.082,0.498,,on,-66,,30 minute NILM iron thermostat cycle session
2026-06-12T15:16:15.399631+00:00,2026-06-12 20:46:15,Anllia,plug_1,Tapo P110,P110,iron,ebce04ed,multi_cycle,1.0,0.0,238.602,0.0,0.082,0.498,,on,-67,,30 minute NILM iron thermostat cycle session
2026-06-12T15:16:16.813114+00:00,2026-06-12 20:46:16,Anllia,plug_1,Tapo P110,P110,iron,ebce04ed,multi_cycle,1.0,0.0,238.514,0.0,0.082,0.498,,on,-66,,30 minute NILM iron thermostat cycle session
2026-06-12T15:16:18.146321+00:00,2026-06-12 20:46:18,Anllia,plug_1,Tapo P110,P110,iron,ebce04ed,multi_cycle,1.0,0.0,238.514,0.0,0.082,0.498,,on,-66,,30 minute NILM iron thermostat cycle session
2026-06-12T15:16:19.594528+00:00,2026-06-12 20:46:19,Anllia,plug_1,Tapo P110,P110,iron,ebce04ed,multi_cycle,1.0,0.0,238.514,0.0,0.082,0.498,,on,-66,,30 minute NILM iron thermostat cycle session
2026-06-12T15:16:20.994218+00:00,2026-06-12 20:46:20,Anllia,plug_1,Tapo P110,P110,iron,ebce04ed,multi_cycle,1.0,0.0,238.514,0.0,0.082,0.498,,on,-66,,30 minute NILM iron thermostat cycle session
2026-06-12T15:16:22.341557+00:00,2026-06-12 20:46:22,Anllia,plug_1,Tapo P110,P110,iron,ebce04ed,multi_cycle,1.0,0.0,238.514,0.0,0.082,0.498,,on,-66,,30 minute NILM iron thermostat cycle session
2026-06-12T15:16:23.825667+00:00,2026-06-12 20:46:23,Anllia,plug_1,Tapo P110,P110,iron,ebce04ed,multi_cycle,1.0,0.0,238.514,0.0,0.082,0.498,,on,-67,,30 minute NILM iron thermostat cycle session
2026-06-12T15:16:25.272792+00:00,2026-06-12 20:46:25,Anllia,plug_1,Tapo P110,P110,iron,ebce04ed,multi_cycle,1.0,0.0,238.514,0.0,0.082,0.498,,on,-66,,30 minute NILM iron thermostat cycle session
2026-06-12T15:16:26.585815+00:00,2026-06-12 20:46:26,Anllia,plug_1,Tapo P110,P110,iron,ebce04ed,multi_cycle,1.0,0.0,238.514,0.0,0.082,0.498,,on,-66,,30 minute NILM iron thermostat cycle session
2026-06-12T15:16:27.952736+00:00,2026-06-12 20:46:27,Anllia,plug_1,Tapo P110,P110,iron,ebce04ed,multi_cycle,1.0,0.0,238.514,0.0,0.082,0.498,,on,-66,,30 minute NILM iron thermostat cycle session
2026-06-12T15:16:29.303993+00:00,2026-06-12 20:46:29,Anllia,plug_1,Tapo P110,P110,iron,ebce04ed,multi_cycle,1.0,0.0,238.514,0.0,0.082,0.498,,on,-66,,30 minute NILM iron thermostat cycle session
2026-06-12T15:16:30.574497+00:00,2026-06-12 20:46:30,Anllia,plug_1,Tapo P110,P110,iron,ebce04ed,multi_cycle,1.0,0.0,238.446,0.0,0.082,0.498,,on,-66,,30 minute NILM iron thermostat cycle session
2026-06-12T15:16:31.880957+00:00,2026-06-12 20:46:31,Anllia,plug_1,Tapo P110,P110,iron,ebce04ed,multi_cycle,1.0,0.0,238.446,0.0,0.082,0.498,,on,-66,,30 minute NILM iron thermostat cycle session
2026-06-12T15:16:33.122489+00:00,2026-06-12 20:46:33,Anllia,plug_1,Tapo P110,P110,iron,ebce04ed,multi_cycle,1.0,0.0,238.446,0.0,0.082,0.498,,on,-66,,30 minute NILM iron thermostat cycle session
2026-06-12T15:16:34.407724+00:00,2026-06-12 20:46:34,Anllia,plug_1,Tapo P110,P110,iron,ebce04ed,multi_cycle,1.0,0.0,238.446,0.0,0.082,0.498,,on,-66,,30 minute NILM iron thermostat cycle session
2026-06-12T15:16:35.798104+00:00,2026-06-12 20:46:35,Anllia,plug_1,Tapo P110,P110,iron,ebce04ed,multi_cycle,1.0,0.0,238.446,0.0,0.082,0.498,,on,-67,,30 minute NILM iron thermostat cycle session
2026-06-12T15:16:37.195674+00:00,2026-06-12 20:46:37,Anllia,plug_1,Tapo P110,P110,iron,ebce04ed,multi_cycle,1.0,0.0,238.446,0.0,0.082,0.498,,on,-66,,30 minute NILM iron thermostat cycle session
2026-06-12T15:16:38.511248+00:00,2026-06-12 20:46:38,Anllia,plug_1,Tapo P110,P110,iron,ebce04ed,multi_cycle,1.0,0.0,238.446,0.0,0.082,0.498,,on,-66,,30 minute NILM iron thermostat cycle session
2026-06-12T15:16:39.765585+00:00,2026-06-12 20:46:39,Anllia,plug_1,Tapo P110,P110,iron,ebce04ed,multi_cycle,1.0,0.0,238.446,0.0,0.082,0.498,,on,-66,,30 minute NILM iron thermostat cycle session
2026-06-12T15:16:41.142924+00:00,2026-06-12 20:46:41,Anllia,plug_1,Tapo P110,P110,iron,ebce04ed,multi_cycle,1.0,0.0,238.446,0.0,0.082,0.498,,on,-66,,30 minute NILM iron thermostat cycle session
2026-06-12T15:16:42.837273+00:00,2026-06-12 20:46:42,Anllia,plug_1,Tapo P110,P110,iron,ebce04ed,multi_cycle,1.0,0.0,238.446,0.0,0.082,0.498,,on,-66,,30 minute NILM iron thermostat cycle session
2026-06-12T15:16:44.116294+00:00,2026-06-12 20:46:44,Anllia,plug_1,Tapo P110,P110,iron,ebce04ed,multi_cycle,1.0,0.0,238.446,0.0,0.082,0.498,,on,-66,,30 minute NILM iron thermostat cycle session
2026-06-12T15:16:45.459839+00:00,2026-06-12 20:46:45,Anllia,plug_1,Tapo P110,P110,iron,ebce04ed,multi_cycle,1.0,0.0,238.89,0.0,0.082,0.498,,on,-67,,30 minute NILM iron thermostat cycle session
2026-06-12T15:16:46.705792+00:00,2026-06-12 20:46:46,Anllia,plug_1,Tapo P110,P110,iron,ebce04ed,multi_cycle,1.0,0.0,238.89,0.0,0.082,0.498,,on,-67,,30 minute NILM iron thermostat cycle session
2026-06-12T15:16:47.962862+00:00,2026-06-12 20:46:47,Anllia,plug_1,Tapo P110,P110,iron,ebce04ed,multi_cycle,1.0,0.0,238.89,0.0,0.082,0.498,,on,-66,,30 minute NILM iron thermostat cycle session
2026-06-12T15:16:49.226152+00:00,2026-06-12 20:46:49,Anllia,plug_1,Tapo P110,P110,iron,ebce04ed,multi_cycle,1.0,0.0,238.89,0.0,0.082,0.498,,on,-66,,30 minute NILM iron thermostat cycle session
2026-06-12T15:16:50.552623+00:00,2026-06-12 20:46:50,Anllia,plug_1,Tapo P110,P110,iron,ebce04ed,multi_cycle,1.0,0.0,238.89,0.0,0.082,0.498,,on,-66,,30 minute NILM iron thermostat cycle session
2026-06-12T15:16:51.901561+00:00,2026-06-12 20:46:51,Anllia,plug_1,Tapo P110,P110,iron,ebce04ed,multi_cycle,1.0,1305.139,238.89,5.685,0.083,0.498,,on,-66,,30 minute NILM iron thermostat cycle session
2026-06-12T15:16:53.311326+00:00,2026-06-12 20:46:53,Anllia,plug_1,Tapo P110,P110,iron,ebce04ed,multi_cycle,1.0,1346.592,230.818,5.685,0.083,0.499,,on,-66,,30 minute NILM iron thermostat cycle session
2026-06-12T15:16:54.588224+00:00,2026-06-12 20:46:54,Anllia,plug_1,Tapo P110,P110,iron,ebce04ed,multi_cycle,1.0,1342.192,230.818,5.806,0.084,0.499,,on,-66,,30 minute NILM iron thermostat cycle session
2026-06-12T15:16:56.042888+00:00,2026-06-12 20:46:56,Anllia,plug_1,Tapo P110,P110,iron,ebce04ed,multi_cycle,1.0,1342.192,230.688,5.806,0.084,0.5,,on,-66,,30 minute NILM iron thermostat cycle session
2026-06-12T15:16:57.337620+00:00,2026-06-12 20:46:57,Anllia,plug_1,Tapo P110,P110,iron,ebce04ed,multi_cycle,1.0,1337.642,230.688,5.806,0.085,0.5,,on,-66,,30 minute NILM iron thermostat cycle session
2026-06-12T15:16:58.655923+00:00,2026-06-12 20:46:58,Anllia,plug_1,Tapo P110,P110,iron,ebce04ed,multi_cycle,1.0,1335.069,230.688,5.78,0.085,0.501,,on,-66,,30 minute NILM iron thermostat cycle session
2026-06-12T15:16:59.905751+00:00,2026-06-12 20:46:59,Anllia,plug_1,Tapo P110,P110,iron,ebce04ed,multi_cycle,1.0,1334.167,230.663,5.78,0.086,0.501,,on,-66,,30 minute NILM iron thermostat cycle session
2026-06-12T15:17:01.251498+00:00,2026-06-12 20:47:01,Anllia,plug_1,Tapo P110,P110,iron,ebce04ed,multi_cycle,1.0,1332.33,230.663,5.769,0.086,0.502,,on,-66,,30 minute NILM iron thermostat cycle session
2026-06-12T15:17:02.523775+00:00,2026-06-12 20:47:02,Anllia,plug_1,Tapo P110,P110,iron,ebce04ed,multi_cycle,1.0,1330.506,230.547,5.769,0.086,0.502,,on,-66,,30 minute NILM iron thermostat cycle session
2026-06-12T15:17:03.800640+00:00,2026-06-12 20:47:03,Anllia,plug_1,Tapo P110,P110,iron,ebce04ed,multi_cycle,1.0,1329.113,230.547,5.756,0.087,0.503,,on,-66,,30 minute NILM iron thermostat cycle session
2026-06-12T15:17:05.048092+00:00,2026-06-12 20:47:05,Anllia,plug_1,Tapo P110,P110,iron,ebce04ed,multi_cycle,1.0,1329.113,238.682,5.756,0.087,0.503,,on,-66,,30 minute NILM iron thermostat cycle session
2026-06-12T15:17:06.341928+00:00,2026-06-12 20:47:06,Anllia,plug_1,Tapo P110,P110,iron,ebce04ed,multi_cycle,1.0,1329.113,238.682,5.756,0.087,0.503,,on,-66,,30 minute NILM iron thermostat cycle session
2026-06-12T15:17:07.789903+00:00,2026-06-12 20:47:07,Anllia,plug_1,Tapo P110,P110,iron,ebce04ed,multi_cycle,1.0,0.0,238.682,0.0,0.087,0.503,,on,-66,,30 minute NILM iron thermostat cycle session
2026-06-12T15:17:09.042491+00:00,2026-06-12 20:47:09,Anllia,plug_1,Tapo P110,P110,iron,ebce04ed,multi_cycle,1.0,0.0,238.645,0.0,0.087,0.503,,on,-66,,30 minute NILM iron thermostat cycle session
2026-06-12T15:17:10.340902+00:00,2026-06-12 20:47:10,Anllia,plug_1,Tapo P110,P110,iron,ebce04ed,multi_cycle,1.0,0.0,238.645,0.0,0.087,0.503,,on,-66,,30 minute NILM iron thermostat cycle session
2026-06-12T15:17:11.701849+00:00,2026-06-12 20:47:11,Anllia,plug_1,Tapo P110,P110,iron,ebce04ed,multi_cycle,1.0,0.0,238.645,0.0,0.087,0.503,,on,-66,,30 minute NILM iron thermostat cycle session
2026-06-12T15:17:13.022132+00:00,2026-06-12 20:47:13,Anllia,plug_1,Tapo P110,P110,iron,ebce04ed,multi_cycle,1.0,0.0,238.645,0.0,0.087,0.503,,on,-66,,30 minute NILM iron thermostat cycle session
2026-06-12T15:17:14.371373+00:00,2026-06-12 20:47:14,Anllia,plug_1,Tapo P110,P110,iron,ebce04ed,multi_cycle,1.0,0.0,238.645,0.0,0.087,0.503,,on,-67,,30 minute NILM iron thermostat cycle session
2026-06-12T15:17:15.620732+00:00,2026-06-12 20:47:15,Anllia,plug_1,Tapo P110,P110,iron,ebce04ed,multi_cycle,1.0,0.0,238.645,0.0,0.087,0.503,,on,-67,,30 minute NILM iron thermostat cycle session
2026-06-12T15:17:16.919924+00:00,2026-06-12 20:47:16,Anllia,plug_1,Tapo P110,P110,iron,ebce04ed,multi_cycle,1.0,0.0,238.645,0.0,0.087,0.503,,on,-66,,30 minute NILM iron thermostat cycle session
2026-06-12T15:17:18.178475+00:00,2026-06-12 20:47:18,Anllia,plug_1,Tapo P110,P110,iron,ebce04ed,multi_cycle,1.0,0.0,238.645,0.0,0.087,0.503,,on,-66,,30 minute NILM iron thermostat cycle session
2026-06-12T15:17:19.453071+00:00,2026-06-12 20:47:19,Anllia,plug_1,Tapo P110,P110,iron,ebce04ed,multi_cycle,1.0,0.0,238.645,0.0,0.087,0.503,,on,-66,,30 minute NILM iron thermostat cycle session
2026-06-12T15:17:20.755362+00:00,2026-06-12 20:47:20,Anllia,plug_1,Tapo P110,P110,iron,ebce04ed,multi_cycle,1.0,0.0,238.645,0.0,0.087,0.503,,on,-66,,30 minute NILM iron thermostat cycle session
2026-06-12T15:18:00.585979+00:00,2026-06-12 20:48:00,Anllia,plug_1,Tapo P110,P110,iron,ebce04ed,multi_cycle,1.0,0.0,238.306,0.0,0.087,0.503,,on,-66,,30 minute NILM iron thermostat cycle session
2026-06-12T15:18:01.880295+00:00,2026-06-12 20:48:01,Anllia,plug_1,Tapo P110,P110,iron,ebce04ed,multi_cycle,1.0,0.0,238.306,0.0,0.087,0.503,,on,-66,,30 minute NILM iron thermostat cycle session
2026-06-12T15:18:03.262105+00:00,2026-06-12 20:48:03,Anllia,plug_1,Tapo P110,P110,iron,ebce04ed,multi_cycle,1.0,0.0,238.306,0.0,0.087,0.503,,on,-66,,30 minute NILM iron thermostat cycle session
2026-06-12T15:18:04.823154+00:00,2026-06-12 20:48:04,Anllia,plug_1,Tapo P110,P110,iron,ebce04ed,multi_cycle,1.0,0.0,238.306,0.0,0.087,0.503,,on,-66,,30 minute NILM iron thermostat cycle session
2026-06-12T15:18:06.074106+00:00,2026-06-12 20:48:06,Anllia,plug_1,Tapo P110,P110,iron,ebce04ed,multi_cycle,1.0,0.0,238.071,0.0,0.087,0.503,,on,-66,,30 minute NILM iron thermostat cycle session
2026-06-12T15:18:07.416671+00:00,2026-06-12 20:48:07,Anllia,plug_1,Tapo P110,P110,iron,ebce04ed,multi_cycle,1.0,0.0,238.071,0.0,0.087,0.503,,on,-66,,30 minute NILM iron thermostat cycle session
2026-06-12T15:18:08.683082+00:00,2026-06-12 20:48:08,Anllia,plug_1,Tapo P110,P110,iron,ebce04ed,multi_cycle,1.0,0.0,238.071,0.0,0.087,0.503,,on,-67,,30 minute NILM iron thermostat cycle session
2026-06-12T15:18:10.057314+00:00,2026-06-12 20:48:10,Anllia,plug_1,Tapo P110,P110,iron,ebce04ed,multi_cycle,1.0,0.0,238.071,0.0,0.087,0.503,,on,-66,,30 minute NILM iron thermostat cycle session
2026-06-12T15:18:11.323120+00:00,2026-06-12 20:48:11,Anllia,plug_1,Tapo P110,P110,iron,ebce04ed,multi_cycle,1.0,0.0,238.071,0.0,0.087,0.503,,on,-66,,30 minute NILM iron thermostat cycle session
2026-06-12T15:18:12.663479+00:00,2026-06-12 20:48:12,Anllia,plug_1,Tapo P110,P110,iron,ebce04ed,multi_cycle,1.0,0.0,238.071,0.0,0.087,0.503,,on,-67,,30 minute NILM iron thermostat cycle session
2026-06-12T15:18:14.028439+00:00,2026-06-12 20:48:14,Anllia,plug_1,Tapo P110,P110,iron,ebce04ed,multi_cycle,1.0,0.0,238.071,0.0,0.087,0.503,,on,-66,,30 minute NILM iron thermostat cycle session
2026-06-12T15:18:15.394417+00:00,2026-06-12 20:48:15,Anllia,plug_1,Tapo P110,P110,iron,ebce04ed,multi_cycle,1.0,0.0,238.071,0.0,0.087,0.503,,on,-66,,30 minute NILM iron thermostat cycle session
2026-06-12T15:18:16.710653+00:00,2026-06-12 20:48:16,Anllia,plug_1,Tapo P110,P110,iron,ebce04ed,multi_cycle,1.0,0.0,238.071,0.0,0.087,0.503,,on,-66,,30 minute NILM iron thermostat cycle session
2026-06-12T15:18:18.116456+00:00,2026-06-12 20:48:18,Anllia,plug_1,Tapo P110,P110,iron,ebce04ed,multi_cycle,1.0,0.0,238.071,0.0,0.087,0.503,,on,-67,,30 minute NILM iron thermostat cycle session
2026-06-12T15:18:19.375996+00:00,2026-06-12 20:48:19,Anllia,plug_1,Tapo P110,P110,iron,ebce04ed,multi_cycle,1.0,0.0,239.061,0.0,0.087,0.503,,on,-67,,30 minute NILM iron thermostat cycle session
2026-06-12T15:18:20.670435+00:00,2026-06-12 20:48:20,Anllia,plug_1,Tapo P110,P110,iron,ebce04ed,multi_cycle,1.0,0.0,239.061,0.0,0.087,0.503,,on,-66,,30 minute NILM iron thermostat cycle session
2026-06-12T15:18:22.056947+00:00,2026-06-12 20:48:22,Anllia,plug_1,Tapo P110,P110,iron,ebce04ed,multi_cycle,1.0,0.0,239.061,0.0,0.087,0.503,,on,-66,,30 minute NILM iron thermostat cycle session
2026-06-12T15:18:23.311215+00:00,2026-06-12 20:48:23,Anllia,plug_1,Tapo P110,P110,iron,ebce04ed,multi_cycle,1.0,0.0,239.061,0.0,0.087,0.503,,on,-67,,30 minute NILM iron thermostat cycle session
2026-06-12T15:18:24.689231+00:00,2026-06-12 20:48:24,Anllia,plug_1,Tapo P110,P110,iron,ebce04ed,multi_cycle,1.0,0.0,239.061,0.0,0.087,0.503,,on,-66,,30 minute NILM iron thermostat cycle session
2026-06-12T15:18:26.365442+00:00,2026-06-12 20:48:26,Anllia,plug_1,Tapo P110,P110,iron,ebce04ed,multi_cycle,1.0,0.0,239.061,0.0,0.087,0.503,,on,-67,,30 minute NILM iron thermostat cycle session
2026-06-12T15:18:27.666628+00:00,2026-06-12 20:48:27,Anllia,plug_1,Tapo P110,P110,iron,ebce04ed,multi_cycle,1.0,0.0,239.061,0.0,0.087,0.503,,on,-67,,30 minute NILM iron thermostat cycle session
2026-06-12T15:18:29.056131+00:00,2026-06-12 20:48:29,Anllia,plug_1,Tapo P110,P110,iron,ebce04ed,multi_cycle,1.0,0.0,239.061,0.0,0.087,0.503,,on,-66,,30 minute NILM iron thermostat cycle session
2026-06-12T15:18:30.369184+00:00,2026-06-12 20:48:30,Anllia,plug_1,Tapo P110,P110,iron,ebce04ed,multi_cycle,1.0,0.0,239.061,0.0,0.087,0.503,,on,-66,,30 minute NILM iron thermostat cycle session
2026-06-12T15:18:31.931245+00:00,2026-06-12 20:48:31,Anllia,plug_1,Tapo P110,P110,iron,ebce04ed,multi_cycle,1.0,0.0,239.061,0.0,0.087,0.503,,on,-66,,30 minute NILM iron thermostat cycle session
2026-06-12T15:18:33.199742+00:00,2026-06-12 20:48:33,Anllia,plug_1,Tapo P110,P110,iron,ebce04ed,multi_cycle,1.0,0.0,238.343,0.0,0.087,0.503,,on,-67,,30 minute NILM iron thermostat cycle session
2026-06-12T15:18:34.484950+00:00,2026-06-12 20:48:34,Anllia,plug_1,Tapo P110,P110,iron,ebce04ed,multi_cycle,1.0,0.0,238.343,0.0,0.087,0.503,,on,-66,,30 minute NILM iron thermostat cycle session
2026-06-12T15:18:35.831993+00:00,2026-06-12 20:48:35,Anllia,plug_1,Tapo P110,P110,iron,ebce04ed,multi_cycle,1.0,0.0,238.343,0.0,0.087,0.503,,on,-66,,30 minute NILM iron thermostat cycle session
2026-06-12T15:18:37.071719+00:00,2026-06-12 20:48:37,Anllia,plug_1,Tapo P110,P110,iron,ebce04ed,multi_cycle,1.0,0.0,238.343,0.0,0.087,0.503,,on,-66,,30 minute NILM iron thermostat cycle session
2026-06-12T15:18:38.359367+00:00,2026-06-12 20:48:38,Anllia,plug_1,Tapo P110,P110,iron,ebce04ed,multi_cycle,1.0,0.0,238.343,0.0,0.087,0.503,,on,-67,,30 minute NILM iron thermostat cycle session
2026-06-12T15:18:39.663483+00:00,2026-06-12 20:48:39,Anllia,plug_1,Tapo P110,P110,iron,ebce04ed,multi_cycle,1.0,0.0,238.343,0.0,0.087,0.503,,on,-66,,30 minute NILM iron thermostat cycle session
2026-06-12T15:18:40.928644+00:00,2026-06-12 20:48:40,Anllia,plug_1,Tapo P110,P110,iron,ebce04ed,multi_cycle,1.0,0.0,238.343,0.0,0.087,0.503,,on,-66,,30 minute NILM iron thermostat cycle session
2026-06-12T15:18:42.337900+00:00,2026-06-12 20:48:42,Anllia,plug_1,Tapo P110,P110,iron,ebce04ed,multi_cycle,1.0,0.0,238.343,0.0,0.087,0.503,,on,-66,,30 minute NILM iron thermostat cycle session
2026-06-12T15:18:43.639843+00:00,2026-06-12 20:48:43,Anllia,plug_1,Tapo P110,P110,iron,ebce04ed,multi_cycle,1.0,0.0,238.343,0.0,0.087,0.503,,on,-66,,30 minute NILM iron thermostat cycle session
2026-06-12T15:18:44.934339+00:00,2026-06-12 20:48:44,Anllia,plug_1,Tapo P110,P110,iron,ebce04ed,multi_cycle,1.0,0.0,238.343,0.0,0.087,0.503,,on,-66,,30 minute NILM iron thermostat cycle session
2026-06-12T15:18:46.247033+00:00,2026-06-12 20:48:46,Anllia,plug_1,Tapo P110,P110,iron,ebce04ed,multi_cycle,1.0,0.0,238.343,0.0,0.087,0.503,,on,-66,,30 minute NILM iron thermostat cycle session
2026-06-12T15:18:47.519752+00:00,2026-06-12 20:48:47,Anllia,plug_1,Tapo P110,P110,iron,ebce04ed,multi_cycle,1.0,0.0,238.329,0.0,0.087,0.503,,on,-66,,30 minute NILM iron thermostat cycle session
2026-06-12T15:18:48.956821+00:00,2026-06-12 20:48:48,Anllia,plug_1,Tapo P110,P110,iron,ebce04ed,multi_cycle,1.0,0.0,238.329,0.0,0.087,0.503,,on,-66,,30 minute NILM iron thermostat cycle session
2026-06-12T15:18:50.277353+00:00,2026-06-12 20:48:50,Anllia,plug_1,Tapo P110,P110,iron,ebce04ed,multi_cycle,1.0,0.0,238.329,0.0,0.087,0.503,,on,-66,,30 minute NILM iron thermostat cycle session
2026-06-12T15:18:51.542396+00:00,2026-06-12 20:48:51,Anllia,plug_1,Tapo P110,P110,iron,ebce04ed,multi_cycle,1.0,0.0,238.329,0.0,0.087,0.503,,on,-66,,30 minute NILM iron thermostat cycle session
2026-06-12T15:18:52.872374+00:00,2026-06-12 20:48:52,Anllia,plug_1,Tapo P110,P110,iron,ebce04ed,multi_cycle,1.0,0.0,238.329,0.0,0.087,0.503,,on,-66,,30 minute NILM iron thermostat cycle session
2026-06-12T15:18:54.220919+00:00,2026-06-12 20:48:54,Anllia,plug_1,Tapo P110,P110,iron,ebce04ed,multi_cycle,1.0,0.0,238.329,0.0,0.087,0.503,,on,-66,,30 minute NILM iron thermostat cycle session
2026-06-12T15:18:55.536185+00:00,2026-06-12 20:48:55,Anllia,plug_1,Tapo P110,P110,iron,ebce04ed,multi_cycle,1.0,0.0,238.329,0.0,0.087,0.503,,on,-66,,30 minute NILM iron thermostat cycle session
2026-06-12T15:18:56.777565+00:00,2026-06-12 20:48:56,Anllia,plug_1,Tapo P110,P110,iron,ebce04ed,multi_cycle,1.0,0.0,238.329,0.0,0.087,0.503,,on,-66,,30 minute NILM iron thermostat cycle session
2026-06-12T15:18:58.037330+00:00,2026-06-12 20:48:58,Anllia,plug_1,Tapo P110,P110,iron,ebce04ed,multi_cycle,1.0,0.0,238.329,0.0,0.087,0.503,,on,-67,,30 minute NILM iron thermostat cycle session
2026-06-12T15:18:59.286681+00:00,2026-06-12 20:48:59,Anllia,plug_1,Tapo P110,P110,iron,ebce04ed,multi_cycle,1.0,0.0,238.329,0.0,0.087,0.503,,on,-66,,30 minute NILM iron thermostat cycle session
2026-06-12T15:19:00.657434+00:00,2026-06-12 20:49:00,Anllia,plug_1,Tapo P110,P110,iron,ebce04ed,multi_cycle,1.0,0.0,238.329,0.0,0.087,0.503,,on,-66,,30 minute NILM iron thermostat cycle session
2026-06-12T15:19:02.049217+00:00,2026-06-12 20:49:02,Anllia,plug_1,Tapo P110,P110,iron,ebce04ed,multi_cycle,1.0,0.0,238.358,0.0,0.087,0.503,,on,-66,,30 minute NILM iron thermostat cycle session
2026-06-12T15:19:03.299516+00:00,2026-06-12 20:49:03,Anllia,plug_1,Tapo P110,P110,iron,ebce04ed,multi_cycle,1.0,0.0,238.358,0.0,0.087,0.503,,on,-67,,30 minute NILM iron thermostat cycle session
2026-06-12T15:19:04.679342+00:00,2026-06-12 20:49:04,Anllia,plug_1,Tapo P110,P110,iron,ebce04ed,multi_cycle,1.0,0.0,238.358,0.0,0.087,0.503,,on,-66,,30 minute NILM iron thermostat cycle session
2026-06-12T15:19:05.930781+00:00,2026-06-12 20:49:05,Anllia,plug_1,Tapo P110,P110,iron,ebce04ed,multi_cycle,1.0,0.0,238.358,0.0,0.087,0.503,,on,-66,,30 minute NILM iron thermostat cycle session
2026-06-12T15:19:07.174915+00:00,2026-06-12 20:49:07,Anllia,plug_1,Tapo P110,P110,iron,ebce04ed,multi_cycle,1.0,0.0,238.358,0.0,0.087,0.503,,on,-67,,30 minute NILM iron thermostat cycle session
2026-06-12T15:19:08.531375+00:00,2026-06-12 20:49:08,Anllia,plug_1,Tapo P110,P110,iron,ebce04ed,multi_cycle,1.0,0.0,238.358,0.0,0.087,0.503,,on,-66,,30 minute NILM iron thermostat cycle session
2026-06-12T15:19:09.881606+00:00,2026-06-12 20:49:09,Anllia,plug_1,Tapo P110,P110,iron,ebce04ed,multi_cycle,1.0,0.0,238.358,0.0,0.087,0.503,,on,-66,,30 minute NILM iron thermostat cycle session
2026-06-12T15:19:11.200370+00:00,2026-06-12 20:49:11,Anllia,plug_1,Tapo P110,P110,iron,ebce04ed,multi_cycle,1.0,0.0,238.358,0.0,0.087,0.503,,on,-66,,30 minute NILM iron thermostat cycle session
2026-06-12T15:19:12.561637+00:00,2026-06-12 20:49:12,Anllia,plug_1,Tapo P110,P110,iron,ebce04ed,multi_cycle,1.0,0.0,238.358,0.0,0.087,0.503,,on,-66,,30 minute NILM iron thermostat cycle session
2026-06-12T15:19:13.977714+00:00,2026-06-12 20:49:13,Anllia,plug_1,Tapo P110,P110,iron,ebce04ed,multi_cycle,1.0,0.0,238.358,0.0,0.087,0.503,,on,-66,,30 minute NILM iron thermostat cycle session
2026-06-12T15:19:15.309569+00:00,2026-06-12 20:49:15,Anllia,plug_1,Tapo P110,P110,iron,ebce04ed,multi_cycle,1.0,0.0,238.539,0.0,0.087,0.503,,on,-66,,30 minute NILM iron thermostat cycle session
2026-06-12T15:19:16.727991+00:00,2026-06-12 20:49:16,Anllia,plug_1,Tapo P110,P110,iron,ebce04ed,multi_cycle,1.0,0.0,238.539,0.0,0.087,0.503,,on,-66,,30 minute NILM iron thermostat cycle session
2026-06-12T15:19:18.616854+00:00,2026-06-12 20:49:18,Anllia,plug_1,Tapo P110,P110,iron,ebce04ed,multi_cycle,1.0,0.0,238.539,0.0,0.087,0.503,,on,-67,,30 minute NILM iron thermostat cycle session
2026-06-12T15:19:19.869333+00:00,2026-06-12 20:49:19,Anllia,plug_1,Tapo P110,P110,iron,ebce04ed,multi_cycle,1.0,0.0,238.539,0.0,0.087,0.503,,on,-66,,30 minute NILM iron thermostat cycle session
2026-06-12T15:19:21.216476+00:00,2026-06-12 20:49:21,Anllia,plug_1,Tapo P110,P110,iron,ebce04ed,multi_cycle,1.0,1273.971,238.539,5.592,0.087,0.503,,on,-66,,30 minute NILM iron thermostat cycle session
2026-06-12T15:19:22.696349+00:00,2026-06-12 20:49:22,Anllia,plug_1,Tapo P110,P110,iron,ebce04ed,multi_cycle,1.0,1350.367,231.011,5.592,0.088,0.504,,on,-66,,30 minute NILM iron thermostat cycle session
2026-06-12T15:19:24.043836+00:00,2026-06-12 20:49:24,Anllia,plug_1,Tapo P110,P110,iron,ebce04ed,multi_cycle,1.0,1342.003,231.011,5.808,0.088,0.504,,on,-66,,30 minute NILM iron thermostat cycle session
2026-06-12T15:19:25.292689+00:00,2026-06-12 20:49:25,Anllia,plug_1,Tapo P110,P110,iron,ebce04ed,multi_cycle,1.0,1342.003,230.739,5.808,0.089,0.505,,on,-66,,30 minute NILM iron thermostat cycle session
2026-06-12T15:19:26.684542+00:00,2026-06-12 20:49:26,Anllia,plug_1,Tapo P110,P110,iron,ebce04ed,multi_cycle,1.0,1338.949,230.739,5.808,0.089,0.505,,on,-66,,30 minute NILM iron thermostat cycle session
2026-06-12T15:19:28.131611+00:00,2026-06-12 20:49:28,Anllia,plug_1,Tapo P110,P110,iron,ebce04ed,multi_cycle,1.0,1334.575,230.739,5.78,0.09,0.506,,on,-66,,30 minute NILM iron thermostat cycle session
2026-06-12T15:19:29.547877+00:00,2026-06-12 20:49:29,Anllia,plug_1,Tapo P110,P110,iron,ebce04ed,multi_cycle,1.0,1333.396,230.563,5.78,0.09,0.506,,on,-66,,30 minute NILM iron thermostat cycle session
2026-06-12T15:19:30.844570+00:00,2026-06-12 20:49:30,Anllia,plug_1,Tapo P110,P110,iron,ebce04ed,multi_cycle,1.0,1326.226,230.563,5.757,0.091,0.507,,on,-66,,30 minute NILM iron thermostat cycle session
2026-06-12T15:19:32.112107+00:00,2026-06-12 20:49:32,Anllia,plug_1,Tapo P110,P110,iron,ebce04ed,multi_cycle,1.0,1326.127,230.096,5.757,0.091,0.507,,on,-66,,30 minute NILM iron thermostat cycle session
2026-06-12T15:19:33.446784+00:00,2026-06-12 20:49:33,Anllia,plug_1,Tapo P110,P110,iron,ebce04ed,multi_cycle,1.0,1319.297,230.096,5.738,0.092,0.508,,on,-66,,30 minute NILM iron thermostat cycle session
2026-06-12T15:19:34.874358+00:00,2026-06-12 20:49:34,Anllia,plug_1,Tapo P110,P110,iron,ebce04ed,multi_cycle,1.0,1319.297,235.582,5.738,0.092,0.508,,on,-66,,30 minute NILM iron thermostat cycle session
2026-06-12T15:19:36.190590+00:00,2026-06-12 20:49:36,Anllia,plug_1,Tapo P110,P110,iron,ebce04ed,multi_cycle,1.0,1319.297,235.582,5.738,0.092,0.508,,on,-67,,30 minute NILM iron thermostat cycle session
2026-06-12T15:19:37.462218+00:00,2026-06-12 20:49:37,Anllia,plug_1,Tapo P110,P110,iron,ebce04ed,multi_cycle,1.0,0.0,235.582,0.0,0.092,0.508,,on,-66,,30 minute NILM iron thermostat cycle session
2026-06-12T15:19:38.704893+00:00,2026-06-12 20:49:38,Anllia,plug_1,Tapo P110,P110,iron,ebce04ed,multi_cycle,1.0,0.0,237.917,0.0,0.092,0.508,,on,-66,,30 minute NILM iron thermostat cycle session
2026-06-12T15:19:40.003506+00:00,2026-06-12 20:49:40,Anllia,plug_1,Tapo P110,P110,iron,ebce04ed,multi_cycle,1.0,0.0,237.917,0.0,0.092,0.508,,on,-66,,30 minute NILM iron thermostat cycle session
2026-06-12T15:19:41.426135+00:00,2026-06-12 20:49:41,Anllia,plug_1,Tapo P110,P110,iron,ebce04ed,multi_cycle,1.0,0.0,237.917,0.0,0.092,0.508,,on,-66,,30 minute NILM iron thermostat cycle session
2026-06-12T15:19:42.930001+00:00,2026-06-12 20:49:42,Anllia,plug_1,Tapo P110,P110,iron,ebce04ed,multi_cycle,1.0,0.0,237.917,0.0,0.092,0.508,,on,-67,,30 minute NILM iron thermostat cycle session
2026-06-12T15:19:44.187538+00:00,2026-06-12 20:49:44,Anllia,plug_1,Tapo P110,P110,iron,ebce04ed,multi_cycle,1.0,0.0,237.917,0.0,0.092,0.508,,on,-66,,30 minute NILM iron thermostat cycle session
2026-06-12T15:19:45.533909+00:00,2026-06-12 20:49:45,Anllia,plug_1,Tapo P110,P110,iron,ebce04ed,multi_cycle,1.0,0.0,237.917,0.0,0.092,0.508,,on,-66,,30 minute NILM iron thermostat cycle session
2026-06-12T15:19:46.929817+00:00,2026-06-12 20:49:46,Anllia,plug_1,Tapo P110,P110,iron,ebce04ed,multi_cycle,1.0,0.0,237.917,0.0,0.092,0.508,,on,-67,,30 minute NILM iron thermostat cycle session
2026-06-12T15:19:48.243215+00:00,2026-06-12 20:49:48,Anllia,plug_1,Tapo P110,P110,iron,ebce04ed,multi_cycle,1.0,0.0,237.917,0.0,0.092,0.508,,on,-66,,30 minute NILM iron thermostat cycle session
2026-06-12T15:19:49.673827+00:00,2026-06-12 20:49:49,Anllia,plug_1,Tapo P110,P110,iron,ebce04ed,multi_cycle,1.0,0.0,237.917,0.0,0.092,0.508,,on,-66,,30 minute NILM iron thermostat cycle session
2026-06-12T15:19:50.923762+00:00,2026-06-12 20:49:50,Anllia,plug_1,Tapo P110,P110,iron,ebce04ed,multi_cycle,1.0,0.0,237.917,0.0,0.092,0.508,,on,-66,,30 minute NILM iron thermostat cycle session
2026-06-12T15:19:52.284922+00:00,2026-06-12 20:49:52,Anllia,plug_1,Tapo P110,P110,iron,ebce04ed,multi_cycle,1.0,0.0,237.917,0.0,0.092,0.508,,on,-66,,30 minute NILM iron thermostat cycle session
2026-06-12T15:19:53.557726+00:00,2026-06-12 20:49:53,Anllia,plug_1,Tapo P110,P110,iron,ebce04ed,multi_cycle,1.0,0.0,238.692,0.0,0.092,0.508,,on,-66,,30 minute NILM iron thermostat cycle session
2026-06-12T15:19:54.905889+00:00,2026-06-12 20:49:54,Anllia,plug_1,Tapo P110,P110,iron,ebce04ed,multi_cycle,1.0,0.0,238.692,0.0,0.092,0.508,,on,-66,,30 minute NILM iron thermostat cycle session
2026-06-12T15:19:56.303302+00:00,2026-06-12 20:49:56,Anllia,plug_1,Tapo P110,P110,iron,ebce04ed,multi_cycle,1.0,0.0,238.692,0.0,0.092,0.508,,on,-66,,30 minute NILM iron thermostat cycle session
2026-06-12T15:19:57.906444+00:00,2026-06-12 20:49:57,Anllia,plug_1,Tapo P110,P110,iron,ebce04ed,multi_cycle,1.0,0.0,238.692,0.0,0.092,0.508,,on,-66,,30 minute NILM iron thermostat cycle session
2026-06-12T15:19:59.263038+00:00,2026-06-12 20:49:59,Anllia,plug_1,Tapo P110,P110,iron,ebce04ed,multi_cycle,1.0,0.0,238.692,0.0,0.092,0.508,,on,-67,,30 minute NILM iron thermostat cycle session
2026-06-12T15:20:00.538326+00:00,2026-06-12 20:50:00,Anllia,plug_1,Tapo P110,P110,iron,ebce04ed,multi_cycle,1.0,0.0,238.692,0.0,0.092,0.508,,on,-66,,30 minute NILM iron thermostat cycle session
2026-06-12T15:20:01.861582+00:00,2026-06-12 20:50:01,Anllia,plug_1,Tapo P110,P110,iron,ebce04ed,multi_cycle,1.0,0.0,238.692,0.0,0.092,0.508,,on,-67,,30 minute NILM iron thermostat cycle session
2026-06-12T15:20:03.112847+00:00,2026-06-12 20:50:03,Anllia,plug_1,Tapo P110,P110,iron,ebce04ed,multi_cycle,1.0,0.0,238.692,0.0,0.092,0.508,,on,-66,,30 minute NILM iron thermostat cycle session
2026-06-12T15:20:04.452057+00:00,2026-06-12 20:50:04,Anllia,plug_1,Tapo P110,P110,iron,ebce04ed,multi_cycle,1.0,0.0,238.692,0.0,0.092,0.508,,on,-66,,30 minute NILM iron thermostat cycle session
2026-06-12T15:20:05.745631+00:00,2026-06-12 20:50:05,Anllia,plug_1,Tapo P110,P110,iron,ebce04ed,multi_cycle,1.0,0.0,238.692,0.0,0.092,0.508,,on,-66,,30 minute NILM iron thermostat cycle session
2026-06-12T15:20:07.006687+00:00,2026-06-12 20:50:07,Anllia,plug_1,Tapo P110,P110,iron,ebce04ed,multi_cycle,1.0,0.0,239.183,0.0,0.092,0.508,,on,-67,,30 minute NILM iron thermostat cycle session
2026-06-12T15:20:08.251674+00:00,2026-06-12 20:50:08,Anllia,plug_1,Tapo P110,P110,iron,ebce04ed,multi_cycle,1.0,0.0,239.183,0.0,0.092,0.508,,on,-66,,30 minute NILM iron thermostat cycle session
2026-06-12T15:20:09.548614+00:00,2026-06-12 20:50:09,Anllia,plug_1,Tapo P110,P110,iron,ebce04ed,multi_cycle,1.0,0.0,239.183,0.0,0.092,0.508,,on,-66,,30 minute NILM iron thermostat cycle session
2026-06-12T15:20:10.827360+00:00,2026-06-12 20:50:10,Anllia,plug_1,Tapo P110,P110,iron,ebce04ed,multi_cycle,1.0,0.0,239.183,0.0,0.092,0.508,,on,-66,,30 minute NILM iron thermostat cycle session
2026-06-12T15:20:12.105491+00:00,2026-06-12 20:50:12,Anllia,plug_1,Tapo P110,P110,iron,ebce04ed,multi_cycle,1.0,0.0,239.183,0.0,0.092,0.508,,on,-66,,30 minute NILM iron thermostat cycle session
2026-06-12T15:20:13.368352+00:00,2026-06-12 20:50:13,Anllia,plug_1,Tapo P110,P110,iron,ebce04ed,multi_cycle,1.0,0.0,239.183,0.0,0.092,0.508,,on,-67,,30 minute NILM iron thermostat cycle session
2026-06-12T15:20:14.654939+00:00,2026-06-12 20:50:14,Anllia,plug_1,Tapo P110,P110,iron,ebce04ed,multi_cycle,1.0,0.0,239.183,0.0,0.092,0.508,,on,-66,,30 minute NILM iron thermostat cycle session
2026-06-12T15:20:16.108478+00:00,2026-06-12 20:50:16,Anllia,plug_1,Tapo P110,P110,iron,ebce04ed,multi_cycle,1.0,0.0,239.183,0.0,0.092,0.508,,on,-66,,30 minute NILM iron thermostat cycle session
2026-06-12T15:20:17.398297+00:00,2026-06-12 20:50:17,Anllia,plug_1,Tapo P110,P110,iron,ebce04ed,multi_cycle,1.0,0.0,239.183,0.0,0.092,0.508,,on,-66,,30 minute NILM iron thermostat cycle session
2026-06-12T15:20:18.716709+00:00,2026-06-12 20:50:18,Anllia,plug_1,Tapo P110,P110,iron,ebce04ed,multi_cycle,1.0,0.0,239.183,0.0,0.092,0.508,,on,-66,,30 minute NILM iron thermostat cycle session
2026-06-12T15:20:19.970063+00:00,2026-06-12 20:50:19,Anllia,plug_1,Tapo P110,P110,iron,ebce04ed,multi_cycle,1.0,0.0,239.183,0.0,0.092,0.508,,on,-66,,30 minute NILM iron thermostat cycle session
2026-06-12T15:20:21.214521+00:00,2026-06-12 20:50:21,Anllia,plug_1,Tapo P110,P110,iron,ebce04ed,multi_cycle,1.0,0.0,238.819,0.0,0.092,0.508,,on,-66,,30 minute NILM iron thermostat cycle session
2026-06-12T15:20:22.577762+00:00,2026-06-12 20:50:22,Anllia,plug_1,Tapo P110,P110,iron,ebce04ed,multi_cycle,1.0,0.0,238.819,0.0,0.092,0.508,,on,-66,,30 minute NILM iron thermostat cycle session
2026-06-12T15:20:23.943364+00:00,2026-06-12 20:50:23,Anllia,plug_1,Tapo P110,P110,iron,ebce04ed,multi_cycle,1.0,0.0,238.819,0.0,0.092,0.508,,on,-66,,30 minute NILM iron thermostat cycle session
2026-06-12T15:20:25.291999+00:00,2026-06-12 20:50:25,Anllia,plug_1,Tapo P110,P110,iron,ebce04ed,multi_cycle,1.0,0.0,238.819,0.0,0.092,0.508,,on,-67,,30 minute NILM iron thermostat cycle session
2026-06-12T15:20:26.579657+00:00,2026-06-12 20:50:26,Anllia,plug_1,Tapo P110,P110,iron,ebce04ed,multi_cycle,1.0,0.0,238.819,0.0,0.092,0.508,,on,-67,,30 minute NILM iron thermostat cycle session
2026-06-12T15:20:28.251736+00:00,2026-06-12 20:50:28,Anllia,plug_1,Tapo P110,P110,iron,ebce04ed,multi_cycle,1.0,0.0,238.819,0.0,0.092,0.508,,on,-66,,30 minute NILM iron thermostat cycle session
2026-06-12T15:20:29.619288+00:00,2026-06-12 20:50:29,Anllia,plug_1,Tapo P110,P110,iron,ebce04ed,multi_cycle,1.0,0.0,238.819,0.0,0.092,0.508,,on,-67,,30 minute NILM iron thermostat cycle session
2026-06-12T15:20:30.982751+00:00,2026-06-12 20:50:30,Anllia,plug_1,Tapo P110,P110,iron,ebce04ed,multi_cycle,1.0,0.0,238.819,0.0,0.092,0.508,,on,-67,,30 minute NILM iron thermostat cycle session
2026-06-12T15:20:32.428721+00:00,2026-06-12 20:50:32,Anllia,plug_1,Tapo P110,P110,iron,ebce04ed,multi_cycle,1.0,0.0,238.819,0.0,0.092,0.508,,on,-66,,30 minute NILM iron thermostat cycle session
2026-06-12T15:20:33.697811+00:00,2026-06-12 20:50:33,Anllia,plug_1,Tapo P110,P110,iron,ebce04ed,multi_cycle,1.0,0.0,238.819,0.0,0.092,0.508,,on,-66,,30 minute NILM iron thermostat cycle session
2026-06-12T15:20:35.062328+00:00,2026-06-12 20:50:35,Anllia,plug_1,Tapo P110,P110,iron,ebce04ed,multi_cycle,1.0,0.0,238.502,0.0,0.092,0.508,,on,-66,,30 minute NILM iron thermostat cycle session
2026-06-12T15:20:36.327326+00:00,2026-06-12 20:50:36,Anllia,plug_1,Tapo P110,P110,iron,ebce04ed,multi_cycle,1.0,0.0,238.502,0.0,0.092,0.508,,on,-66,,30 minute NILM iron thermostat cycle session
2026-06-12T15:20:37.857162+00:00,2026-06-12 20:50:37,Anllia,plug_1,Tapo P110,P110,iron,ebce04ed,multi_cycle,1.0,0.0,238.502,0.0,0.092,0.508,,on,-66,,30 minute NILM iron thermostat cycle session
2026-06-12T15:20:39.130401+00:00,2026-06-12 20:50:39,Anllia,plug_1,Tapo P110,P110,iron,ebce04ed,multi_cycle,1.0,0.0,238.502,0.0,0.092,0.508,,on,-66,,30 minute NILM iron thermostat cycle session
2026-06-12T15:20:40.402497+00:00,2026-06-12 20:50:40,Anllia,plug_1,Tapo P110,P110,iron,ebce04ed,multi_cycle,1.0,0.0,238.502,0.0,0.092,0.508,,on,-66,,30 minute NILM iron thermostat cycle session
2026-06-12T15:20:41.769343+00:00,2026-06-12 20:50:41,Anllia,plug_1,Tapo P110,P110,iron,ebce04ed,multi_cycle,1.0,0.0,238.502,0.0,0.092,0.508,,on,-66,,30 minute NILM iron thermostat cycle session
2026-06-12T15:20:43.050805+00:00,2026-06-12 20:50:43,Anllia,plug_1,Tapo P110,P110,iron,ebce04ed,multi_cycle,1.0,0.0,238.502,0.0,0.092,0.508,,on,-67,,30 minute NILM iron thermostat cycle session
2026-06-12T15:20:44.606521+00:00,2026-06-12 20:50:44,Anllia,plug_1,Tapo P110,P110,iron,ebce04ed,multi_cycle,1.0,0.0,238.502,0.0,0.092,0.508,,on,-66,,30 minute NILM iron thermostat cycle session
2026-06-12T15:20:45.877142+00:00,2026-06-12 20:50:45,Anllia,plug_1,Tapo P110,P110,iron,ebce04ed,multi_cycle,1.0,0.0,238.502,0.0,0.092,0.508,,on,-66,,30 minute NILM iron thermostat cycle session
2026-06-12T15:20:47.238676+00:00,2026-06-12 20:50:47,Anllia,plug_1,Tapo P110,P110,iron,ebce04ed,multi_cycle,1.0,0.0,238.502,0.0,0.092,0.508,,on,-67,,30 minute NILM iron thermostat cycle session
2026-06-12T15:20:48.559784+00:00,2026-06-12 20:50:48,Anllia,plug_1,Tapo P110,P110,iron,ebce04ed,multi_cycle,1.0,0.0,238.502,0.0,0.092,0.508,,on,-66,,30 minute NILM iron thermostat cycle session
2026-06-12T15:20:50.122007+00:00,2026-06-12 20:50:50,Anllia,plug_1,Tapo P110,P110,iron,ebce04ed,multi_cycle,1.0,0.0,238.581,0.0,0.092,0.508,,on,-67,,30 minute NILM iron thermostat cycle session
2026-06-12T15:20:51.520621+00:00,2026-06-12 20:50:51,Anllia,plug_1,Tapo P110,P110,iron,ebce04ed,multi_cycle,1.0,0.0,238.581,0.0,0.092,0.508,,on,-67,,30 minute NILM iron thermostat cycle session
2026-06-12T15:20:52.798335+00:00,2026-06-12 20:50:52,Anllia,plug_1,Tapo P110,P110,iron,ebce04ed,multi_cycle,1.0,0.0,238.581,0.0,0.092,0.508,,on,-66,,30 minute NILM iron thermostat cycle session
2026-06-12T15:20:54.121728+00:00,2026-06-12 20:50:54,Anllia,plug_1,Tapo P110,P110,iron,ebce04ed,multi_cycle,1.0,0.0,238.581,0.0,0.092,0.508,,on,-67,,30 minute NILM iron thermostat cycle session
2026-06-12T15:20:55.596360+00:00,2026-06-12 20:50:55,Anllia,plug_1,Tapo P110,P110,iron,ebce04ed,multi_cycle,1.0,0.0,238.581,0.0,0.092,0.508,,on,-66,,30 minute NILM iron thermostat cycle session
2026-06-12T15:20:56.903865+00:00,2026-06-12 20:50:56,Anllia,plug_1,Tapo P110,P110,iron,ebce04ed,multi_cycle,1.0,0.0,238.581,0.0,0.092,0.508,,on,-82,,30 minute NILM iron thermostat cycle session
2026-06-12T15:20:58.216946+00:00,2026-06-12 20:50:58,Anllia,plug_1,Tapo P110,P110,iron,ebce04ed,multi_cycle,1.0,0.0,238.581,0.0,0.092,0.508,,on,-68,,30 minute NILM iron thermostat cycle session
2026-06-12T15:20:59.708640+00:00,2026-06-12 20:50:59,Anllia,plug_1,Tapo P110,P110,iron,ebce04ed,multi_cycle,1.0,0.0,238.581,0.0,0.092,0.508,,on,-70,,30 minute NILM iron thermostat cycle session
2026-06-12T15:21:01.072606+00:00,2026-06-12 20:51:01,Anllia,plug_1,Tapo P110,P110,iron,ebce04ed,multi_cycle,1.0,0.0,238.581,0.0,0.092,0.508,,on,-70,,30 minute NILM iron thermostat cycle session
2026-06-12T15:21:02.493500+00:00,2026-06-12 20:51:02,Anllia,plug_1,Tapo P110,P110,iron,ebce04ed,multi_cycle,1.0,0.0,238.581,0.0,0.092,0.508,,on,-65,,30 minute NILM iron thermostat cycle session
2026-06-12T15:21:03.867921+00:00,2026-06-12 20:51:03,Anllia,plug_1,Tapo P110,P110,iron,ebce04ed,multi_cycle,1.0,0.0,238.976,0.0,0.092,0.508,,on,-70,,30 minute NILM iron thermostat cycle session
2026-06-12T15:21:05.202144+00:00,2026-06-12 20:51:05,Anllia,plug_1,Tapo P110,P110,iron,ebce04ed,multi_cycle,1.0,0.0,238.976,0.0,0.092,0.508,,on,-68,,30 minute NILM iron thermostat cycle session
2026-06-12T15:21:06.457846+00:00,2026-06-12 20:51:06,Anllia,plug_1,Tapo P110,P110,iron,ebce04ed,multi_cycle,1.0,0.0,238.976,0.0,0.092,0.508,,on,-70,,30 minute NILM iron thermostat cycle session
2026-06-12T15:21:07.766004+00:00,2026-06-12 20:51:07,Anllia,plug_1,Tapo P110,P110,iron,ebce04ed,multi_cycle,1.0,0.0,238.976,0.0,0.092,0.508,,on,-66,,30 minute NILM iron thermostat cycle session
2026-06-12T15:21:09.113842+00:00,2026-06-12 20:51:09,Anllia,plug_1,Tapo P110,P110,iron,ebce04ed,multi_cycle,1.0,0.0,238.976,0.0,0.092,0.508,,on,-67,,30 minute NILM iron thermostat cycle session
2026-06-12T15:21:10.563453+00:00,2026-06-12 20:51:10,Anllia,plug_1,Tapo P110,P110,iron,ebce04ed,multi_cycle,1.0,0.0,238.976,0.0,0.092,0.508,,on,-67,,30 minute NILM iron thermostat cycle session
2026-06-12T15:21:11.850952+00:00,2026-06-12 20:51:11,Anllia,plug_1,Tapo P110,P110,iron,ebce04ed,multi_cycle,1.0,0.0,238.976,0.0,0.092,0.508,,on,-67,,30 minute NILM iron thermostat cycle session
2026-06-12T15:21:13.166945+00:00,2026-06-12 20:51:13,Anllia,plug_1,Tapo P110,P110,iron,ebce04ed,multi_cycle,1.0,0.0,238.976,0.0,0.092,0.508,,on,-67,,30 minute NILM iron thermostat cycle session
2026-06-12T15:21:14.413293+00:00,2026-06-12 20:51:14,Anllia,plug_1,Tapo P110,P110,iron,ebce04ed,multi_cycle,1.0,0.0,238.976,0.0,0.092,0.508,,on,-68,,30 minute NILM iron thermostat cycle session
2026-06-12T15:21:15.775833+00:00,2026-06-12 20:51:15,Anllia,plug_1,Tapo P110,P110,iron,ebce04ed,multi_cycle,1.0,0.0,238.976,0.0,0.092,0.508,,on,-67,,30 minute NILM iron thermostat cycle session
2026-06-12T15:21:17.025586+00:00,2026-06-12 20:51:17,Anllia,plug_1,Tapo P110,P110,iron,ebce04ed,multi_cycle,1.0,0.0,238.601,0.0,0.092,0.508,,on,-67,,30 minute NILM iron thermostat cycle session
2026-06-12T15:21:18.348255+00:00,2026-06-12 20:51:18,Anllia,plug_1,Tapo P110,P110,iron,ebce04ed,multi_cycle,1.0,0.0,238.601,0.0,0.092,0.508,,on,-67,,30 minute NILM iron thermostat cycle session
2026-06-12T15:21:19.700873+00:00,2026-06-12 20:51:19,Anllia,plug_1,Tapo P110,P110,iron,ebce04ed,multi_cycle,1.0,0.0,238.601,0.0,0.092,0.508,,on,-68,,30 minute NILM iron thermostat cycle session
2026-06-12T15:21:21.024116+00:00,2026-06-12 20:51:21,Anllia,plug_1,Tapo P110,P110,iron,ebce04ed,multi_cycle,1.0,0.0,238.601,0.0,0.092,0.508,,on,-67,,30 minute NILM iron thermostat cycle session
2026-06-12T15:21:22.381615+00:00,2026-06-12 20:51:22,Anllia,plug_1,Tapo P110,P110,iron,ebce04ed,multi_cycle,1.0,0.0,238.601,0.0,0.092,0.508,,on,-67,,30 minute NILM iron thermostat cycle session
2026-06-12T15:21:23.696688+00:00,2026-06-12 20:51:23,Anllia,plug_1,Tapo P110,P110,iron,ebce04ed,multi_cycle,1.0,0.0,238.601,0.0,0.092,0.508,,on,-67,,30 minute NILM iron thermostat cycle session
2026-06-12T15:21:25.051730+00:00,2026-06-12 20:51:25,Anllia,plug_1,Tapo P110,P110,iron,ebce04ed,multi_cycle,1.0,0.0,238.601,0.0,0.092,0.508,,on,-67,,30 minute NILM iron thermostat cycle session
2026-06-12T15:21:26.410084+00:00,2026-06-12 20:51:26,Anllia,plug_1,Tapo P110,P110,iron,ebce04ed,multi_cycle,1.0,0.0,238.601,0.0,0.092,0.508,,on,-67,,30 minute NILM iron thermostat cycle session
2026-06-12T15:21:27.809437+00:00,2026-06-12 20:51:27,Anllia,plug_1,Tapo P110,P110,iron,ebce04ed,multi_cycle,1.0,0.0,238.601,0.0,0.092,0.508,,on,-68,,30 minute NILM iron thermostat cycle session
2026-06-12T15:21:29.159061+00:00,2026-06-12 20:51:29,Anllia,plug_1,Tapo P110,P110,iron,ebce04ed,multi_cycle,1.0,0.0,238.601,0.0,0.092,0.508,,on,-67,,30 minute NILM iron thermostat cycle session
2026-06-12T15:21:30.406588+00:00,2026-06-12 20:51:30,Anllia,plug_1,Tapo P110,P110,iron,ebce04ed,multi_cycle,1.0,0.0,238.601,0.0,0.092,0.508,,on,-67,,30 minute NILM iron thermostat cycle session
2026-06-12T15:21:31.660239+00:00,2026-06-12 20:51:31,Anllia,plug_1,Tapo P110,P110,iron,ebce04ed,multi_cycle,1.0,0.0,238.258,0.0,0.092,0.508,,on,-67,,30 minute NILM iron thermostat cycle session
2026-06-12T15:21:32.948123+00:00,2026-06-12 20:51:32,Anllia,plug_1,Tapo P110,P110,iron,ebce04ed,multi_cycle,1.0,0.0,238.258,0.0,0.092,0.508,,on,-67,,30 minute NILM iron thermostat cycle session
2026-06-12T15:21:34.230256+00:00,2026-06-12 20:51:34,Anllia,plug_1,Tapo P110,P110,iron,ebce04ed,multi_cycle,1.0,0.0,238.258,0.0,0.092,0.508,,on,-68,,30 minute NILM iron thermostat cycle session
2026-06-12T15:21:35.575750+00:00,2026-06-12 20:51:35,Anllia,plug_1,Tapo P110,P110,iron,ebce04ed,multi_cycle,1.0,0.0,238.258,0.0,0.092,0.508,,on,-68,,30 minute NILM iron thermostat cycle session
2026-06-12T15:21:37.022700+00:00,2026-06-12 20:51:37,Anllia,plug_1,Tapo P110,P110,iron,ebce04ed,multi_cycle,1.0,0.0,238.258,0.0,0.092,0.508,,on,-67,,30 minute NILM iron thermostat cycle session
2026-06-12T15:21:38.375695+00:00,2026-06-12 20:51:38,Anllia,plug_1,Tapo P110,P110,iron,ebce04ed,multi_cycle,1.0,0.0,238.258,0.0,0.092,0.508,,on,-66,,30 minute NILM iron thermostat cycle session
2026-06-12T15:21:39.691215+00:00,2026-06-12 20:51:39,Anllia,plug_1,Tapo P110,P110,iron,ebce04ed,multi_cycle,1.0,0.0,238.258,0.0,0.092,0.508,,on,-66,,30 minute NILM iron thermostat cycle session
2026-06-12T15:21:41.003756+00:00,2026-06-12 20:51:41,Anllia,plug_1,Tapo P110,P110,iron,ebce04ed,multi_cycle,1.0,0.0,238.258,0.0,0.092,0.508,,on,-66,,30 minute NILM iron thermostat cycle session
2026-06-12T15:21:42.369957+00:00,2026-06-12 20:51:42,Anllia,plug_1,Tapo P110,P110,iron,ebce04ed,multi_cycle,1.0,0.0,238.258,0.0,0.092,0.508,,on,-68,,30 minute NILM iron thermostat cycle session
2026-06-12T15:21:43.695051+00:00,2026-06-12 20:51:43,Anllia,plug_1,Tapo P110,P110,iron,ebce04ed,multi_cycle,1.0,0.0,238.258,0.0,0.092,0.508,,on,-67,,30 minute NILM iron thermostat cycle session
