timestamp,power_w,appliance_label,capture_id,session_id,mode,sample_interval_sec,team_member,plug_id,plug_alias,plug_model,voltage_v,current_a,energy_today_kwh,energy_this_month_kwh,energy_total_kwh,relay_state,rssi,signal_level,notes,timestamp_local
2026-06-02 17:19:10.462423+00:00,2.669,mixer_grinder,anllia_plug1_mixer_final_2026-06-02_S003,5bd62096,multi_cycle,1.0,Anllia,plug_1,Tapo P110,P110,244.305,0.0,0.026,0.026,,on,-68,,final structured mixer NILM recording,2026-06-02 23:19:10
2026-06-02 17:19:11.803613+00:00,2.781,mixer_grinder,anllia_plug1_mixer_final_2026-06-02_S003,5bd62096,multi_cycle,1.0,Anllia,plug_1,Tapo P110,P110,244.2,0.0,0.026,0.026,,on,-67,,final structured mixer NILM recording,2026-06-02 23:19:11
2026-06-02 17:19:13.065667+00:00,2.741,mixer_grinder,anllia_plug1_mixer_final_2026-06-02_S003,5bd62096,multi_cycle,1.0,Anllia,plug_1,Tapo P110,P110,244.2,0.013,0.026,0.026,,on,-67,,final structured mixer NILM recording,2026-06-02 23:19:13
2026-06-02 17:19:14.352750+00:00,2.785,mixer_grinder,anllia_plug1_mixer_final_2026-06-02_S003,5bd62096,multi_cycle,1.0,Anllia,plug_1,Tapo P110,P110,244.174,0.013,0.026,0.026,,on,-68,,final structured mixer NILM recording,2026-06-02 23:19:14
2026-06-02 17:19:15.598109+00:00,2.7,mixer_grinder,anllia_plug1_mixer_final_2026-06-02_S003,5bd62096,multi_cycle,1.0,Anllia,plug_1,Tapo P110,P110,244.174,0.013,0.026,0.026,,on,-67,,final structured mixer NILM recording,2026-06-02 23:19:15
2026-06-02 17:19:16.906033+00:00,3.355,mixer_grinder,anllia_plug1_mixer_final_2026-06-02_S003,5bd62096,multi_cycle,1.0,Anllia,plug_1,Tapo P110,P110,244.174,0.013,0.026,0.026,,on,-69,,final structured mixer NILM recording,2026-06-02 23:19:16
2026-06-02 17:19:18.338157+00:00,3.355,mixer_grinder,anllia_plug1_mixer_final_2026-06-02_S003,5bd62096,multi_cycle,1.0,Anllia,plug_1,Tapo P110,P110,242.587,0.013,0.026,0.026,,on,-67,,final structured mixer NILM recording,2026-06-02 23:19:18
2026-06-02 17:19:19.702019+00:00,234.98,mixer_grinder,anllia_plug1_mixer_final_2026-06-02_S003,5bd62096,multi_cycle,1.0,Anllia,plug_1,Tapo P110,P110,242.587,0.906,0.026,0.026,,on,-68,,final structured mixer NILM recording,2026-06-02 23:19:19
2026-06-02 17:19:20.975441+00:00,207.616,mixer_grinder,anllia_plug1_mixer_final_2026-06-02_S003,5bd62096,multi_cycle,1.0,Anllia,plug_1,Tapo P110,P110,242.674,0.906,0.026,0.026,,on,-68,,final structured mixer NILM recording,2026-06-02 23:19:20
2026-06-02 17:19:23.411662+00:00,205.977,mixer_grinder,anllia_plug1_mixer_final_2026-06-02_S003,5bd62096,multi_cycle,1.0,Anllia,plug_1,Tapo P110,P110,242.674,0.861,0.026,0.026,,on,-68,,final structured mixer NILM recording,2026-06-02 23:19:23
2026-06-02 17:19:24.718237+00:00,204.232,mixer_grinder,anllia_plug1_mixer_final_2026-06-02_S003,5bd62096,multi_cycle,1.0,Anllia,plug_1,Tapo P110,P110,242.735,0.861,0.026,0.026,,on,-70,,final structured mixer NILM recording,2026-06-02 23:19:24
2026-06-02 17:19:26.134459+00:00,203.526,mixer_grinder,anllia_plug1_mixer_final_2026-06-02_S003,5bd62096,multi_cycle,1.0,Anllia,plug_1,Tapo P110,P110,242.735,0.855,0.026,0.026,,on,-69,,final structured mixer NILM recording,2026-06-02 23:19:26
2026-06-02 17:19:27.397250+00:00,203.972,mixer_grinder,anllia_plug1_mixer_final_2026-06-02_S003,5bd62096,multi_cycle,1.0,Anllia,plug_1,Tapo P110,P110,242.657,0.855,0.026,0.026,,on,-69,,final structured mixer NILM recording,2026-06-02 23:19:27
2026-06-02 17:19:30.519655+00:00,203.972,mixer_grinder,anllia_plug1_mixer_final_2026-06-02_S003,5bd62096,multi_cycle,1.0,Anllia,plug_1,Tapo P110,P110,242.75,0.853,0.026,0.026,,on,-67,,final structured mixer NILM recording,2026-06-02 23:19:30
2026-06-02 17:19:33.115986+00:00,203.348,mixer_grinder,anllia_plug1_mixer_final_2026-06-02_S003,5bd62096,multi_cycle,1.0,Anllia,plug_1,Tapo P110,P110,242.775,0.85,0.026,0.026,,on,-69,,final structured mixer NILM recording,2026-06-02 23:19:33
2026-06-02 17:19:34.389953+00:00,203.096,mixer_grinder,anllia_plug1_mixer_final_2026-06-02_S003,5bd62096,multi_cycle,1.0,Anllia,plug_1,Tapo P110,P110,242.775,0.848,0.027,0.027,,on,-68,,final structured mixer NILM recording,2026-06-02 23:19:34
2026-06-02 17:19:35.666036+00:00,202.761,mixer_grinder,anllia_plug1_mixer_final_2026-06-02_S003,5bd62096,multi_cycle,1.0,Anllia,plug_1,Tapo P110,P110,242.709,0.848,0.027,0.027,,on,-68,,final structured mixer NILM recording,2026-06-02 23:19:35
2026-06-02 17:19:36.945459+00:00,202.414,mixer_grinder,anllia_plug1_mixer_final_2026-06-02_S003,5bd62096,multi_cycle,1.0,Anllia,plug_1,Tapo P110,P110,242.709,0.847,0.027,0.027,,on,-67,,final structured mixer NILM recording,2026-06-02 23:19:36
2026-06-02 17:19:38.256638+00:00,202.841,mixer_grinder,anllia_plug1_mixer_final_2026-06-02_S003,5bd62096,multi_cycle,1.0,Anllia,plug_1,Tapo P110,P110,242.709,0.847,0.027,0.027,,on,-68,,final structured mixer NILM recording,2026-06-02 23:19:38
2026-06-02 17:19:39.621070+00:00,202.674,mixer_grinder,anllia_plug1_mixer_final_2026-06-02_S003,5bd62096,multi_cycle,1.0,Anllia,plug_1,Tapo P110,P110,242.877,0.847,0.027,0.027,,on,-69,,final structured mixer NILM recording,2026-06-02 23:19:39
2026-06-02 17:19:44.999582+00:00,202.582,mixer_grinder,anllia_plug1_mixer_final_2026-06-02_S003,5bd62096,multi_cycle,1.0,Anllia,plug_1,Tapo P110,P110,243.053,0.845,0.027,0.027,,on,-69,,final structured mixer NILM recording,2026-06-02 23:19:44
2026-06-02 17:19:46.360539+00:00,202.449,mixer_grinder,anllia_plug1_mixer_final_2026-06-02_S003,5bd62096,multi_cycle,1.0,Anllia,plug_1,Tapo P110,P110,243.053,0.601,0.027,0.027,,on,-67,,final structured mixer NILM recording,2026-06-02 23:19:46
2026-06-02 17:19:47.607895+00:00,2.486,mixer_grinder,anllia_plug1_mixer_final_2026-06-02_S003,5bd62096,multi_cycle,1.0,Anllia,plug_1,Tapo P110,P110,243.999,0.601,0.027,0.027,,on,-68,,final structured mixer NILM recording,2026-06-02 23:19:47
2026-06-02 17:19:48.910020+00:00,2.486,mixer_grinder,anllia_plug1_mixer_final_2026-06-02_S003,5bd62096,multi_cycle,1.0,Anllia,plug_1,Tapo P110,P110,243.999,0.012,0.027,0.027,,on,-68,,final structured mixer NILM recording,2026-06-02 23:19:48
2026-06-02 17:19:50.194173+00:00,2.602,mixer_grinder,anllia_plug1_mixer_final_2026-06-02_S003,5bd62096,multi_cycle,1.0,Anllia,plug_1,Tapo P110,P110,243.999,0.012,0.027,0.027,,on,-67,,final structured mixer NILM recording,2026-06-02 23:19:50
2026-06-02 17:19:51.471855+00:00,2.505,mixer_grinder,anllia_plug1_mixer_final_2026-06-02_S003,5bd62096,multi_cycle,1.0,Anllia,plug_1,Tapo P110,P110,244.231,0.012,0.027,0.027,,on,-68,,final structured mixer NILM recording,2026-06-02 23:19:51
2026-06-02 17:19:52.774575+00:00,2.541,mixer_grinder,anllia_plug1_mixer_final_2026-06-02_S003,5bd62096,multi_cycle,1.0,Anllia,plug_1,Tapo P110,P110,244.231,0.012,0.027,0.027,,on,-68,,final structured mixer NILM recording,2026-06-02 23:19:52
2026-06-02 17:19:54.171624+00:00,2.474,mixer_grinder,anllia_plug1_mixer_final_2026-06-02_S003,5bd62096,multi_cycle,1.0,Anllia,plug_1,Tapo P110,P110,244.188,0.012,0.027,0.027,,on,-68,,final structured mixer NILM recording,2026-06-02 23:19:54
2026-06-02 17:19:55.487736+00:00,2.416,mixer_grinder,anllia_plug1_mixer_final_2026-06-02_S003,5bd62096,multi_cycle,1.0,Anllia,plug_1,Tapo P110,P110,244.188,0.012,0.027,0.027,,on,-68,,final structured mixer NILM recording,2026-06-02 23:19:55
2026-06-02 17:19:56.839601+00:00,2.47,mixer_grinder,anllia_plug1_mixer_final_2026-06-02_S003,5bd62096,multi_cycle,1.0,Anllia,plug_1,Tapo P110,P110,244.434,0.012,0.027,0.027,,on,-68,,final structured mixer NILM recording,2026-06-02 23:19:56
2026-06-02 17:19:58.201310+00:00,2.565,mixer_grinder,anllia_plug1_mixer_final_2026-06-02_S003,5bd62096,multi_cycle,1.0,Anllia,plug_1,Tapo P110,P110,244.434,0.012,0.027,0.027,,on,-68,,final structured mixer NILM recording,2026-06-02 23:19:58
2026-06-02 17:19:59.476482+00:00,2.511,mixer_grinder,anllia_plug1_mixer_final_2026-06-02_S003,5bd62096,multi_cycle,1.0,Anllia,plug_1,Tapo P110,P110,244.61,0.012,0.027,0.027,,on,-69,,final structured mixer NILM recording,2026-06-02 23:19:59
2026-06-02 17:20:00.835110+00:00,2.511,mixer_grinder,anllia_plug1_mixer_final_2026-06-02_S003,5bd62096,multi_cycle,1.0,Anllia,plug_1,Tapo P110,P110,244.61,0.012,0.027,0.027,,on,-68,,final structured mixer NILM recording,2026-06-02 23:20:00
2026-06-02 17:20:02.314427+00:00,2.504,mixer_grinder,anllia_plug1_mixer_final_2026-06-02_S003,5bd62096,multi_cycle,1.0,Anllia,plug_1,Tapo P110,P110,244.61,0.012,0.027,0.027,,on,-68,,final structured mixer NILM recording,2026-06-02 23:20:02
2026-06-02 17:20:03.713239+00:00,2.559,mixer_grinder,anllia_plug1_mixer_final_2026-06-02_S003,5bd62096,multi_cycle,1.0,Anllia,plug_1,Tapo P110,P110,244.548,0.012,0.027,0.027,,on,-68,,final structured mixer NILM recording,2026-06-02 23:20:03
2026-06-02 17:20:05.227214+00:00,2.621,mixer_grinder,anllia_plug1_mixer_final_2026-06-02_S003,5bd62096,multi_cycle,1.0,Anllia,plug_1,Tapo P110,P110,244.548,0.012,0.027,0.027,,on,-68,,final structured mixer NILM recording,2026-06-02 23:20:05
2026-06-02 17:20:06.475396+00:00,2.612,mixer_grinder,anllia_plug1_mixer_final_2026-06-02_S003,5bd62096,multi_cycle,1.0,Anllia,plug_1,Tapo P110,P110,244.456,0.012,0.027,0.027,,on,-68,,final structured mixer NILM recording,2026-06-02 23:20:06
2026-06-02 17:20:07.834003+00:00,3.166,mixer_grinder,anllia_plug1_mixer_final_2026-06-02_S003,5bd62096,multi_cycle,1.0,Anllia,plug_1,Tapo P110,P110,244.456,1.178,0.027,0.027,,on,-66,,final structured mixer NILM recording,2026-06-02 23:20:07
2026-06-02 17:20:09.241101+00:00,279.639,mixer_grinder,anllia_plug1_mixer_final_2026-06-02_S003,5bd62096,multi_cycle,1.0,Anllia,plug_1,Tapo P110,P110,243.309,1.178,0.027,0.027,,on,-68,,final structured mixer NILM recording,2026-06-02 23:20:09
2026-06-02 17:20:10.562866+00:00,223.258,mixer_grinder,anllia_plug1_mixer_final_2026-06-02_S003,5bd62096,multi_cycle,1.0,Anllia,plug_1,Tapo P110,P110,243.309,0.923,0.028,0.028,,on,-68,,final structured mixer NILM recording,2026-06-02 23:20:10
2026-06-02 17:20:11.892363+00:00,220.882,mixer_grinder,anllia_plug1_mixer_final_2026-06-02_S003,5bd62096,multi_cycle,1.0,Anllia,plug_1,Tapo P110,P110,243.309,0.923,0.028,0.028,,on,-66,,final structured mixer NILM recording,2026-06-02 23:20:11
2026-06-02 17:20:14.958927+00:00,220.851,mixer_grinder,anllia_plug1_mixer_final_2026-06-02_S003,5bd62096,multi_cycle,1.0,Anllia,plug_1,Tapo P110,P110,243.362,0.915,0.028,0.028,,on,-67,,final structured mixer NILM recording,2026-06-02 23:20:14
2026-06-02 17:20:16.391170+00:00,219.657,mixer_grinder,anllia_plug1_mixer_final_2026-06-02_S003,5bd62096,multi_cycle,1.0,Anllia,plug_1,Tapo P110,P110,243.362,0.915,0.028,0.028,,on,-68,,final structured mixer NILM recording,2026-06-02 23:20:16
2026-06-02 17:20:17.699229+00:00,219.45,mixer_grinder,anllia_plug1_mixer_final_2026-06-02_S003,5bd62096,multi_cycle,1.0,Anllia,plug_1,Tapo P110,P110,243.362,0.91,0.028,0.028,,on,-67,,final structured mixer NILM recording,2026-06-02 23:20:17
2026-06-02 17:20:18.972638+00:00,219.45,mixer_grinder,anllia_plug1_mixer_final_2026-06-02_S003,5bd62096,multi_cycle,1.0,Anllia,plug_1,Tapo P110,P110,243.202,0.91,0.028,0.028,,on,-68,,final structured mixer NILM recording,2026-06-02 23:20:18
2026-06-02 17:20:28.470471+00:00,219.456,mixer_grinder,anllia_plug1_mixer_final_2026-06-02_S003,5bd62096,multi_cycle,1.0,Anllia,plug_1,Tapo P110,P110,243.234,0.911,0.028,0.028,,on,-68,,final structured mixer NILM recording,2026-06-02 23:20:28
2026-06-02 17:20:29.731562+00:00,218.9,mixer_grinder,anllia_plug1_mixer_final_2026-06-02_S003,5bd62096,multi_cycle,1.0,Anllia,plug_1,Tapo P110,P110,243.248,0.911,0.029,0.029,,on,-67,,final structured mixer NILM recording,2026-06-02 23:20:29
2026-06-02 17:20:31.025079+00:00,219.029,mixer_grinder,anllia_plug1_mixer_final_2026-06-02_S003,5bd62096,multi_cycle,1.0,Anllia,plug_1,Tapo P110,P110,243.073,0.911,0.029,0.029,,on,-68,,final structured mixer NILM recording,2026-06-02 23:20:31
2026-06-02 17:20:35.012091+00:00,219.029,mixer_grinder,anllia_plug1_mixer_final_2026-06-02_S003,5bd62096,multi_cycle,1.0,Anllia,plug_1,Tapo P110,P110,243.131,0.909,0.029,0.029,,on,-68,,final structured mixer NILM recording,2026-06-02 23:20:35
2026-06-02 17:20:36.324066+00:00,218.284,mixer_grinder,anllia_plug1_mixer_final_2026-06-02_S003,5bd62096,multi_cycle,1.0,Anllia,plug_1,Tapo P110,P110,243.098,0.909,0.029,0.029,,on,-70,,final structured mixer NILM recording,2026-06-02 23:20:36
2026-06-02 17:20:37.688108+00:00,2.393,mixer_grinder,anllia_plug1_mixer_final_2026-06-02_S003,5bd62096,multi_cycle,1.0,Anllia,plug_1,Tapo P110,P110,243.098,0.909,0.029,0.029,,on,-69,,final structured mixer NILM recording,2026-06-02 23:20:37
2026-06-02 17:20:40.076341+00:00,2.393,mixer_grinder,anllia_plug1_mixer_final_2026-06-02_S003,5bd62096,multi_cycle,1.0,Anllia,plug_1,Tapo P110,P110,244.116,0.012,0.029,0.029,,on,-69,,final structured mixer NILM recording,2026-06-02 23:20:40
2026-06-02 17:20:41.353443+00:00,2.524,mixer_grinder,anllia_plug1_mixer_final_2026-06-02_S003,5bd62096,multi_cycle,1.0,Anllia,plug_1,Tapo P110,P110,244.116,0.012,0.029,0.029,,on,-67,,final structured mixer NILM recording,2026-06-02 23:20:41
2026-06-02 17:20:42.602380+00:00,2.505,mixer_grinder,anllia_plug1_mixer_final_2026-06-02_S003,5bd62096,multi_cycle,1.0,Anllia,plug_1,Tapo P110,P110,244.091,0.012,0.029,0.029,,on,-68,,final structured mixer NILM recording,2026-06-02 23:20:42
2026-06-02 17:20:43.938340+00:00,2.593,mixer_grinder,anllia_plug1_mixer_final_2026-06-02_S003,5bd62096,multi_cycle,1.0,Anllia,plug_1,Tapo P110,P110,244.091,0.012,0.029,0.029,,on,-67,,final structured mixer NILM recording,2026-06-02 23:20:43
2026-06-02 17:20:45.285768+00:00,2.694,mixer_grinder,anllia_plug1_mixer_final_2026-06-02_S003,5bd62096,multi_cycle,1.0,Anllia,plug_1,Tapo P110,P110,244.091,0.012,0.029,0.029,,on,-68,,final structured mixer NILM recording,2026-06-02 23:20:45
2026-06-02 17:20:46.538469+00:00,2.694,mixer_grinder,anllia_plug1_mixer_final_2026-06-02_S003,5bd62096,multi_cycle,1.0,Anllia,plug_1,Tapo P110,P110,243.994,0.012,0.029,0.029,,on,-68,,final structured mixer NILM recording,2026-06-02 23:20:46
2026-06-02 17:20:47.884292+00:00,2.698,mixer_grinder,anllia_plug1_mixer_final_2026-06-02_S003,5bd62096,multi_cycle,1.0,Anllia,plug_1,Tapo P110,P110,243.994,0.013,0.029,0.029,,on,-67,,final structured mixer NILM recording,2026-06-02 23:20:47
2026-06-02 17:20:49.200946+00:00,2.649,mixer_grinder,anllia_plug1_mixer_final_2026-06-02_S003,5bd62096,multi_cycle,1.0,Anllia,plug_1,Tapo P110,P110,243.851,0.013,0.029,0.029,,on,-68,,final structured mixer NILM recording,2026-06-02 23:20:49
2026-06-02 17:20:50.549268+00:00,2.689,mixer_grinder,anllia_plug1_mixer_final_2026-06-02_S003,5bd62096,multi_cycle,1.0,Anllia,plug_1,Tapo P110,P110,243.851,0.012,0.029,0.029,,on,-67,,final structured mixer NILM recording,2026-06-02 23:20:50
2026-06-02 17:20:51.867883+00:00,2.59,mixer_grinder,anllia_plug1_mixer_final_2026-06-02_S003,5bd62096,multi_cycle,1.0,Anllia,plug_1,Tapo P110,P110,243.851,0.012,0.029,0.029,,on,-67,,final structured mixer NILM recording,2026-06-02 23:20:51
2026-06-02 17:20:53.142944+00:00,2.693,mixer_grinder,anllia_plug1_mixer_final_2026-06-02_S003,5bd62096,multi_cycle,1.0,Anllia,plug_1,Tapo P110,P110,243.8,0.012,0.029,0.029,,on,-67,,final structured mixer NILM recording,2026-06-02 23:20:53
2026-06-02 17:20:55.357227+00:00,2.712,mixer_grinder,anllia_plug1_mixer_final_2026-06-02_S003,5bd62096,multi_cycle,1.0,Anllia,plug_1,Tapo P110,P110,243.8,0.012,0.029,0.029,,on,-68,,final structured mixer NILM recording,2026-06-02 23:20:55
2026-06-02 17:20:57.099196+00:00,2.7,mixer_grinder,anllia_plug1_mixer_final_2026-06-02_S003,5bd62096,multi_cycle,1.0,Anllia,plug_1,Tapo P110,P110,243.863,0.013,0.029,0.029,,on,-68,,final structured mixer NILM recording,2026-06-02 23:20:57
2026-06-02 17:20:58.576291+00:00,2.696,mixer_grinder,anllia_plug1_mixer_final_2026-06-02_S003,5bd62096,multi_cycle,1.0,Anllia,plug_1,Tapo P110,P110,243.815,0.013,0.029,0.029,,on,-67,,final structured mixer NILM recording,2026-06-02 23:20:58
2026-06-02 17:20:59.845181+00:00,2.726,mixer_grinder,anllia_plug1_mixer_final_2026-06-02_S003,5bd62096,multi_cycle,1.0,Anllia,plug_1,Tapo P110,P110,243.815,0.013,0.029,0.029,,on,-66,,final structured mixer NILM recording,2026-06-02 23:20:59
2026-06-02 17:21:01.126788+00:00,2.65,mixer_grinder,anllia_plug1_mixer_final_2026-06-02_S003,5bd62096,multi_cycle,1.0,Anllia,plug_1,Tapo P110,P110,243.815,0.012,0.029,0.029,,on,-66,,final structured mixer NILM recording,2026-06-02 23:21:01
2026-06-02 17:21:02.490951+00:00,2.583,mixer_grinder,anllia_plug1_mixer_final_2026-06-02_S003,5bd62096,multi_cycle,1.0,Anllia,plug_1,Tapo P110,P110,244.123,0.012,0.029,0.029,,on,-66,,final structured mixer NILM recording,2026-06-02 23:21:02
2026-06-02 17:21:03.764373+00:00,2.718,mixer_grinder,anllia_plug1_mixer_final_2026-06-02_S003,5bd62096,multi_cycle,1.0,Anllia,plug_1,Tapo P110,P110,244.123,0.012,0.029,0.029,,on,-68,,final structured mixer NILM recording,2026-06-02 23:21:03
2026-06-02 17:21:05.039538+00:00,2.65,mixer_grinder,anllia_plug1_mixer_final_2026-06-02_S003,5bd62096,multi_cycle,1.0,Anllia,plug_1,Tapo P110,P110,244.123,0.0,0.029,0.029,,on,-66,,final structured mixer NILM recording,2026-06-02 23:21:05
2026-06-02 17:21:06.472489+00:00,2.619,mixer_grinder,anllia_plug1_mixer_final_2026-06-02_S003,5bd62096,multi_cycle,1.0,Anllia,plug_1,Tapo P110,P110,244.004,0.0,0.029,0.029,,on,-67,,final structured mixer NILM recording,2026-06-02 23:21:06
2026-06-02 17:21:07.790165+00:00,2.619,mixer_grinder,anllia_plug1_mixer_final_2026-06-02_S003,5bd62096,multi_cycle,1.0,Anllia,plug_1,Tapo P110,P110,244.004,0.0,0.029,0.029,,on,-66,,final structured mixer NILM recording,2026-06-02 23:21:07
2026-06-02 17:21:09.058903+00:00,2.619,mixer_grinder,anllia_plug1_mixer_final_2026-06-02_S003,5bd62096,multi_cycle,1.0,Anllia,plug_1,Tapo P110,P110,244.004,0.014,0.029,0.029,,on,-69,,final structured mixer NILM recording,2026-06-02 23:21:09
2026-06-02 17:21:10.774642+00:00,323.724,mixer_grinder,anllia_plug1_mixer_final_2026-06-02_S003,5bd62096,multi_cycle,1.0,Anllia,plug_1,Tapo P110,P110,243.167,0.014,0.029,0.029,,on,-69,,final structured mixer NILM recording,2026-06-02 23:21:10
2026-06-02 17:21:12.088847+00:00,323.724,mixer_grinder,anllia_plug1_mixer_final_2026-06-02_S003,5bd62096,multi_cycle,1.0,Anllia,plug_1,Tapo P110,P110,243.167,1.029,0.029,0.029,,on,-69,,final structured mixer NILM recording,2026-06-02 23:21:12
2026-06-02 17:21:13.547404+00:00,243.902,mixer_grinder,anllia_plug1_mixer_final_2026-06-02_S003,5bd62096,multi_cycle,1.0,Anllia,plug_1,Tapo P110,P110,243.004,1.029,0.029,0.029,,on,-68,,final structured mixer NILM recording,2026-06-02 23:21:13
2026-06-02 17:21:14.895001+00:00,81.93,mixer_grinder,anllia_plug1_mixer_final_2026-06-02_S003,5bd62096,multi_cycle,1.0,Anllia,plug_1,Tapo P110,P110,243.004,0.012,0.029,0.029,,on,-68,,final structured mixer NILM recording,2026-06-02 23:21:14
2026-06-02 17:21:16.207657+00:00,2.501,mixer_grinder,anllia_plug1_mixer_final_2026-06-02_S003,5bd62096,multi_cycle,1.0,Anllia,plug_1,Tapo P110,P110,243.941,0.012,0.029,0.029,,on,-68,,final structured mixer NILM recording,2026-06-02 23:21:16
2026-06-02 17:21:17.453870+00:00,2.502,mixer_grinder,anllia_plug1_mixer_final_2026-06-02_S003,5bd62096,multi_cycle,1.0,Anllia,plug_1,Tapo P110,P110,243.941,0.012,0.029,0.029,,on,-68,,final structured mixer NILM recording,2026-06-02 23:21:17
2026-06-02 17:21:18.765916+00:00,2.406,mixer_grinder,anllia_plug1_mixer_final_2026-06-02_S003,5bd62096,multi_cycle,1.0,Anllia,plug_1,Tapo P110,P110,243.941,0.011,0.029,0.029,,on,-67,,final structured mixer NILM recording,2026-06-02 23:21:18
2026-06-02 17:21:20.061263+00:00,2.563,mixer_grinder,anllia_plug1_mixer_final_2026-06-02_S003,5bd62096,multi_cycle,1.0,Anllia,plug_1,Tapo P110,P110,243.807,0.011,0.029,0.029,,on,-68,,final structured mixer NILM recording,2026-06-02 23:21:20
2026-06-02 17:21:21.442792+00:00,2.56,mixer_grinder,anllia_plug1_mixer_final_2026-06-02_S003,5bd62096,multi_cycle,1.0,Anllia,plug_1,Tapo P110,P110,243.807,0.012,0.029,0.029,,on,-68,,final structured mixer NILM recording,2026-06-02 23:21:21
2026-06-02 17:21:26.015990+00:00,2.56,mixer_grinder,anllia_plug1_mixer_final_2026-06-02_S003,5bd62096,multi_cycle,1.0,Anllia,plug_1,Tapo P110,P110,242.738,1.443,0.029,0.029,,on,-67,,final structured mixer NILM recording,2026-06-02 23:21:26
2026-06-02 17:21:29.056133+00:00,223.519,mixer_grinder,anllia_plug1_mixer_final_2026-06-02_S003,5bd62096,multi_cycle,1.0,Anllia,plug_1,Tapo P110,P110,242.921,0.916,0.03,0.03,,on,-68,,final structured mixer NILM recording,2026-06-02 23:21:29
2026-06-02 17:21:30.369436+00:00,219.87,mixer_grinder,anllia_plug1_mixer_final_2026-06-02_S003,5bd62096,multi_cycle,1.0,Anllia,plug_1,Tapo P110,P110,242.921,0.914,0.03,0.03,,on,-68,,final structured mixer NILM recording,2026-06-02 23:21:30
2026-06-02 17:21:31.672650+00:00,219.87,mixer_grinder,anllia_plug1_mixer_final_2026-06-02_S003,5bd62096,multi_cycle,1.0,Anllia,plug_1,Tapo P110,P110,242.921,0.914,0.03,0.03,,on,-68,,final structured mixer NILM recording,2026-06-02 23:21:31
2026-06-02 17:21:32.967124+00:00,219.272,mixer_grinder,anllia_plug1_mixer_final_2026-06-02_S003,5bd62096,multi_cycle,1.0,Anllia,plug_1,Tapo P110,P110,242.874,0.914,0.03,0.03,,on,-68,,final structured mixer NILM recording,2026-06-02 23:21:32
2026-06-02 17:21:34.332915+00:00,219.674,mixer_grinder,anllia_plug1_mixer_final_2026-06-02_S003,5bd62096,multi_cycle,1.0,Anllia,plug_1,Tapo P110,P110,242.874,0.913,0.03,0.03,,on,-68,,final structured mixer NILM recording,2026-06-02 23:21:34
2026-06-02 17:21:35.788248+00:00,219.934,mixer_grinder,anllia_plug1_mixer_final_2026-06-02_S003,5bd62096,multi_cycle,1.0,Anllia,plug_1,Tapo P110,P110,243.259,0.913,0.03,0.03,,on,-69,,final structured mixer NILM recording,2026-06-02 23:21:35
2026-06-02 17:21:37.054983+00:00,219.315,mixer_grinder,anllia_plug1_mixer_final_2026-06-02_S003,5bd62096,multi_cycle,1.0,Anllia,plug_1,Tapo P110,P110,243.259,0.911,0.03,0.03,,on,-68,,final structured mixer NILM recording,2026-06-02 23:21:37
2026-06-02 17:21:38.413714+00:00,219.31,mixer_grinder,anllia_plug1_mixer_final_2026-06-02_S003,5bd62096,multi_cycle,1.0,Anllia,plug_1,Tapo P110,P110,243.184,0.911,0.03,0.03,,on,-69,,final structured mixer NILM recording,2026-06-02 23:21:38
2026-06-02 17:21:39.736519+00:00,219.662,mixer_grinder,anllia_plug1_mixer_final_2026-06-02_S003,5bd62096,multi_cycle,1.0,Anllia,plug_1,Tapo P110,P110,243.184,0.913,0.03,0.03,,on,-68,,final structured mixer NILM recording,2026-06-02 23:21:39
2026-06-02 17:21:41.506838+00:00,219.325,mixer_grinder,anllia_plug1_mixer_final_2026-06-02_S003,5bd62096,multi_cycle,1.0,Anllia,plug_1,Tapo P110,P110,243.108,0.913,0.031,0.031,,on,-67,,final structured mixer NILM recording,2026-06-02 23:21:41
2026-06-02 17:21:42.859956+00:00,219.458,mixer_grinder,anllia_plug1_mixer_final_2026-06-02_S003,5bd62096,multi_cycle,1.0,Anllia,plug_1,Tapo P110,P110,243.108,0.912,0.031,0.031,,on,-67,,final structured mixer NILM recording,2026-06-02 23:21:42
2026-06-02 17:21:44.264605+00:00,219.402,mixer_grinder,anllia_plug1_mixer_final_2026-06-02_S003,5bd62096,multi_cycle,1.0,Anllia,plug_1,Tapo P110,P110,243.239,0.912,0.031,0.031,,on,-67,,final structured mixer NILM recording,2026-06-02 23:21:44
2026-06-02 17:21:45.608161+00:00,219.229,mixer_grinder,anllia_plug1_mixer_final_2026-06-02_S003,5bd62096,multi_cycle,1.0,Anllia,plug_1,Tapo P110,P110,243.239,0.911,0.031,0.031,,on,-67,,final structured mixer NILM recording,2026-06-02 23:21:45
2026-06-02 17:21:48.021757+00:00,219.347,mixer_grinder,anllia_plug1_mixer_final_2026-06-02_S003,5bd62096,multi_cycle,1.0,Anllia,plug_1,Tapo P110,P110,243.3,0.911,0.031,0.031,,on,-68,,final structured mixer NILM recording,2026-06-02 23:21:48
2026-06-02 17:21:49.352894+00:00,218.739,mixer_grinder,anllia_plug1_mixer_final_2026-06-02_S003,5bd62096,multi_cycle,1.0,Anllia,plug_1,Tapo P110,P110,243.3,0.908,0.031,0.031,,on,-67,,final structured mixer NILM recording,2026-06-02 23:21:49
2026-06-02 17:21:50.668014+00:00,2.146,mixer_grinder,anllia_plug1_mixer_final_2026-06-02_S003,5bd62096,multi_cycle,1.0,Anllia,plug_1,Tapo P110,P110,244.158,0.908,0.031,0.031,,on,-67,,final structured mixer NILM recording,2026-06-02 23:21:50
2026-06-02 17:21:51.989831+00:00,2.563,mixer_grinder,anllia_plug1_mixer_final_2026-06-02_S003,5bd62096,multi_cycle,1.0,Anllia,plug_1,Tapo P110,P110,244.158,0.012,0.031,0.031,,on,-66,,final structured mixer NILM recording,2026-06-02 23:21:51
2026-06-02 17:21:53.337913+00:00,2.563,mixer_grinder,anllia_plug1_mixer_final_2026-06-02_S003,5bd62096,multi_cycle,1.0,Anllia,plug_1,Tapo P110,P110,243.836,0.012,0.031,0.031,,on,-69,,final structured mixer NILM recording,2026-06-02 23:21:53
2026-06-02 17:21:54.625244+00:00,2.467,mixer_grinder,anllia_plug1_mixer_final_2026-06-02_S003,5bd62096,multi_cycle,1.0,Anllia,plug_1,Tapo P110,P110,243.836,0.012,0.031,0.031,,on,-69,,final structured mixer NILM recording,2026-06-02 23:21:54
2026-06-02 17:21:56.855647+00:00,2.41,mixer_grinder,anllia_plug1_mixer_final_2026-06-02_S003,5bd62096,multi_cycle,1.0,Anllia,plug_1,Tapo P110,P110,243.805,0.011,0.031,0.031,,on,-69,,final structured mixer NILM recording,2026-06-02 23:21:56
2026-06-02 17:21:58.186654+00:00,2.365,mixer_grinder,anllia_plug1_mixer_final_2026-06-02_S003,5bd62096,multi_cycle,1.0,Anllia,plug_1,Tapo P110,P110,243.805,0.011,0.031,0.031,,on,-68,,final structured mixer NILM recording,2026-06-02 23:21:58
2026-06-02 17:21:59.583484+00:00,2.391,mixer_grinder,anllia_plug1_mixer_final_2026-06-02_S003,5bd62096,multi_cycle,1.0,Anllia,plug_1,Tapo P110,P110,243.517,0.011,0.031,0.031,,on,-68,,final structured mixer NILM recording,2026-06-02 23:21:59
2026-06-02 17:22:00.959006+00:00,2.498,mixer_grinder,anllia_plug1_mixer_final_2026-06-02_S003,5bd62096,multi_cycle,1.0,Anllia,plug_1,Tapo P110,P110,243.517,0.011,0.031,0.031,,on,-70,,final structured mixer NILM recording,2026-06-02 23:22:00
2026-06-02 17:22:02.439742+00:00,2.468,mixer_grinder,anllia_plug1_mixer_final_2026-06-02_S003,5bd62096,multi_cycle,1.0,Anllia,plug_1,Tapo P110,P110,243.517,0.0,0.031,0.031,,on,-67,,final structured mixer NILM recording,2026-06-02 23:22:02
2026-06-02 17:41:11.921255+00:00,0.0,electric_kettle,alaina_plug4_kettle_boil_2026-06-02_S001,S001,boil,2.0,Alaina,plug_4,NW_P4_Alaina,P110,233.379,0.0,0.012,0.012,,on,-59,,kettle boil session 1,2026-06-02 23:11:11
2026-06-02 17:41:14.197144+00:00,0.0,electric_kettle,alaina_plug4_kettle_boil_2026-06-02_S001,S001,boil,2.0,Alaina,plug_4,NW_P4_Alaina,P110,233.379,0.0,0.012,0.012,,on,-57,,kettle boil session 1,2026-06-02 23:11:14
2026-06-02 17:41:16.468339+00:00,0.0,electric_kettle,alaina_plug4_kettle_boil_2026-06-02_S001,S001,boil,2.0,Alaina,plug_4,NW_P4_Alaina,P110,233.805,0.0,0.012,0.012,,on,-58,,kettle boil session 1,2026-06-02 23:11:16
2026-06-02 17:41:18.725371+00:00,0.0,electric_kettle,alaina_plug4_kettle_boil_2026-06-02_S001,S001,boil,2.0,Alaina,plug_4,NW_P4_Alaina,P110,233.805,0.0,0.012,0.012,,on,-57,,kettle boil session 1,2026-06-02 23:11:18
2026-06-02 17:41:20.995538+00:00,0.0,electric_kettle,alaina_plug4_kettle_boil_2026-06-02_S001,S001,boil,2.0,Alaina,plug_4,NW_P4_Alaina,P110,233.805,0.0,0.012,0.012,,on,-56,,kettle boil session 1,2026-06-02 23:11:20
2026-06-02 17:41:23.235830+00:00,0.0,electric_kettle,alaina_plug4_kettle_boil_2026-06-02_S001,S001,boil,2.0,Alaina,plug_4,NW_P4_Alaina,P110,233.805,0.0,0.012,0.012,,on,-55,,kettle boil session 1,2026-06-02 23:11:23
2026-06-02 17:41:25.508949+00:00,0.0,electric_kettle,alaina_plug4_kettle_boil_2026-06-02_S001,S001,boil,2.0,Alaina,plug_4,NW_P4_Alaina,P110,233.805,0.0,0.012,0.012,,on,-58,,kettle boil session 1,2026-06-02 23:11:25
2026-06-02 17:41:27.776565+00:00,0.0,electric_kettle,alaina_plug4_kettle_boil_2026-06-02_S001,S001,boil,2.0,Alaina,plug_4,NW_P4_Alaina,P110,233.805,0.0,0.012,0.012,,on,-60,,kettle boil session 1,2026-06-02 23:11:27
2026-06-02 17:41:30.038147+00:00,1415.157,electric_kettle,alaina_plug4_kettle_boil_2026-06-02_S001,S001,boil,2.0,Alaina,plug_4,NW_P4_Alaina,P110,224.482,0.0,0.013,0.013,,on,-60,,kettle boil session 1,2026-06-02 23:11:30
2026-06-02 17:41:32.307093+00:00,1409.436,electric_kettle,alaina_plug4_kettle_boil_2026-06-02_S001,S001,boil,2.0,Alaina,plug_4,NW_P4_Alaina,P110,224.482,6.287,0.014,0.014,,on,-57,,kettle boil session 1,2026-06-02 23:11:32
2026-06-02 17:41:34.586729+00:00,1397.416,electric_kettle,alaina_plug4_kettle_boil_2026-06-02_S001,S001,boil,2.0,Alaina,plug_4,NW_P4_Alaina,P110,224.062,6.247,0.014,0.014,,on,-58,,kettle boil session 1,2026-06-02 23:11:34
2026-06-02 17:41:36.853536+00:00,1394.339,electric_kettle,alaina_plug4_kettle_boil_2026-06-02_S001,S001,boil,2.0,Alaina,plug_4,NW_P4_Alaina,P110,223.616,6.247,0.015,0.015,,on,-59,,kettle boil session 1,2026-06-02 23:11:36
2026-06-02 17:41:39.133914+00:00,1396.029,electric_kettle,alaina_plug4_kettle_boil_2026-06-02_S001,S001,boil,2.0,Alaina,plug_4,NW_P4_Alaina,P110,223.76,6.222,0.016,0.016,,on,-65,,kettle boil session 1,2026-06-02 23:11:39
2026-06-02 17:41:41.403858+00:00,1394.009,electric_kettle,alaina_plug4_kettle_boil_2026-06-02_S001,S001,boil,2.0,Alaina,plug_4,NW_P4_Alaina,P110,223.76,6.218,0.017,0.017,,on,-61,,kettle boil session 1,2026-06-02 23:11:41
2026-06-02 17:41:43.698807+00:00,1395.803,electric_kettle,alaina_plug4_kettle_boil_2026-06-02_S001,S001,boil,2.0,Alaina,plug_4,NW_P4_Alaina,P110,224.025,6.215,0.018,0.018,,on,-59,,kettle boil session 1,2026-06-02 23:11:43
2026-06-02 17:41:45.954532+00:00,1393.57,electric_kettle,alaina_plug4_kettle_boil_2026-06-02_S001,S001,boil,2.0,Alaina,plug_4,NW_P4_Alaina,P110,224.192,6.215,0.019,0.019,,on,-63,,kettle boil session 1,2026-06-02 23:11:45
2026-06-02 17:41:48.317230+00:00,1396.814,electric_kettle,alaina_plug4_kettle_boil_2026-06-02_S001,S001,boil,2.0,Alaina,plug_4,NW_P4_Alaina,P110,224.47,6.205,0.02,0.02,,on,-63,,kettle boil session 1,2026-06-02 23:11:48
2026-06-02 17:41:50.594322+00:00,1395.441,electric_kettle,alaina_plug4_kettle_boil_2026-06-02_S001,S001,boil,2.0,Alaina,plug_4,NW_P4_Alaina,P110,224.429,6.211,0.021,0.021,,on,-63,,kettle boil session 1,2026-06-02 23:11:50
2026-06-02 17:41:52.856776+00:00,1394.046,electric_kettle,alaina_plug4_kettle_boil_2026-06-02_S001,S001,boil,2.0,Alaina,plug_4,NW_P4_Alaina,P110,224.429,6.206,0.021,0.021,,on,-60,,kettle boil session 1,2026-06-02 23:11:52
2026-06-02 17:41:55.114509+00:00,1394.976,electric_kettle,alaina_plug4_kettle_boil_2026-06-02_S001,S001,boil,2.0,Alaina,plug_4,NW_P4_Alaina,P110,224.459,6.205,0.022,0.022,,on,-58,,kettle boil session 1,2026-06-02 23:11:55
2026-06-02 17:41:57.461619+00:00,1394.222,electric_kettle,alaina_plug4_kettle_boil_2026-06-02_S001,S001,boil,2.0,Alaina,plug_4,NW_P4_Alaina,P110,224.452,6.205,0.023,0.023,,on,-59,,kettle boil session 1,2026-06-02 23:11:57
2026-06-02 17:41:59.725230+00:00,1394.837,electric_kettle,alaina_plug4_kettle_boil_2026-06-02_S001,S001,boil,2.0,Alaina,plug_4,NW_P4_Alaina,P110,224.45,6.202,0.024,0.024,,on,-62,,kettle boil session 1,2026-06-02 23:11:59
2026-06-02 17:42:02.004301+00:00,1390.606,electric_kettle,alaina_plug4_kettle_boil_2026-06-02_S001,S001,boil,2.0,Alaina,plug_4,NW_P4_Alaina,P110,224.45,6.194,0.025,0.025,,on,-61,,kettle boil session 1,2026-06-02 23:12:02
2026-06-02 17:42:04.285887+00:00,1390.418,electric_kettle,alaina_plug4_kettle_boil_2026-06-02_S001,S001,boil,2.0,Alaina,plug_4,NW_P4_Alaina,P110,224.105,6.198,0.026,0.026,,on,-61,,kettle boil session 1,2026-06-02 23:12:04
2026-06-02 17:42:06.568940+00:00,1397.506,electric_kettle,alaina_plug4_kettle_boil_2026-06-02_S001,S001,boil,2.0,Alaina,plug_4,NW_P4_Alaina,P110,224.748,6.198,0.027,0.027,,on,-62,,kettle boil session 1,2026-06-02 23:12:06
2026-06-02 17:42:08.850384+00:00,1396.597,electric_kettle,alaina_plug4_kettle_boil_2026-06-02_S001,S001,boil,2.0,Alaina,plug_4,NW_P4_Alaina,P110,224.776,6.207,0.028,0.028,,on,-62,,kettle boil session 1,2026-06-02 23:12:08
2026-06-02 17:42:11.112413+00:00,1396.093,electric_kettle,alaina_plug4_kettle_boil_2026-06-02_S001,S001,boil,2.0,Alaina,plug_4,NW_P4_Alaina,P110,224.776,6.204,0.029,0.029,,on,-64,,kettle boil session 1,2026-06-02 23:12:11
2026-06-02 17:42:13.415621+00:00,1394.809,electric_kettle,alaina_plug4_kettle_boil_2026-06-02_S001,S001,boil,2.0,Alaina,plug_4,NW_P4_Alaina,P110,224.637,6.205,0.029,0.029,,on,-66,,kettle boil session 1,2026-06-02 23:12:13
2026-06-02 17:42:15.671476+00:00,1395.31,electric_kettle,alaina_plug4_kettle_boil_2026-06-02_S001,S001,boil,2.0,Alaina,plug_4,NW_P4_Alaina,P110,224.58,6.205,0.03,0.03,,on,-59,,kettle boil session 1,2026-06-02 23:12:15
2026-06-02 17:42:17.919408+00:00,1395.966,electric_kettle,alaina_plug4_kettle_boil_2026-06-02_S001,S001,boil,2.0,Alaina,plug_4,NW_P4_Alaina,P110,224.723,6.205,0.031,0.031,,on,-61,,kettle boil session 1,2026-06-02 23:12:17
2026-06-02 17:42:20.207381+00:00,1394.837,electric_kettle,alaina_plug4_kettle_boil_2026-06-02_S001,S001,boil,2.0,Alaina,plug_4,NW_P4_Alaina,P110,224.723,6.203,0.032,0.032,,on,-64,,kettle boil session 1,2026-06-02 23:12:20
2026-06-02 17:42:22.473520+00:00,1396.82,electric_kettle,alaina_plug4_kettle_boil_2026-06-02_S001,S001,boil,2.0,Alaina,plug_4,NW_P4_Alaina,P110,224.77,6.203,0.033,0.033,,on,-61,,kettle boil session 1,2026-06-02 23:12:22
2026-06-02 17:42:24.750973+00:00,1394.271,electric_kettle,alaina_plug4_kettle_boil_2026-06-02_S001,S001,boil,2.0,Alaina,plug_4,NW_P4_Alaina,P110,224.657,6.203,0.034,0.034,,on,-68,,kettle boil session 1,2026-06-02 23:12:24
2026-06-02 17:42:27.034120+00:00,1393.076,electric_kettle,alaina_plug4_kettle_boil_2026-06-02_S001,S001,boil,2.0,Alaina,plug_4,NW_P4_Alaina,P110,224.543,6.199,0.035,0.035,,on,-64,,kettle boil session 1,2026-06-02 23:12:27
2026-06-02 17:42:29.291067+00:00,1394.656,electric_kettle,alaina_plug4_kettle_boil_2026-06-02_S001,S001,boil,2.0,Alaina,plug_4,NW_P4_Alaina,P110,224.543,6.201,0.036,0.036,,on,-65,,kettle boil session 1,2026-06-02 23:12:29
2026-06-02 17:42:31.571124+00:00,1392.447,electric_kettle,alaina_plug4_kettle_boil_2026-06-02_S001,S001,boil,2.0,Alaina,plug_4,NW_P4_Alaina,P110,224.53,6.195,0.036,0.036,,on,-68,,kettle boil session 1,2026-06-02 23:12:31
2026-06-02 17:42:33.838435+00:00,1388.933,electric_kettle,alaina_plug4_kettle_boil_2026-06-02_S001,S001,boil,2.0,Alaina,plug_4,NW_P4_Alaina,P110,224.108,6.195,0.037,0.037,,on,-63,,kettle boil session 1,2026-06-02 23:12:33
2026-06-02 17:42:36.102547+00:00,1391.547,electric_kettle,alaina_plug4_kettle_boil_2026-06-02_S001,S001,boil,2.0,Alaina,plug_4,NW_P4_Alaina,P110,224.314,6.192,0.038,0.038,,on,-62,,kettle boil session 1,2026-06-02 23:12:36
2026-06-02 17:42:38.365857+00:00,1398.236,electric_kettle,alaina_plug4_kettle_boil_2026-06-02_S001,S001,boil,2.0,Alaina,plug_4,NW_P4_Alaina,P110,224.314,6.208,0.039,0.039,,on,-59,,kettle boil session 1,2026-06-02 23:12:38
2026-06-02 17:42:40.634429+00:00,1398.744,electric_kettle,alaina_plug4_kettle_boil_2026-06-02_S001,S001,boil,2.0,Alaina,plug_4,NW_P4_Alaina,P110,224.864,6.211,0.04,0.04,,on,-60,,kettle boil session 1,2026-06-02 23:12:40
2026-06-02 17:42:42.913868+00:00,1396.012,electric_kettle,alaina_plug4_kettle_boil_2026-06-02_S001,S001,boil,2.0,Alaina,plug_4,NW_P4_Alaina,P110,224.712,6.211,0.041,0.041,,on,-60,,kettle boil session 1,2026-06-02 23:12:42
2026-06-02 17:42:45.172726+00:00,1395.917,electric_kettle,alaina_plug4_kettle_boil_2026-06-02_S001,S001,boil,2.0,Alaina,plug_4,NW_P4_Alaina,P110,224.657,6.209,0.042,0.042,,on,-59,,kettle boil session 1,2026-06-02 23:12:45
2026-06-02 17:42:47.443333+00:00,1395.905,electric_kettle,alaina_plug4_kettle_boil_2026-06-02_S001,S001,boil,2.0,Alaina,plug_4,NW_P4_Alaina,P110,224.657,6.208,0.043,0.043,,on,-61,,kettle boil session 1,2026-06-02 23:12:47
2026-06-02 17:42:49.706692+00:00,1397.4,electric_kettle,alaina_plug4_kettle_boil_2026-06-02_S001,S001,boil,2.0,Alaina,plug_4,NW_P4_Alaina,P110,224.733,6.205,0.044,0.044,,on,-59,,kettle boil session 1,2026-06-02 23:12:49
2026-06-02 17:42:51.962192+00:00,1396.396,electric_kettle,alaina_plug4_kettle_boil_2026-06-02_S001,S001,boil,2.0,Alaina,plug_4,NW_P4_Alaina,P110,224.746,6.205,0.044,0.044,,on,-58,,kettle boil session 1,2026-06-02 23:12:51
2026-06-02 17:42:54.215160+00:00,1398.089,electric_kettle,alaina_plug4_kettle_boil_2026-06-02_S001,S001,boil,2.0,Alaina,plug_4,NW_P4_Alaina,P110,224.766,6.208,0.045,0.045,,on,-62,,kettle boil session 1,2026-06-02 23:12:54
2026-06-02 17:42:56.469071+00:00,1397.123,electric_kettle,alaina_plug4_kettle_boil_2026-06-02_S001,S001,boil,2.0,Alaina,plug_4,NW_P4_Alaina,P110,224.766,6.204,0.046,0.046,,on,-64,,kettle boil session 1,2026-06-02 23:12:56
2026-06-02 17:42:58.726114+00:00,1397.838,electric_kettle,alaina_plug4_kettle_boil_2026-06-02_S001,S001,boil,2.0,Alaina,plug_4,NW_P4_Alaina,P110,224.925,6.206,0.047,0.047,,on,-64,,kettle boil session 1,2026-06-02 23:12:58
2026-06-02 17:43:00.989013+00:00,1395.79,electric_kettle,alaina_plug4_kettle_boil_2026-06-02_S001,S001,boil,2.0,Alaina,plug_4,NW_P4_Alaina,P110,224.889,6.206,0.048,0.048,,on,-60,,kettle boil session 1,2026-06-02 23:13:00
2026-06-02 17:43:03.246809+00:00,1393.15,electric_kettle,alaina_plug4_kettle_boil_2026-06-02_S001,S001,boil,2.0,Alaina,plug_4,NW_P4_Alaina,P110,224.522,6.198,0.049,0.049,,on,-60,,kettle boil session 1,2026-06-02 23:13:03
2026-06-02 17:43:05.528897+00:00,1393.561,electric_kettle,alaina_plug4_kettle_boil_2026-06-02_S001,S001,boil,2.0,Alaina,plug_4,NW_P4_Alaina,P110,224.522,6.194,0.05,0.05,,on,-61,,kettle boil session 1,2026-06-02 23:13:05
2026-06-02 17:43:07.794223+00:00,1393.561,electric_kettle,alaina_plug4_kettle_boil_2026-06-02_S001,S001,boil,2.0,Alaina,plug_4,NW_P4_Alaina,P110,227.555,6.194,0.05,0.05,,on,-71,,kettle boil session 1,2026-06-02 23:13:07
2026-06-02 17:43:10.076197+00:00,0.0,electric_kettle,alaina_plug4_kettle_boil_2026-06-02_S001,S001,boil,2.0,Alaina,plug_4,NW_P4_Alaina,P110,234.038,0.0,0.05,0.05,,on,-63,,kettle boil session 1,2026-06-02 23:13:10
2026-06-02 17:43:12.364098+00:00,0.0,electric_kettle,alaina_plug4_kettle_boil_2026-06-02_S001,S001,boil,2.0,Alaina,plug_4,NW_P4_Alaina,P110,234.038,0.0,0.05,0.05,,on,-69,,kettle boil session 1,2026-06-02 23:13:12
2026-06-02 17:43:14.697061+00:00,0.0,electric_kettle,alaina_plug4_kettle_boil_2026-06-02_S001,S001,boil,2.0,Alaina,plug_4,NW_P4_Alaina,P110,234.038,0.0,0.05,0.05,,on,-65,,kettle boil session 1,2026-06-02 23:13:14
2026-06-02 17:43:16.962966+00:00,0.0,electric_kettle,alaina_plug4_kettle_boil_2026-06-02_S001,S001,boil,2.0,Alaina,plug_4,NW_P4_Alaina,P110,234.038,0.0,0.05,0.05,,on,-67,,kettle boil session 1,2026-06-02 23:13:16
2026-06-02 17:43:19.219972+00:00,0.0,electric_kettle,alaina_plug4_kettle_boil_2026-06-02_S001,S001,boil,2.0,Alaina,plug_4,NW_P4_Alaina,P110,234.038,0.0,0.05,0.05,,on,-60,,kettle boil session 1,2026-06-02 23:13:19
2026-06-02 17:43:21.488147+00:00,0.0,electric_kettle,alaina_plug4_kettle_boil_2026-06-02_S001,S001,boil,2.0,Alaina,plug_4,NW_P4_Alaina,P110,234.038,0.0,0.05,0.05,,on,-62,,kettle boil session 1,2026-06-02 23:13:21
2026-06-02 17:43:23.751551+00:00,0.0,electric_kettle,alaina_plug4_kettle_boil_2026-06-02_S001,S001,boil,2.0,Alaina,plug_4,NW_P4_Alaina,P110,234.038,0.0,0.05,0.05,,on,-65,,kettle boil session 1,2026-06-02 23:13:23
2026-06-02 17:43:26.043525+00:00,0.0,electric_kettle,alaina_plug4_kettle_boil_2026-06-02_S001,S001,boil,2.0,Alaina,plug_4,NW_P4_Alaina,P110,234.208,0.0,0.05,0.05,,on,-70,,kettle boil session 1,2026-06-02 23:13:26
2026-06-02 17:43:28.318643+00:00,0.0,electric_kettle,alaina_plug4_kettle_boil_2026-06-02_S001,S001,boil,2.0,Alaina,plug_4,NW_P4_Alaina,P110,234.208,0.0,0.05,0.05,,on,-71,,kettle boil session 1,2026-06-02 23:13:28
2026-06-02 17:43:30.589748+00:00,0.0,electric_kettle,alaina_plug4_kettle_boil_2026-06-02_S001,S001,boil,2.0,Alaina,plug_4,NW_P4_Alaina,P110,234.208,0.0,0.05,0.05,,on,-63,,kettle boil session 1,2026-06-02 23:13:30
2026-06-02 17:43:32.862829+00:00,0.0,electric_kettle,alaina_plug4_kettle_boil_2026-06-02_S001,S001,boil,2.0,Alaina,plug_4,NW_P4_Alaina,P110,234.208,0.0,0.05,0.05,,on,-67,,kettle boil session 1,2026-06-02 23:13:32
2026-06-02 17:43:35.139916+00:00,0.0,electric_kettle,alaina_plug4_kettle_boil_2026-06-02_S001,S001,boil,2.0,Alaina,plug_4,NW_P4_Alaina,P110,234.208,0.0,0.05,0.05,,on,-68,,kettle boil session 1,2026-06-02 23:13:35
2026-06-02 17:43:37.409765+00:00,0.0,electric_kettle,alaina_plug4_kettle_boil_2026-06-02_S001,S001,boil,2.0,Alaina,plug_4,NW_P4_Alaina,P110,234.208,0.0,0.05,0.05,,on,-64,,kettle boil session 1,2026-06-02 23:13:37
2026-06-02 17:43:39.692175+00:00,0.0,electric_kettle,alaina_plug4_kettle_boil_2026-06-02_S001,S001,boil,2.0,Alaina,plug_4,NW_P4_Alaina,P110,233.989,0.0,0.05,0.05,,on,-66,,kettle boil session 1,2026-06-02 23:13:39
2026-06-02 17:43:41.955916+00:00,0.0,electric_kettle,alaina_plug4_kettle_boil_2026-06-02_S001,S001,boil,2.0,Alaina,plug_4,NW_P4_Alaina,P110,233.989,0.0,0.05,0.05,,on,-65,,kettle boil session 1,2026-06-02 23:13:41
2026-06-02 17:43:44.228404+00:00,0.0,electric_kettle,alaina_plug4_kettle_boil_2026-06-02_S001,S001,boil,2.0,Alaina,plug_4,NW_P4_Alaina,P110,233.989,0.0,0.05,0.05,,on,-65,,kettle boil session 1,2026-06-02 23:13:44
2026-06-02 17:43:46.485551+00:00,0.0,electric_kettle,alaina_plug4_kettle_boil_2026-06-02_S001,S001,boil,2.0,Alaina,plug_4,NW_P4_Alaina,P110,233.989,0.0,0.05,0.05,,on,-87,,kettle boil session 1,2026-06-02 23:13:46
2026-06-02 17:43:48.738929+00:00,0.0,electric_kettle,alaina_plug4_kettle_boil_2026-06-02_S001,S001,boil,2.0,Alaina,plug_4,NW_P4_Alaina,P110,233.989,0.0,0.05,0.05,,on,-63,,kettle boil session 1,2026-06-02 23:13:48
2026-06-02 17:43:51.006257+00:00,0.0,electric_kettle,alaina_plug4_kettle_boil_2026-06-02_S001,S001,boil,2.0,Alaina,plug_4,NW_P4_Alaina,P110,233.989,0.0,0.05,0.05,,on,-60,,kettle boil session 1,2026-06-02 23:13:51
2026-06-02 17:43:53.283805+00:00,0.0,electric_kettle,alaina_plug4_kettle_boil_2026-06-02_S001,S001,boil,2.0,Alaina,plug_4,NW_P4_Alaina,P110,234.045,0.0,0.05,0.05,,on,-62,,kettle boil session 1,2026-06-02 23:13:53
2026-06-02 17:43:55.569453+00:00,0.0,electric_kettle,alaina_plug4_kettle_boil_2026-06-02_S001,S001,boil,2.0,Alaina,plug_4,NW_P4_Alaina,P110,234.045,0.0,0.05,0.05,,on,-63,,kettle boil session 1,2026-06-02 23:13:55
2026-06-02 17:43:57.838268+00:00,0.0,electric_kettle,alaina_plug4_kettle_boil_2026-06-02_S001,S001,boil,2.0,Alaina,plug_4,NW_P4_Alaina,P110,234.045,0.0,0.05,0.05,,on,-60,,kettle boil session 1,2026-06-02 23:13:57
2026-06-02 17:44:00.103455+00:00,0.0,electric_kettle,alaina_plug4_kettle_boil_2026-06-02_S001,S001,boil,2.0,Alaina,plug_4,NW_P4_Alaina,P110,234.045,0.0,0.05,0.05,,on,-59,,kettle boil session 1,2026-06-02 23:14:00
2026-06-02 17:44:02.375148+00:00,0.0,electric_kettle,alaina_plug4_kettle_boil_2026-06-02_S001,S001,boil,2.0,Alaina,plug_4,NW_P4_Alaina,P110,234.045,0.0,0.05,0.05,,on,-60,,kettle boil session 1,2026-06-02 23:14:02
2026-06-02 17:44:04.622968+00:00,0.0,electric_kettle,alaina_plug4_kettle_boil_2026-06-02_S001,S001,boil,2.0,Alaina,plug_4,NW_P4_Alaina,P110,234.045,0.0,0.05,0.05,,on,-62,,kettle boil session 1,2026-06-02 23:14:04
2026-06-02 17:44:06.894128+00:00,0.0,electric_kettle,alaina_plug4_kettle_boil_2026-06-02_S001,S001,boil,2.0,Alaina,plug_4,NW_P4_Alaina,P110,233.763,0.0,0.05,0.05,,on,-64,,kettle boil session 1,2026-06-02 23:14:06
2026-06-02 17:44:09.170229+00:00,0.0,electric_kettle,alaina_plug4_kettle_boil_2026-06-02_S001,S001,boil,2.0,Alaina,plug_4,NW_P4_Alaina,P110,233.763,0.0,0.05,0.05,,on,-64,,kettle boil session 1,2026-06-02 23:14:09
2026-06-02 17:44:11.429739+00:00,0.0,electric_kettle,alaina_plug4_kettle_boil_2026-06-02_S001,S001,boil,2.0,Alaina,plug_4,NW_P4_Alaina,P110,233.763,0.0,0.05,0.05,,on,-61,,kettle boil session 1,2026-06-02 23:14:11
2026-06-02 17:44:13.680495+00:00,0.0,electric_kettle,alaina_plug4_kettle_boil_2026-06-02_S001,S001,boil,2.0,Alaina,plug_4,NW_P4_Alaina,P110,233.763,0.0,0.05,0.05,,on,-64,,kettle boil session 1,2026-06-02 23:14:13
2026-06-02 17:44:15.953886+00:00,0.0,electric_kettle,alaina_plug4_kettle_boil_2026-06-02_S001,S001,boil,2.0,Alaina,plug_4,NW_P4_Alaina,P110,233.763,0.0,0.05,0.05,,on,-62,,kettle boil session 1,2026-06-02 23:14:15
2026-06-02 17:44:18.217696+00:00,0.0,electric_kettle,alaina_plug4_kettle_boil_2026-06-02_S001,S001,boil,2.0,Alaina,plug_4,NW_P4_Alaina,P110,233.763,0.0,0.05,0.05,,on,-63,,kettle boil session 1,2026-06-02 23:14:18
2026-06-02 17:51:55.935118+00:00,0.0,electric_kettle,alaina_plug4_kettle_boil_2026-06-02_S002,S002,boil,2.0,Alaina,plug_4,NW_P4_Alaina,P110,230.517,0.0,,,,on,-53,,kettle boil session 2,2026-06-02 23:21:55
2026-06-02 17:51:58.212823+00:00,0.0,electric_kettle,alaina_plug4_kettle_boil_2026-06-02_S002,S002,boil,2.0,Alaina,plug_4,NW_P4_Alaina,P110,230.517,0.0,0.05,0.05,,on,-52,,kettle boil session 2,2026-06-02 23:21:58
2026-06-02 17:52:00.481505+00:00,0.0,electric_kettle,alaina_plug4_kettle_boil_2026-06-02_S002,S002,boil,2.0,Alaina,plug_4,NW_P4_Alaina,P110,230.517,0.0,0.05,0.05,,on,-53,,kettle boil session 2,2026-06-02 23:22:00
2026-06-02 17:52:02.777051+00:00,0.0,electric_kettle,alaina_plug4_kettle_boil_2026-06-02_S002,S002,boil,2.0,Alaina,plug_4,NW_P4_Alaina,P110,230.517,0.0,0.05,0.05,,on,-53,,kettle boil session 2,2026-06-02 23:22:02
2026-06-02 17:52:05.028132+00:00,0.0,electric_kettle,alaina_plug4_kettle_boil_2026-06-02_S002,S002,boil,2.0,Alaina,plug_4,NW_P4_Alaina,P110,230.517,0.0,0.05,0.05,,on,-53,,kettle boil session 2,2026-06-02 23:22:05
2026-06-02 17:52:07.281979+00:00,0.0,electric_kettle,alaina_plug4_kettle_boil_2026-06-02_S002,S002,boil,2.0,Alaina,plug_4,NW_P4_Alaina,P110,231.004,0.0,0.05,0.05,,on,-57,,kettle boil session 2,2026-06-02 23:22:07
2026-06-02 17:52:09.598760+00:00,0.0,electric_kettle,alaina_plug4_kettle_boil_2026-06-02_S002,S002,boil,2.0,Alaina,plug_4,NW_P4_Alaina,P110,231.004,0.0,0.05,0.05,,on,-54,,kettle boil session 2,2026-06-02 23:22:09
2026-06-02 17:52:11.864031+00:00,0.0,electric_kettle,alaina_plug4_kettle_boil_2026-06-02_S002,S002,boil,2.0,Alaina,plug_4,NW_P4_Alaina,P110,231.004,0.0,0.05,0.05,,on,-53,,kettle boil session 2,2026-06-02 23:22:11
2026-06-02 17:52:14.139141+00:00,0.0,electric_kettle,alaina_plug4_kettle_boil_2026-06-02_S002,S002,boil,2.0,Alaina,plug_4,NW_P4_Alaina,P110,231.004,0.0,0.05,0.05,,on,-56,,kettle boil session 2,2026-06-02 23:22:14
2026-06-02 17:52:16.389352+00:00,0.0,electric_kettle,alaina_plug4_kettle_boil_2026-06-02_S002,S002,boil,2.0,Alaina,plug_4,NW_P4_Alaina,P110,231.004,0.0,0.05,0.05,,on,-58,,kettle boil session 2,2026-06-02 23:22:16
2026-06-02 17:52:18.674116+00:00,0.0,electric_kettle,alaina_plug4_kettle_boil_2026-06-02_S002,S002,boil,2.0,Alaina,plug_4,NW_P4_Alaina,P110,231.004,0.0,0.05,0.05,,on,-55,,kettle boil session 2,2026-06-02 23:22:18
2026-06-02 17:52:20.950377+00:00,0.0,electric_kettle,alaina_plug4_kettle_boil_2026-06-02_S002,S002,boil,2.0,Alaina,plug_4,NW_P4_Alaina,P110,230.982,0.0,0.05,0.05,,on,-55,,kettle boil session 2,2026-06-02 23:22:20
2026-06-02 17:52:23.228983+00:00,0.0,electric_kettle,alaina_plug4_kettle_boil_2026-06-02_S002,S002,boil,2.0,Alaina,plug_4,NW_P4_Alaina,P110,230.982,0.0,0.05,0.05,,on,-57,,kettle boil session 2,2026-06-02 23:22:23
2026-06-02 17:52:25.490152+00:00,1288.244,electric_kettle,alaina_plug4_kettle_boil_2026-06-02_S002,S002,boil,2.0,Alaina,plug_4,NW_P4_Alaina,P110,230.982,5.856,0.05,0.05,,on,-58,,kettle boil session 2,2026-06-02 23:22:25
2026-06-02 17:52:27.759761+00:00,1382.987,electric_kettle,alaina_plug4_kettle_boil_2026-06-02_S002,S002,boil,2.0,Alaina,plug_4,NW_P4_Alaina,P110,222.094,5.856,0.051,0.051,,on,-58,,kettle boil session 2,2026-06-02 23:22:27
2026-06-02 17:52:30.019679+00:00,1376.455,electric_kettle,alaina_plug4_kettle_boil_2026-06-02_S002,S002,boil,2.0,Alaina,plug_4,NW_P4_Alaina,P110,221.776,6.217,0.052,0.052,,on,-56,,kettle boil session 2,2026-06-02 23:22:30
2026-06-02 17:52:32.277579+00:00,1374.897,electric_kettle,alaina_plug4_kettle_boil_2026-06-02_S002,S002,boil,2.0,Alaina,plug_4,NW_P4_Alaina,P110,221.776,6.191,0.053,0.053,,on,-56,,kettle boil session 2,2026-06-02 23:22:32
2026-06-02 17:52:34.550633+00:00,1375.511,electric_kettle,alaina_plug4_kettle_boil_2026-06-02_S002,S002,boil,2.0,Alaina,plug_4,NW_P4_Alaina,P110,222.267,6.182,0.054,0.054,,on,-58,,kettle boil session 2,2026-06-02 23:22:34
2026-06-02 17:52:36.815905+00:00,1372.81,electric_kettle,alaina_plug4_kettle_boil_2026-06-02_S002,S002,boil,2.0,Alaina,plug_4,NW_P4_Alaina,P110,222.185,6.182,0.054,0.054,,on,-55,,kettle boil session 2,2026-06-02 23:22:36
2026-06-02 17:52:39.082520+00:00,1373.742,electric_kettle,alaina_plug4_kettle_boil_2026-06-02_S002,S002,boil,2.0,Alaina,plug_4,NW_P4_Alaina,P110,222.469,6.162,0.055,0.055,,on,-56,,kettle boil session 2,2026-06-02 23:22:39
2026-06-02 17:52:41.347869+00:00,1374.525,electric_kettle,alaina_plug4_kettle_boil_2026-06-02_S002,S002,boil,2.0,Alaina,plug_4,NW_P4_Alaina,P110,222.469,6.168,0.056,0.056,,on,-55,,kettle boil session 2,2026-06-02 23:22:41
2026-06-02 17:52:43.701121+00:00,1372.722,electric_kettle,alaina_plug4_kettle_boil_2026-06-02_S002,S002,boil,2.0,Alaina,plug_4,NW_P4_Alaina,P110,222.64,6.162,0.057,0.057,,on,-57,,kettle boil session 2,2026-06-02 23:22:43
2026-06-02 17:52:45.934670+00:00,1375.587,electric_kettle,alaina_plug4_kettle_boil_2026-06-02_S002,S002,boil,2.0,Alaina,plug_4,NW_P4_Alaina,P110,222.765,6.162,0.058,0.058,,on,-57,,kettle boil session 2,2026-06-02 23:22:45
2026-06-02 17:52:48.211015+00:00,1373.738,electric_kettle,alaina_plug4_kettle_boil_2026-06-02_S002,S002,boil,2.0,Alaina,plug_4,NW_P4_Alaina,P110,222.654,6.164,0.059,0.059,,on,-56,,kettle boil session 2,2026-06-02 23:22:48
2026-06-02 17:52:50.571557+00:00,1369.162,electric_kettle,alaina_plug4_kettle_boil_2026-06-02_S002,S002,boil,2.0,Alaina,plug_4,NW_P4_Alaina,P110,222.115,6.152,0.06,0.06,,on,-65,,kettle boil session 2,2026-06-02 23:22:50
2026-06-02 17:52:52.845687+00:00,1371.843,electric_kettle,alaina_plug4_kettle_boil_2026-06-02_S002,S002,boil,2.0,Alaina,plug_4,NW_P4_Alaina,P110,222.115,6.157,0.061,0.061,,on,-61,,kettle boil session 2,2026-06-02 23:22:52
2026-06-02 17:52:55.107140+00:00,1368.771,electric_kettle,alaina_plug4_kettle_boil_2026-06-02_S002,S002,boil,2.0,Alaina,plug_4,NW_P4_Alaina,P110,222.378,6.15,0.061,0.061,,on,-60,,kettle boil session 2,2026-06-02 23:22:55
2026-06-02 17:52:57.385312+00:00,1369.115,electric_kettle,alaina_plug4_kettle_boil_2026-06-02_S002,S002,boil,2.0,Alaina,plug_4,NW_P4_Alaina,P110,222.356,6.15,0.062,0.062,,on,-60,,kettle boil session 2,2026-06-02 23:22:57
2026-06-02 17:52:59.646903+00:00,1371.75,electric_kettle,alaina_plug4_kettle_boil_2026-06-02_S002,S002,boil,2.0,Alaina,plug_4,NW_P4_Alaina,P110,222.574,6.153,0.063,0.063,,on,-58,,kettle boil session 2,2026-06-02 23:22:59
2026-06-02 17:53:01.914721+00:00,1371.616,electric_kettle,alaina_plug4_kettle_boil_2026-06-02_S002,S002,boil,2.0,Alaina,plug_4,NW_P4_Alaina,P110,222.574,6.155,0.064,0.064,,on,-56,,kettle boil session 2,2026-06-02 23:23:01
2026-06-02 17:53:04.191526+00:00,1370.08,electric_kettle,alaina_plug4_kettle_boil_2026-06-02_S002,S002,boil,2.0,Alaina,plug_4,NW_P4_Alaina,P110,222.538,6.152,0.065,0.065,,on,-56,,kettle boil session 2,2026-06-02 23:23:04
2026-06-02 17:53:06.582497+00:00,1367.151,electric_kettle,alaina_plug4_kettle_boil_2026-06-02_S002,S002,boil,2.0,Alaina,plug_4,NW_P4_Alaina,P110,222.234,6.152,0.066,0.066,,on,-59,,kettle boil session 2,2026-06-02 23:23:06
2026-06-02 17:53:08.825789+00:00,1371.095,electric_kettle,alaina_plug4_kettle_boil_2026-06-02_S002,S002,boil,2.0,Alaina,plug_4,NW_P4_Alaina,P110,222.559,6.145,0.067,0.067,,on,-56,,kettle boil session 2,2026-06-02 23:23:08
2026-06-02 17:53:11.059945+00:00,1366.507,electric_kettle,alaina_plug4_kettle_boil_2026-06-02_S002,S002,boil,2.0,Alaina,plug_4,NW_P4_Alaina,P110,222.559,6.143,0.067,0.067,,on,-56,,kettle boil session 2,2026-06-02 23:23:11
2026-06-02 17:53:13.304202+00:00,1367.208,electric_kettle,alaina_plug4_kettle_boil_2026-06-02_S002,S002,boil,2.0,Alaina,plug_4,NW_P4_Alaina,P110,221.93,6.145,0.068,0.068,,on,-56,,kettle boil session 2,2026-06-02 23:23:13
2026-06-02 17:53:15.586780+00:00,1367.259,electric_kettle,alaina_plug4_kettle_boil_2026-06-02_S002,S002,boil,2.0,Alaina,plug_4,NW_P4_Alaina,P110,222.239,6.145,0.069,0.069,,on,-56,,kettle boil session 2,2026-06-02 23:23:15
2026-06-02 17:53:17.841901+00:00,1369.18,electric_kettle,alaina_plug4_kettle_boil_2026-06-02_S002,S002,boil,2.0,Alaina,plug_4,NW_P4_Alaina,P110,222.406,6.148,0.07,0.07,,on,-56,,kettle boil session 2,2026-06-02 23:23:17
2026-06-02 17:53:20.106193+00:00,1369.032,electric_kettle,alaina_plug4_kettle_boil_2026-06-02_S002,S002,boil,2.0,Alaina,plug_4,NW_P4_Alaina,P110,222.406,6.149,0.071,0.071,,on,-56,,kettle boil session 2,2026-06-02 23:23:20
2026-06-02 17:53:22.366813+00:00,1369.956,electric_kettle,alaina_plug4_kettle_boil_2026-06-02_S002,S002,boil,2.0,Alaina,plug_4,NW_P4_Alaina,P110,222.43,6.149,0.072,0.072,,on,-55,,kettle boil session 2,2026-06-02 23:23:22
2026-06-02 17:53:24.642307+00:00,1369.349,electric_kettle,alaina_plug4_kettle_boil_2026-06-02_S002,S002,boil,2.0,Alaina,plug_4,NW_P4_Alaina,P110,222.473,6.149,0.073,0.073,,on,-56,,kettle boil session 2,2026-06-02 23:23:24
2026-06-02 17:53:26.913207+00:00,1368.011,electric_kettle,alaina_plug4_kettle_boil_2026-06-02_S002,S002,boil,2.0,Alaina,plug_4,NW_P4_Alaina,P110,222.377,6.147,0.073,0.073,,on,-56,,kettle boil session 2,2026-06-02 23:23:26
2026-06-02 17:53:29.188627+00:00,1366.655,electric_kettle,alaina_plug4_kettle_boil_2026-06-02_S002,S002,boil,2.0,Alaina,plug_4,NW_P4_Alaina,P110,222.377,6.141,0.074,0.074,,on,-56,,kettle boil session 2,2026-06-02 23:23:29
2026-06-02 17:53:31.474104+00:00,1362.926,electric_kettle,alaina_plug4_kettle_boil_2026-06-02_S002,S002,boil,2.0,Alaina,plug_4,NW_P4_Alaina,P110,221.958,6.132,0.075,0.075,,on,-56,,kettle boil session 2,2026-06-02 23:23:31
2026-06-02 17:53:33.726383+00:00,1365.169,electric_kettle,alaina_plug4_kettle_boil_2026-06-02_S002,S002,boil,2.0,Alaina,plug_4,NW_P4_Alaina,P110,222.16,6.132,0.076,0.076,,on,-56,,kettle boil session 2,2026-06-02 23:23:33
2026-06-02 17:53:36.004064+00:00,1361.153,electric_kettle,alaina_plug4_kettle_boil_2026-06-02_S002,S002,boil,2.0,Alaina,plug_4,NW_P4_Alaina,P110,221.858,6.133,0.077,0.077,,on,-55,,kettle boil session 2,2026-06-02 23:23:36
2026-06-02 17:53:38.288324+00:00,1360.008,electric_kettle,alaina_plug4_kettle_boil_2026-06-02_S002,S002,boil,2.0,Alaina,plug_4,NW_P4_Alaina,P110,221.858,6.126,0.078,0.078,,on,-56,,kettle boil session 2,2026-06-02 23:23:38
2026-06-02 17:53:40.564386+00:00,1360.963,electric_kettle,alaina_plug4_kettle_boil_2026-06-02_S002,S002,boil,2.0,Alaina,plug_4,NW_P4_Alaina,P110,221.703,6.128,0.079,0.079,,on,-55,,kettle boil session 2,2026-06-02 23:23:40
2026-06-02 17:53:42.817796+00:00,1360.179,electric_kettle,alaina_plug4_kettle_boil_2026-06-02_S002,S002,boil,2.0,Alaina,plug_4,NW_P4_Alaina,P110,221.775,6.128,0.079,0.079,,on,-56,,kettle boil session 2,2026-06-02 23:23:42
2026-06-02 17:53:45.088974+00:00,1364.556,electric_kettle,alaina_plug4_kettle_boil_2026-06-02_S002,S002,boil,2.0,Alaina,plug_4,NW_P4_Alaina,P110,222.136,6.13,0.08,0.08,,on,-56,,kettle boil session 2,2026-06-02 23:23:45
2026-06-02 17:53:47.352402+00:00,1364.239,electric_kettle,alaina_plug4_kettle_boil_2026-06-02_S002,S002,boil,2.0,Alaina,plug_4,NW_P4_Alaina,P110,222.136,6.134,0.081,0.081,,on,-55,,kettle boil session 2,2026-06-02 23:23:47
2026-06-02 17:53:49.633831+00:00,1359.91,electric_kettle,alaina_plug4_kettle_boil_2026-06-02_S002,S002,boil,2.0,Alaina,plug_4,NW_P4_Alaina,P110,221.949,6.124,0.082,0.082,,on,-55,,kettle boil session 2,2026-06-02 23:23:49
2026-06-02 17:53:51.909991+00:00,1364.452,electric_kettle,alaina_plug4_kettle_boil_2026-06-02_S002,S002,boil,2.0,Alaina,plug_4,NW_P4_Alaina,P110,222.175,6.124,0.083,0.083,,on,-56,,kettle boil session 2,2026-06-02 23:23:51
2026-06-02 17:53:54.167858+00:00,1365.022,electric_kettle,alaina_plug4_kettle_boil_2026-06-02_S002,S002,boil,2.0,Alaina,plug_4,NW_P4_Alaina,P110,222.196,6.136,0.084,0.084,,on,-55,,kettle boil session 2,2026-06-02 23:23:54
2026-06-02 17:53:56.446251+00:00,1364.37,electric_kettle,alaina_plug4_kettle_boil_2026-06-02_S002,S002,boil,2.0,Alaina,plug_4,NW_P4_Alaina,P110,222.196,6.134,0.085,0.085,,on,-56,,kettle boil session 2,2026-06-02 23:23:56
2026-06-02 17:53:58.720818+00:00,1366.112,electric_kettle,alaina_plug4_kettle_boil_2026-06-02_S002,S002,boil,2.0,Alaina,plug_4,NW_P4_Alaina,P110,222.188,6.138,0.086,0.086,,on,-56,,kettle boil session 2,2026-06-02 23:23:58
2026-06-02 17:54:00.992857+00:00,1367.21,electric_kettle,alaina_plug4_kettle_boil_2026-06-02_S002,S002,boil,2.0,Alaina,plug_4,NW_P4_Alaina,P110,222.363,6.138,0.086,0.086,,on,-56,,kettle boil session 2,2026-06-02 23:24:00
2026-06-02 17:54:03.257611+00:00,1362.612,electric_kettle,alaina_plug4_kettle_boil_2026-06-02_S002,S002,boil,2.0,Alaina,plug_4,NW_P4_Alaina,P110,221.945,6.13,0.087,0.087,,on,-56,,kettle boil session 2,2026-06-02 23:24:03
2026-06-02 17:54:05.506785+00:00,1362.998,electric_kettle,alaina_plug4_kettle_boil_2026-06-02_S002,S002,boil,2.0,Alaina,plug_4,NW_P4_Alaina,P110,221.945,6.133,0.088,0.088,,on,-56,,kettle boil session 2,2026-06-02 23:24:05
2026-06-02 17:54:07.787907+00:00,1363.419,electric_kettle,alaina_plug4_kettle_boil_2026-06-02_S002,S002,boil,2.0,Alaina,plug_4,NW_P4_Alaina,P110,222.156,6.134,0.089,0.089,,on,-55,,kettle boil session 2,2026-06-02 23:24:07
2026-06-02 17:54:10.050109+00:00,1361.0,electric_kettle,alaina_plug4_kettle_boil_2026-06-02_S002,S002,boil,2.0,Alaina,plug_4,NW_P4_Alaina,P110,221.796,6.134,0.09,0.09,,on,-56,,kettle boil session 2,2026-06-02 23:24:10
2026-06-02 17:54:12.322518+00:00,1366.964,electric_kettle,alaina_plug4_kettle_boil_2026-06-02_S002,S002,boil,2.0,Alaina,plug_4,NW_P4_Alaina,P110,222.286,6.14,0.091,0.091,,on,-55,,kettle boil session 2,2026-06-02 23:24:12
2026-06-02 17:54:14.606917+00:00,1366.198,electric_kettle,alaina_plug4_kettle_boil_2026-06-02_S002,S002,boil,2.0,Alaina,plug_4,NW_P4_Alaina,P110,222.286,6.14,0.092,0.092,,on,-56,,kettle boil session 2,2026-06-02 23:24:14
2026-06-02 17:54:16.887134+00:00,1366.586,electric_kettle,alaina_plug4_kettle_boil_2026-06-02_S002,S002,boil,2.0,Alaina,plug_4,NW_P4_Alaina,P110,222.287,6.141,0.092,0.092,,on,-56,,kettle boil session 2,2026-06-02 23:24:16
2026-06-02 17:54:19.145811+00:00,1367.168,electric_kettle,alaina_plug4_kettle_boil_2026-06-02_S002,S002,boil,2.0,Alaina,plug_4,NW_P4_Alaina,P110,222.311,6.141,0.093,0.093,,on,-56,,kettle boil session 2,2026-06-02 23:24:19
2026-06-02 17:54:21.418766+00:00,1368.44,electric_kettle,alaina_plug4_kettle_boil_2026-06-02_S002,S002,boil,2.0,Alaina,plug_4,NW_P4_Alaina,P110,222.424,6.143,0.094,0.094,,on,-56,,kettle boil session 2,2026-06-02 23:24:21
2026-06-02 17:54:23.680675+00:00,1373.296,electric_kettle,alaina_plug4_kettle_boil_2026-06-02_S002,S002,boil,2.0,Alaina,plug_4,NW_P4_Alaina,P110,222.424,6.155,0.095,0.095,,on,-56,,kettle boil session 2,2026-06-02 23:24:23
2026-06-02 17:54:25.958014+00:00,1371.372,electric_kettle,alaina_plug4_kettle_boil_2026-06-02_S002,S002,boil,2.0,Alaina,plug_4,NW_P4_Alaina,P110,222.755,6.15,0.096,0.096,,on,-56,,kettle boil session 2,2026-06-02 23:24:25
2026-06-02 17:54:28.227489+00:00,1368.91,electric_kettle,alaina_plug4_kettle_boil_2026-06-02_S002,S002,boil,2.0,Alaina,plug_4,NW_P4_Alaina,P110,222.482,6.15,0.097,0.097,,on,-56,,kettle boil session 2,2026-06-02 23:24:28
2026-06-02 17:54:30.509736+00:00,1367.47,electric_kettle,alaina_plug4_kettle_boil_2026-06-02_S002,S002,boil,2.0,Alaina,plug_4,NW_P4_Alaina,P110,222.39,6.138,0.098,0.098,,on,-56,,kettle boil session 2,2026-06-02 23:24:30
2026-06-02 17:54:32.790039+00:00,1372.619,electric_kettle,alaina_plug4_kettle_boil_2026-06-02_S002,S002,boil,2.0,Alaina,plug_4,NW_P4_Alaina,P110,222.39,6.153,0.098,0.098,,on,-55,,kettle boil session 2,2026-06-02 23:24:32
2026-06-02 17:54:35.052221+00:00,1374.425,electric_kettle,alaina_plug4_kettle_boil_2026-06-02_S002,S002,boil,2.0,Alaina,plug_4,NW_P4_Alaina,P110,222.925,6.157,0.099,0.099,,on,-55,,kettle boil session 2,2026-06-02 23:24:35
2026-06-02 17:54:37.336131+00:00,1374.449,electric_kettle,alaina_plug4_kettle_boil_2026-06-02_S002,S002,boil,2.0,Alaina,plug_4,NW_P4_Alaina,P110,222.958,6.157,0.1,0.1,,on,-55,,kettle boil session 2,2026-06-02 23:24:37
2026-06-02 17:54:39.615811+00:00,1374.418,electric_kettle,alaina_plug4_kettle_boil_2026-06-02_S002,S002,boil,2.0,Alaina,plug_4,NW_P4_Alaina,P110,222.953,6.156,0.101,0.101,,on,-55,,kettle boil session 2,2026-06-02 23:24:39
2026-06-02 17:54:41.897922+00:00,1371.359,electric_kettle,alaina_plug4_kettle_boil_2026-06-02_S002,S002,boil,2.0,Alaina,plug_4,NW_P4_Alaina,P110,222.953,6.15,0.101,0.101,,on,-55,,kettle boil session 2,2026-06-02 23:24:41
2026-06-02 17:54:44.159785+00:00,0.0,electric_kettle,alaina_plug4_kettle_boil_2026-06-02_S002,S002,boil,2.0,Alaina,plug_4,NW_P4_Alaina,P110,231.634,0.0,0.101,0.101,,on,-55,,kettle boil session 2,2026-06-02 23:24:44
2026-06-02 17:54:46.418387+00:00,0.0,electric_kettle,alaina_plug4_kettle_boil_2026-06-02_S002,S002,boil,2.0,Alaina,plug_4,NW_P4_Alaina,P110,231.354,0.0,0.101,0.101,,on,-55,,kettle boil session 2,2026-06-02 23:24:46
2026-06-02 17:54:48.691306+00:00,0.0,electric_kettle,alaina_plug4_kettle_boil_2026-06-02_S002,S002,boil,2.0,Alaina,plug_4,NW_P4_Alaina,P110,231.354,0.0,0.101,0.101,,on,-55,,kettle boil session 2,2026-06-02 23:24:48
2026-06-02 17:54:51.042693+00:00,0.0,electric_kettle,alaina_plug4_kettle_boil_2026-06-02_S002,S002,boil,2.0,Alaina,plug_4,NW_P4_Alaina,P110,231.354,0.0,0.101,0.101,,on,-56,,kettle boil session 2,2026-06-02 23:24:51
2026-06-02 17:54:53.320904+00:00,0.0,electric_kettle,alaina_plug4_kettle_boil_2026-06-02_S002,S002,boil,2.0,Alaina,plug_4,NW_P4_Alaina,P110,231.354,0.0,0.101,0.101,,on,-56,,kettle boil session 2,2026-06-02 23:24:53
2026-06-02 17:54:55.591890+00:00,0.0,electric_kettle,alaina_plug4_kettle_boil_2026-06-02_S002,S002,boil,2.0,Alaina,plug_4,NW_P4_Alaina,P110,231.354,0.0,0.101,0.101,,on,-56,,kettle boil session 2,2026-06-02 23:24:55
2026-06-02 17:54:57.861851+00:00,0.0,electric_kettle,alaina_plug4_kettle_boil_2026-06-02_S002,S002,boil,2.0,Alaina,plug_4,NW_P4_Alaina,P110,231.354,0.0,0.101,0.101,,on,-55,,kettle boil session 2,2026-06-02 23:24:57
2026-06-02 17:55:00.139994+00:00,0.0,electric_kettle,alaina_plug4_kettle_boil_2026-06-02_S002,S002,boil,2.0,Alaina,plug_4,NW_P4_Alaina,P110,231.798,0.0,0.101,0.101,,on,-56,,kettle boil session 2,2026-06-02 23:25:00
2026-06-02 17:55:02.388410+00:00,0.0,electric_kettle,alaina_plug4_kettle_boil_2026-06-02_S002,S002,boil,2.0,Alaina,plug_4,NW_P4_Alaina,P110,231.798,0.0,0.101,0.101,,on,-56,,kettle boil session 2,2026-06-02 23:25:02
2026-06-02 17:55:04.635859+00:00,0.0,electric_kettle,alaina_plug4_kettle_boil_2026-06-02_S002,S002,boil,2.0,Alaina,plug_4,NW_P4_Alaina,P110,231.798,0.0,0.101,0.101,,on,-57,,kettle boil session 2,2026-06-02 23:25:04
2026-06-02 17:55:06.906598+00:00,0.0,electric_kettle,alaina_plug4_kettle_boil_2026-06-02_S002,S002,boil,2.0,Alaina,plug_4,NW_P4_Alaina,P110,231.798,0.0,0.101,0.101,,on,-56,,kettle boil session 2,2026-06-02 23:25:06
2026-06-02 17:55:09.182549+00:00,0.0,electric_kettle,alaina_plug4_kettle_boil_2026-06-02_S002,S002,boil,2.0,Alaina,plug_4,NW_P4_Alaina,P110,231.798,0.0,0.101,0.101,,on,-55,,kettle boil session 2,2026-06-02 23:25:09
2026-06-02 17:55:11.464044+00:00,0.0,electric_kettle,alaina_plug4_kettle_boil_2026-06-02_S002,S002,boil,2.0,Alaina,plug_4,NW_P4_Alaina,P110,231.798,0.0,0.101,0.101,,on,-56,,kettle boil session 2,2026-06-02 23:25:11
2026-06-02 18:01:29.888880+00:00,0.0,electric_kettle,alaina_plug4_kettle_boil_2026-06-02_S003,S003,boil,2.0,Alaina,plug_4,NW_P4_Alaina,P110,231.976,0.0,0.101,0.101,,on,-56,,kettle boil session 3,2026-06-02 23:31:29
2026-06-02 18:01:32.160396+00:00,0.0,electric_kettle,alaina_plug4_kettle_boil_2026-06-02_S003,S003,boil,2.0,Alaina,plug_4,NW_P4_Alaina,P110,231.036,0.0,0.101,0.101,,on,-62,,kettle boil session 3,2026-06-02 23:31:32
2026-06-02 18:01:34.418521+00:00,0.0,electric_kettle,alaina_plug4_kettle_boil_2026-06-02_S003,S003,boil,2.0,Alaina,plug_4,NW_P4_Alaina,P110,231.036,0.0,0.101,0.101,,on,-57,,kettle boil session 3,2026-06-02 23:31:34
2026-06-02 18:01:36.696110+00:00,0.0,electric_kettle,alaina_plug4_kettle_boil_2026-06-02_S003,S003,boil,2.0,Alaina,plug_4,NW_P4_Alaina,P110,231.036,0.0,0.101,0.101,,on,-62,,kettle boil session 3,2026-06-02 23:31:36
2026-06-02 18:01:38.970315+00:00,0.0,electric_kettle,alaina_plug4_kettle_boil_2026-06-02_S003,S003,boil,2.0,Alaina,plug_4,NW_P4_Alaina,P110,231.036,0.0,0.101,0.101,,on,-60,,kettle boil session 3,2026-06-02 23:31:38
2026-06-02 18:01:41.203212+00:00,0.0,electric_kettle,alaina_plug4_kettle_boil_2026-06-02_S003,S003,boil,2.0,Alaina,plug_4,NW_P4_Alaina,P110,231.036,0.0,0.102,0.102,,on,-61,,kettle boil session 3,2026-06-02 23:31:41
2026-06-02 18:01:43.454088+00:00,1383.848,electric_kettle,alaina_plug4_kettle_boil_2026-06-02_S003,S003,boil,2.0,Alaina,plug_4,NW_P4_Alaina,P110,222.058,5.979,0.102,0.102,,on,-64,,kettle boil session 3,2026-06-02 23:31:43
2026-06-02 18:01:45.711587+00:00,1367.746,electric_kettle,alaina_plug4_kettle_boil_2026-06-02_S003,S003,boil,2.0,Alaina,plug_4,NW_P4_Alaina,P110,222.058,6.203,0.103,0.103,,on,-60,,kettle boil session 3,2026-06-02 23:31:45
2026-06-02 18:01:48.042960+00:00,1372.521,electric_kettle,alaina_plug4_kettle_boil_2026-06-02_S003,S003,boil,2.0,Alaina,plug_4,NW_P4_Alaina,P110,221.139,6.18,0.104,0.104,,on,-62,,kettle boil session 3,2026-06-02 23:31:48
2026-06-02 18:01:50.314889+00:00,1369.532,electric_kettle,alaina_plug4_kettle_boil_2026-06-02_S003,S003,boil,2.0,Alaina,plug_4,NW_P4_Alaina,P110,221.743,6.18,0.105,0.105,,on,-58,,kettle boil session 3,2026-06-02 23:31:50
2026-06-02 18:01:52.577159+00:00,1366.246,electric_kettle,alaina_plug4_kettle_boil_2026-06-02_S003,S003,boil,2.0,Alaina,plug_4,NW_P4_Alaina,P110,221.549,6.163,0.106,0.106,,on,-57,,kettle boil session 3,2026-06-02 23:31:52
2026-06-02 18:01:54.857279+00:00,1362.509,electric_kettle,alaina_plug4_kettle_boil_2026-06-02_S003,S003,boil,2.0,Alaina,plug_4,NW_P4_Alaina,P110,221.549,6.144,0.107,0.107,,on,-58,,kettle boil session 3,2026-06-02 23:31:54
2026-06-02 18:01:57.122284+00:00,1364.499,electric_kettle,alaina_plug4_kettle_boil_2026-06-02_S003,S003,boil,2.0,Alaina,plug_4,NW_P4_Alaina,P110,221.622,6.144,0.108,0.108,,on,-57,,kettle boil session 3,2026-06-02 23:31:57
2026-06-02 18:01:59.414956+00:00,1363.042,electric_kettle,alaina_plug4_kettle_boil_2026-06-02_S003,S003,boil,2.0,Alaina,plug_4,NW_P4_Alaina,P110,221.802,6.144,0.108,0.108,,on,-57,,kettle boil session 3,2026-06-02 23:31:59
2026-06-02 18:02:01.696486+00:00,1362.419,electric_kettle,alaina_plug4_kettle_boil_2026-06-02_S003,S003,boil,2.0,Alaina,plug_4,NW_P4_Alaina,P110,221.734,6.137,0.109,0.109,,on,-57,,kettle boil session 3,2026-06-02 23:32:01
2026-06-02 18:02:03.956017+00:00,1356.309,electric_kettle,alaina_plug4_kettle_boil_2026-06-02_S003,S003,boil,2.0,Alaina,plug_4,NW_P4_Alaina,P110,221.734,6.127,0.11,0.11,,on,-57,,kettle boil session 3,2026-06-02 23:32:03
2026-06-02 18:02:06.195852+00:00,1350.951,electric_kettle,alaina_plug4_kettle_boil_2026-06-02_S003,S003,boil,2.0,Alaina,plug_4,NW_P4_Alaina,P110,220.989,6.108,0.111,0.111,,on,-58,,kettle boil session 3,2026-06-02 23:32:06
2026-06-02 18:02:08.448809+00:00,1353.876,electric_kettle,alaina_plug4_kettle_boil_2026-06-02_S003,S003,boil,2.0,Alaina,plug_4,NW_P4_Alaina,P110,221.193,6.108,0.112,0.112,,on,-58,,kettle boil session 3,2026-06-02 23:32:08
2026-06-02 18:02:10.724775+00:00,1354.029,electric_kettle,alaina_plug4_kettle_boil_2026-06-02_S003,S003,boil,2.0,Alaina,plug_4,NW_P4_Alaina,P110,221.171,6.113,0.113,0.113,,on,-57,,kettle boil session 3,2026-06-02 23:32:10
2026-06-02 18:02:13.009417+00:00,1352.902,electric_kettle,alaina_plug4_kettle_boil_2026-06-02_S003,S003,boil,2.0,Alaina,plug_4,NW_P4_Alaina,P110,221.171,6.113,0.114,0.114,,on,-58,,kettle boil session 3,2026-06-02 23:32:13
2026-06-02 18:02:15.285588+00:00,1352.093,electric_kettle,alaina_plug4_kettle_boil_2026-06-02_S003,S003,boil,2.0,Alaina,plug_4,NW_P4_Alaina,P110,221.059,6.111,0.114,0.114,,on,-57,,kettle boil session 3,2026-06-02 23:32:15
2026-06-02 18:02:17.571548+00:00,1352.359,electric_kettle,alaina_plug4_kettle_boil_2026-06-02_S003,S003,boil,2.0,Alaina,plug_4,NW_P4_Alaina,P110,221.162,6.111,0.115,0.115,,on,-57,,kettle boil session 3,2026-06-02 23:32:17
2026-06-02 18:02:19.845135+00:00,1351.119,electric_kettle,alaina_plug4_kettle_boil_2026-06-02_S003,S003,boil,2.0,Alaina,plug_4,NW_P4_Alaina,P110,221.022,6.107,0.116,0.116,,on,-58,,kettle boil session 3,2026-06-02 23:32:19
2026-06-02 18:02:22.109654+00:00,1344.557,electric_kettle,alaina_plug4_kettle_boil_2026-06-02_S003,S003,boil,2.0,Alaina,plug_4,NW_P4_Alaina,P110,221.022,6.1,0.117,0.117,,on,-58,,kettle boil session 3,2026-06-02 23:32:22
2026-06-02 18:02:24.385089+00:00,1340.765,electric_kettle,alaina_plug4_kettle_boil_2026-06-02_S003,S003,boil,2.0,Alaina,plug_4,NW_P4_Alaina,P110,219.636,6.085,0.118,0.118,,on,-58,,kettle boil session 3,2026-06-02 23:32:24
2026-06-02 18:02:26.643287+00:00,1341.319,electric_kettle,alaina_plug4_kettle_boil_2026-06-02_S003,S003,boil,2.0,Alaina,plug_4,NW_P4_Alaina,P110,220.038,6.085,0.119,0.119,,on,-58,,kettle boil session 3,2026-06-02 23:32:26
2026-06-02 18:02:28.912679+00:00,1344.532,electric_kettle,alaina_plug4_kettle_boil_2026-06-02_S003,S003,boil,2.0,Alaina,plug_4,NW_P4_Alaina,P110,220.454,6.091,0.119,0.119,,on,-58,,kettle boil session 3,2026-06-02 23:32:28
2026-06-02 18:02:31.213297+00:00,1342.963,electric_kettle,alaina_plug4_kettle_boil_2026-06-02_S003,S003,boil,2.0,Alaina,plug_4,NW_P4_Alaina,P110,220.454,6.091,0.12,0.12,,on,-57,,kettle boil session 3,2026-06-02 23:32:31
2026-06-02 18:02:33.475945+00:00,1341.402,electric_kettle,alaina_plug4_kettle_boil_2026-06-02_S003,S003,boil,2.0,Alaina,plug_4,NW_P4_Alaina,P110,220.222,6.091,0.121,0.121,,on,-58,,kettle boil session 3,2026-06-02 23:32:33
2026-06-02 18:02:35.712061+00:00,1362.431,electric_kettle,alaina_plug4_kettle_boil_2026-06-02_S003,S003,boil,2.0,Alaina,plug_4,NW_P4_Alaina,P110,221.887,6.091,0.122,0.122,,on,-58,,kettle boil session 3,2026-06-02 23:32:35
2026-06-02 18:02:37.973800+00:00,1362.382,electric_kettle,alaina_plug4_kettle_boil_2026-06-02_S003,S003,boil,2.0,Alaina,plug_4,NW_P4_Alaina,P110,221.925,6.132,0.123,0.123,,on,-60,,kettle boil session 3,2026-06-02 23:32:37
2026-06-02 18:02:40.228232+00:00,1357.497,electric_kettle,alaina_plug4_kettle_boil_2026-06-02_S003,S003,boil,2.0,Alaina,plug_4,NW_P4_Alaina,P110,221.925,6.123,0.124,0.124,,on,-58,,kettle boil session 3,2026-06-02 23:32:40
2026-06-02 18:02:42.561699+00:00,1359.45,electric_kettle,alaina_plug4_kettle_boil_2026-06-02_S003,S003,boil,2.0,Alaina,plug_4,NW_P4_Alaina,P110,221.604,6.124,0.125,0.125,,on,-58,,kettle boil session 3,2026-06-02 23:32:42
2026-06-02 18:02:44.827045+00:00,1359.043,electric_kettle,alaina_plug4_kettle_boil_2026-06-02_S003,S003,boil,2.0,Alaina,plug_4,NW_P4_Alaina,P110,221.758,6.124,0.125,0.125,,on,-60,,kettle boil session 3,2026-06-02 23:32:44
2026-06-02 18:02:47.165956+00:00,1358.818,electric_kettle,alaina_plug4_kettle_boil_2026-06-02_S003,S003,boil,2.0,Alaina,plug_4,NW_P4_Alaina,P110,221.654,6.122,0.126,0.126,,on,-63,,kettle boil session 3,2026-06-02 23:32:47
2026-06-02 18:02:49.438676+00:00,1356.214,electric_kettle,alaina_plug4_kettle_boil_2026-06-02_S003,S003,boil,2.0,Alaina,plug_4,NW_P4_Alaina,P110,221.654,6.119,0.127,0.127,,on,-56,,kettle boil session 3,2026-06-02 23:32:49
2026-06-02 18:02:51.721146+00:00,1356.101,electric_kettle,alaina_plug4_kettle_boil_2026-06-02_S003,S003,boil,2.0,Alaina,plug_4,NW_P4_Alaina,P110,221.443,6.117,0.128,0.128,,on,-58,,kettle boil session 3,2026-06-02 23:32:51
2026-06-02 18:02:53.996860+00:00,1355.772,electric_kettle,alaina_plug4_kettle_boil_2026-06-02_S003,S003,boil,2.0,Alaina,plug_4,NW_P4_Alaina,P110,221.444,6.117,0.129,0.129,,on,-58,,kettle boil session 3,2026-06-02 23:32:53
2026-06-02 18:02:56.250813+00:00,1356.313,electric_kettle,alaina_plug4_kettle_boil_2026-06-02_S003,S003,boil,2.0,Alaina,plug_4,NW_P4_Alaina,P110,221.489,6.116,0.13,0.13,,on,-58,,kettle boil session 3,2026-06-02 23:32:56
2026-06-02 18:02:58.525004+00:00,1356.99,electric_kettle,alaina_plug4_kettle_boil_2026-06-02_S003,S003,boil,2.0,Alaina,plug_4,NW_P4_Alaina,P110,221.489,6.122,0.131,0.131,,on,-60,,kettle boil session 3,2026-06-02 23:32:58
2026-06-02 18:03:00.801540+00:00,1354.613,electric_kettle,alaina_plug4_kettle_boil_2026-06-02_S003,S003,boil,2.0,Alaina,plug_4,NW_P4_Alaina,P110,221.372,6.121,0.131,0.131,,on,-64,,kettle boil session 3,2026-06-02 23:33:00
2026-06-02 18:03:03.053076+00:00,1357.019,electric_kettle,alaina_plug4_kettle_boil_2026-06-02_S003,S003,boil,2.0,Alaina,plug_4,NW_P4_Alaina,P110,221.583,6.121,0.132,0.132,,on,-56,,kettle boil session 3,2026-06-02 23:33:03
2026-06-02 18:03:05.326251+00:00,1356.18,electric_kettle,alaina_plug4_kettle_boil_2026-06-02_S003,S003,boil,2.0,Alaina,plug_4,NW_P4_Alaina,P110,221.487,6.117,0.133,0.133,,on,-57,,kettle boil session 3,2026-06-02 23:33:05
2026-06-02 18:03:07.601558+00:00,1356.804,electric_kettle,alaina_plug4_kettle_boil_2026-06-02_S003,S003,boil,2.0,Alaina,plug_4,NW_P4_Alaina,P110,221.487,6.118,0.134,0.134,,on,-58,,kettle boil session 3,2026-06-02 23:33:07
2026-06-02 18:03:09.872806+00:00,1355.17,electric_kettle,alaina_plug4_kettle_boil_2026-06-02_S003,S003,boil,2.0,Alaina,plug_4,NW_P4_Alaina,P110,221.431,6.115,0.135,0.135,,on,-59,,kettle boil session 3,2026-06-02 23:33:09
2026-06-02 18:03:12.119575+00:00,1354.359,electric_kettle,alaina_plug4_kettle_boil_2026-06-02_S003,S003,boil,2.0,Alaina,plug_4,NW_P4_Alaina,P110,221.392,6.115,0.136,0.136,,on,-61,,kettle boil session 3,2026-06-02 23:33:12
2026-06-02 18:03:14.388530+00:00,1353.721,electric_kettle,alaina_plug4_kettle_boil_2026-06-02_S003,S003,boil,2.0,Alaina,plug_4,NW_P4_Alaina,P110,221.245,6.11,0.137,0.137,,on,-60,,kettle boil session 3,2026-06-02 23:33:14
2026-06-02 18:03:16.656993+00:00,1352.101,electric_kettle,alaina_plug4_kettle_boil_2026-06-02_S003,S003,boil,2.0,Alaina,plug_4,NW_P4_Alaina,P110,221.245,6.107,0.137,0.137,,on,-62,,kettle boil session 3,2026-06-02 23:33:16
2026-06-02 18:03:18.946154+00:00,1347.79,electric_kettle,alaina_plug4_kettle_boil_2026-06-02_S003,S003,boil,2.0,Alaina,plug_4,NW_P4_Alaina,P110,220.924,6.098,0.138,0.138,,on,-60,,kettle boil session 3,2026-06-02 23:33:18
2026-06-02 18:03:21.211163+00:00,1353.163,electric_kettle,alaina_plug4_kettle_boil_2026-06-02_S003,S003,boil,2.0,Alaina,plug_4,NW_P4_Alaina,P110,221.31,6.098,0.139,0.139,,on,-62,,kettle boil session 3,2026-06-02 23:33:21
2026-06-02 18:03:23.500021+00:00,1352.565,electric_kettle,alaina_plug4_kettle_boil_2026-06-02_S003,S003,boil,2.0,Alaina,plug_4,NW_P4_Alaina,P110,221.202,6.105,0.14,0.14,,on,-61,,kettle boil session 3,2026-06-02 23:33:23
2026-06-02 18:03:25.760206+00:00,1348.681,electric_kettle,alaina_plug4_kettle_boil_2026-06-02_S003,S003,boil,2.0,Alaina,plug_4,NW_P4_Alaina,P110,221.202,6.098,0.141,0.141,,on,-61,,kettle boil session 3,2026-06-02 23:33:25
2026-06-02 18:03:28.033900+00:00,1346.877,electric_kettle,alaina_plug4_kettle_boil_2026-06-02_S003,S003,boil,2.0,Alaina,plug_4,NW_P4_Alaina,P110,220.831,6.09,0.142,0.142,,on,-58,,kettle boil session 3,2026-06-02 23:33:28
2026-06-02 18:03:30.311049+00:00,1347.414,electric_kettle,alaina_plug4_kettle_boil_2026-06-02_S003,S003,boil,2.0,Alaina,plug_4,NW_P4_Alaina,P110,220.846,6.09,0.143,0.143,,on,-62,,kettle boil session 3,2026-06-02 23:33:30
2026-06-02 18:03:32.592971+00:00,1347.328,electric_kettle,alaina_plug4_kettle_boil_2026-06-02_S003,S003,boil,2.0,Alaina,plug_4,NW_P4_Alaina,P110,220.897,6.092,0.143,0.143,,on,-61,,kettle boil session 3,2026-06-02 23:33:32
2026-06-02 18:03:35.011942+00:00,1348.077,electric_kettle,alaina_plug4_kettle_boil_2026-06-02_S003,S003,boil,2.0,Alaina,plug_4,NW_P4_Alaina,P110,220.897,6.097,0.144,0.144,,on,-62,,kettle boil session 3,2026-06-02 23:33:35
2026-06-02 18:03:37.287061+00:00,1344.606,electric_kettle,alaina_plug4_kettle_boil_2026-06-02_S003,S003,boil,2.0,Alaina,plug_4,NW_P4_Alaina,P110,220.876,6.091,0.145,0.145,,on,-63,,kettle boil session 3,2026-06-02 23:33:37
2026-06-02 18:03:39.547277+00:00,1344.177,electric_kettle,alaina_plug4_kettle_boil_2026-06-02_S003,S003,boil,2.0,Alaina,plug_4,NW_P4_Alaina,P110,220.568,6.091,0.146,0.146,,on,-58,,kettle boil session 3,2026-06-02 23:33:39
2026-06-02 18:03:41.823611+00:00,1347.946,electric_kettle,alaina_plug4_kettle_boil_2026-06-02_S003,S003,boil,2.0,Alaina,plug_4,NW_P4_Alaina,P110,220.975,6.093,0.147,0.147,,on,-59,,kettle boil session 3,2026-06-02 23:33:41
2026-06-02 18:03:44.090230+00:00,1345.719,electric_kettle,alaina_plug4_kettle_boil_2026-06-02_S003,S003,boil,2.0,Alaina,plug_4,NW_P4_Alaina,P110,220.975,6.091,0.148,0.148,,on,-62,,kettle boil session 3,2026-06-02 23:33:44
2026-06-02 18:03:46.377644+00:00,1345.048,electric_kettle,alaina_plug4_kettle_boil_2026-06-02_S003,S003,boil,2.0,Alaina,plug_4,NW_P4_Alaina,P110,220.792,6.082,0.149,0.149,,on,-64,,kettle boil session 3,2026-06-02 23:33:46
2026-06-02 18:03:48.641422+00:00,1360.297,electric_kettle,alaina_plug4_kettle_boil_2026-06-02_S003,S003,boil,2.0,Alaina,plug_4,NW_P4_Alaina,P110,221.967,6.082,0.149,0.149,,on,-61,,kettle boil session 3,2026-06-02 23:33:48
2026-06-02 18:03:50.926940+00:00,1360.963,electric_kettle,alaina_plug4_kettle_boil_2026-06-02_S003,S003,boil,2.0,Alaina,plug_4,NW_P4_Alaina,P110,222.014,6.123,0.15,0.15,,on,-71,,kettle boil session 3,2026-06-02 23:33:50
2026-06-02 18:03:53.190523+00:00,1360.774,electric_kettle,alaina_plug4_kettle_boil_2026-06-02_S003,S003,boil,2.0,Alaina,plug_4,NW_P4_Alaina,P110,222.014,6.123,0.151,0.151,,on,-59,,kettle boil session 3,2026-06-02 23:33:53
2026-06-02 18:03:55.476967+00:00,1361.422,electric_kettle,alaina_plug4_kettle_boil_2026-06-02_S003,S003,boil,2.0,Alaina,plug_4,NW_P4_Alaina,P110,221.95,6.126,0.152,0.152,,on,-60,,kettle boil session 3,2026-06-02 23:33:55
2026-06-02 18:03:57.748304+00:00,1356.412,electric_kettle,alaina_plug4_kettle_boil_2026-06-02_S003,S003,boil,2.0,Alaina,plug_4,NW_P4_Alaina,P110,221.721,6.126,0.153,0.153,,on,-59,,kettle boil session 3,2026-06-02 23:33:57
2026-06-02 18:04:00.128376+00:00,1360.537,electric_kettle,alaina_plug4_kettle_boil_2026-06-02_S003,S003,boil,2.0,Alaina,plug_4,NW_P4_Alaina,P110,221.858,6.11,0.154,0.154,,on,-59,,kettle boil session 3,2026-06-02 23:34:00
2026-06-02 18:04:02.398254+00:00,1360.946,electric_kettle,alaina_plug4_kettle_boil_2026-06-02_S003,S003,boil,2.0,Alaina,plug_4,NW_P4_Alaina,P110,221.887,6.124,0.155,0.155,,on,-57,,kettle boil session 3,2026-06-02 23:34:02
2026-06-02 18:04:04.666874+00:00,1360.275,electric_kettle,alaina_plug4_kettle_boil_2026-06-02_S003,S003,boil,2.0,Alaina,plug_4,NW_P4_Alaina,P110,221.887,6.123,0.156,0.156,,on,-62,,kettle boil session 3,2026-06-02 23:34:04
2026-06-02 18:04:06.943430+00:00,1361.025,electric_kettle,alaina_plug4_kettle_boil_2026-06-02_S003,S003,boil,2.0,Alaina,plug_4,NW_P4_Alaina,P110,221.905,6.125,0.156,0.156,,on,-62,,kettle boil session 3,2026-06-02 23:34:06
2026-06-02 18:04:09.210311+00:00,1362.552,electric_kettle,alaina_plug4_kettle_boil_2026-06-02_S003,S003,boil,2.0,Alaina,plug_4,NW_P4_Alaina,P110,221.908,6.125,0.157,0.157,,on,-62,,kettle boil session 3,2026-06-02 23:34:09
2026-06-02 18:04:11.580796+00:00,1362.452,electric_kettle,alaina_plug4_kettle_boil_2026-06-02_S003,S003,boil,2.0,Alaina,plug_4,NW_P4_Alaina,P110,223.934,6.133,0.158,0.158,,on,-64,,kettle boil session 3,2026-06-02 23:34:11
2026-06-02 18:04:13.832911+00:00,1362.452,electric_kettle,alaina_plug4_kettle_boil_2026-06-02_S003,S003,boil,2.0,Alaina,plug_4,NW_P4_Alaina,P110,223.934,0.0,0.158,0.158,,on,-59,,kettle boil session 3,2026-06-02 23:34:13
2026-06-02 18:04:16.159847+00:00,0.0,electric_kettle,alaina_plug4_kettle_boil_2026-06-02_S003,S003,boil,2.0,Alaina,plug_4,NW_P4_Alaina,P110,230.93,0.0,0.158,0.158,,on,-59,,kettle boil session 3,2026-06-02 23:34:16
2026-06-02 18:04:18.496562+00:00,0.0,electric_kettle,alaina_plug4_kettle_boil_2026-06-02_S003,S003,boil,2.0,Alaina,plug_4,NW_P4_Alaina,P110,230.93,0.0,0.158,0.158,,on,-61,,kettle boil session 3,2026-06-02 23:34:18
2026-06-02 18:04:20.791478+00:00,0.0,electric_kettle,alaina_plug4_kettle_boil_2026-06-02_S003,S003,boil,2.0,Alaina,plug_4,NW_P4_Alaina,P110,230.93,0.0,0.158,0.158,,on,-57,,kettle boil session 3,2026-06-02 23:34:20
2026-06-02 18:04:23.066095+00:00,0.0,electric_kettle,alaina_plug4_kettle_boil_2026-06-02_S003,S003,boil,2.0,Alaina,plug_4,NW_P4_Alaina,P110,230.93,0.0,0.158,0.158,,on,-60,,kettle boil session 3,2026-06-02 23:34:23
2026-06-02 18:04:25.330670+00:00,0.0,electric_kettle,alaina_plug4_kettle_boil_2026-06-02_S003,S003,boil,2.0,Alaina,plug_4,NW_P4_Alaina,P110,230.93,0.0,0.158,0.158,,on,-62,,kettle boil session 3,2026-06-02 23:34:25
2026-06-02 18:04:27.596557+00:00,0.0,electric_kettle,alaina_plug4_kettle_boil_2026-06-02_S003,S003,boil,2.0,Alaina,plug_4,NW_P4_Alaina,P110,230.93,0.0,0.158,0.158,,on,-63,,kettle boil session 3,2026-06-02 23:34:27
2026-06-02 18:04:29.859674+00:00,0.0,electric_kettle,alaina_plug4_kettle_boil_2026-06-02_S003,S003,boil,2.0,Alaina,plug_4,NW_P4_Alaina,P110,230.357,0.0,0.158,0.158,,on,-59,,kettle boil session 3,2026-06-02 23:34:29
2026-06-02 18:04:32.139769+00:00,0.0,electric_kettle,alaina_plug4_kettle_boil_2026-06-02_S003,S003,boil,2.0,Alaina,plug_4,NW_P4_Alaina,P110,230.357,0.0,0.158,0.158,,on,-62,,kettle boil session 3,2026-06-02 23:34:32
2026-06-02 18:04:34.408253+00:00,0.0,electric_kettle,alaina_plug4_kettle_boil_2026-06-02_S003,S003,boil,2.0,Alaina,plug_4,NW_P4_Alaina,P110,230.357,0.0,0.158,0.158,,on,-61,,kettle boil session 3,2026-06-02 23:34:34
2026-06-02 18:04:36.801087+00:00,0.0,electric_kettle,alaina_plug4_kettle_boil_2026-06-02_S003,S003,boil,2.0,Alaina,plug_4,NW_P4_Alaina,P110,230.357,0.0,0.158,0.158,,on,-69,,kettle boil session 3,2026-06-02 23:34:36
2026-06-02 18:04:39.047057+00:00,0.0,electric_kettle,alaina_plug4_kettle_boil_2026-06-02_S003,S003,boil,2.0,Alaina,plug_4,NW_P4_Alaina,P110,230.357,0.0,0.158,0.158,,on,-65,,kettle boil session 3,2026-06-02 23:34:39
2026-06-03 10:08:08.322447+00:00,0.0,fan,alaina_plug4_tablefan_speed1_2026-06-03_S004,S004,speed_1,5.0,Alaina,plug_4,NW_P4_Alaina,P110,250.412,0.0,0.002,0.002,,on,-19,,"table fan speed 1, connected through adapter plug, 15 min recording",2026-06-03 15:38:08
2026-06-03 10:08:13.601292+00:00,0.0,fan,alaina_plug4_tablefan_speed1_2026-06-03_S004,S004,speed_1,5.0,Alaina,plug_4,NW_P4_Alaina,P110,250.412,0.0,0.002,0.002,,on,-19,,"table fan speed 1, connected through adapter plug, 15 min recording",2026-06-03 15:38:13
2026-06-03 10:08:18.875824+00:00,0.0,fan,alaina_plug4_tablefan_speed1_2026-06-03_S004,S004,speed_1,5.0,Alaina,plug_4,NW_P4_Alaina,P110,248.76,0.0,0.002,0.002,,on,-19,,"table fan speed 1, connected through adapter plug, 15 min recording",2026-06-03 15:38:18
2026-06-03 10:08:24.135633+00:00,0.0,fan,alaina_plug4_tablefan_speed1_2026-06-03_S004,S004,speed_1,5.0,Alaina,plug_4,NW_P4_Alaina,P110,248.76,0.0,0.002,0.002,,on,-38,,"table fan speed 1, connected through adapter plug, 15 min recording",2026-06-03 15:38:24
2026-06-03 10:08:29.412498+00:00,92.672,fan,alaina_plug4_tablefan_speed1_2026-06-03_S004,S004,speed_1,5.0,Alaina,plug_4,NW_P4_Alaina,P110,248.316,0.414,0.002,0.002,,on,-23,,"table fan speed 1, connected through adapter plug, 15 min recording",2026-06-03 15:38:29
2026-06-03 10:08:34.687524+00:00,78.643,fan,alaina_plug4_tablefan_speed1_2026-06-03_S004,S004,speed_1,5.0,Alaina,plug_4,NW_P4_Alaina,P110,247.696,0.325,0.002,0.002,,on,-21,,"table fan speed 1, connected through adapter plug, 15 min recording",2026-06-03 15:38:34
2026-06-03 10:08:39.967899+00:00,77.94,fan,alaina_plug4_tablefan_speed1_2026-06-03_S004,S004,speed_1,5.0,Alaina,plug_4,NW_P4_Alaina,P110,246.656,0.322,0.002,0.002,,on,-22,,"table fan speed 1, connected through adapter plug, 15 min recording",2026-06-03 15:38:39
2026-06-03 10:08:45.227923+00:00,77.761,fan,alaina_plug4_tablefan_speed1_2026-06-03_S004,S004,speed_1,5.0,Alaina,plug_4,NW_P4_Alaina,P110,247.836,0.321,0.002,0.002,,on,-20,,"table fan speed 1, connected through adapter plug, 15 min recording",2026-06-03 15:38:45
2026-06-03 10:08:50.506536+00:00,77.078,fan,alaina_plug4_tablefan_speed1_2026-06-03_S004,S004,speed_1,5.0,Alaina,plug_4,NW_P4_Alaina,P110,247.063,0.32,0.002,0.002,,on,-21,,"table fan speed 1, connected through adapter plug, 15 min recording",2026-06-03 15:38:50
2026-06-03 10:08:55.789893+00:00,76.978,fan,alaina_plug4_tablefan_speed1_2026-06-03_S004,S004,speed_1,5.0,Alaina,plug_4,NW_P4_Alaina,P110,246.885,0.319,0.003,0.003,,on,-21,,"table fan speed 1, connected through adapter plug, 15 min recording",2026-06-03 15:38:55
2026-06-03 10:09:01.085348+00:00,76.69,fan,alaina_plug4_tablefan_speed1_2026-06-03_S004,S004,speed_1,5.0,Alaina,plug_4,NW_P4_Alaina,P110,247.091,0.318,0.003,0.003,,on,-20,,"table fan speed 1, connected through adapter plug, 15 min recording",2026-06-03 15:39:01
2026-06-03 10:09:06.362624+00:00,76.963,fan,alaina_plug4_tablefan_speed1_2026-06-03_S004,S004,speed_1,5.0,Alaina,plug_4,NW_P4_Alaina,P110,247.068,0.318,0.003,0.003,,on,-19,,"table fan speed 1, connected through adapter plug, 15 min recording",2026-06-03 15:39:06
2026-06-03 10:09:11.643919+00:00,75.994,fan,alaina_plug4_tablefan_speed1_2026-06-03_S004,S004,speed_1,5.0,Alaina,plug_4,NW_P4_Alaina,P110,245.713,0.316,0.003,0.003,,on,-21,,"table fan speed 1, connected through adapter plug, 15 min recording",2026-06-03 15:39:11
2026-06-03 10:09:16.934411+00:00,75.945,fan,alaina_plug4_tablefan_speed1_2026-06-03_S004,S004,speed_1,5.0,Alaina,plug_4,NW_P4_Alaina,P110,245.484,0.316,0.003,0.003,,on,-22,,"table fan speed 1, connected through adapter plug, 15 min recording",2026-06-03 15:39:16
2026-06-03 10:09:22.221861+00:00,76.034,fan,alaina_plug4_tablefan_speed1_2026-06-03_S004,S004,speed_1,5.0,Alaina,plug_4,NW_P4_Alaina,P110,246.351,0.315,0.003,0.003,,on,-21,,"table fan speed 1, connected through adapter plug, 15 min recording",2026-06-03 15:39:22
2026-06-03 10:09:27.494907+00:00,75.793,fan,alaina_plug4_tablefan_speed1_2026-06-03_S004,S004,speed_1,5.0,Alaina,plug_4,NW_P4_Alaina,P110,245.653,0.315,0.003,0.003,,on,-22,,"table fan speed 1, connected through adapter plug, 15 min recording",2026-06-03 15:39:27
2026-06-03 10:09:32.764266+00:00,75.614,fan,alaina_plug4_tablefan_speed1_2026-06-03_S004,S004,speed_1,5.0,Alaina,plug_4,NW_P4_Alaina,P110,245.45,0.313,0.003,0.003,,on,-22,,"table fan speed 1, connected through adapter plug, 15 min recording",2026-06-03 15:39:32
2026-06-03 10:09:38.038749+00:00,75.646,fan,alaina_plug4_tablefan_speed1_2026-06-03_S004,S004,speed_1,5.0,Alaina,plug_4,NW_P4_Alaina,P110,246.313,0.314,0.004,0.004,,on,-22,,"table fan speed 1, connected through adapter plug, 15 min recording",2026-06-03 15:39:38
2026-06-03 10:09:43.393161+00:00,75.778,fan,alaina_plug4_tablefan_speed1_2026-06-03_S004,S004,speed_1,5.0,Alaina,plug_4,NW_P4_Alaina,P110,245.747,0.314,0.004,0.004,,on,-22,,"table fan speed 1, connected through adapter plug, 15 min recording",2026-06-03 15:39:43
2026-06-03 10:09:48.682789+00:00,74.94,fan,alaina_plug4_tablefan_speed1_2026-06-03_S004,S004,speed_1,5.0,Alaina,plug_4,NW_P4_Alaina,P110,244.556,0.313,0.004,0.004,,on,-22,,"table fan speed 1, connected through adapter plug, 15 min recording",2026-06-03 15:39:48
2026-06-03 10:09:54.000065+00:00,75.101,fan,alaina_plug4_tablefan_speed1_2026-06-03_S004,S004,speed_1,5.0,Alaina,plug_4,NW_P4_Alaina,P110,244.531,0.312,0.004,0.004,,on,-22,,"table fan speed 1, connected through adapter plug, 15 min recording",2026-06-03 15:39:54
2026-06-03 10:09:59.272537+00:00,74.94,fan,alaina_plug4_tablefan_speed1_2026-06-03_S004,S004,speed_1,5.0,Alaina,plug_4,NW_P4_Alaina,P110,244.322,0.312,0.004,0.004,,on,-22,,"table fan speed 1, connected through adapter plug, 15 min recording",2026-06-03 15:39:59
2026-06-03 10:10:04.551503+00:00,76.029,fan,alaina_plug4_tablefan_speed1_2026-06-03_S004,S004,speed_1,5.0,Alaina,plug_4,NW_P4_Alaina,P110,245.598,0.314,0.004,0.004,,on,-21,,"table fan speed 1, connected through adapter plug, 15 min recording",2026-06-03 15:40:04
2026-06-03 10:10:09.828969+00:00,76.083,fan,alaina_plug4_tablefan_speed1_2026-06-03_S004,S004,speed_1,5.0,Alaina,plug_4,NW_P4_Alaina,P110,246.412,0.315,0.004,0.004,,on,-22,,"table fan speed 1, connected through adapter plug, 15 min recording",2026-06-03 15:40:09
2026-06-03 10:10:15.119068+00:00,75.573,fan,alaina_plug4_tablefan_speed1_2026-06-03_S004,S004,speed_1,5.0,Alaina,plug_4,NW_P4_Alaina,P110,246.224,0.313,0.004,0.004,,on,-22,,"table fan speed 1, connected through adapter plug, 15 min recording",2026-06-03 15:40:15
2026-06-03 10:10:20.388070+00:00,76.186,fan,alaina_plug4_tablefan_speed1_2026-06-03_S004,S004,speed_1,5.0,Alaina,plug_4,NW_P4_Alaina,P110,246.548,0.314,0.004,0.004,,on,-22,,"table fan speed 1, connected through adapter plug, 15 min recording",2026-06-03 15:40:20
2026-06-03 10:10:25.681746+00:00,75.805,fan,alaina_plug4_tablefan_speed1_2026-06-03_S004,S004,speed_1,5.0,Alaina,plug_4,NW_P4_Alaina,P110,247.149,0.313,0.005,0.005,,on,-21,,"table fan speed 1, connected through adapter plug, 15 min recording",2026-06-03 15:40:25
2026-06-03 10:10:30.958408+00:00,76.254,fan,alaina_plug4_tablefan_speed1_2026-06-03_S004,S004,speed_1,5.0,Alaina,plug_4,NW_P4_Alaina,P110,247.305,0.314,0.005,0.005,,on,-22,,"table fan speed 1, connected through adapter plug, 15 min recording",2026-06-03 15:40:30
2026-06-03 10:10:36.234894+00:00,75.777,fan,alaina_plug4_tablefan_speed1_2026-06-03_S004,S004,speed_1,5.0,Alaina,plug_4,NW_P4_Alaina,P110,246.35,0.314,0.005,0.005,,on,-22,,"table fan speed 1, connected through adapter plug, 15 min recording",2026-06-03 15:40:36
2026-06-03 10:10:41.588549+00:00,75.6,fan,alaina_plug4_tablefan_speed1_2026-06-03_S004,S004,speed_1,5.0,Alaina,plug_4,NW_P4_Alaina,P110,246.259,0.313,0.005,0.005,,on,-24,,"table fan speed 1, connected through adapter plug, 15 min recording",2026-06-03 15:40:41
2026-06-03 10:10:46.860778+00:00,76.338,fan,alaina_plug4_tablefan_speed1_2026-06-03_S004,S004,speed_1,5.0,Alaina,plug_4,NW_P4_Alaina,P110,246.631,0.315,0.005,0.005,,on,-24,,"table fan speed 1, connected through adapter plug, 15 min recording",2026-06-03 15:40:46
2026-06-03 10:10:52.137735+00:00,75.424,fan,alaina_plug4_tablefan_speed1_2026-06-03_S004,S004,speed_1,5.0,Alaina,plug_4,NW_P4_Alaina,P110,245.909,0.312,0.005,0.005,,on,-22,,"table fan speed 1, connected through adapter plug, 15 min recording",2026-06-03 15:40:52
2026-06-03 10:10:57.534122+00:00,75.529,fan,alaina_plug4_tablefan_speed1_2026-06-03_S004,S004,speed_1,5.0,Alaina,plug_4,NW_P4_Alaina,P110,245.976,0.313,0.005,0.005,,on,-21,,"table fan speed 1, connected through adapter plug, 15 min recording",2026-06-03 15:40:57
2026-06-03 10:11:02.870922+00:00,76.039,fan,alaina_plug4_tablefan_speed1_2026-06-03_S004,S004,speed_1,5.0,Alaina,plug_4,NW_P4_Alaina,P110,246.631,0.313,0.005,0.005,,on,-22,,"table fan speed 1, connected through adapter plug, 15 min recording",2026-06-03 15:41:02
2026-06-03 10:11:08.258639+00:00,75.884,fan,alaina_plug4_tablefan_speed1_2026-06-03_S004,S004,speed_1,5.0,Alaina,plug_4,NW_P4_Alaina,P110,246.753,0.313,0.005,0.005,,on,-22,,"table fan speed 1, connected through adapter plug, 15 min recording",2026-06-03 15:41:08
2026-06-03 10:11:13.530855+00:00,75.413,fan,alaina_plug4_tablefan_speed1_2026-06-03_S004,S004,speed_1,5.0,Alaina,plug_4,NW_P4_Alaina,P110,245.931,0.312,0.006,0.006,,on,-22,,"table fan speed 1, connected through adapter plug, 15 min recording",2026-06-03 15:41:13
2026-06-03 10:11:18.833047+00:00,75.114,fan,alaina_plug4_tablefan_speed1_2026-06-03_S004,S004,speed_1,5.0,Alaina,plug_4,NW_P4_Alaina,P110,245.48,0.312,0.006,0.006,,on,-23,,"table fan speed 1, connected through adapter plug, 15 min recording",2026-06-03 15:41:18
2026-06-03 10:11:24.120718+00:00,75.608,fan,alaina_plug4_tablefan_speed1_2026-06-03_S004,S004,speed_1,5.0,Alaina,plug_4,NW_P4_Alaina,P110,245.901,0.312,0.006,0.006,,on,-21,,"table fan speed 1, connected through adapter plug, 15 min recording",2026-06-03 15:41:24
2026-06-03 10:11:29.422061+00:00,75.522,fan,alaina_plug4_tablefan_speed1_2026-06-03_S004,S004,speed_1,5.0,Alaina,plug_4,NW_P4_Alaina,P110,246.075,0.312,0.006,0.006,,on,-21,,"table fan speed 1, connected through adapter plug, 15 min recording",2026-06-03 15:41:29
2026-06-03 10:11:34.716353+00:00,75.496,fan,alaina_plug4_tablefan_speed1_2026-06-03_S004,S004,speed_1,5.0,Alaina,plug_4,NW_P4_Alaina,P110,245.763,0.312,0.006,0.006,,on,-22,,"table fan speed 1, connected through adapter plug, 15 min recording",2026-06-03 15:41:34
2026-06-03 10:11:40.130208+00:00,76.395,fan,alaina_plug4_tablefan_speed1_2026-06-03_S004,S004,speed_1,5.0,Alaina,plug_4,NW_P4_Alaina,P110,247.983,0.314,0.006,0.006,,on,-21,,"table fan speed 1, connected through adapter plug, 15 min recording",2026-06-03 15:41:40
2026-06-03 10:11:45.448690+00:00,76.734,fan,alaina_plug4_tablefan_speed1_2026-06-03_S004,S004,speed_1,5.0,Alaina,plug_4,NW_P4_Alaina,P110,248.652,0.314,0.006,0.006,,on,-21,,"table fan speed 1, connected through adapter plug, 15 min recording",2026-06-03 15:41:45
2026-06-03 10:11:50.740421+00:00,76.313,fan,alaina_plug4_tablefan_speed1_2026-06-03_S004,S004,speed_1,5.0,Alaina,plug_4,NW_P4_Alaina,P110,247.961,0.314,0.006,0.006,,on,-20,,"table fan speed 1, connected through adapter plug, 15 min recording",2026-06-03 15:41:50
2026-06-03 10:11:56.016234+00:00,76.02,fan,alaina_plug4_tablefan_speed1_2026-06-03_S004,S004,speed_1,5.0,Alaina,plug_4,NW_P4_Alaina,P110,247.45,0.312,0.006,0.006,,on,-21,,"table fan speed 1, connected through adapter plug, 15 min recording",2026-06-03 15:41:56
2026-06-03 10:12:01.480492+00:00,76.409,fan,alaina_plug4_tablefan_speed1_2026-06-03_S004,S004,speed_1,5.0,Alaina,plug_4,NW_P4_Alaina,P110,247.228,0.314,0.007,0.007,,on,-21,,"table fan speed 1, connected through adapter plug, 15 min recording",2026-06-03 15:42:01
2026-06-03 10:12:06.768791+00:00,76.709,fan,alaina_plug4_tablefan_speed1_2026-06-03_S004,S004,speed_1,5.0,Alaina,plug_4,NW_P4_Alaina,P110,248.03,0.314,0.007,0.007,,on,-21,,"table fan speed 1, connected through adapter plug, 15 min recording",2026-06-03 15:42:06
2026-06-03 10:12:12.064501+00:00,76.749,fan,alaina_plug4_tablefan_speed1_2026-06-03_S004,S004,speed_1,5.0,Alaina,plug_4,NW_P4_Alaina,P110,248.242,0.315,0.007,0.007,,on,-21,,"table fan speed 1, connected through adapter plug, 15 min recording",2026-06-03 15:42:12
2026-06-03 10:12:17.340820+00:00,76.636,fan,alaina_plug4_tablefan_speed1_2026-06-03_S004,S004,speed_1,5.0,Alaina,plug_4,NW_P4_Alaina,P110,248.353,0.314,0.007,0.007,,on,-21,,"table fan speed 1, connected through adapter plug, 15 min recording",2026-06-03 15:42:17
2026-06-03 10:12:22.631899+00:00,76.866,fan,alaina_plug4_tablefan_speed1_2026-06-03_S004,S004,speed_1,5.0,Alaina,plug_4,NW_P4_Alaina,P110,249.013,0.314,0.007,0.007,,on,-21,,"table fan speed 1, connected through adapter plug, 15 min recording",2026-06-03 15:42:22
2026-06-03 10:12:27.906253+00:00,76.618,fan,alaina_plug4_tablefan_speed1_2026-06-03_S004,S004,speed_1,5.0,Alaina,plug_4,NW_P4_Alaina,P110,248.326,0.314,0.007,0.007,,on,-22,,"table fan speed 1, connected through adapter plug, 15 min recording",2026-06-03 15:42:27
2026-06-03 10:12:33.391637+00:00,76.316,fan,alaina_plug4_tablefan_speed1_2026-06-03_S004,S004,speed_1,5.0,Alaina,plug_4,NW_P4_Alaina,P110,247.967,0.313,0.007,0.007,,on,-22,,"table fan speed 1, connected through adapter plug, 15 min recording",2026-06-03 15:42:33
2026-06-03 10:12:38.654447+00:00,76.492,fan,alaina_plug4_tablefan_speed1_2026-06-03_S004,S004,speed_1,5.0,Alaina,plug_4,NW_P4_Alaina,P110,248.193,0.313,0.007,0.007,,on,-22,,"table fan speed 1, connected through adapter plug, 15 min recording",2026-06-03 15:42:38
2026-06-03 10:12:44.005775+00:00,76.967,fan,alaina_plug4_tablefan_speed1_2026-06-03_S004,S004,speed_1,5.0,Alaina,plug_4,NW_P4_Alaina,P110,248.892,0.314,0.007,0.007,,on,-21,,"table fan speed 1, connected through adapter plug, 15 min recording",2026-06-03 15:42:44
2026-06-03 10:12:49.283164+00:00,76.742,fan,alaina_plug4_tablefan_speed1_2026-06-03_S004,S004,speed_1,5.0,Alaina,plug_4,NW_P4_Alaina,P110,248.802,0.314,0.008,0.008,,on,-21,,"table fan speed 1, connected through adapter plug, 15 min recording",2026-06-03 15:42:49
2026-06-03 10:12:54.572465+00:00,77.279,fan,alaina_plug4_tablefan_speed1_2026-06-03_S004,S004,speed_1,5.0,Alaina,plug_4,NW_P4_Alaina,P110,249.594,0.315,0.008,0.008,,on,-21,,"table fan speed 1, connected through adapter plug, 15 min recording",2026-06-03 15:42:54
2026-06-03 10:12:59.852082+00:00,77.508,fan,alaina_plug4_tablefan_speed1_2026-06-03_S004,S004,speed_1,5.0,Alaina,plug_4,NW_P4_Alaina,P110,249.999,0.315,0.008,0.008,,on,-22,,"table fan speed 1, connected through adapter plug, 15 min recording",2026-06-03 15:42:59
2026-06-03 10:13:05.262766+00:00,76.945,fan,alaina_plug4_tablefan_speed1_2026-06-03_S004,S004,speed_1,5.0,Alaina,plug_4,NW_P4_Alaina,P110,249.668,0.314,0.008,0.008,,on,-22,,"table fan speed 1, connected through adapter plug, 15 min recording",2026-06-03 15:43:05
2026-06-03 10:13:10.560876+00:00,77.648,fan,alaina_plug4_tablefan_speed1_2026-06-03_S004,S004,speed_1,5.0,Alaina,plug_4,NW_P4_Alaina,P110,249.938,0.316,0.008,0.008,,on,-22,,"table fan speed 1, connected through adapter plug, 15 min recording",2026-06-03 15:43:10
2026-06-03 10:13:15.857615+00:00,76.959,fan,alaina_plug4_tablefan_speed1_2026-06-03_S004,S004,speed_1,5.0,Alaina,plug_4,NW_P4_Alaina,P110,249.385,0.314,0.008,0.008,,on,-22,,"table fan speed 1, connected through adapter plug, 15 min recording",2026-06-03 15:43:15
2026-06-03 10:13:21.141464+00:00,76.655,fan,alaina_plug4_tablefan_speed1_2026-06-03_S004,S004,speed_1,5.0,Alaina,plug_4,NW_P4_Alaina,P110,248.63,0.313,0.008,0.008,,on,-21,,"table fan speed 1, connected through adapter plug, 15 min recording",2026-06-03 15:43:21
2026-06-03 10:13:26.449065+00:00,76.895,fan,alaina_plug4_tablefan_speed1_2026-06-03_S004,S004,speed_1,5.0,Alaina,plug_4,NW_P4_Alaina,P110,248.674,0.314,0.008,0.008,,on,-22,,"table fan speed 1, connected through adapter plug, 15 min recording",2026-06-03 15:43:26
2026-06-03 10:13:31.711270+00:00,76.113,fan,alaina_plug4_tablefan_speed1_2026-06-03_S004,S004,speed_1,5.0,Alaina,plug_4,NW_P4_Alaina,P110,247.679,0.312,0.008,0.008,,on,-22,,"table fan speed 1, connected through adapter plug, 15 min recording",2026-06-03 15:43:31
2026-06-03 10:13:37.011841+00:00,76.189,fan,alaina_plug4_tablefan_speed1_2026-06-03_S004,S004,speed_1,5.0,Alaina,plug_4,NW_P4_Alaina,P110,247.991,0.312,0.009,0.009,,on,-22,,"table fan speed 1, connected through adapter plug, 15 min recording",2026-06-03 15:43:37
2026-06-03 10:13:42.285638+00:00,76.319,fan,alaina_plug4_tablefan_speed1_2026-06-03_S004,S004,speed_1,5.0,Alaina,plug_4,NW_P4_Alaina,P110,247.956,0.312,0.009,0.009,,on,-22,,"table fan speed 1, connected through adapter plug, 15 min recording",2026-06-03 15:43:42
2026-06-03 10:13:47.561934+00:00,77.203,fan,alaina_plug4_tablefan_speed1_2026-06-03_S004,S004,speed_1,5.0,Alaina,plug_4,NW_P4_Alaina,P110,249.091,0.314,0.009,0.009,,on,-23,,"table fan speed 1, connected through adapter plug, 15 min recording",2026-06-03 15:43:47
2026-06-03 10:13:52.843899+00:00,77.204,fan,alaina_plug4_tablefan_speed1_2026-06-03_S004,S004,speed_1,5.0,Alaina,plug_4,NW_P4_Alaina,P110,249.647,0.314,0.009,0.009,,on,-22,,"table fan speed 1, connected through adapter plug, 15 min recording",2026-06-03 15:43:52
2026-06-03 10:13:58.154794+00:00,77.12,fan,alaina_plug4_tablefan_speed1_2026-06-03_S004,S004,speed_1,5.0,Alaina,plug_4,NW_P4_Alaina,P110,249.293,0.314,0.009,0.009,,on,-22,,"table fan speed 1, connected through adapter plug, 15 min recording",2026-06-03 15:43:58
2026-06-03 10:14:03.459115+00:00,77.19,fan,alaina_plug4_tablefan_speed1_2026-06-03_S004,S004,speed_1,5.0,Alaina,plug_4,NW_P4_Alaina,P110,249.309,0.314,0.009,0.009,,on,-22,,"table fan speed 1, connected through adapter plug, 15 min recording",2026-06-03 15:44:03
2026-06-03 10:14:08.732226+00:00,76.347,fan,alaina_plug4_tablefan_speed1_2026-06-03_S004,S004,speed_1,5.0,Alaina,plug_4,NW_P4_Alaina,P110,248.302,0.312,0.009,0.009,,on,-21,,"table fan speed 1, connected through adapter plug, 15 min recording",2026-06-03 15:44:08
2026-06-03 10:14:13.992439+00:00,76.451,fan,alaina_plug4_tablefan_speed1_2026-06-03_S004,S004,speed_1,5.0,Alaina,plug_4,NW_P4_Alaina,P110,248.282,0.312,0.009,0.009,,on,-21,,"table fan speed 1, connected through adapter plug, 15 min recording",2026-06-03 15:44:13
2026-06-03 10:14:19.281564+00:00,76.26,fan,alaina_plug4_tablefan_speed1_2026-06-03_S004,S004,speed_1,5.0,Alaina,plug_4,NW_P4_Alaina,P110,247.952,0.312,0.009,0.009,,on,-22,,"table fan speed 1, connected through adapter plug, 15 min recording",2026-06-03 15:44:19
2026-06-03 10:14:24.565285+00:00,76.415,fan,alaina_plug4_tablefan_speed1_2026-06-03_S004,S004,speed_1,5.0,Alaina,plug_4,NW_P4_Alaina,P110,248.11,0.313,0.01,0.01,,on,-22,,"table fan speed 1, connected through adapter plug, 15 min recording",2026-06-03 15:44:24
2026-06-03 10:14:29.840851+00:00,76.197,fan,alaina_plug4_tablefan_speed1_2026-06-03_S004,S004,speed_1,5.0,Alaina,plug_4,NW_P4_Alaina,P110,247.978,0.312,0.01,0.01,,on,-22,,"table fan speed 1, connected through adapter plug, 15 min recording",2026-06-03 15:44:29
2026-06-03 10:14:35.127086+00:00,75.665,fan,alaina_plug4_tablefan_speed1_2026-06-03_S004,S004,speed_1,5.0,Alaina,plug_4,NW_P4_Alaina,P110,247.483,0.311,0.01,0.01,,on,-22,,"table fan speed 1, connected through adapter plug, 15 min recording",2026-06-03 15:44:35
2026-06-03 10:14:40.395124+00:00,75.564,fan,alaina_plug4_tablefan_speed1_2026-06-03_S004,S004,speed_1,5.0,Alaina,plug_4,NW_P4_Alaina,P110,247.282,0.309,0.01,0.01,,on,-22,,"table fan speed 1, connected through adapter plug, 15 min recording",2026-06-03 15:44:40
2026-06-03 10:14:45.667521+00:00,74.973,fan,alaina_plug4_tablefan_speed1_2026-06-03_S004,S004,speed_1,5.0,Alaina,plug_4,NW_P4_Alaina,P110,245.955,0.309,0.01,0.01,,on,-22,,"table fan speed 1, connected through adapter plug, 15 min recording",2026-06-03 15:44:45
2026-06-03 10:14:50.949086+00:00,75.133,fan,alaina_plug4_tablefan_speed1_2026-06-03_S004,S004,speed_1,5.0,Alaina,plug_4,NW_P4_Alaina,P110,246.163,0.309,0.01,0.01,,on,-23,,"table fan speed 1, connected through adapter plug, 15 min recording",2026-06-03 15:44:50
2026-06-03 10:14:56.215159+00:00,75.35,fan,alaina_plug4_tablefan_speed1_2026-06-03_S004,S004,speed_1,5.0,Alaina,plug_4,NW_P4_Alaina,P110,246.335,0.31,0.01,0.01,,on,-23,,"table fan speed 1, connected through adapter plug, 15 min recording",2026-06-03 15:44:56
2026-06-03 10:15:01.500542+00:00,75.042,fan,alaina_plug4_tablefan_speed1_2026-06-03_S004,S004,speed_1,5.0,Alaina,plug_4,NW_P4_Alaina,P110,246.105,0.309,0.01,0.01,,on,-22,,"table fan speed 1, connected through adapter plug, 15 min recording",2026-06-03 15:45:01
2026-06-03 10:15:06.776611+00:00,75.047,fan,alaina_plug4_tablefan_speed1_2026-06-03_S004,S004,speed_1,5.0,Alaina,plug_4,NW_P4_Alaina,P110,245.822,0.31,0.01,0.01,,on,-22,,"table fan speed 1, connected through adapter plug, 15 min recording",2026-06-03 15:45:06
2026-06-03 10:15:12.052689+00:00,75.158,fan,alaina_plug4_tablefan_speed1_2026-06-03_S004,S004,speed_1,5.0,Alaina,plug_4,NW_P4_Alaina,P110,246.19,0.309,0.011,0.011,,on,-23,,"table fan speed 1, connected through adapter plug, 15 min recording",2026-06-03 15:45:12
2026-06-03 10:15:17.345925+00:00,75.403,fan,alaina_plug4_tablefan_speed1_2026-06-03_S004,S004,speed_1,5.0,Alaina,plug_4,NW_P4_Alaina,P110,246.48,0.31,0.011,0.011,,on,-21,,"table fan speed 1, connected through adapter plug, 15 min recording",2026-06-03 15:45:17
2026-06-03 10:15:22.734001+00:00,75.508,fan,alaina_plug4_tablefan_speed1_2026-06-03_S004,S004,speed_1,5.0,Alaina,plug_4,NW_P4_Alaina,P110,246.932,0.31,0.011,0.011,,on,-21,,"table fan speed 1, connected through adapter plug, 15 min recording",2026-06-03 15:45:22
2026-06-03 10:15:28.017523+00:00,75.688,fan,alaina_plug4_tablefan_speed1_2026-06-03_S004,S004,speed_1,5.0,Alaina,plug_4,NW_P4_Alaina,P110,247.325,0.31,0.011,0.011,,on,-21,,"table fan speed 1, connected through adapter plug, 15 min recording",2026-06-03 15:45:28
2026-06-03 10:15:33.305431+00:00,76.108,fan,alaina_plug4_tablefan_speed1_2026-06-03_S004,S004,speed_1,5.0,Alaina,plug_4,NW_P4_Alaina,P110,247.935,0.31,0.011,0.011,,on,-21,,"table fan speed 1, connected through adapter plug, 15 min recording",2026-06-03 15:45:33
2026-06-03 10:15:38.624496+00:00,76.156,fan,alaina_plug4_tablefan_speed1_2026-06-03_S004,S004,speed_1,5.0,Alaina,plug_4,NW_P4_Alaina,P110,248.231,0.311,0.011,0.011,,on,-21,,"table fan speed 1, connected through adapter plug, 15 min recording",2026-06-03 15:45:38
2026-06-03 10:15:43.895571+00:00,74.09,fan,alaina_plug4_tablefan_speed1_2026-06-03_S004,S004,speed_1,5.0,Alaina,plug_4,NW_P4_Alaina,P110,244.558,0.307,0.011,0.011,,on,-21,,"table fan speed 1, connected through adapter plug, 15 min recording",2026-06-03 15:45:43
2026-06-03 10:15:49.170549+00:00,74.093,fan,alaina_plug4_tablefan_speed1_2026-06-03_S004,S004,speed_1,5.0,Alaina,plug_4,NW_P4_Alaina,P110,244.645,0.308,0.011,0.011,,on,-21,,"table fan speed 1, connected through adapter plug, 15 min recording",2026-06-03 15:45:49
2026-06-03 10:15:54.476801+00:00,73.257,fan,alaina_plug4_tablefan_speed1_2026-06-03_S004,S004,speed_1,5.0,Alaina,plug_4,NW_P4_Alaina,P110,243.721,0.303,0.011,0.011,,on,-21,,"table fan speed 1, connected through adapter plug, 15 min recording",2026-06-03 15:45:54
2026-06-03 10:15:59.805130+00:00,73.414,fan,alaina_plug4_tablefan_speed1_2026-06-03_S004,S004,speed_1,5.0,Alaina,plug_4,NW_P4_Alaina,P110,243.633,0.305,0.012,0.012,,on,-21,,"table fan speed 1, connected through adapter plug, 15 min recording",2026-06-03 15:45:59
2026-06-03 10:16:05.128771+00:00,73.847,fan,alaina_plug4_tablefan_speed1_2026-06-03_S004,S004,speed_1,5.0,Alaina,plug_4,NW_P4_Alaina,P110,244.246,0.306,0.012,0.012,,on,-22,,"table fan speed 1, connected through adapter plug, 15 min recording",2026-06-03 15:46:05
2026-06-03 10:16:10.413086+00:00,74.246,fan,alaina_plug4_tablefan_speed1_2026-06-03_S004,S004,speed_1,5.0,Alaina,plug_4,NW_P4_Alaina,P110,245.017,0.307,0.012,0.012,,on,-22,,"table fan speed 1, connected through adapter plug, 15 min recording",2026-06-03 15:46:10
2026-06-03 10:16:15.693908+00:00,74.292,fan,alaina_plug4_tablefan_speed1_2026-06-03_S004,S004,speed_1,5.0,Alaina,plug_4,NW_P4_Alaina,P110,244.99,0.308,0.012,0.012,,on,-22,,"table fan speed 1, connected through adapter plug, 15 min recording",2026-06-03 15:46:15
2026-06-03 10:16:20.971015+00:00,73.96,fan,alaina_plug4_tablefan_speed1_2026-06-03_S004,S004,speed_1,5.0,Alaina,plug_4,NW_P4_Alaina,P110,244.766,0.306,0.012,0.012,,on,-21,,"table fan speed 1, connected through adapter plug, 15 min recording",2026-06-03 15:46:20
2026-06-03 10:16:26.250063+00:00,74.362,fan,alaina_plug4_tablefan_speed1_2026-06-03_S004,S004,speed_1,5.0,Alaina,plug_4,NW_P4_Alaina,P110,244.901,0.308,0.012,0.012,,on,-22,,"table fan speed 1, connected through adapter plug, 15 min recording",2026-06-03 15:46:26
2026-06-03 10:16:31.527137+00:00,74.156,fan,alaina_plug4_tablefan_speed1_2026-06-03_S004,S004,speed_1,5.0,Alaina,plug_4,NW_P4_Alaina,P110,245.197,0.307,0.012,0.012,,on,-21,,"table fan speed 1, connected through adapter plug, 15 min recording",2026-06-03 15:46:31
2026-06-03 10:16:36.858412+00:00,74.287,fan,alaina_plug4_tablefan_speed1_2026-06-03_S004,S004,speed_1,5.0,Alaina,plug_4,NW_P4_Alaina,P110,245.339,0.307,0.012,0.012,,on,-22,,"table fan speed 1, connected through adapter plug, 15 min recording",2026-06-03 15:46:36
2026-06-03 10:16:42.144125+00:00,74.295,fan,alaina_plug4_tablefan_speed1_2026-06-03_S004,S004,speed_1,5.0,Alaina,plug_4,NW_P4_Alaina,P110,245.129,0.307,0.012,0.012,,on,-22,,"table fan speed 1, connected through adapter plug, 15 min recording",2026-06-03 15:46:42
2026-06-03 10:16:47.430129+00:00,74.026,fan,alaina_plug4_tablefan_speed1_2026-06-03_S004,S004,speed_1,5.0,Alaina,plug_4,NW_P4_Alaina,P110,244.996,0.306,0.013,0.013,,on,-22,,"table fan speed 1, connected through adapter plug, 15 min recording",2026-06-03 15:46:47
2026-06-03 10:16:52.710302+00:00,74.031,fan,alaina_plug4_tablefan_speed1_2026-06-03_S004,S004,speed_1,5.0,Alaina,plug_4,NW_P4_Alaina,P110,244.999,0.306,0.013,0.013,,on,-22,,"table fan speed 1, connected through adapter plug, 15 min recording",2026-06-03 15:46:52
2026-06-03 10:16:57.993958+00:00,73.924,fan,alaina_plug4_tablefan_speed1_2026-06-03_S004,S004,speed_1,5.0,Alaina,plug_4,NW_P4_Alaina,P110,244.253,0.306,0.013,0.013,,on,-22,,"table fan speed 1, connected through adapter plug, 15 min recording",2026-06-03 15:46:57
2026-06-03 10:17:03.282677+00:00,73.651,fan,alaina_plug4_tablefan_speed1_2026-06-03_S004,S004,speed_1,5.0,Alaina,plug_4,NW_P4_Alaina,P110,244.318,0.306,0.013,0.013,,on,-22,,"table fan speed 1, connected through adapter plug, 15 min recording",2026-06-03 15:47:03
2026-06-03 10:17:08.555588+00:00,73.789,fan,alaina_plug4_tablefan_speed1_2026-06-03_S004,S004,speed_1,5.0,Alaina,plug_4,NW_P4_Alaina,P110,244.428,0.306,0.013,0.013,,on,-22,,"table fan speed 1, connected through adapter plug, 15 min recording",2026-06-03 15:47:08
2026-06-03 10:17:13.838775+00:00,73.765,fan,alaina_plug4_tablefan_speed1_2026-06-03_S004,S004,speed_1,5.0,Alaina,plug_4,NW_P4_Alaina,P110,244.23,0.306,0.013,0.013,,on,-22,,"table fan speed 1, connected through adapter plug, 15 min recording",2026-06-03 15:47:13
2026-06-03 10:17:19.129146+00:00,74.062,fan,alaina_plug4_tablefan_speed1_2026-06-03_S004,S004,speed_1,5.0,Alaina,plug_4,NW_P4_Alaina,P110,244.751,0.306,0.013,0.013,,on,-22,,"table fan speed 1, connected through adapter plug, 15 min recording",2026-06-03 15:47:19
2026-06-03 10:17:24.499154+00:00,74.281,fan,alaina_plug4_tablefan_speed1_2026-06-03_S004,S004,speed_1,5.0,Alaina,plug_4,NW_P4_Alaina,P110,245.19,0.307,0.013,0.013,,on,-22,,"table fan speed 1, connected through adapter plug, 15 min recording",2026-06-03 15:47:24
2026-06-03 10:17:29.817857+00:00,74.272,fan,alaina_plug4_tablefan_speed1_2026-06-03_S004,S004,speed_1,5.0,Alaina,plug_4,NW_P4_Alaina,P110,245.335,0.307,0.013,0.013,,on,-22,,"table fan speed 1, connected through adapter plug, 15 min recording",2026-06-03 15:47:29
2026-06-03 10:17:35.107633+00:00,74.137,fan,alaina_plug4_tablefan_speed1_2026-06-03_S004,S004,speed_1,5.0,Alaina,plug_4,NW_P4_Alaina,P110,244.881,0.307,0.014,0.014,,on,-22,,"table fan speed 1, connected through adapter plug, 15 min recording",2026-06-03 15:47:35
2026-06-03 10:17:40.388109+00:00,74.248,fan,alaina_plug4_tablefan_speed1_2026-06-03_S004,S004,speed_1,5.0,Alaina,plug_4,NW_P4_Alaina,P110,245.321,0.306,0.014,0.014,,on,-22,,"table fan speed 1, connected through adapter plug, 15 min recording",2026-06-03 15:47:40
2026-06-03 10:17:45.664988+00:00,74.282,fan,alaina_plug4_tablefan_speed1_2026-06-03_S004,S004,speed_1,5.0,Alaina,plug_4,NW_P4_Alaina,P110,245.358,0.307,0.014,0.014,,on,-21,,"table fan speed 1, connected through adapter plug, 15 min recording",2026-06-03 15:47:45
2026-06-03 10:17:50.942621+00:00,74.216,fan,alaina_plug4_tablefan_speed1_2026-06-03_S004,S004,speed_1,5.0,Alaina,plug_4,NW_P4_Alaina,P110,245.313,0.307,0.014,0.014,,on,-22,,"table fan speed 1, connected through adapter plug, 15 min recording",2026-06-03 15:47:50
2026-06-03 10:17:56.225454+00:00,73.988,fan,alaina_plug4_tablefan_speed1_2026-06-03_S004,S004,speed_1,5.0,Alaina,plug_4,NW_P4_Alaina,P110,245.127,0.306,0.014,0.014,,on,-22,,"table fan speed 1, connected through adapter plug, 15 min recording",2026-06-03 15:47:56
2026-06-03 10:18:01.490318+00:00,74.108,fan,alaina_plug4_tablefan_speed1_2026-06-03_S004,S004,speed_1,5.0,Alaina,plug_4,NW_P4_Alaina,P110,245.276,0.307,0.014,0.014,,on,-22,,"table fan speed 1, connected through adapter plug, 15 min recording",2026-06-03 15:48:01
2026-06-03 10:18:06.738708+00:00,74.165,fan,alaina_plug4_tablefan_speed1_2026-06-03_S004,S004,speed_1,5.0,Alaina,plug_4,NW_P4_Alaina,P110,245.048,0.307,0.014,0.014,,on,-24,,"table fan speed 1, connected through adapter plug, 15 min recording",2026-06-03 15:48:06
2026-06-03 10:18:12.018365+00:00,73.886,fan,alaina_plug4_tablefan_speed1_2026-06-03_S004,S004,speed_1,5.0,Alaina,plug_4,NW_P4_Alaina,P110,244.356,0.306,0.014,0.014,,on,-23,,"table fan speed 1, connected through adapter plug, 15 min recording",2026-06-03 15:48:12
2026-06-03 10:18:17.289809+00:00,73.717,fan,alaina_plug4_tablefan_speed1_2026-06-03_S004,S004,speed_1,5.0,Alaina,plug_4,NW_P4_Alaina,P110,244.872,0.306,0.014,0.014,,on,-22,,"table fan speed 1, connected through adapter plug, 15 min recording",2026-06-03 15:48:17
2026-06-03 10:18:22.578517+00:00,73.869,fan,alaina_plug4_tablefan_speed1_2026-06-03_S004,S004,speed_1,5.0,Alaina,plug_4,NW_P4_Alaina,P110,244.804,0.305,0.014,0.014,,on,-22,,"table fan speed 1, connected through adapter plug, 15 min recording",2026-06-03 15:48:22
2026-06-03 10:18:27.859456+00:00,74.329,fan,alaina_plug4_tablefan_speed1_2026-06-03_S004,S004,speed_1,5.0,Alaina,plug_4,NW_P4_Alaina,P110,245.467,0.306,0.015,0.015,,on,-22,,"table fan speed 1, connected through adapter plug, 15 min recording",2026-06-03 15:48:27
2026-06-03 10:18:33.144258+00:00,74.085,fan,alaina_plug4_tablefan_speed1_2026-06-03_S004,S004,speed_1,5.0,Alaina,plug_4,NW_P4_Alaina,P110,244.88,0.306,0.015,0.015,,on,-23,,"table fan speed 1, connected through adapter plug, 15 min recording",2026-06-03 15:48:33
2026-06-03 10:18:38.427269+00:00,73.995,fan,alaina_plug4_tablefan_speed1_2026-06-03_S004,S004,speed_1,5.0,Alaina,plug_4,NW_P4_Alaina,P110,244.694,0.306,0.015,0.015,,on,-22,,"table fan speed 1, connected through adapter plug, 15 min recording",2026-06-03 15:48:38
2026-06-03 10:18:43.717100+00:00,73.949,fan,alaina_plug4_tablefan_speed1_2026-06-03_S004,S004,speed_1,5.0,Alaina,plug_4,NW_P4_Alaina,P110,245.026,0.306,0.015,0.015,,on,-22,,"table fan speed 1, connected through adapter plug, 15 min recording",2026-06-03 15:48:43
2026-06-03 10:18:48.991775+00:00,74.064,fan,alaina_plug4_tablefan_speed1_2026-06-03_S004,S004,speed_1,5.0,Alaina,plug_4,NW_P4_Alaina,P110,244.98,0.306,0.015,0.015,,on,-22,,"table fan speed 1, connected through adapter plug, 15 min recording",2026-06-03 15:48:48
2026-06-03 10:18:54.270508+00:00,74.218,fan,alaina_plug4_tablefan_speed1_2026-06-03_S004,S004,speed_1,5.0,Alaina,plug_4,NW_P4_Alaina,P110,245.113,0.307,0.015,0.015,,on,-21,,"table fan speed 1, connected through adapter plug, 15 min recording",2026-06-03 15:48:54
2026-06-03 10:18:59.544361+00:00,74.293,fan,alaina_plug4_tablefan_speed1_2026-06-03_S004,S004,speed_1,5.0,Alaina,plug_4,NW_P4_Alaina,P110,245.035,0.307,0.015,0.015,,on,-22,,"table fan speed 1, connected through adapter plug, 15 min recording",2026-06-03 15:48:59
2026-06-03 10:19:04.798301+00:00,74.308,fan,alaina_plug4_tablefan_speed1_2026-06-03_S004,S004,speed_1,5.0,Alaina,plug_4,NW_P4_Alaina,P110,245.765,0.306,0.015,0.015,,on,-23,,"table fan speed 1, connected through adapter plug, 15 min recording",2026-06-03 15:49:04
2026-06-03 10:19:10.078930+00:00,74.475,fan,alaina_plug4_tablefan_speed1_2026-06-03_S004,S004,speed_1,5.0,Alaina,plug_4,NW_P4_Alaina,P110,246.078,0.307,0.015,0.015,,on,-23,,"table fan speed 1, connected through adapter plug, 15 min recording",2026-06-03 15:49:10
2026-06-03 10:19:15.354075+00:00,74.176,fan,alaina_plug4_tablefan_speed1_2026-06-03_S004,S004,speed_1,5.0,Alaina,plug_4,NW_P4_Alaina,P110,245.53,0.306,0.016,0.016,,on,-22,,"table fan speed 1, connected through adapter plug, 15 min recording",2026-06-03 15:49:15
2026-06-03 10:19:20.635591+00:00,74.36,fan,alaina_plug4_tablefan_speed1_2026-06-03_S004,S004,speed_1,5.0,Alaina,plug_4,NW_P4_Alaina,P110,245.986,0.307,0.016,0.016,,on,-23,,"table fan speed 1, connected through adapter plug, 15 min recording",2026-06-03 15:49:20
2026-06-03 10:19:25.917956+00:00,74.415,fan,alaina_plug4_tablefan_speed1_2026-06-03_S004,S004,speed_1,5.0,Alaina,plug_4,NW_P4_Alaina,P110,245.934,0.307,0.016,0.016,,on,-23,,"table fan speed 1, connected through adapter plug, 15 min recording",2026-06-03 15:49:25
2026-06-03 10:19:31.195098+00:00,74.427,fan,alaina_plug4_tablefan_speed1_2026-06-03_S004,S004,speed_1,5.0,Alaina,plug_4,NW_P4_Alaina,P110,245.856,0.307,0.016,0.016,,on,-24,,"table fan speed 1, connected through adapter plug, 15 min recording",2026-06-03 15:49:31
2026-06-03 10:19:36.537612+00:00,74.114,fan,alaina_plug4_tablefan_speed1_2026-06-03_S004,S004,speed_1,5.0,Alaina,plug_4,NW_P4_Alaina,P110,245.523,0.306,0.016,0.016,,on,-24,,"table fan speed 1, connected through adapter plug, 15 min recording",2026-06-03 15:49:36
2026-06-03 10:19:41.829729+00:00,79.66,fan,alaina_plug4_tablefan_speed1_2026-06-03_S004,S004,speed_1,5.0,Alaina,plug_4,NW_P4_Alaina,P110,230.622,0.317,0.016,0.016,,on,-23,,"table fan speed 1, connected through adapter plug, 15 min recording",2026-06-03 15:49:41
2026-06-03 10:19:47.111594+00:00,78.533,fan,alaina_plug4_tablefan_speed1_2026-06-03_S004,S004,speed_1,5.0,Alaina,plug_4,NW_P4_Alaina,P110,252.894,0.315,0.016,0.016,,on,-21,,"table fan speed 1, connected through adapter plug, 15 min recording",2026-06-03 15:49:47
2026-06-03 10:19:52.382703+00:00,77.887,fan,alaina_plug4_tablefan_speed1_2026-06-03_S004,S004,speed_1,5.0,Alaina,plug_4,NW_P4_Alaina,P110,251.854,0.313,0.016,0.016,,on,-22,,"table fan speed 1, connected through adapter plug, 15 min recording",2026-06-03 15:49:52
2026-06-03 10:19:57.729886+00:00,77.413,fan,alaina_plug4_tablefan_speed1_2026-06-03_S004,S004,speed_1,5.0,Alaina,plug_4,NW_P4_Alaina,P110,250.883,0.313,0.016,0.016,,on,-23,,"table fan speed 1, connected through adapter plug, 15 min recording",2026-06-03 15:49:57
2026-06-03 10:20:03.012663+00:00,76.875,fan,alaina_plug4_tablefan_speed1_2026-06-03_S004,S004,speed_1,5.0,Alaina,plug_4,NW_P4_Alaina,P110,250.455,0.311,0.017,0.017,,on,-23,,"table fan speed 1, connected through adapter plug, 15 min recording",2026-06-03 15:50:03
2026-06-03 10:20:08.287070+00:00,76.47,fan,alaina_plug4_tablefan_speed1_2026-06-03_S004,S004,speed_1,5.0,Alaina,plug_4,NW_P4_Alaina,P110,249.562,0.31,0.017,0.017,,on,-23,,"table fan speed 1, connected through adapter plug, 15 min recording",2026-06-03 15:50:08
2026-06-03 10:20:13.572276+00:00,76.055,fan,alaina_plug4_tablefan_speed1_2026-06-03_S004,S004,speed_1,5.0,Alaina,plug_4,NW_P4_Alaina,P110,248.69,0.309,0.017,0.017,,on,-22,,"table fan speed 1, connected through adapter plug, 15 min recording",2026-06-03 15:50:13
2026-06-03 10:20:18.856898+00:00,75.4,fan,alaina_plug4_tablefan_speed1_2026-06-03_S004,S004,speed_1,5.0,Alaina,plug_4,NW_P4_Alaina,P110,247.848,0.308,0.017,0.017,,on,-22,,"table fan speed 1, connected through adapter plug, 15 min recording",2026-06-03 15:50:18
2026-06-03 10:20:24.116606+00:00,75.071,fan,alaina_plug4_tablefan_speed1_2026-06-03_S004,S004,speed_1,5.0,Alaina,plug_4,NW_P4_Alaina,P110,247.376,0.307,0.017,0.017,,on,-22,,"table fan speed 1, connected through adapter plug, 15 min recording",2026-06-03 15:50:24
2026-06-03 10:20:29.395718+00:00,74.671,fan,alaina_plug4_tablefan_speed1_2026-06-03_S004,S004,speed_1,5.0,Alaina,plug_4,NW_P4_Alaina,P110,246.538,0.306,0.017,0.017,,on,-22,,"table fan speed 1, connected through adapter plug, 15 min recording",2026-06-03 15:50:29
2026-06-03 10:20:34.673656+00:00,74.26,fan,alaina_plug4_tablefan_speed1_2026-06-03_S004,S004,speed_1,5.0,Alaina,plug_4,NW_P4_Alaina,P110,245.756,0.305,0.017,0.017,,on,-22,,"table fan speed 1, connected through adapter plug, 15 min recording",2026-06-03 15:50:34
2026-06-03 10:20:39.957862+00:00,73.916,fan,alaina_plug4_tablefan_speed1_2026-06-03_S004,S004,speed_1,5.0,Alaina,plug_4,NW_P4_Alaina,P110,244.9,0.304,0.017,0.017,,on,-22,,"table fan speed 1, connected through adapter plug, 15 min recording",2026-06-03 15:50:39
2026-06-03 10:20:45.243334+00:00,73.52,fan,alaina_plug4_tablefan_speed1_2026-06-03_S004,S004,speed_1,5.0,Alaina,plug_4,NW_P4_Alaina,P110,244.496,0.304,0.017,0.017,,on,-22,,"table fan speed 1, connected through adapter plug, 15 min recording",2026-06-03 15:50:45
2026-06-03 10:20:50.528114+00:00,72.965,fan,alaina_plug4_tablefan_speed1_2026-06-03_S004,S004,speed_1,5.0,Alaina,plug_4,NW_P4_Alaina,P110,243.768,0.303,0.018,0.018,,on,-22,,"table fan speed 1, connected through adapter plug, 15 min recording",2026-06-03 15:50:50
2026-06-03 10:20:55.848067+00:00,72.673,fan,alaina_plug4_tablefan_speed1_2026-06-03_S004,S004,speed_1,5.0,Alaina,plug_4,NW_P4_Alaina,P110,243.018,0.302,0.018,0.018,,on,-22,,"table fan speed 1, connected through adapter plug, 15 min recording",2026-06-03 15:50:55
2026-06-03 10:21:01.123698+00:00,72.377,fan,alaina_plug4_tablefan_speed1_2026-06-03_S004,S004,speed_1,5.0,Alaina,plug_4,NW_P4_Alaina,P110,242.41,0.301,0.018,0.018,,on,-23,,"table fan speed 1, connected through adapter plug, 15 min recording",2026-06-03 15:51:01
2026-06-03 10:21:06.382916+00:00,72.072,fan,alaina_plug4_tablefan_speed1_2026-06-03_S004,S004,speed_1,5.0,Alaina,plug_4,NW_P4_Alaina,P110,241.8,0.301,0.018,0.018,,on,-22,,"table fan speed 1, connected through adapter plug, 15 min recording",2026-06-03 15:51:06
2026-06-03 10:21:11.680842+00:00,71.719,fan,alaina_plug4_tablefan_speed1_2026-06-03_S004,S004,speed_1,5.0,Alaina,plug_4,NW_P4_Alaina,P110,241.489,0.3,0.018,0.018,,on,-22,,"table fan speed 1, connected through adapter plug, 15 min recording",2026-06-03 15:51:11
2026-06-03 10:21:16.959921+00:00,71.333,fan,alaina_plug4_tablefan_speed1_2026-06-03_S004,S004,speed_1,5.0,Alaina,plug_4,NW_P4_Alaina,P110,241.0,0.299,0.018,0.018,,on,-21,,"table fan speed 1, connected through adapter plug, 15 min recording",2026-06-03 15:51:16
2026-06-03 10:21:22.316778+00:00,71.161,fan,alaina_plug4_tablefan_speed1_2026-06-03_S004,S004,speed_1,5.0,Alaina,plug_4,NW_P4_Alaina,P110,240.511,0.299,0.018,0.018,,on,-22,,"table fan speed 1, connected through adapter plug, 15 min recording",2026-06-03 15:51:22
2026-06-03 10:21:27.599746+00:00,70.934,fan,alaina_plug4_tablefan_speed1_2026-06-03_S004,S004,speed_1,5.0,Alaina,plug_4,NW_P4_Alaina,P110,240.077,0.298,0.018,0.018,,on,-22,,"table fan speed 1, connected through adapter plug, 15 min recording",2026-06-03 15:51:27
2026-06-03 10:21:32.876308+00:00,70.886,fan,alaina_plug4_tablefan_speed1_2026-06-03_S004,S004,speed_1,5.0,Alaina,plug_4,NW_P4_Alaina,P110,239.859,0.299,0.018,0.018,,on,-22,,"table fan speed 1, connected through adapter plug, 15 min recording",2026-06-03 15:51:32
2026-06-03 10:21:38.159383+00:00,70.554,fan,alaina_plug4_tablefan_speed1_2026-06-03_S004,S004,speed_1,5.0,Alaina,plug_4,NW_P4_Alaina,P110,239.463,0.298,0.019,0.019,,on,-22,,"table fan speed 1, connected through adapter plug, 15 min recording",2026-06-03 15:51:38
2026-06-03 10:21:43.509691+00:00,70.616,fan,alaina_plug4_tablefan_speed1_2026-06-03_S004,S004,speed_1,5.0,Alaina,plug_4,NW_P4_Alaina,P110,239.186,0.297,0.019,0.019,,on,-21,,"table fan speed 1, connected through adapter plug, 15 min recording",2026-06-03 15:51:43
2026-06-03 10:21:48.786666+00:00,70.208,fan,alaina_plug4_tablefan_speed1_2026-06-03_S004,S004,speed_1,5.0,Alaina,plug_4,NW_P4_Alaina,P110,238.86,0.297,0.019,0.019,,on,-22,,"table fan speed 1, connected through adapter plug, 15 min recording",2026-06-03 15:51:48
2026-06-03 10:21:54.102371+00:00,70.141,fan,alaina_plug4_tablefan_speed1_2026-06-03_S004,S004,speed_1,5.0,Alaina,plug_4,NW_P4_Alaina,P110,238.733,0.297,0.019,0.019,,on,-22,,"table fan speed 1, connected through adapter plug, 15 min recording",2026-06-03 15:51:54
2026-06-03 10:21:59.378118+00:00,70.295,fan,alaina_plug4_tablefan_speed1_2026-06-03_S004,S004,speed_1,5.0,Alaina,plug_4,NW_P4_Alaina,P110,238.44,0.298,0.019,0.019,,on,-21,,"table fan speed 1, connected through adapter plug, 15 min recording",2026-06-03 15:51:59
2026-06-03 10:22:04.651298+00:00,70.293,fan,alaina_plug4_tablefan_speed1_2026-06-03_S004,S004,speed_1,5.0,Alaina,plug_4,NW_P4_Alaina,P110,238.24,0.297,0.019,0.019,,on,-24,,"table fan speed 1, connected through adapter plug, 15 min recording",2026-06-03 15:52:04
2026-06-03 10:22:09.934954+00:00,69.95,fan,alaina_plug4_tablefan_speed1_2026-06-03_S004,S004,speed_1,5.0,Alaina,plug_4,NW_P4_Alaina,P110,238.018,0.297,0.019,0.019,,on,-21,,"table fan speed 1, connected through adapter plug, 15 min recording",2026-06-03 15:52:09
2026-06-03 10:22:15.215262+00:00,69.895,fan,alaina_plug4_tablefan_speed1_2026-06-03_S004,S004,speed_1,5.0,Alaina,plug_4,NW_P4_Alaina,P110,237.946,0.296,0.019,0.019,,on,-22,,"table fan speed 1, connected through adapter plug, 15 min recording",2026-06-03 15:52:15
2026-06-03 10:22:20.496017+00:00,69.788,fan,alaina_plug4_tablefan_speed1_2026-06-03_S004,S004,speed_1,5.0,Alaina,plug_4,NW_P4_Alaina,P110,237.704,0.296,0.019,0.019,,on,-23,,"table fan speed 1, connected through adapter plug, 15 min recording",2026-06-03 15:52:20
2026-06-03 10:22:25.771897+00:00,69.633,fan,alaina_plug4_tablefan_speed1_2026-06-03_S004,S004,speed_1,5.0,Alaina,plug_4,NW_P4_Alaina,P110,237.671,0.296,0.019,0.019,,on,-22,,"table fan speed 1, connected through adapter plug, 15 min recording",2026-06-03 15:52:25
2026-06-03 10:22:31.049930+00:00,69.606,fan,alaina_plug4_tablefan_speed1_2026-06-03_S004,S004,speed_1,5.0,Alaina,plug_4,NW_P4_Alaina,P110,237.483,0.296,0.02,0.02,,on,-22,,"table fan speed 1, connected through adapter plug, 15 min recording",2026-06-03 15:52:31
2026-06-03 10:22:36.336586+00:00,69.418,fan,alaina_plug4_tablefan_speed1_2026-06-03_S004,S004,speed_1,5.0,Alaina,plug_4,NW_P4_Alaina,P110,237.389,0.295,0.02,0.02,,on,-22,,"table fan speed 1, connected through adapter plug, 15 min recording",2026-06-03 15:52:36
2026-06-03 10:22:41.621745+00:00,71.749,fan,alaina_plug4_tablefan_speed1_2026-06-03_S004,S004,speed_1,5.0,Alaina,plug_4,NW_P4_Alaina,P110,241.504,0.301,0.02,0.02,,on,-23,,"table fan speed 1, connected through adapter plug, 15 min recording",2026-06-03 15:52:41
2026-06-03 10:22:46.902425+00:00,71.483,fan,alaina_plug4_tablefan_speed1_2026-06-03_S004,S004,speed_1,5.0,Alaina,plug_4,NW_P4_Alaina,P110,240.924,0.301,0.02,0.02,,on,-23,,"table fan speed 1, connected through adapter plug, 15 min recording",2026-06-03 15:52:46
2026-06-03 10:22:52.179769+00:00,68.745,fan,alaina_plug4_tablefan_speed1_2026-06-03_S004,S004,speed_1,5.0,Alaina,plug_4,NW_P4_Alaina,P110,236.157,0.294,0.02,0.02,,on,-21,,"table fan speed 1, connected through adapter plug, 15 min recording",2026-06-03 15:52:52
2026-06-03 10:22:57.496128+00:00,68.878,fan,alaina_plug4_tablefan_speed1_2026-06-03_S004,S004,speed_1,5.0,Alaina,plug_4,NW_P4_Alaina,P110,234.923,0.295,0.02,0.02,,on,-22,,"table fan speed 1, connected through adapter plug, 15 min recording",2026-06-03 15:52:57
2026-06-03 10:23:02.774439+00:00,67.876,fan,alaina_plug4_tablefan_speed1_2026-06-03_S004,S004,speed_1,5.0,Alaina,plug_4,NW_P4_Alaina,P110,235.132,0.292,0.02,0.02,,on,-22,,"table fan speed 1, connected through adapter plug, 15 min recording",2026-06-03 15:53:02
2026-06-03 10:23:08.065671+00:00,67.868,fan,alaina_plug4_tablefan_speed1_2026-06-03_S004,S004,speed_1,5.0,Alaina,plug_4,NW_P4_Alaina,P110,234.618,0.293,0.02,0.02,,on,-24,,"table fan speed 1, connected through adapter plug, 15 min recording",2026-06-03 15:53:08
2026-06-03 10:23:13.341249+00:00,68.944,fan,alaina_plug4_tablefan_speed1_2026-06-03_S004,S004,speed_1,5.0,Alaina,plug_4,NW_P4_Alaina,P110,236.393,0.295,0.02,0.02,,on,-26,,"table fan speed 1, connected through adapter plug, 15 min recording",2026-06-03 15:53:13
2026-06-03 10:23:18.616037+00:00,0.0,fan,alaina_plug4_tablefan_speed1_2026-06-03_S004,S004,speed_1,5.0,Alaina,plug_4,NW_P4_Alaina,P110,235.073,0.0,0.02,0.02,,on,-21,,"table fan speed 1, connected through adapter plug, 15 min recording",2026-06-03 15:53:18
2026-06-03 10:23:23.902053+00:00,0.0,fan,alaina_plug4_tablefan_speed1_2026-06-03_S004,S004,speed_1,5.0,Alaina,plug_4,NW_P4_Alaina,P110,235.073,0.0,0.02,0.02,,on,-22,,"table fan speed 1, connected through adapter plug, 15 min recording",2026-06-03 15:53:23
2026-06-03 10:23:29.201279+00:00,0.0,fan,alaina_plug4_tablefan_speed1_2026-06-03_S004,S004,speed_1,5.0,Alaina,plug_4,NW_P4_Alaina,P110,235.073,0.0,0.02,0.02,,on,-21,,"table fan speed 1, connected through adapter plug, 15 min recording",2026-06-03 15:53:29
2026-06-03 10:23:34.477850+00:00,0.0,fan,alaina_plug4_tablefan_speed1_2026-06-03_S004,S004,speed_1,5.0,Alaina,plug_4,NW_P4_Alaina,P110,236.415,0.0,0.02,0.02,,on,-22,,"table fan speed 1, connected through adapter plug, 15 min recording",2026-06-03 15:53:34
2026-06-03 10:23:39.757373+00:00,0.0,fan,alaina_plug4_tablefan_speed1_2026-06-03_S004,S004,speed_1,5.0,Alaina,plug_4,NW_P4_Alaina,P110,236.415,0.0,0.02,0.02,,on,-21,,"table fan speed 1, connected through adapter plug, 15 min recording",2026-06-03 15:53:39
2026-06-03 10:23:45.138601+00:00,0.0,fan,alaina_plug4_tablefan_speed1_2026-06-03_S004,S004,speed_1,5.0,Alaina,plug_4,NW_P4_Alaina,P110,238.064,0.0,0.02,0.02,,on,-23,,"table fan speed 1, connected through adapter plug, 15 min recording",2026-06-03 15:53:45
2026-06-03 10:23:50.415039+00:00,0.0,fan,alaina_plug4_tablefan_speed1_2026-06-03_S004,S004,speed_1,5.0,Alaina,plug_4,NW_P4_Alaina,P110,238.064,0.0,0.02,0.02,,on,-21,,"table fan speed 1, connected through adapter plug, 15 min recording",2026-06-03 15:53:50
2026-06-03 10:23:55.761804+00:00,0.0,fan,alaina_plug4_tablefan_speed1_2026-06-03_S004,S004,speed_1,5.0,Alaina,plug_4,NW_P4_Alaina,P110,238.064,0.0,0.02,0.02,,on,-21,,"table fan speed 1, connected through adapter plug, 15 min recording",2026-06-03 15:53:55
2026-06-03 10:24:01.045774+00:00,0.0,fan,alaina_plug4_tablefan_speed1_2026-06-03_S004,S004,speed_1,5.0,Alaina,plug_4,NW_P4_Alaina,P110,239.08,0.0,0.02,0.02,,on,-22,,"table fan speed 1, connected through adapter plug, 15 min recording",2026-06-03 15:54:01
2026-06-03 10:27:52.467314+00:00,0.0,fan,alaina_plug4_tablefan_speed2_2026-06-03_S005,S005,speed_2,5.0,Alaina,plug_4,NW_P4_Alaina,P110,241.42,0.0,0.02,0.02,,on,-23,,"table fan speed 2, connected through adapter plug, 15 min recording",2026-06-03 15:57:52
2026-06-03 10:27:57.803618+00:00,0.0,fan,alaina_plug4_tablefan_speed2_2026-06-03_S005,S005,speed_2,5.0,Alaina,plug_4,NW_P4_Alaina,P110,242.3,0.0,0.02,0.02,,on,-21,,"table fan speed 2, connected through adapter plug, 15 min recording",2026-06-03 15:57:57
2026-06-03 10:28:03.123110+00:00,0.0,fan,alaina_plug4_tablefan_speed2_2026-06-03_S005,S005,speed_2,5.0,Alaina,plug_4,NW_P4_Alaina,P110,242.3,0.0,0.02,0.02,,on,-22,,"table fan speed 2, connected through adapter plug, 15 min recording",2026-06-03 15:58:03
2026-06-03 10:28:08.407812+00:00,0.0,fan,alaina_plug4_tablefan_speed2_2026-06-03_S005,S005,speed_2,5.0,Alaina,plug_4,NW_P4_Alaina,P110,242.3,0.0,0.02,0.02,,on,-20,,"table fan speed 2, connected through adapter plug, 15 min recording",2026-06-03 15:58:08
2026-06-03 10:28:13.696249+00:00,0.0,fan,alaina_plug4_tablefan_speed2_2026-06-03_S005,S005,speed_2,5.0,Alaina,plug_4,NW_P4_Alaina,P110,243.525,0.0,0.02,0.02,,on,-21,,"table fan speed 2, connected through adapter plug, 15 min recording",2026-06-03 15:58:13
2026-06-03 10:28:18.978421+00:00,0.0,fan,alaina_plug4_tablefan_speed2_2026-06-03_S005,S005,speed_2,5.0,Alaina,plug_4,NW_P4_Alaina,P110,243.525,0.0,0.02,0.02,,on,-23,,"table fan speed 2, connected through adapter plug, 15 min recording",2026-06-03 15:58:18
2026-06-03 10:28:24.258872+00:00,95.931,fan,alaina_plug4_tablefan_speed2_2026-06-03_S005,S005,speed_2,5.0,Alaina,plug_4,NW_P4_Alaina,P110,242.445,0.406,0.02,0.02,,on,-26,,"table fan speed 2, connected through adapter plug, 15 min recording",2026-06-03 15:58:24
2026-06-03 10:28:29.555289+00:00,73.173,fan,alaina_plug4_tablefan_speed2_2026-06-03_S005,S005,speed_2,5.0,Alaina,plug_4,NW_P4_Alaina,P110,243.584,0.309,0.021,0.021,,on,-24,,"table fan speed 2, connected through adapter plug, 15 min recording",2026-06-03 15:58:29
2026-06-03 10:28:34.831615+00:00,72.47,fan,alaina_plug4_tablefan_speed2_2026-06-03_S005,S005,speed_2,5.0,Alaina,plug_4,NW_P4_Alaina,P110,243.078,0.304,0.021,0.021,,on,-25,,"table fan speed 2, connected through adapter plug, 15 min recording",2026-06-03 15:58:34
2026-06-03 10:28:40.113991+00:00,72.153,fan,alaina_plug4_tablefan_speed2_2026-06-03_S005,S005,speed_2,5.0,Alaina,plug_4,NW_P4_Alaina,P110,242.606,0.303,0.021,0.021,,on,-25,,"table fan speed 2, connected through adapter plug, 15 min recording",2026-06-03 15:58:40
2026-06-03 10:28:45.398649+00:00,72.964,fan,alaina_plug4_tablefan_speed2_2026-06-03_S005,S005,speed_2,5.0,Alaina,plug_4,NW_P4_Alaina,P110,243.908,0.305,0.021,0.021,,on,-25,,"table fan speed 2, connected through adapter plug, 15 min recording",2026-06-03 15:58:45
2026-06-03 10:28:50.678372+00:00,72.861,fan,alaina_plug4_tablefan_speed2_2026-06-03_S005,S005,speed_2,5.0,Alaina,plug_4,NW_P4_Alaina,P110,244.056,0.305,0.021,0.021,,on,-25,,"table fan speed 2, connected through adapter plug, 15 min recording",2026-06-03 15:58:50
2026-06-03 10:28:55.954938+00:00,72.723,fan,alaina_plug4_tablefan_speed2_2026-06-03_S005,S005,speed_2,5.0,Alaina,plug_4,NW_P4_Alaina,P110,243.596,0.304,0.021,0.021,,on,-25,,"table fan speed 2, connected through adapter plug, 15 min recording",2026-06-03 15:58:55
2026-06-03 10:29:01.301740+00:00,72.913,fan,alaina_plug4_tablefan_speed2_2026-06-03_S005,S005,speed_2,5.0,Alaina,plug_4,NW_P4_Alaina,P110,244.368,0.304,0.021,0.021,,on,-24,,"table fan speed 2, connected through adapter plug, 15 min recording",2026-06-03 15:59:01
2026-06-03 10:29:06.582198+00:00,72.66,fan,alaina_plug4_tablefan_speed2_2026-06-03_S005,S005,speed_2,5.0,Alaina,plug_4,NW_P4_Alaina,P110,243.528,0.304,0.021,0.021,,on,-25,,"table fan speed 2, connected through adapter plug, 15 min recording",2026-06-03 15:59:06
2026-06-03 10:29:11.856911+00:00,72.935,fan,alaina_plug4_tablefan_speed2_2026-06-03_S005,S005,speed_2,5.0,Alaina,plug_4,NW_P4_Alaina,P110,244.037,0.303,0.021,0.021,,on,-24,,"table fan speed 2, connected through adapter plug, 15 min recording",2026-06-03 15:59:11
2026-06-03 10:29:17.135202+00:00,72.684,fan,alaina_plug4_tablefan_speed2_2026-06-03_S005,S005,speed_2,5.0,Alaina,plug_4,NW_P4_Alaina,P110,243.454,0.303,0.022,0.022,,on,-25,,"table fan speed 2, connected through adapter plug, 15 min recording",2026-06-03 15:59:17
2026-06-03 10:29:22.389485+00:00,73.05,fan,alaina_plug4_tablefan_speed2_2026-06-03_S005,S005,speed_2,5.0,Alaina,plug_4,NW_P4_Alaina,P110,243.86,0.305,0.022,0.022,,on,-24,,"table fan speed 2, connected through adapter plug, 15 min recording",2026-06-03 15:59:22
2026-06-03 10:29:27.656103+00:00,72.832,fan,alaina_plug4_tablefan_speed2_2026-06-03_S005,S005,speed_2,5.0,Alaina,plug_4,NW_P4_Alaina,P110,243.377,0.304,0.022,0.022,,on,-23,,"table fan speed 2, connected through adapter plug, 15 min recording",2026-06-03 15:59:27
2026-06-03 10:29:32.931409+00:00,71.563,fan,alaina_plug4_tablefan_speed2_2026-06-03_S005,S005,speed_2,5.0,Alaina,plug_4,NW_P4_Alaina,P110,241.233,0.302,0.022,0.022,,on,-24,,"table fan speed 2, connected through adapter plug, 15 min recording",2026-06-03 15:59:32
2026-06-03 10:29:38.196248+00:00,71.262,fan,alaina_plug4_tablefan_speed2_2026-06-03_S005,S005,speed_2,5.0,Alaina,plug_4,NW_P4_Alaina,P110,241.005,0.301,0.022,0.022,,on,-25,,"table fan speed 2, connected through adapter plug, 15 min recording",2026-06-03 15:59:38
2026-06-03 10:29:43.475873+00:00,71.508,fan,alaina_plug4_tablefan_speed2_2026-06-03_S005,S005,speed_2,5.0,Alaina,plug_4,NW_P4_Alaina,P110,241.245,0.301,0.022,0.022,,on,-25,,"table fan speed 2, connected through adapter plug, 15 min recording",2026-06-03 15:59:43
2026-06-03 10:29:48.751865+00:00,70.763,fan,alaina_plug4_tablefan_speed2_2026-06-03_S005,S005,speed_2,5.0,Alaina,plug_4,NW_P4_Alaina,P110,240.242,0.299,0.022,0.022,,on,-25,,"table fan speed 2, connected through adapter plug, 15 min recording",2026-06-03 15:59:48
2026-06-03 10:29:54.027051+00:00,71.237,fan,alaina_plug4_tablefan_speed2_2026-06-03_S005,S005,speed_2,5.0,Alaina,plug_4,NW_P4_Alaina,P110,240.973,0.299,0.022,0.022,,on,-25,,"table fan speed 2, connected through adapter plug, 15 min recording",2026-06-03 15:59:54
2026-06-03 10:29:59.318873+00:00,71.553,fan,alaina_plug4_tablefan_speed2_2026-06-03_S005,S005,speed_2,5.0,Alaina,plug_4,NW_P4_Alaina,P110,241.442,0.3,0.022,0.022,,on,-24,,"table fan speed 2, connected through adapter plug, 15 min recording",2026-06-03 15:59:59
2026-06-03 10:30:04.606499+00:00,71.947,fan,alaina_plug4_tablefan_speed2_2026-06-03_S005,S005,speed_2,5.0,Alaina,plug_4,NW_P4_Alaina,P110,241.658,0.302,0.022,0.022,,on,-24,,"table fan speed 2, connected through adapter plug, 15 min recording",2026-06-03 16:00:04
2026-06-03 10:30:09.884442+00:00,71.938,fan,alaina_plug4_tablefan_speed2_2026-06-03_S005,S005,speed_2,5.0,Alaina,plug_4,NW_P4_Alaina,P110,242.314,0.301,0.023,0.023,,on,-25,,"table fan speed 2, connected through adapter plug, 15 min recording",2026-06-03 16:00:09
2026-06-03 10:30:15.168970+00:00,72.706,fan,alaina_plug4_tablefan_speed2_2026-06-03_S005,S005,speed_2,5.0,Alaina,plug_4,NW_P4_Alaina,P110,243.459,0.302,0.023,0.023,,on,-25,,"table fan speed 2, connected through adapter plug, 15 min recording",2026-06-03 16:00:15
2026-06-03 10:30:20.448198+00:00,73.367,fan,alaina_plug4_tablefan_speed2_2026-06-03_S005,S005,speed_2,5.0,Alaina,plug_4,NW_P4_Alaina,P110,244.268,0.304,0.023,0.023,,on,-25,,"table fan speed 2, connected through adapter plug, 15 min recording",2026-06-03 16:00:20
2026-06-03 10:30:25.734849+00:00,73.119,fan,alaina_plug4_tablefan_speed2_2026-06-03_S005,S005,speed_2,5.0,Alaina,plug_4,NW_P4_Alaina,P110,244.304,0.304,0.023,0.023,,on,-25,,"table fan speed 2, connected through adapter plug, 15 min recording",2026-06-03 16:00:25
2026-06-03 10:30:31.019221+00:00,73.007,fan,alaina_plug4_tablefan_speed2_2026-06-03_S005,S005,speed_2,5.0,Alaina,plug_4,NW_P4_Alaina,P110,244.059,0.303,0.023,0.023,,on,-25,,"table fan speed 2, connected through adapter plug, 15 min recording",2026-06-03 16:00:31
2026-06-03 10:30:36.359912+00:00,73.064,fan,alaina_plug4_tablefan_speed2_2026-06-03_S005,S005,speed_2,5.0,Alaina,plug_4,NW_P4_Alaina,P110,244.415,0.303,0.023,0.023,,on,-25,,"table fan speed 2, connected through adapter plug, 15 min recording",2026-06-03 16:00:36
2026-06-03 10:30:41.640320+00:00,73.446,fan,alaina_plug4_tablefan_speed2_2026-06-03_S005,S005,speed_2,5.0,Alaina,plug_4,NW_P4_Alaina,P110,244.703,0.304,0.023,0.023,,on,-25,,"table fan speed 2, connected through adapter plug, 15 min recording",2026-06-03 16:00:41
2026-06-03 10:30:46.920359+00:00,73.265,fan,alaina_plug4_tablefan_speed2_2026-06-03_S005,S005,speed_2,5.0,Alaina,plug_4,NW_P4_Alaina,P110,244.699,0.304,0.023,0.023,,on,-25,,"table fan speed 2, connected through adapter plug, 15 min recording",2026-06-03 16:00:46
2026-06-03 10:30:52.198030+00:00,73.879,fan,alaina_plug4_tablefan_speed2_2026-06-03_S005,S005,speed_2,5.0,Alaina,plug_4,NW_P4_Alaina,P110,245.646,0.305,0.023,0.023,,on,-25,,"table fan speed 2, connected through adapter plug, 15 min recording",2026-06-03 16:00:52
2026-06-03 10:30:57.534732+00:00,73.922,fan,alaina_plug4_tablefan_speed2_2026-06-03_S005,S005,speed_2,5.0,Alaina,plug_4,NW_P4_Alaina,P110,245.832,0.305,0.024,0.024,,on,-25,,"table fan speed 2, connected through adapter plug, 15 min recording",2026-06-03 16:00:57
2026-06-03 10:31:02.832010+00:00,74.484,fan,alaina_plug4_tablefan_speed2_2026-06-03_S005,S005,speed_2,5.0,Alaina,plug_4,NW_P4_Alaina,P110,246.51,0.306,0.024,0.024,,on,-25,,"table fan speed 2, connected through adapter plug, 15 min recording",2026-06-03 16:01:02
2026-06-03 10:31:08.109243+00:00,74.537,fan,alaina_plug4_tablefan_speed2_2026-06-03_S005,S005,speed_2,5.0,Alaina,plug_4,NW_P4_Alaina,P110,246.612,0.306,0.024,0.024,,on,-25,,"table fan speed 2, connected through adapter plug, 15 min recording",2026-06-03 16:01:08
2026-06-03 10:31:13.398823+00:00,74.547,fan,alaina_plug4_tablefan_speed2_2026-06-03_S005,S005,speed_2,5.0,Alaina,plug_4,NW_P4_Alaina,P110,246.74,0.306,0.024,0.024,,on,-25,,"table fan speed 2, connected through adapter plug, 15 min recording",2026-06-03 16:01:13
2026-06-03 10:31:18.677626+00:00,74.716,fan,alaina_plug4_tablefan_speed2_2026-06-03_S005,S005,speed_2,5.0,Alaina,plug_4,NW_P4_Alaina,P110,246.836,0.307,0.024,0.024,,on,-26,,"table fan speed 2, connected through adapter plug, 15 min recording",2026-06-03 16:01:18
2026-06-03 10:31:23.963378+00:00,74.991,fan,alaina_plug4_tablefan_speed2_2026-06-03_S005,S005,speed_2,5.0,Alaina,plug_4,NW_P4_Alaina,P110,247.71,0.307,0.024,0.024,,on,-25,,"table fan speed 2, connected through adapter plug, 15 min recording",2026-06-03 16:01:23
2026-06-03 10:31:29.249388+00:00,75.181,fan,alaina_plug4_tablefan_speed2_2026-06-03_S005,S005,speed_2,5.0,Alaina,plug_4,NW_P4_Alaina,P110,247.767,0.307,0.024,0.024,,on,-24,,"table fan speed 2, connected through adapter plug, 15 min recording",2026-06-03 16:01:29
2026-06-03 10:31:34.532639+00:00,75.237,fan,alaina_plug4_tablefan_speed2_2026-06-03_S005,S005,speed_2,5.0,Alaina,plug_4,NW_P4_Alaina,P110,247.65,0.308,0.024,0.024,,on,-24,,"table fan speed 2, connected through adapter plug, 15 min recording",2026-06-03 16:01:34
2026-06-03 10:31:39.810352+00:00,75.098,fan,alaina_plug4_tablefan_speed2_2026-06-03_S005,S005,speed_2,5.0,Alaina,plug_4,NW_P4_Alaina,P110,247.274,0.308,0.024,0.024,,on,-24,,"table fan speed 2, connected through adapter plug, 15 min recording",2026-06-03 16:01:39
2026-06-03 10:31:45.067672+00:00,75.059,fan,alaina_plug4_tablefan_speed2_2026-06-03_S005,S005,speed_2,5.0,Alaina,plug_4,NW_P4_Alaina,P110,247.386,0.308,0.025,0.025,,on,-24,,"table fan speed 2, connected through adapter plug, 15 min recording",2026-06-03 16:01:45
2026-06-03 10:31:50.344403+00:00,74.845,fan,alaina_plug4_tablefan_speed2_2026-06-03_S005,S005,speed_2,5.0,Alaina,plug_4,NW_P4_Alaina,P110,247.324,0.307,0.025,0.025,,on,-24,,"table fan speed 2, connected through adapter plug, 15 min recording",2026-06-03 16:01:50
2026-06-03 10:31:55.624369+00:00,75.613,fan,alaina_plug4_tablefan_speed2_2026-06-03_S005,S005,speed_2,5.0,Alaina,plug_4,NW_P4_Alaina,P110,248.64,0.308,0.025,0.025,,on,-25,,"table fan speed 2, connected through adapter plug, 15 min recording",2026-06-03 16:01:55
2026-06-03 10:32:00.899523+00:00,75.747,fan,alaina_plug4_tablefan_speed2_2026-06-03_S005,S005,speed_2,5.0,Alaina,plug_4,NW_P4_Alaina,P110,248.428,0.309,0.025,0.025,,on,-25,,"table fan speed 2, connected through adapter plug, 15 min recording",2026-06-03 16:02:00
2026-06-03 10:32:06.194729+00:00,75.915,fan,alaina_plug4_tablefan_speed2_2026-06-03_S005,S005,speed_2,5.0,Alaina,plug_4,NW_P4_Alaina,P110,249.07,0.309,0.025,0.025,,on,-24,,"table fan speed 2, connected through adapter plug, 15 min recording",2026-06-03 16:02:06
2026-06-03 10:32:11.564569+00:00,75.873,fan,alaina_plug4_tablefan_speed2_2026-06-03_S005,S005,speed_2,5.0,Alaina,plug_4,NW_P4_Alaina,P110,249.024,0.309,0.025,0.025,,on,-24,,"table fan speed 2, connected through adapter plug, 15 min recording",2026-06-03 16:02:11
2026-06-03 10:32:16.847173+00:00,75.872,fan,alaina_plug4_tablefan_speed2_2026-06-03_S005,S005,speed_2,5.0,Alaina,plug_4,NW_P4_Alaina,P110,248.855,0.309,0.025,0.025,,on,-24,,"table fan speed 2, connected through adapter plug, 15 min recording",2026-06-03 16:02:16
2026-06-03 10:32:22.122086+00:00,75.711,fan,alaina_plug4_tablefan_speed2_2026-06-03_S005,S005,speed_2,5.0,Alaina,plug_4,NW_P4_Alaina,P110,248.737,0.309,0.025,0.025,,on,-24,,"table fan speed 2, connected through adapter plug, 15 min recording",2026-06-03 16:02:22
2026-06-03 10:32:27.395518+00:00,75.591,fan,alaina_plug4_tablefan_speed2_2026-06-03_S005,S005,speed_2,5.0,Alaina,plug_4,NW_P4_Alaina,P110,248.606,0.308,0.025,0.025,,on,-24,,"table fan speed 2, connected through adapter plug, 15 min recording",2026-06-03 16:02:27
2026-06-03 10:32:32.671716+00:00,75.779,fan,alaina_plug4_tablefan_speed2_2026-06-03_S005,S005,speed_2,5.0,Alaina,plug_4,NW_P4_Alaina,P110,248.672,0.309,0.026,0.026,,on,-24,,"table fan speed 2, connected through adapter plug, 15 min recording",2026-06-03 16:02:32
2026-06-03 10:32:37.958525+00:00,75.646,fan,alaina_plug4_tablefan_speed2_2026-06-03_S005,S005,speed_2,5.0,Alaina,plug_4,NW_P4_Alaina,P110,248.507,0.309,0.026,0.026,,on,-24,,"table fan speed 2, connected through adapter plug, 15 min recording",2026-06-03 16:02:37
2026-06-03 10:32:43.242430+00:00,75.41,fan,alaina_plug4_tablefan_speed2_2026-06-03_S005,S005,speed_2,5.0,Alaina,plug_4,NW_P4_Alaina,P110,248.377,0.308,0.026,0.026,,on,-23,,"table fan speed 2, connected through adapter plug, 15 min recording",2026-06-03 16:02:43
2026-06-03 10:32:48.542566+00:00,75.578,fan,alaina_plug4_tablefan_speed2_2026-06-03_S005,S005,speed_2,5.0,Alaina,plug_4,NW_P4_Alaina,P110,248.463,0.308,0.026,0.026,,on,-24,,"table fan speed 2, connected through adapter plug, 15 min recording",2026-06-03 16:02:48
2026-06-03 10:32:53.800560+00:00,75.843,fan,alaina_plug4_tablefan_speed2_2026-06-03_S005,S005,speed_2,5.0,Alaina,plug_4,NW_P4_Alaina,P110,248.58,0.309,0.026,0.026,,on,-24,,"table fan speed 2, connected through adapter plug, 15 min recording",2026-06-03 16:02:53
2026-06-03 10:32:59.081757+00:00,75.796,fan,alaina_plug4_tablefan_speed2_2026-06-03_S005,S005,speed_2,5.0,Alaina,plug_4,NW_P4_Alaina,P110,248.443,0.309,0.026,0.026,,on,-24,,"table fan speed 2, connected through adapter plug, 15 min recording",2026-06-03 16:02:59
2026-06-03 10:33:04.340090+00:00,75.45,fan,alaina_plug4_tablefan_speed2_2026-06-03_S005,S005,speed_2,5.0,Alaina,plug_4,NW_P4_Alaina,P110,248.325,0.308,0.026,0.026,,on,-24,,"table fan speed 2, connected through adapter plug, 15 min recording",2026-06-03 16:03:04
2026-06-03 10:33:09.630120+00:00,74.482,fan,alaina_plug4_tablefan_speed2_2026-06-03_S005,S005,speed_2,5.0,Alaina,plug_4,NW_P4_Alaina,P110,246.378,0.308,0.026,0.026,,on,-29,,"table fan speed 2, connected through adapter plug, 15 min recording",2026-06-03 16:03:09
2026-06-03 10:33:14.902715+00:00,73.557,fan,alaina_plug4_tablefan_speed2_2026-06-03_S005,S005,speed_2,5.0,Alaina,plug_4,NW_P4_Alaina,P110,244.904,0.305,0.026,0.026,,on,-24,,"table fan speed 2, connected through adapter plug, 15 min recording",2026-06-03 16:03:14
2026-06-03 10:33:20.180237+00:00,72.915,fan,alaina_plug4_tablefan_speed2_2026-06-03_S005,S005,speed_2,5.0,Alaina,plug_4,NW_P4_Alaina,P110,244.019,0.303,0.027,0.027,,on,-23,,"table fan speed 2, connected through adapter plug, 15 min recording",2026-06-03 16:03:20
2026-06-03 10:33:25.456707+00:00,72.512,fan,alaina_plug4_tablefan_speed2_2026-06-03_S005,S005,speed_2,5.0,Alaina,plug_4,NW_P4_Alaina,P110,243.625,0.302,0.027,0.027,,on,-24,,"table fan speed 2, connected through adapter plug, 15 min recording",2026-06-03 16:03:25
2026-06-03 10:33:30.750386+00:00,72.336,fan,alaina_plug4_tablefan_speed2_2026-06-03_S005,S005,speed_2,5.0,Alaina,plug_4,NW_P4_Alaina,P110,242.809,0.302,0.027,0.027,,on,-23,,"table fan speed 2, connected through adapter plug, 15 min recording",2026-06-03 16:03:30
2026-06-03 10:33:36.031834+00:00,72.382,fan,alaina_plug4_tablefan_speed2_2026-06-03_S005,S005,speed_2,5.0,Alaina,plug_4,NW_P4_Alaina,P110,242.839,0.301,0.027,0.027,,on,-24,,"table fan speed 2, connected through adapter plug, 15 min recording",2026-06-03 16:03:36
2026-06-03 10:33:41.308945+00:00,72.335,fan,alaina_plug4_tablefan_speed2_2026-06-03_S005,S005,speed_2,5.0,Alaina,plug_4,NW_P4_Alaina,P110,242.892,0.301,0.027,0.027,,on,-23,,"table fan speed 2, connected through adapter plug, 15 min recording",2026-06-03 16:03:41
2026-06-03 10:33:46.581274+00:00,73.27,fan,alaina_plug4_tablefan_speed2_2026-06-03_S005,S005,speed_2,5.0,Alaina,plug_4,NW_P4_Alaina,P110,243.276,0.303,0.027,0.027,,on,-23,,"table fan speed 2, connected through adapter plug, 15 min recording",2026-06-03 16:03:46
2026-06-03 10:33:51.861114+00:00,74.055,fan,alaina_plug4_tablefan_speed2_2026-06-03_S005,S005,speed_2,5.0,Alaina,plug_4,NW_P4_Alaina,P110,245.528,0.305,0.027,0.027,,on,-24,,"table fan speed 2, connected through adapter plug, 15 min recording",2026-06-03 16:03:51
2026-06-03 10:33:57.138060+00:00,73.821,fan,alaina_plug4_tablefan_speed2_2026-06-03_S005,S005,speed_2,5.0,Alaina,plug_4,NW_P4_Alaina,P110,245.466,0.305,0.027,0.027,,on,-24,,"table fan speed 2, connected through adapter plug, 15 min recording",2026-06-03 16:03:57
2026-06-03 10:34:02.407227+00:00,73.794,fan,alaina_plug4_tablefan_speed2_2026-06-03_S005,S005,speed_2,5.0,Alaina,plug_4,NW_P4_Alaina,P110,245.304,0.304,0.027,0.027,,on,-25,,"table fan speed 2, connected through adapter plug, 15 min recording",2026-06-03 16:04:02
2026-06-03 10:34:07.682129+00:00,72.993,fan,alaina_plug4_tablefan_speed2_2026-06-03_S005,S005,speed_2,5.0,Alaina,plug_4,NW_P4_Alaina,P110,244.086,0.303,0.028,0.028,,on,-24,,"table fan speed 2, connected through adapter plug, 15 min recording",2026-06-03 16:04:07
2026-06-03 10:34:13.029256+00:00,72.972,fan,alaina_plug4_tablefan_speed2_2026-06-03_S005,S005,speed_2,5.0,Alaina,plug_4,NW_P4_Alaina,P110,243.332,0.303,0.028,0.028,,on,-26,,"table fan speed 2, connected through adapter plug, 15 min recording",2026-06-03 16:04:13
2026-06-03 10:34:18.304799+00:00,73.482,fan,alaina_plug4_tablefan_speed2_2026-06-03_S005,S005,speed_2,5.0,Alaina,plug_4,NW_P4_Alaina,P110,244.791,0.303,0.028,0.028,,on,-25,,"table fan speed 2, connected through adapter plug, 15 min recording",2026-06-03 16:04:18
2026-06-03 10:34:23.592885+00:00,73.365,fan,alaina_plug4_tablefan_speed2_2026-06-03_S005,S005,speed_2,5.0,Alaina,plug_4,NW_P4_Alaina,P110,244.648,0.304,0.028,0.028,,on,-25,,"table fan speed 2, connected through adapter plug, 15 min recording",2026-06-03 16:04:23
2026-06-03 10:34:28.867029+00:00,73.358,fan,alaina_plug4_tablefan_speed2_2026-06-03_S005,S005,speed_2,5.0,Alaina,plug_4,NW_P4_Alaina,P110,244.348,0.304,0.028,0.028,,on,-25,,"table fan speed 2, connected through adapter plug, 15 min recording",2026-06-03 16:04:28
2026-06-03 10:34:34.152618+00:00,72.297,fan,alaina_plug4_tablefan_speed2_2026-06-03_S005,S005,speed_2,5.0,Alaina,plug_4,NW_P4_Alaina,P110,243.055,0.301,0.028,0.028,,on,-24,,"table fan speed 2, connected through adapter plug, 15 min recording",2026-06-03 16:04:34
2026-06-03 10:34:39.434536+00:00,72.405,fan,alaina_plug4_tablefan_speed2_2026-06-03_S005,S005,speed_2,5.0,Alaina,plug_4,NW_P4_Alaina,P110,243.072,0.301,0.028,0.028,,on,-25,,"table fan speed 2, connected through adapter plug, 15 min recording",2026-06-03 16:04:39
2026-06-03 10:34:44.711891+00:00,72.145,fan,alaina_plug4_tablefan_speed2_2026-06-03_S005,S005,speed_2,5.0,Alaina,plug_4,NW_P4_Alaina,P110,242.548,0.301,0.028,0.028,,on,-25,,"table fan speed 2, connected through adapter plug, 15 min recording",2026-06-03 16:04:44
2026-06-03 10:34:50.033766+00:00,72.117,fan,alaina_plug4_tablefan_speed2_2026-06-03_S005,S005,speed_2,5.0,Alaina,plug_4,NW_P4_Alaina,P110,242.489,0.301,0.028,0.028,,on,-25,,"table fan speed 2, connected through adapter plug, 15 min recording",2026-06-03 16:04:50
2026-06-03 10:34:55.312871+00:00,71.562,fan,alaina_plug4_tablefan_speed2_2026-06-03_S005,S005,speed_2,5.0,Alaina,plug_4,NW_P4_Alaina,P110,242.939,0.299,0.028,0.028,,on,-25,,"table fan speed 2, connected through adapter plug, 15 min recording",2026-06-03 16:04:55
2026-06-03 10:35:00.589155+00:00,72.521,fan,alaina_plug4_tablefan_speed2_2026-06-03_S005,S005,speed_2,5.0,Alaina,plug_4,NW_P4_Alaina,P110,243.164,0.301,0.029,0.029,,on,-25,,"table fan speed 2, connected through adapter plug, 15 min recording",2026-06-03 16:05:00
2026-06-03 10:35:05.870500+00:00,72.081,fan,alaina_plug4_tablefan_speed2_2026-06-03_S005,S005,speed_2,5.0,Alaina,plug_4,NW_P4_Alaina,P110,242.513,0.301,0.029,0.029,,on,-25,,"table fan speed 2, connected through adapter plug, 15 min recording",2026-06-03 16:05:05
2026-06-03 10:35:11.146432+00:00,72.437,fan,alaina_plug4_tablefan_speed2_2026-06-03_S005,S005,speed_2,5.0,Alaina,plug_4,NW_P4_Alaina,P110,242.55,0.302,0.029,0.029,,on,-24,,"table fan speed 2, connected through adapter plug, 15 min recording",2026-06-03 16:05:11
2026-06-03 10:35:16.445163+00:00,72.593,fan,alaina_plug4_tablefan_speed2_2026-06-03_S005,S005,speed_2,5.0,Alaina,plug_4,NW_P4_Alaina,P110,243.466,0.302,0.029,0.029,,on,-25,,"table fan speed 2, connected through adapter plug, 15 min recording",2026-06-03 16:05:16
2026-06-03 10:35:21.703161+00:00,72.612,fan,alaina_plug4_tablefan_speed2_2026-06-03_S005,S005,speed_2,5.0,Alaina,plug_4,NW_P4_Alaina,P110,243.383,0.301,0.029,0.029,,on,-25,,"table fan speed 2, connected through adapter plug, 15 min recording",2026-06-03 16:05:21
2026-06-03 10:35:27.063846+00:00,72.419,fan,alaina_plug4_tablefan_speed2_2026-06-03_S005,S005,speed_2,5.0,Alaina,plug_4,NW_P4_Alaina,P110,243.103,0.301,0.029,0.029,,on,-25,,"table fan speed 2, connected through adapter plug, 15 min recording",2026-06-03 16:05:27
2026-06-03 10:35:32.341343+00:00,72.048,fan,alaina_plug4_tablefan_speed2_2026-06-03_S005,S005,speed_2,5.0,Alaina,plug_4,NW_P4_Alaina,P110,243.894,0.301,0.029,0.029,,on,-25,,"table fan speed 2, connected through adapter plug, 15 min recording",2026-06-03 16:05:32
2026-06-03 10:35:37.617489+00:00,71.936,fan,alaina_plug4_tablefan_speed2_2026-06-03_S005,S005,speed_2,5.0,Alaina,plug_4,NW_P4_Alaina,P110,242.196,0.3,0.029,0.029,,on,-25,,"table fan speed 2, connected through adapter plug, 15 min recording",2026-06-03 16:05:37
2026-06-03 10:35:42.897730+00:00,71.319,fan,alaina_plug4_tablefan_speed2_2026-06-03_S005,S005,speed_2,5.0,Alaina,plug_4,NW_P4_Alaina,P110,240.992,0.299,0.029,0.029,,on,-25,,"table fan speed 2, connected through adapter plug, 15 min recording",2026-06-03 16:05:42
2026-06-03 10:35:48.233603+00:00,71.272,fan,alaina_plug4_tablefan_speed2_2026-06-03_S005,S005,speed_2,5.0,Alaina,plug_4,NW_P4_Alaina,P110,240.677,0.299,0.03,0.03,,on,-25,,"table fan speed 2, connected through adapter plug, 15 min recording",2026-06-03 16:05:48
2026-06-03 10:35:53.506154+00:00,71.222,fan,alaina_plug4_tablefan_speed2_2026-06-03_S005,S005,speed_2,5.0,Alaina,plug_4,NW_P4_Alaina,P110,240.428,0.3,0.03,0.03,,on,-25,,"table fan speed 2, connected through adapter plug, 15 min recording",2026-06-03 16:05:53
2026-06-03 10:35:58.786013+00:00,70.817,fan,alaina_plug4_tablefan_speed2_2026-06-03_S005,S005,speed_2,5.0,Alaina,plug_4,NW_P4_Alaina,P110,240.028,0.298,0.03,0.03,,on,-25,,"table fan speed 2, connected through adapter plug, 15 min recording",2026-06-03 16:05:58
2026-06-03 10:36:04.054943+00:00,70.716,fan,alaina_plug4_tablefan_speed2_2026-06-03_S005,S005,speed_2,5.0,Alaina,plug_4,NW_P4_Alaina,P110,239.963,0.298,0.03,0.03,,on,-24,,"table fan speed 2, connected through adapter plug, 15 min recording",2026-06-03 16:06:04
2026-06-03 10:36:09.336020+00:00,71.093,fan,alaina_plug4_tablefan_speed2_2026-06-03_S005,S005,speed_2,5.0,Alaina,plug_4,NW_P4_Alaina,P110,240.517,0.298,0.03,0.03,,on,-25,,"table fan speed 2, connected through adapter plug, 15 min recording",2026-06-03 16:06:09
2026-06-03 10:36:14.617637+00:00,71.148,fan,alaina_plug4_tablefan_speed2_2026-06-03_S005,S005,speed_2,5.0,Alaina,plug_4,NW_P4_Alaina,P110,240.797,0.298,0.03,0.03,,on,-26,,"table fan speed 2, connected through adapter plug, 15 min recording",2026-06-03 16:06:14
2026-06-03 10:36:19.890767+00:00,71.529,fan,alaina_plug4_tablefan_speed2_2026-06-03_S005,S005,speed_2,5.0,Alaina,plug_4,NW_P4_Alaina,P110,240.872,0.3,0.03,0.03,,on,-26,,"table fan speed 2, connected through adapter plug, 15 min recording",2026-06-03 16:06:19
2026-06-03 10:36:25.160171+00:00,71.026,fan,alaina_plug4_tablefan_speed2_2026-06-03_S005,S005,speed_2,5.0,Alaina,plug_4,NW_P4_Alaina,P110,241.058,0.298,0.03,0.03,,on,-25,,"table fan speed 2, connected through adapter plug, 15 min recording",2026-06-03 16:06:25
2026-06-03 10:36:30.444678+00:00,68.977,fan,alaina_plug4_tablefan_speed2_2026-06-03_S005,S005,speed_2,5.0,Alaina,plug_4,NW_P4_Alaina,P110,236.865,0.294,0.03,0.03,,on,-25,,"table fan speed 2, connected through adapter plug, 15 min recording",2026-06-03 16:06:30
2026-06-03 10:36:35.721332+00:00,69.084,fan,alaina_plug4_tablefan_speed2_2026-06-03_S005,S005,speed_2,5.0,Alaina,plug_4,NW_P4_Alaina,P110,236.888,0.295,0.03,0.03,,on,-24,,"table fan speed 2, connected through adapter plug, 15 min recording",2026-06-03 16:06:35
2026-06-03 10:36:41.008200+00:00,70.209,fan,alaina_plug4_tablefan_speed2_2026-06-03_S005,S005,speed_2,5.0,Alaina,plug_4,NW_P4_Alaina,P110,239.092,0.297,0.031,0.031,,on,-25,,"table fan speed 2, connected through adapter plug, 15 min recording",2026-06-03 16:06:41
2026-06-03 10:36:46.275954+00:00,69.985,fan,alaina_plug4_tablefan_speed2_2026-06-03_S005,S005,speed_2,5.0,Alaina,plug_4,NW_P4_Alaina,P110,239.0,0.296,0.031,0.031,,on,-24,,"table fan speed 2, connected through adapter plug, 15 min recording",2026-06-03 16:06:46
2026-06-03 10:36:51.548212+00:00,69.924,fan,alaina_plug4_tablefan_speed2_2026-06-03_S005,S005,speed_2,5.0,Alaina,plug_4,NW_P4_Alaina,P110,238.56,0.296,0.031,0.031,,on,-24,,"table fan speed 2, connected through adapter plug, 15 min recording",2026-06-03 16:06:51
2026-06-03 10:36:56.827636+00:00,70.356,fan,alaina_plug4_tablefan_speed2_2026-06-03_S005,S005,speed_2,5.0,Alaina,plug_4,NW_P4_Alaina,P110,239.383,0.297,0.031,0.031,,on,-24,,"table fan speed 2, connected through adapter plug, 15 min recording",2026-06-03 16:06:56
2026-06-03 10:37:02.104014+00:00,70.479,fan,alaina_plug4_tablefan_speed2_2026-06-03_S005,S005,speed_2,5.0,Alaina,plug_4,NW_P4_Alaina,P110,239.862,0.297,0.031,0.031,,on,-25,,"table fan speed 2, connected through adapter plug, 15 min recording",2026-06-03 16:07:02
2026-06-03 10:37:07.384405+00:00,70.389,fan,alaina_plug4_tablefan_speed2_2026-06-03_S005,S005,speed_2,5.0,Alaina,plug_4,NW_P4_Alaina,P110,239.618,0.297,0.031,0.031,,on,-25,,"table fan speed 2, connected through adapter plug, 15 min recording",2026-06-03 16:07:07
2026-06-03 10:37:12.657089+00:00,70.633,fan,alaina_plug4_tablefan_speed2_2026-06-03_S005,S005,speed_2,5.0,Alaina,plug_4,NW_P4_Alaina,P110,239.868,0.298,0.031,0.031,,on,-25,,"table fan speed 2, connected through adapter plug, 15 min recording",2026-06-03 16:07:12
2026-06-03 10:37:17.940622+00:00,70.704,fan,alaina_plug4_tablefan_speed2_2026-06-03_S005,S005,speed_2,5.0,Alaina,plug_4,NW_P4_Alaina,P110,239.879,0.298,0.031,0.031,,on,-25,,"table fan speed 2, connected through adapter plug, 15 min recording",2026-06-03 16:07:17
2026-06-03 10:37:23.218052+00:00,70.842,fan,alaina_plug4_tablefan_speed2_2026-06-03_S005,S005,speed_2,5.0,Alaina,plug_4,NW_P4_Alaina,P110,240.165,0.298,0.031,0.031,,on,-25,,"table fan speed 2, connected through adapter plug, 15 min recording",2026-06-03 16:07:23
2026-06-03 10:37:28.544289+00:00,69.834,fan,alaina_plug4_tablefan_speed2_2026-06-03_S005,S005,speed_2,5.0,Alaina,plug_4,NW_P4_Alaina,P110,239.648,0.296,0.031,0.031,,on,-25,,"table fan speed 2, connected through adapter plug, 15 min recording",2026-06-03 16:07:28
2026-06-03 10:37:33.824160+00:00,69.592,fan,alaina_plug4_tablefan_speed2_2026-06-03_S005,S005,speed_2,5.0,Alaina,plug_4,NW_P4_Alaina,P110,238.149,0.295,0.032,0.032,,on,-25,,"table fan speed 2, connected through adapter plug, 15 min recording",2026-06-03 16:07:33
2026-06-03 10:37:39.101891+00:00,69.941,fan,alaina_plug4_tablefan_speed2_2026-06-03_S005,S005,speed_2,5.0,Alaina,plug_4,NW_P4_Alaina,P110,238.568,0.296,0.032,0.032,,on,-24,,"table fan speed 2, connected through adapter plug, 15 min recording",2026-06-03 16:07:39
2026-06-03 10:37:44.370381+00:00,70.102,fan,alaina_plug4_tablefan_speed2_2026-06-03_S005,S005,speed_2,5.0,Alaina,plug_4,NW_P4_Alaina,P110,238.63,0.296,0.032,0.032,,on,-25,,"table fan speed 2, connected through adapter plug, 15 min recording",2026-06-03 16:07:44
2026-06-03 10:37:49.635038+00:00,70.827,fan,alaina_plug4_tablefan_speed2_2026-06-03_S005,S005,speed_2,5.0,Alaina,plug_4,NW_P4_Alaina,P110,240.283,0.298,0.032,0.032,,on,-24,,"table fan speed 2, connected through adapter plug, 15 min recording",2026-06-03 16:07:49
2026-06-03 10:37:54.912568+00:00,71.181,fan,alaina_plug4_tablefan_speed2_2026-06-03_S005,S005,speed_2,5.0,Alaina,plug_4,NW_P4_Alaina,P110,240.914,0.298,0.032,0.032,,on,-23,,"table fan speed 2, connected through adapter plug, 15 min recording",2026-06-03 16:07:54
2026-06-03 10:38:00.193574+00:00,70.645,fan,alaina_plug4_tablefan_speed2_2026-06-03_S005,S005,speed_2,5.0,Alaina,plug_4,NW_P4_Alaina,P110,240.317,0.297,0.032,0.032,,on,-23,,"table fan speed 2, connected through adapter plug, 15 min recording",2026-06-03 16:08:00
2026-06-03 10:38:05.467670+00:00,70.289,fan,alaina_plug4_tablefan_speed2_2026-06-03_S005,S005,speed_2,5.0,Alaina,plug_4,NW_P4_Alaina,P110,240.352,0.296,0.032,0.032,,on,-24,,"table fan speed 2, connected through adapter plug, 15 min recording",2026-06-03 16:08:05
2026-06-03 10:38:10.734336+00:00,70.545,fan,alaina_plug4_tablefan_speed2_2026-06-03_S005,S005,speed_2,5.0,Alaina,plug_4,NW_P4_Alaina,P110,239.934,0.297,0.032,0.032,,on,-24,,"table fan speed 2, connected through adapter plug, 15 min recording",2026-06-03 16:08:10
2026-06-03 10:38:15.999080+00:00,70.952,fan,alaina_plug4_tablefan_speed2_2026-06-03_S005,S005,speed_2,5.0,Alaina,plug_4,NW_P4_Alaina,P110,240.744,0.297,0.032,0.032,,on,-24,,"table fan speed 2, connected through adapter plug, 15 min recording",2026-06-03 16:08:15
2026-06-03 10:38:21.285708+00:00,70.973,fan,alaina_plug4_tablefan_speed2_2026-06-03_S005,S005,speed_2,5.0,Alaina,plug_4,NW_P4_Alaina,P110,240.737,0.298,0.033,0.033,,on,-25,,"table fan speed 2, connected through adapter plug, 15 min recording",2026-06-03 16:08:21
2026-06-03 10:38:26.570080+00:00,70.834,fan,alaina_plug4_tablefan_speed2_2026-06-03_S005,S005,speed_2,5.0,Alaina,plug_4,NW_P4_Alaina,P110,240.962,0.298,0.033,0.033,,on,-24,,"table fan speed 2, connected through adapter plug, 15 min recording",2026-06-03 16:08:26
2026-06-03 10:38:31.839656+00:00,70.622,fan,alaina_plug4_tablefan_speed2_2026-06-03_S005,S005,speed_2,5.0,Alaina,plug_4,NW_P4_Alaina,P110,240.55,0.297,0.033,0.033,,on,-23,,"table fan speed 2, connected through adapter plug, 15 min recording",2026-06-03 16:08:31
2026-06-03 10:38:37.117578+00:00,71.197,fan,alaina_plug4_tablefan_speed2_2026-06-03_S005,S005,speed_2,5.0,Alaina,plug_4,NW_P4_Alaina,P110,241.132,0.299,0.033,0.033,,on,-24,,"table fan speed 2, connected through adapter plug, 15 min recording",2026-06-03 16:08:37
2026-06-03 10:38:42.415318+00:00,70.871,fan,alaina_plug4_tablefan_speed2_2026-06-03_S005,S005,speed_2,5.0,Alaina,plug_4,NW_P4_Alaina,P110,240.623,0.298,0.033,0.033,,on,-24,,"table fan speed 2, connected through adapter plug, 15 min recording",2026-06-03 16:08:42
2026-06-03 10:38:47.693287+00:00,70.333,fan,alaina_plug4_tablefan_speed2_2026-06-03_S005,S005,speed_2,5.0,Alaina,plug_4,NW_P4_Alaina,P110,240.186,0.297,0.033,0.033,,on,-23,,"table fan speed 2, connected through adapter plug, 15 min recording",2026-06-03 16:08:47
2026-06-03 10:38:53.050557+00:00,70.129,fan,alaina_plug4_tablefan_speed2_2026-06-03_S005,S005,speed_2,5.0,Alaina,plug_4,NW_P4_Alaina,P110,239.545,0.296,0.033,0.033,,on,-23,,"table fan speed 2, connected through adapter plug, 15 min recording",2026-06-03 16:08:53
2026-06-03 10:38:58.334737+00:00,69.51,fan,alaina_plug4_tablefan_speed2_2026-06-03_S005,S005,speed_2,5.0,Alaina,plug_4,NW_P4_Alaina,P110,239.625,0.295,0.033,0.033,,on,-23,,"table fan speed 2, connected through adapter plug, 15 min recording",2026-06-03 16:08:58
2026-06-03 10:39:03.654520+00:00,70.294,fan,alaina_plug4_tablefan_speed2_2026-06-03_S005,S005,speed_2,5.0,Alaina,plug_4,NW_P4_Alaina,P110,239.515,0.297,0.033,0.033,,on,-24,,"table fan speed 2, connected through adapter plug, 15 min recording",2026-06-03 16:09:03
2026-06-03 10:39:08.925193+00:00,70.273,fan,alaina_plug4_tablefan_speed2_2026-06-03_S005,S005,speed_2,5.0,Alaina,plug_4,NW_P4_Alaina,P110,239.36,0.297,0.033,0.033,,on,-24,,"table fan speed 2, connected through adapter plug, 15 min recording",2026-06-03 16:09:08
2026-06-03 10:39:14.201929+00:00,69.747,fan,alaina_plug4_tablefan_speed2_2026-06-03_S005,S005,speed_2,5.0,Alaina,plug_4,NW_P4_Alaina,P110,238.367,0.295,0.034,0.034,,on,-24,,"table fan speed 2, connected through adapter plug, 15 min recording",2026-06-03 16:09:14
2026-06-03 10:39:19.474011+00:00,70.02,fan,alaina_plug4_tablefan_speed2_2026-06-03_S005,S005,speed_2,5.0,Alaina,plug_4,NW_P4_Alaina,P110,238.826,0.296,0.034,0.034,,on,-24,,"table fan speed 2, connected through adapter plug, 15 min recording",2026-06-03 16:09:19
2026-06-03 10:39:24.758645+00:00,69.926,fan,alaina_plug4_tablefan_speed2_2026-06-03_S005,S005,speed_2,5.0,Alaina,plug_4,NW_P4_Alaina,P110,238.97,0.295,0.034,0.034,,on,-24,,"table fan speed 2, connected through adapter plug, 15 min recording",2026-06-03 16:09:24
2026-06-03 10:39:30.060067+00:00,69.918,fan,alaina_plug4_tablefan_speed2_2026-06-03_S005,S005,speed_2,5.0,Alaina,plug_4,NW_P4_Alaina,P110,238.604,0.296,0.034,0.034,,on,-24,,"table fan speed 2, connected through adapter plug, 15 min recording",2026-06-03 16:09:30
2026-06-03 10:39:35.332785+00:00,69.518,fan,alaina_plug4_tablefan_speed2_2026-06-03_S005,S005,speed_2,5.0,Alaina,plug_4,NW_P4_Alaina,P110,238.37,0.295,0.034,0.034,,on,-24,,"table fan speed 2, connected through adapter plug, 15 min recording",2026-06-03 16:09:35
2026-06-03 10:39:40.611230+00:00,69.294,fan,alaina_plug4_tablefan_speed2_2026-06-03_S005,S005,speed_2,5.0,Alaina,plug_4,NW_P4_Alaina,P110,237.683,0.294,0.034,0.034,,on,-23,,"table fan speed 2, connected through adapter plug, 15 min recording",2026-06-03 16:09:40
2026-06-03 10:39:45.892725+00:00,69.339,fan,alaina_plug4_tablefan_speed2_2026-06-03_S005,S005,speed_2,5.0,Alaina,plug_4,NW_P4_Alaina,P110,238.019,0.295,0.034,0.034,,on,-24,,"table fan speed 2, connected through adapter plug, 15 min recording",2026-06-03 16:09:45
2026-06-03 10:39:51.159730+00:00,69.609,fan,alaina_plug4_tablefan_speed2_2026-06-03_S005,S005,speed_2,5.0,Alaina,plug_4,NW_P4_Alaina,P110,238.237,0.296,0.034,0.034,,on,-23,,"table fan speed 2, connected through adapter plug, 15 min recording",2026-06-03 16:09:51
2026-06-03 10:39:56.430043+00:00,69.726,fan,alaina_plug4_tablefan_speed2_2026-06-03_S005,S005,speed_2,5.0,Alaina,plug_4,NW_P4_Alaina,P110,238.614,0.295,0.034,0.034,,on,-24,,"table fan speed 2, connected through adapter plug, 15 min recording",2026-06-03 16:09:56
2026-06-03 10:40:01.701181+00:00,68.897,fan,alaina_plug4_tablefan_speed2_2026-06-03_S005,S005,speed_2,5.0,Alaina,plug_4,NW_P4_Alaina,P110,238.674,0.293,0.034,0.034,,on,-24,,"table fan speed 2, connected through adapter plug, 15 min recording",2026-06-03 16:10:01
2026-06-03 10:40:06.977390+00:00,68.596,fan,alaina_plug4_tablefan_speed2_2026-06-03_S005,S005,speed_2,5.0,Alaina,plug_4,NW_P4_Alaina,P110,236.899,0.293,0.035,0.035,,on,-24,,"table fan speed 2, connected through adapter plug, 15 min recording",2026-06-03 16:10:06
2026-06-03 10:40:12.376576+00:00,69.322,fan,alaina_plug4_tablefan_speed2_2026-06-03_S005,S005,speed_2,5.0,Alaina,plug_4,NW_P4_Alaina,P110,237.614,0.293,0.035,0.035,,on,-24,,"table fan speed 2, connected through adapter plug, 15 min recording",2026-06-03 16:10:12
2026-06-03 10:40:17.688974+00:00,69.962,fan,alaina_plug4_tablefan_speed2_2026-06-03_S005,S005,speed_2,5.0,Alaina,plug_4,NW_P4_Alaina,P110,238.923,0.296,0.035,0.035,,on,-24,,"table fan speed 2, connected through adapter plug, 15 min recording",2026-06-03 16:10:17
2026-06-03 10:40:22.983251+00:00,69.72,fan,alaina_plug4_tablefan_speed2_2026-06-03_S005,S005,speed_2,5.0,Alaina,plug_4,NW_P4_Alaina,P110,238.714,0.295,0.035,0.035,,on,-24,,"table fan speed 2, connected through adapter plug, 15 min recording",2026-06-03 16:10:22
2026-06-03 10:40:28.259770+00:00,69.362,fan,alaina_plug4_tablefan_speed2_2026-06-03_S005,S005,speed_2,5.0,Alaina,plug_4,NW_P4_Alaina,P110,237.675,0.295,0.035,0.035,,on,-23,,"table fan speed 2, connected through adapter plug, 15 min recording",2026-06-03 16:10:28
2026-06-03 10:40:33.541332+00:00,69.361,fan,alaina_plug4_tablefan_speed2_2026-06-03_S005,S005,speed_2,5.0,Alaina,plug_4,NW_P4_Alaina,P110,238.119,0.294,0.035,0.035,,on,-24,,"table fan speed 2, connected through adapter plug, 15 min recording",2026-06-03 16:10:33
2026-06-03 10:40:38.832171+00:00,69.407,fan,alaina_plug4_tablefan_speed2_2026-06-03_S005,S005,speed_2,5.0,Alaina,plug_4,NW_P4_Alaina,P110,237.906,0.295,0.035,0.035,,on,-24,,"table fan speed 2, connected through adapter plug, 15 min recording",2026-06-03 16:10:38
2026-06-03 10:40:44.132138+00:00,69.307,fan,alaina_plug4_tablefan_speed2_2026-06-03_S005,S005,speed_2,5.0,Alaina,plug_4,NW_P4_Alaina,P110,237.566,0.294,0.035,0.035,,on,-24,,"table fan speed 2, connected through adapter plug, 15 min recording",2026-06-03 16:10:44
2026-06-03 10:40:49.395903+00:00,68.698,fan,alaina_plug4_tablefan_speed2_2026-06-03_S005,S005,speed_2,5.0,Alaina,plug_4,NW_P4_Alaina,P110,237.032,0.293,0.035,0.035,,on,-24,,"table fan speed 2, connected through adapter plug, 15 min recording",2026-06-03 16:10:49
2026-06-03 10:40:54.680888+00:00,69.016,fan,alaina_plug4_tablefan_speed2_2026-06-03_S005,S005,speed_2,5.0,Alaina,plug_4,NW_P4_Alaina,P110,237.397,0.293,0.035,0.035,,on,-24,,"table fan speed 2, connected through adapter plug, 15 min recording",2026-06-03 16:10:54
2026-06-03 10:40:59.956910+00:00,69.084,fan,alaina_plug4_tablefan_speed2_2026-06-03_S005,S005,speed_2,5.0,Alaina,plug_4,NW_P4_Alaina,P110,237.531,0.294,0.036,0.036,,on,-24,,"table fan speed 2, connected through adapter plug, 15 min recording",2026-06-03 16:10:59
2026-06-03 10:41:05.220005+00:00,69.07,fan,alaina_plug4_tablefan_speed2_2026-06-03_S005,S005,speed_2,5.0,Alaina,plug_4,NW_P4_Alaina,P110,237.532,0.294,0.036,0.036,,on,-24,,"table fan speed 2, connected through adapter plug, 15 min recording",2026-06-03 16:11:05
2026-06-03 10:41:10.551865+00:00,68.496,fan,alaina_plug4_tablefan_speed2_2026-06-03_S005,S005,speed_2,5.0,Alaina,plug_4,NW_P4_Alaina,P110,236.876,0.292,0.036,0.036,,on,-25,,"table fan speed 2, connected through adapter plug, 15 min recording",2026-06-03 16:11:10
2026-06-03 10:41:15.831737+00:00,69.16,fan,alaina_plug4_tablefan_speed2_2026-06-03_S005,S005,speed_2,5.0,Alaina,plug_4,NW_P4_Alaina,P110,237.626,0.294,0.036,0.036,,on,-25,,"table fan speed 2, connected through adapter plug, 15 min recording",2026-06-03 16:11:15
2026-06-03 10:41:21.118004+00:00,69.2,fan,alaina_plug4_tablefan_speed2_2026-06-03_S005,S005,speed_2,5.0,Alaina,plug_4,NW_P4_Alaina,P110,237.714,0.293,0.036,0.036,,on,-24,,"table fan speed 2, connected through adapter plug, 15 min recording",2026-06-03 16:11:21
2026-06-03 10:41:26.433136+00:00,68.863,fan,alaina_plug4_tablefan_speed2_2026-06-03_S005,S005,speed_2,5.0,Alaina,plug_4,NW_P4_Alaina,P110,237.641,0.293,0.036,0.036,,on,-24,,"table fan speed 2, connected through adapter plug, 15 min recording",2026-06-03 16:11:26
2026-06-03 10:41:31.709705+00:00,68.808,fan,alaina_plug4_tablefan_speed2_2026-06-03_S005,S005,speed_2,5.0,Alaina,plug_4,NW_P4_Alaina,P110,236.892,0.293,0.036,0.036,,on,-24,,"table fan speed 2, connected through adapter plug, 15 min recording",2026-06-03 16:11:31
2026-06-03 10:41:37.009758+00:00,69.053,fan,alaina_plug4_tablefan_speed2_2026-06-03_S005,S005,speed_2,5.0,Alaina,plug_4,NW_P4_Alaina,P110,237.59,0.293,0.036,0.036,,on,-25,,"table fan speed 2, connected through adapter plug, 15 min recording",2026-06-03 16:11:37
2026-06-03 10:41:42.292145+00:00,68.895,fan,alaina_plug4_tablefan_speed2_2026-06-03_S005,S005,speed_2,5.0,Alaina,plug_4,NW_P4_Alaina,P110,237.196,0.293,0.036,0.036,,on,-24,,"table fan speed 2, connected through adapter plug, 15 min recording",2026-06-03 16:11:42
2026-06-03 10:41:47.557590+00:00,68.464,fan,alaina_plug4_tablefan_speed2_2026-06-03_S005,S005,speed_2,5.0,Alaina,plug_4,NW_P4_Alaina,P110,236.907,0.292,0.037,0.037,,on,-24,,"table fan speed 2, connected through adapter plug, 15 min recording",2026-06-03 16:11:47
2026-06-03 10:41:52.837054+00:00,68.819,fan,alaina_plug4_tablefan_speed2_2026-06-03_S005,S005,speed_2,5.0,Alaina,plug_4,NW_P4_Alaina,P110,236.731,0.293,0.037,0.037,,on,-25,,"table fan speed 2, connected through adapter plug, 15 min recording",2026-06-03 16:11:52
2026-06-03 10:41:58.110118+00:00,68.396,fan,alaina_plug4_tablefan_speed2_2026-06-03_S005,S005,speed_2,5.0,Alaina,plug_4,NW_P4_Alaina,P110,236.647,0.292,0.037,0.037,,on,-25,,"table fan speed 2, connected through adapter plug, 15 min recording",2026-06-03 16:11:58
2026-06-03 10:42:03.392185+00:00,68.716,fan,alaina_plug4_tablefan_speed2_2026-06-03_S005,S005,speed_2,5.0,Alaina,plug_4,NW_P4_Alaina,P110,237.007,0.292,0.037,0.037,,on,-25,,"table fan speed 2, connected through adapter plug, 15 min recording",2026-06-03 16:12:03
2026-06-03 10:42:08.664683+00:00,69.151,fan,alaina_plug4_tablefan_speed2_2026-06-03_S005,S005,speed_2,5.0,Alaina,plug_4,NW_P4_Alaina,P110,236.878,0.294,0.037,0.037,,on,-23,,"table fan speed 2, connected through adapter plug, 15 min recording",2026-06-03 16:12:08
2026-06-03 10:42:13.932273+00:00,69.077,fan,alaina_plug4_tablefan_speed2_2026-06-03_S005,S005,speed_2,5.0,Alaina,plug_4,NW_P4_Alaina,P110,237.682,0.294,0.037,0.037,,on,-23,,"table fan speed 2, connected through adapter plug, 15 min recording",2026-06-03 16:12:13
2026-06-03 10:42:19.206684+00:00,69.087,fan,alaina_plug4_tablefan_speed2_2026-06-03_S005,S005,speed_2,5.0,Alaina,plug_4,NW_P4_Alaina,P110,237.819,0.294,0.037,0.037,,on,-24,,"table fan speed 2, connected through adapter plug, 15 min recording",2026-06-03 16:12:19
2026-06-03 10:42:24.483221+00:00,69.286,fan,alaina_plug4_tablefan_speed2_2026-06-03_S005,S005,speed_2,5.0,Alaina,plug_4,NW_P4_Alaina,P110,237.652,0.295,0.037,0.037,,on,-23,,"table fan speed 2, connected through adapter plug, 15 min recording",2026-06-03 16:12:24
2026-06-03 10:42:29.795428+00:00,69.381,fan,alaina_plug4_tablefan_speed2_2026-06-03_S005,S005,speed_2,5.0,Alaina,plug_4,NW_P4_Alaina,P110,237.664,0.295,0.037,0.037,,on,-24,,"table fan speed 2, connected through adapter plug, 15 min recording",2026-06-03 16:12:29
2026-06-03 10:42:35.070753+00:00,68.961,fan,alaina_plug4_tablefan_speed2_2026-06-03_S005,S005,speed_2,5.0,Alaina,plug_4,NW_P4_Alaina,P110,237.377,0.293,0.037,0.037,,on,-23,,"table fan speed 2, connected through adapter plug, 15 min recording",2026-06-03 16:12:35
2026-06-03 10:42:40.353488+00:00,69.006,fan,alaina_plug4_tablefan_speed2_2026-06-03_S005,S005,speed_2,5.0,Alaina,plug_4,NW_P4_Alaina,P110,237.372,0.293,0.038,0.038,,on,-23,,"table fan speed 2, connected through adapter plug, 15 min recording",2026-06-03 16:12:40
2026-06-03 10:42:45.624624+00:00,68.9,fan,alaina_plug4_tablefan_speed2_2026-06-03_S005,S005,speed_2,5.0,Alaina,plug_4,NW_P4_Alaina,P110,237.07,0.294,0.038,0.038,,on,-22,,"table fan speed 2, connected through adapter plug, 15 min recording",2026-06-03 16:12:45
2026-06-03 10:42:50.903326+00:00,68.658,fan,alaina_plug4_tablefan_speed2_2026-06-03_S005,S005,speed_2,5.0,Alaina,plug_4,NW_P4_Alaina,P110,236.962,0.293,0.038,0.038,,on,-24,,"table fan speed 2, connected through adapter plug, 15 min recording",2026-06-03 16:12:50
2026-06-03 10:42:56.183379+00:00,68.546,fan,alaina_plug4_tablefan_speed2_2026-06-03_S005,S005,speed_2,5.0,Alaina,plug_4,NW_P4_Alaina,P110,236.776,0.292,0.038,0.038,,on,-25,,"table fan speed 2, connected through adapter plug, 15 min recording",2026-06-03 16:12:56
2026-06-03 10:43:01.460029+00:00,0.0,fan,alaina_plug4_tablefan_speed2_2026-06-03_S005,S005,speed_2,5.0,Alaina,plug_4,NW_P4_Alaina,P110,238.342,0.0,0.038,0.038,,on,-22,,"table fan speed 2, connected through adapter plug, 15 min recording",2026-06-03 16:13:01
2026-06-03 10:43:06.758921+00:00,0.0,fan,alaina_plug4_tablefan_speed2_2026-06-03_S005,S005,speed_2,5.0,Alaina,plug_4,NW_P4_Alaina,P110,238.342,0.0,0.038,0.038,,on,-22,,"table fan speed 2, connected through adapter plug, 15 min recording",2026-06-03 16:13:06
2026-06-03 10:43:12.038568+00:00,0.0,fan,alaina_plug4_tablefan_speed2_2026-06-03_S005,S005,speed_2,5.0,Alaina,plug_4,NW_P4_Alaina,P110,238.342,0.0,0.038,0.038,,on,-23,,"table fan speed 2, connected through adapter plug, 15 min recording",2026-06-03 16:13:12
2026-06-03 10:43:17.318368+00:00,0.0,fan,alaina_plug4_tablefan_speed2_2026-06-03_S005,S005,speed_2,5.0,Alaina,plug_4,NW_P4_Alaina,P110,238.568,0.0,0.038,0.038,,on,-23,,"table fan speed 2, connected through adapter plug, 15 min recording",2026-06-03 16:13:17
2026-06-03 10:43:22.598821+00:00,0.0,fan,alaina_plug4_tablefan_speed2_2026-06-03_S005,S005,speed_2,5.0,Alaina,plug_4,NW_P4_Alaina,P110,238.568,0.0,0.038,0.038,,on,-22,,"table fan speed 2, connected through adapter plug, 15 min recording",2026-06-03 16:13:22
2026-06-03 10:43:27.887060+00:00,0.0,fan,alaina_plug4_tablefan_speed2_2026-06-03_S005,S005,speed_2,5.0,Alaina,plug_4,NW_P4_Alaina,P110,238.568,0.0,0.038,0.038,,on,-22,,"table fan speed 2, connected through adapter plug, 15 min recording",2026-06-03 16:13:27
2026-06-03 10:43:33.177862+00:00,0.0,fan,alaina_plug4_tablefan_speed2_2026-06-03_S005,S005,speed_2,5.0,Alaina,plug_4,NW_P4_Alaina,P110,238.104,0.0,0.038,0.038,,on,-23,,"table fan speed 2, connected through adapter plug, 15 min recording",2026-06-03 16:13:33
2026-06-03 10:43:38.453061+00:00,0.0,fan,alaina_plug4_tablefan_speed2_2026-06-03_S005,S005,speed_2,5.0,Alaina,plug_4,NW_P4_Alaina,P110,238.104,0.0,0.038,0.038,,on,-22,,"table fan speed 2, connected through adapter plug, 15 min recording",2026-06-03 16:13:38
2026-06-03 10:43:43.742638+00:00,0.0,fan,alaina_plug4_tablefan_speed2_2026-06-03_S005,S005,speed_2,5.0,Alaina,plug_4,NW_P4_Alaina,P110,238.152,0.0,0.038,0.038,,on,-22,,"table fan speed 2, connected through adapter plug, 15 min recording",2026-06-03 16:13:43
2026-06-03 10:43:49.162250+00:00,0.0,fan,alaina_plug4_tablefan_speed2_2026-06-03_S005,S005,speed_2,5.0,Alaina,plug_4,NW_P4_Alaina,P110,238.152,0.0,0.038,0.038,,on,-22,,"table fan speed 2, connected through adapter plug, 15 min recording",2026-06-03 16:13:49
2026-06-03 10:46:55.978736+00:00,0.0,fan,alaina_plug4_tablefan_speed3_2026-06-03_S006,S006,speed_3,5.0,Alaina,plug_4,NW_P4_Alaina,P110,241.136,0.0,0.038,0.038,,on,-20,,"table fan speed 3, connected through adapter plug, 15 min recording",2026-06-03 16:16:55
2026-06-03 10:47:01.255601+00:00,0.0,fan,alaina_plug4_tablefan_speed3_2026-06-03_S006,S006,speed_3,5.0,Alaina,plug_4,NW_P4_Alaina,P110,242.064,0.0,0.038,0.038,,on,-22,,"table fan speed 3, connected through adapter plug, 15 min recording",2026-06-03 16:17:01
2026-06-03 10:47:06.535873+00:00,0.0,fan,alaina_plug4_tablefan_speed3_2026-06-03_S006,S006,speed_3,5.0,Alaina,plug_4,NW_P4_Alaina,P110,242.064,0.0,0.038,0.038,,on,-20,,"table fan speed 3, connected through adapter plug, 15 min recording",2026-06-03 16:17:06
2026-06-03 10:47:11.799239+00:00,0.0,fan,alaina_plug4_tablefan_speed3_2026-06-03_S006,S006,speed_3,5.0,Alaina,plug_4,NW_P4_Alaina,P110,242.064,0.0,0.038,0.038,,on,-23,,"table fan speed 3, connected through adapter plug, 15 min recording",2026-06-03 16:17:11
2026-06-03 10:47:17.085685+00:00,0.0,fan,alaina_plug4_tablefan_speed3_2026-06-03_S006,S006,speed_3,5.0,Alaina,plug_4,NW_P4_Alaina,P110,241.271,0.0,0.038,0.038,,on,-31,,"table fan speed 3, connected through adapter plug, 15 min recording",2026-06-03 16:17:17
2026-06-03 10:47:22.364322+00:00,0.0,fan,alaina_plug4_tablefan_speed3_2026-06-03_S006,S006,speed_3,5.0,Alaina,plug_4,NW_P4_Alaina,P110,241.271,0.002,0.038,0.038,,on,-25,,"table fan speed 3, connected through adapter plug, 15 min recording",2026-06-03 16:17:22
2026-06-03 10:47:27.643273+00:00,80.032,fan,alaina_plug4_tablefan_speed3_2026-06-03_S006,S006,speed_3,5.0,Alaina,plug_4,NW_P4_Alaina,P110,241.414,0.393,0.038,0.038,,on,-25,,"table fan speed 3, connected through adapter plug, 15 min recording",2026-06-03 16:17:27
2026-06-03 10:47:32.930351+00:00,71.374,fan,alaina_plug4_tablefan_speed3_2026-06-03_S006,S006,speed_3,5.0,Alaina,plug_4,NW_P4_Alaina,P110,241.386,0.301,0.038,0.038,,on,-24,,"table fan speed 3, connected through adapter plug, 15 min recording",2026-06-03 16:17:32
2026-06-03 10:47:38.207437+00:00,71.106,fan,alaina_plug4_tablefan_speed3_2026-06-03_S006,S006,speed_3,5.0,Alaina,plug_4,NW_P4_Alaina,P110,240.941,0.3,0.038,0.038,,on,-27,,"table fan speed 3, connected through adapter plug, 15 min recording",2026-06-03 16:17:38
2026-06-03 10:47:43.483196+00:00,71.217,fan,alaina_plug4_tablefan_speed3_2026-06-03_S006,S006,speed_3,5.0,Alaina,plug_4,NW_P4_Alaina,P110,241.278,0.3,0.038,0.038,,on,-25,,"table fan speed 3, connected through adapter plug, 15 min recording",2026-06-03 16:17:43
2026-06-03 10:47:48.758625+00:00,71.082,fan,alaina_plug4_tablefan_speed3_2026-06-03_S006,S006,speed_3,5.0,Alaina,plug_4,NW_P4_Alaina,P110,241.281,0.3,0.038,0.038,,on,-23,,"table fan speed 3, connected through adapter plug, 15 min recording",2026-06-03 16:17:48
2026-06-03 10:47:54.041369+00:00,70.575,fan,alaina_plug4_tablefan_speed3_2026-06-03_S006,S006,speed_3,5.0,Alaina,plug_4,NW_P4_Alaina,P110,240.151,0.298,0.039,0.039,,on,-33,,"table fan speed 3, connected through adapter plug, 15 min recording",2026-06-03 16:17:54
2026-06-03 10:47:59.332295+00:00,70.668,fan,alaina_plug4_tablefan_speed3_2026-06-03_S006,S006,speed_3,5.0,Alaina,plug_4,NW_P4_Alaina,P110,240.461,0.298,0.039,0.039,,on,-26,,"table fan speed 3, connected through adapter plug, 15 min recording",2026-06-03 16:17:59
2026-06-03 10:48:04.620526+00:00,70.684,fan,alaina_plug4_tablefan_speed3_2026-06-03_S006,S006,speed_3,5.0,Alaina,plug_4,NW_P4_Alaina,P110,240.524,0.298,0.039,0.039,,on,-26,,"table fan speed 3, connected through adapter plug, 15 min recording",2026-06-03 16:18:04
2026-06-03 10:48:09.936811+00:00,70.138,fan,alaina_plug4_tablefan_speed3_2026-06-03_S006,S006,speed_3,5.0,Alaina,plug_4,NW_P4_Alaina,P110,239.899,0.296,0.039,0.039,,on,-26,,"table fan speed 3, connected through adapter plug, 15 min recording",2026-06-03 16:18:09
2026-06-03 10:48:15.209790+00:00,70.012,fan,alaina_plug4_tablefan_speed3_2026-06-03_S006,S006,speed_3,5.0,Alaina,plug_4,NW_P4_Alaina,P110,239.464,0.297,0.039,0.039,,on,-25,,"table fan speed 3, connected through adapter plug, 15 min recording",2026-06-03 16:18:15
2026-06-03 10:48:20.478111+00:00,70.354,fan,alaina_plug4_tablefan_speed3_2026-06-03_S006,S006,speed_3,5.0,Alaina,plug_4,NW_P4_Alaina,P110,240.004,0.296,0.039,0.039,,on,-27,,"table fan speed 3, connected through adapter plug, 15 min recording",2026-06-03 16:18:20
2026-06-03 10:48:25.764228+00:00,70.403,fan,alaina_plug4_tablefan_speed3_2026-06-03_S006,S006,speed_3,5.0,Alaina,plug_4,NW_P4_Alaina,P110,239.957,0.298,0.039,0.039,,on,-26,,"table fan speed 3, connected through adapter plug, 15 min recording",2026-06-03 16:18:25
2026-06-03 10:48:31.025121+00:00,70.359,fan,alaina_plug4_tablefan_speed3_2026-06-03_S006,S006,speed_3,5.0,Alaina,plug_4,NW_P4_Alaina,P110,240.133,0.298,0.039,0.039,,on,-26,,"table fan speed 3, connected through adapter plug, 15 min recording",2026-06-03 16:18:31
2026-06-03 10:48:36.301155+00:00,68.851,fan,alaina_plug4_tablefan_speed3_2026-06-03_S006,S006,speed_3,5.0,Alaina,plug_4,NW_P4_Alaina,P110,237.237,0.294,0.039,0.039,,on,-25,,"table fan speed 3, connected through adapter plug, 15 min recording",2026-06-03 16:18:36
2026-06-03 10:48:41.633346+00:00,69.277,fan,alaina_plug4_tablefan_speed3_2026-06-03_S006,S006,speed_3,5.0,Alaina,plug_4,NW_P4_Alaina,P110,237.737,0.295,0.039,0.039,,on,-25,,"table fan speed 3, connected through adapter plug, 15 min recording",2026-06-03 16:18:41
2026-06-03 10:48:46.898559+00:00,68.833,fan,alaina_plug4_tablefan_speed3_2026-06-03_S006,S006,speed_3,5.0,Alaina,plug_4,NW_P4_Alaina,P110,237.553,0.294,0.04,0.04,,on,-27,,"table fan speed 3, connected through adapter plug, 15 min recording",2026-06-03 16:18:46
2026-06-03 10:48:52.175307+00:00,68.717,fan,alaina_plug4_tablefan_speed3_2026-06-03_S006,S006,speed_3,5.0,Alaina,plug_4,NW_P4_Alaina,P110,236.981,0.293,0.04,0.04,,on,-26,,"table fan speed 3, connected through adapter plug, 15 min recording",2026-06-03 16:18:52
2026-06-03 10:48:57.464043+00:00,68.633,fan,alaina_plug4_tablefan_speed3_2026-06-03_S006,S006,speed_3,5.0,Alaina,plug_4,NW_P4_Alaina,P110,236.906,0.292,0.04,0.04,,on,-25,,"table fan speed 3, connected through adapter plug, 15 min recording",2026-06-03 16:18:57
2026-06-03 10:49:02.754262+00:00,68.873,fan,alaina_plug4_tablefan_speed3_2026-06-03_S006,S006,speed_3,5.0,Alaina,plug_4,NW_P4_Alaina,P110,237.313,0.294,0.04,0.04,,on,-26,,"table fan speed 3, connected through adapter plug, 15 min recording",2026-06-03 16:19:02
2026-06-03 10:49:08.040425+00:00,69.216,fan,alaina_plug4_tablefan_speed3_2026-06-03_S006,S006,speed_3,5.0,Alaina,plug_4,NW_P4_Alaina,P110,237.462,0.295,0.04,0.04,,on,-26,,"table fan speed 3, connected through adapter plug, 15 min recording",2026-06-03 16:19:08
2026-06-03 10:49:13.374414+00:00,68.853,fan,alaina_plug4_tablefan_speed3_2026-06-03_S006,S006,speed_3,5.0,Alaina,plug_4,NW_P4_Alaina,P110,235.967,0.294,0.04,0.04,,on,-27,,"table fan speed 3, connected through adapter plug, 15 min recording",2026-06-03 16:19:13
2026-06-03 10:49:18.656201+00:00,69.109,fan,alaina_plug4_tablefan_speed3_2026-06-03_S006,S006,speed_3,5.0,Alaina,plug_4,NW_P4_Alaina,P110,237.293,0.294,0.04,0.04,,on,-26,,"table fan speed 3, connected through adapter plug, 15 min recording",2026-06-03 16:19:18
2026-06-03 10:49:23.920843+00:00,69.015,fan,alaina_plug4_tablefan_speed3_2026-06-03_S006,S006,speed_3,5.0,Alaina,plug_4,NW_P4_Alaina,P110,237.573,0.294,0.04,0.04,,on,-25,,"table fan speed 3, connected through adapter plug, 15 min recording",2026-06-03 16:19:23
2026-06-03 10:49:29.202956+00:00,68.942,fan,alaina_plug4_tablefan_speed3_2026-06-03_S006,S006,speed_3,5.0,Alaina,plug_4,NW_P4_Alaina,P110,237.554,0.294,0.04,0.04,,on,-25,,"table fan speed 3, connected through adapter plug, 15 min recording",2026-06-03 16:19:29
2026-06-03 10:49:34.488314+00:00,68.696,fan,alaina_plug4_tablefan_speed3_2026-06-03_S006,S006,speed_3,5.0,Alaina,plug_4,NW_P4_Alaina,P110,237.099,0.293,0.04,0.04,,on,-26,,"table fan speed 3, connected through adapter plug, 15 min recording",2026-06-03 16:19:34
2026-06-03 10:49:39.750952+00:00,68.946,fan,alaina_plug4_tablefan_speed3_2026-06-03_S006,S006,speed_3,5.0,Alaina,plug_4,NW_P4_Alaina,P110,236.887,0.293,0.041,0.041,,on,-25,,"table fan speed 3, connected through adapter plug, 15 min recording",2026-06-03 16:19:39
2026-06-03 10:49:45.019259+00:00,69.035,fan,alaina_plug4_tablefan_speed3_2026-06-03_S006,S006,speed_3,5.0,Alaina,plug_4,NW_P4_Alaina,P110,237.294,0.294,0.041,0.041,,on,-25,,"table fan speed 3, connected through adapter plug, 15 min recording",2026-06-03 16:19:45
2026-06-03 10:49:50.347640+00:00,68.384,fan,alaina_plug4_tablefan_speed3_2026-06-03_S006,S006,speed_3,5.0,Alaina,plug_4,NW_P4_Alaina,P110,236.963,0.293,0.041,0.041,,on,-26,,"table fan speed 3, connected through adapter plug, 15 min recording",2026-06-03 16:19:50
2026-06-03 10:49:55.630115+00:00,68.621,fan,alaina_plug4_tablefan_speed3_2026-06-03_S006,S006,speed_3,5.0,Alaina,plug_4,NW_P4_Alaina,P110,236.391,0.293,0.041,0.041,,on,-25,,"table fan speed 3, connected through adapter plug, 15 min recording",2026-06-03 16:19:55
2026-06-03 10:50:00.908957+00:00,68.762,fan,alaina_plug4_tablefan_speed3_2026-06-03_S006,S006,speed_3,5.0,Alaina,plug_4,NW_P4_Alaina,P110,236.718,0.294,0.041,0.041,,on,-26,,"table fan speed 3, connected through adapter plug, 15 min recording",2026-06-03 16:20:00
2026-06-03 10:50:06.192584+00:00,68.921,fan,alaina_plug4_tablefan_speed3_2026-06-03_S006,S006,speed_3,5.0,Alaina,plug_4,NW_P4_Alaina,P110,236.956,0.294,0.041,0.041,,on,-25,,"table fan speed 3, connected through adapter plug, 15 min recording",2026-06-03 16:20:06
2026-06-03 10:50:11.469225+00:00,68.567,fan,alaina_plug4_tablefan_speed3_2026-06-03_S006,S006,speed_3,5.0,Alaina,plug_4,NW_P4_Alaina,P110,236.906,0.294,0.041,0.041,,on,-26,,"table fan speed 3, connected through adapter plug, 15 min recording",2026-06-03 16:20:11
2026-06-03 10:50:16.727846+00:00,68.537,fan,alaina_plug4_tablefan_speed3_2026-06-03_S006,S006,speed_3,5.0,Alaina,plug_4,NW_P4_Alaina,P110,236.426,0.293,0.041,0.041,,on,-25,,"table fan speed 3, connected through adapter plug, 15 min recording",2026-06-03 16:20:16
2026-06-03 10:50:22.039588+00:00,68.802,fan,alaina_plug4_tablefan_speed3_2026-06-03_S006,S006,speed_3,5.0,Alaina,plug_4,NW_P4_Alaina,P110,237.034,0.293,0.041,0.041,,on,-26,,"table fan speed 3, connected through adapter plug, 15 min recording",2026-06-03 16:20:22
2026-06-03 10:50:27.329206+00:00,68.846,fan,alaina_plug4_tablefan_speed3_2026-06-03_S006,S006,speed_3,5.0,Alaina,plug_4,NW_P4_Alaina,P110,236.596,0.293,0.041,0.041,,on,-25,,"table fan speed 3, connected through adapter plug, 15 min recording",2026-06-03 16:20:27
2026-06-03 10:50:32.602818+00:00,68.291,fan,alaina_plug4_tablefan_speed3_2026-06-03_S006,S006,speed_3,5.0,Alaina,plug_4,NW_P4_Alaina,P110,236.035,0.292,0.042,0.042,,on,-27,,"table fan speed 3, connected through adapter plug, 15 min recording",2026-06-03 16:20:32
2026-06-03 10:50:37.917341+00:00,68.275,fan,alaina_plug4_tablefan_speed3_2026-06-03_S006,S006,speed_3,5.0,Alaina,plug_4,NW_P4_Alaina,P110,236.227,0.292,0.042,0.042,,on,-27,,"table fan speed 3, connected through adapter plug, 15 min recording",2026-06-03 16:20:37
2026-06-03 10:50:43.175879+00:00,68.511,fan,alaina_plug4_tablefan_speed3_2026-06-03_S006,S006,speed_3,5.0,Alaina,plug_4,NW_P4_Alaina,P110,236.564,0.293,0.042,0.042,,on,-26,,"table fan speed 3, connected through adapter plug, 15 min recording",2026-06-03 16:20:43
2026-06-03 10:50:48.453186+00:00,68.486,fan,alaina_plug4_tablefan_speed3_2026-06-03_S006,S006,speed_3,5.0,Alaina,plug_4,NW_P4_Alaina,P110,236.61,0.293,0.042,0.042,,on,-25,,"table fan speed 3, connected through adapter plug, 15 min recording",2026-06-03 16:20:48
2026-06-03 10:50:53.738326+00:00,68.389,fan,alaina_plug4_tablefan_speed3_2026-06-03_S006,S006,speed_3,5.0,Alaina,plug_4,NW_P4_Alaina,P110,236.536,0.292,0.042,0.042,,on,-26,,"table fan speed 3, connected through adapter plug, 15 min recording",2026-06-03 16:20:53
2026-06-03 10:50:59.015931+00:00,68.398,fan,alaina_plug4_tablefan_speed3_2026-06-03_S006,S006,speed_3,5.0,Alaina,plug_4,NW_P4_Alaina,P110,236.307,0.293,0.042,0.042,,on,-25,,"table fan speed 3, connected through adapter plug, 15 min recording",2026-06-03 16:20:59
2026-06-03 10:51:04.276593+00:00,68.928,fan,alaina_plug4_tablefan_speed3_2026-06-03_S006,S006,speed_3,5.0,Alaina,plug_4,NW_P4_Alaina,P110,236.932,0.293,0.042,0.042,,on,-25,,"table fan speed 3, connected through adapter plug, 15 min recording",2026-06-03 16:21:04
2026-06-03 10:51:09.578445+00:00,68.898,fan,alaina_plug4_tablefan_speed3_2026-06-03_S006,S006,speed_3,5.0,Alaina,plug_4,NW_P4_Alaina,P110,237.388,0.293,0.042,0.042,,on,-24,,"table fan speed 3, connected through adapter plug, 15 min recording",2026-06-03 16:21:09
2026-06-03 10:51:14.854442+00:00,68.939,fan,alaina_plug4_tablefan_speed3_2026-06-03_S006,S006,speed_3,5.0,Alaina,plug_4,NW_P4_Alaina,P110,237.152,0.294,0.042,0.042,,on,-24,,"table fan speed 3, connected through adapter plug, 15 min recording",2026-06-03 16:21:14
2026-06-03 10:51:20.128968+00:00,69.365,fan,alaina_plug4_tablefan_speed3_2026-06-03_S006,S006,speed_3,5.0,Alaina,plug_4,NW_P4_Alaina,P110,237.805,0.294,0.042,0.042,,on,-24,,"table fan speed 3, connected through adapter plug, 15 min recording",2026-06-03 16:21:20
2026-06-03 10:51:25.388549+00:00,69.426,fan,alaina_plug4_tablefan_speed3_2026-06-03_S006,S006,speed_3,5.0,Alaina,plug_4,NW_P4_Alaina,P110,238.33,0.295,0.043,0.043,,on,-25,,"table fan speed 3, connected through adapter plug, 15 min recording",2026-06-03 16:21:25
2026-06-03 10:51:30.686775+00:00,69.487,fan,alaina_plug4_tablefan_speed3_2026-06-03_S006,S006,speed_3,5.0,Alaina,plug_4,NW_P4_Alaina,P110,238.077,0.295,0.043,0.043,,on,-24,,"table fan speed 3, connected through adapter plug, 15 min recording",2026-06-03 16:21:30
2026-06-03 10:51:35.950480+00:00,69.193,fan,alaina_plug4_tablefan_speed3_2026-06-03_S006,S006,speed_3,5.0,Alaina,plug_4,NW_P4_Alaina,P110,237.398,0.294,0.043,0.043,,on,-24,,"table fan speed 3, connected through adapter plug, 15 min recording",2026-06-03 16:21:35
2026-06-03 10:51:41.241698+00:00,69.262,fan,alaina_plug4_tablefan_speed3_2026-06-03_S006,S006,speed_3,5.0,Alaina,plug_4,NW_P4_Alaina,P110,237.513,0.295,0.043,0.043,,on,-24,,"table fan speed 3, connected through adapter plug, 15 min recording",2026-06-03 16:21:41
2026-06-03 10:51:46.508667+00:00,69.033,fan,alaina_plug4_tablefan_speed3_2026-06-03_S006,S006,speed_3,5.0,Alaina,plug_4,NW_P4_Alaina,P110,237.228,0.294,0.043,0.043,,on,-24,,"table fan speed 3, connected through adapter plug, 15 min recording",2026-06-03 16:21:46
2026-06-03 10:51:51.905758+00:00,68.559,fan,alaina_plug4_tablefan_speed3_2026-06-03_S006,S006,speed_3,5.0,Alaina,plug_4,NW_P4_Alaina,P110,237.035,0.294,0.043,0.043,,on,-26,,"table fan speed 3, connected through adapter plug, 15 min recording",2026-06-03 16:21:51
2026-06-03 10:51:57.186963+00:00,68.665,fan,alaina_plug4_tablefan_speed3_2026-06-03_S006,S006,speed_3,5.0,Alaina,plug_4,NW_P4_Alaina,P110,237.04,0.293,0.043,0.043,,on,-26,,"table fan speed 3, connected through adapter plug, 15 min recording",2026-06-03 16:21:57
2026-06-03 10:52:02.450220+00:00,68.997,fan,alaina_plug4_tablefan_speed3_2026-06-03_S006,S006,speed_3,5.0,Alaina,plug_4,NW_P4_Alaina,P110,237.555,0.293,0.043,0.043,,on,-25,,"table fan speed 3, connected through adapter plug, 15 min recording",2026-06-03 16:22:02
2026-06-03 10:52:07.709046+00:00,69.087,fan,alaina_plug4_tablefan_speed3_2026-06-03_S006,S006,speed_3,5.0,Alaina,plug_4,NW_P4_Alaina,P110,237.507,0.294,0.043,0.043,,on,-26,,"table fan speed 3, connected through adapter plug, 15 min recording",2026-06-03 16:22:07
2026-06-03 10:52:12.986674+00:00,68.784,fan,alaina_plug4_tablefan_speed3_2026-06-03_S006,S006,speed_3,5.0,Alaina,plug_4,NW_P4_Alaina,P110,237.138,0.293,0.043,0.043,,on,-25,,"table fan speed 3, connected through adapter plug, 15 min recording",2026-06-03 16:22:12
2026-06-03 10:52:18.396352+00:00,69.552,fan,alaina_plug4_tablefan_speed3_2026-06-03_S006,S006,speed_3,5.0,Alaina,plug_4,NW_P4_Alaina,P110,238.36,0.295,0.044,0.044,,on,-26,,"table fan speed 3, connected through adapter plug, 15 min recording",2026-06-03 16:22:18
2026-06-03 10:52:23.685893+00:00,70.006,fan,alaina_plug4_tablefan_speed3_2026-06-03_S006,S006,speed_3,5.0,Alaina,plug_4,NW_P4_Alaina,P110,239.329,0.296,0.044,0.044,,on,-26,,"table fan speed 3, connected through adapter plug, 15 min recording",2026-06-03 16:22:23
2026-06-03 10:52:28.974099+00:00,70.065,fan,alaina_plug4_tablefan_speed3_2026-06-03_S006,S006,speed_3,5.0,Alaina,plug_4,NW_P4_Alaina,P110,239.325,0.296,0.044,0.044,,on,-24,,"table fan speed 3, connected through adapter plug, 15 min recording",2026-06-03 16:22:28
2026-06-03 10:52:34.232498+00:00,70.008,fan,alaina_plug4_tablefan_speed3_2026-06-03_S006,S006,speed_3,5.0,Alaina,plug_4,NW_P4_Alaina,P110,238.981,0.296,0.044,0.044,,on,-25,,"table fan speed 3, connected through adapter plug, 15 min recording",2026-06-03 16:22:34
2026-06-03 10:52:39.516858+00:00,70.142,fan,alaina_plug4_tablefan_speed3_2026-06-03_S006,S006,speed_3,5.0,Alaina,plug_4,NW_P4_Alaina,P110,239.637,0.296,0.044,0.044,,on,-25,,"table fan speed 3, connected through adapter plug, 15 min recording",2026-06-03 16:22:39
2026-06-03 10:52:44.847652+00:00,70.237,fan,alaina_plug4_tablefan_speed3_2026-06-03_S006,S006,speed_3,5.0,Alaina,plug_4,NW_P4_Alaina,P110,239.33,0.296,0.044,0.044,,on,-24,,"table fan speed 3, connected through adapter plug, 15 min recording",2026-06-03 16:22:44
2026-06-03 10:52:50.139227+00:00,70.394,fan,alaina_plug4_tablefan_speed3_2026-06-03_S006,S006,speed_3,5.0,Alaina,plug_4,NW_P4_Alaina,P110,239.499,0.297,0.044,0.044,,on,-24,,"table fan speed 3, connected through adapter plug, 15 min recording",2026-06-03 16:22:50
2026-06-03 10:52:55.441654+00:00,70.356,fan,alaina_plug4_tablefan_speed3_2026-06-03_S006,S006,speed_3,5.0,Alaina,plug_4,NW_P4_Alaina,P110,239.468,0.297,0.044,0.044,,on,-25,,"table fan speed 3, connected through adapter plug, 15 min recording",2026-06-03 16:22:55
2026-06-03 10:53:00.790632+00:00,70.708,fan,alaina_plug4_tablefan_speed3_2026-06-03_S006,S006,speed_3,5.0,Alaina,plug_4,NW_P4_Alaina,P110,240.649,0.297,0.044,0.044,,on,-25,,"table fan speed 3, connected through adapter plug, 15 min recording",2026-06-03 16:23:00
2026-06-03 10:53:06.066802+00:00,70.722,fan,alaina_plug4_tablefan_speed3_2026-06-03_S006,S006,speed_3,5.0,Alaina,plug_4,NW_P4_Alaina,P110,240.363,0.297,0.045,0.045,,on,-25,,"table fan speed 3, connected through adapter plug, 15 min recording",2026-06-03 16:23:06
2026-06-03 10:53:11.476135+00:00,70.52,fan,alaina_plug4_tablefan_speed3_2026-06-03_S006,S006,speed_3,5.0,Alaina,plug_4,NW_P4_Alaina,P110,240.138,0.297,0.045,0.045,,on,-25,,"table fan speed 3, connected through adapter plug, 15 min recording",2026-06-03 16:23:11
2026-06-03 10:53:17.173700+00:00,70.17,fan,alaina_plug4_tablefan_speed3_2026-06-03_S006,S006,speed_3,5.0,Alaina,plug_4,NW_P4_Alaina,P110,239.497,0.296,0.045,0.045,,on,-26,,"table fan speed 3, connected through adapter plug, 15 min recording",2026-06-03 16:23:17
2026-06-03 10:53:22.438436+00:00,70.31,fan,alaina_plug4_tablefan_speed3_2026-06-03_S006,S006,speed_3,5.0,Alaina,plug_4,NW_P4_Alaina,P110,240.255,0.296,0.045,0.045,,on,-27,,"table fan speed 3, connected through adapter plug, 15 min recording",2026-06-03 16:23:22
2026-06-03 10:53:27.719126+00:00,70.24,fan,alaina_plug4_tablefan_speed3_2026-06-03_S006,S006,speed_3,5.0,Alaina,plug_4,NW_P4_Alaina,P110,239.796,0.296,0.045,0.045,,on,-26,,"table fan speed 3, connected through adapter plug, 15 min recording",2026-06-03 16:23:27
2026-06-03 10:53:32.996855+00:00,70.218,fan,alaina_plug4_tablefan_speed3_2026-06-03_S006,S006,speed_3,5.0,Alaina,plug_4,NW_P4_Alaina,P110,239.461,0.295,0.045,0.045,,on,-26,,"table fan speed 3, connected through adapter plug, 15 min recording",2026-06-03 16:23:32
2026-06-03 10:53:38.433332+00:00,70.3,fan,alaina_plug4_tablefan_speed3_2026-06-03_S006,S006,speed_3,5.0,Alaina,plug_4,NW_P4_Alaina,P110,240.343,0.297,0.045,0.045,,on,-26,,"table fan speed 3, connected through adapter plug, 15 min recording",2026-06-03 16:23:38
2026-06-03 10:53:43.720462+00:00,70.224,fan,alaina_plug4_tablefan_speed3_2026-06-03_S006,S006,speed_3,5.0,Alaina,plug_4,NW_P4_Alaina,P110,237.543,0.296,0.045,0.045,,on,-26,,"table fan speed 3, connected through adapter plug, 15 min recording",2026-06-03 16:23:43
2026-06-03 10:53:48.979776+00:00,68.289,fan,alaina_plug4_tablefan_speed3_2026-06-03_S006,S006,speed_3,5.0,Alaina,plug_4,NW_P4_Alaina,P110,237.098,0.297,0.045,0.045,,on,-28,,"table fan speed 3, connected through adapter plug, 15 min recording",2026-06-03 16:23:48
2026-06-03 10:53:54.292614+00:00,67.722,fan,alaina_plug4_tablefan_speed3_2026-06-03_S006,S006,speed_3,5.0,Alaina,plug_4,NW_P4_Alaina,P110,234.745,0.292,0.045,0.045,,on,-26,,"table fan speed 3, connected through adapter plug, 15 min recording",2026-06-03 16:23:54
2026-06-03 10:53:59.553913+00:00,67.554,fan,alaina_plug4_tablefan_speed3_2026-06-03_S006,S006,speed_3,5.0,Alaina,plug_4,NW_P4_Alaina,P110,234.522,0.291,0.046,0.046,,on,-25,,"table fan speed 3, connected through adapter plug, 15 min recording",2026-06-03 16:23:59
2026-06-03 10:54:04.816902+00:00,67.554,fan,alaina_plug4_tablefan_speed3_2026-06-03_S006,S006,speed_3,5.0,Alaina,plug_4,NW_P4_Alaina,P110,234.541,0.291,0.046,0.046,,on,-25,,"table fan speed 3, connected through adapter plug, 15 min recording",2026-06-03 16:24:04
2026-06-03 10:54:10.070200+00:00,67.375,fan,alaina_plug4_tablefan_speed3_2026-06-03_S006,S006,speed_3,5.0,Alaina,plug_4,NW_P4_Alaina,P110,234.281,0.291,0.046,0.046,,on,-27,,"table fan speed 3, connected through adapter plug, 15 min recording",2026-06-03 16:24:10
2026-06-03 10:54:15.420431+00:00,67.03,fan,alaina_plug4_tablefan_speed3_2026-06-03_S006,S006,speed_3,5.0,Alaina,plug_4,NW_P4_Alaina,P110,233.983,0.289,0.046,0.046,,on,-26,,"table fan speed 3, connected through adapter plug, 15 min recording",2026-06-03 16:24:15
2026-06-03 10:54:20.701787+00:00,68.52,fan,alaina_plug4_tablefan_speed3_2026-06-03_S006,S006,speed_3,5.0,Alaina,plug_4,NW_P4_Alaina,P110,236.767,0.292,0.046,0.046,,on,-25,,"table fan speed 3, connected through adapter plug, 15 min recording",2026-06-03 16:24:20
2026-06-03 10:54:25.976268+00:00,68.606,fan,alaina_plug4_tablefan_speed3_2026-06-03_S006,S006,speed_3,5.0,Alaina,plug_4,NW_P4_Alaina,P110,236.471,0.293,0.046,0.046,,on,-27,,"table fan speed 3, connected through adapter plug, 15 min recording",2026-06-03 16:24:25
2026-06-03 10:54:31.238820+00:00,68.786,fan,alaina_plug4_tablefan_speed3_2026-06-03_S006,S006,speed_3,5.0,Alaina,plug_4,NW_P4_Alaina,P110,236.797,0.294,0.046,0.046,,on,-25,,"table fan speed 3, connected through adapter plug, 15 min recording",2026-06-03 16:24:31
2026-06-03 10:54:36.515710+00:00,69.091,fan,alaina_plug4_tablefan_speed3_2026-06-03_S006,S006,speed_3,5.0,Alaina,plug_4,NW_P4_Alaina,P110,237.348,0.295,0.046,0.046,,on,-26,,"table fan speed 3, connected through adapter plug, 15 min recording",2026-06-03 16:24:36
2026-06-03 10:54:41.907059+00:00,68.621,fan,alaina_plug4_tablefan_speed3_2026-06-03_S006,S006,speed_3,5.0,Alaina,plug_4,NW_P4_Alaina,P110,236.712,0.293,0.046,0.046,,on,-27,,"table fan speed 3, connected through adapter plug, 15 min recording",2026-06-03 16:24:41
2026-06-03 10:54:47.191521+00:00,68.451,fan,alaina_plug4_tablefan_speed3_2026-06-03_S006,S006,speed_3,5.0,Alaina,plug_4,NW_P4_Alaina,P110,236.413,0.292,0.046,0.046,,on,-27,,"table fan speed 3, connected through adapter plug, 15 min recording",2026-06-03 16:24:47
2026-06-03 10:54:52.449473+00:00,68.527,fan,alaina_plug4_tablefan_speed3_2026-06-03_S006,S006,speed_3,5.0,Alaina,plug_4,NW_P4_Alaina,P110,236.262,0.293,0.047,0.047,,on,-26,,"table fan speed 3, connected through adapter plug, 15 min recording",2026-06-03 16:24:52
2026-06-03 10:54:57.747764+00:00,68.476,fan,alaina_plug4_tablefan_speed3_2026-06-03_S006,S006,speed_3,5.0,Alaina,plug_4,NW_P4_Alaina,P110,236.204,0.293,0.047,0.047,,on,-26,,"table fan speed 3, connected through adapter plug, 15 min recording",2026-06-03 16:24:57
2026-06-03 10:55:03.215476+00:00,68.898,fan,alaina_plug4_tablefan_speed3_2026-06-03_S006,S006,speed_3,5.0,Alaina,plug_4,NW_P4_Alaina,P110,236.875,0.294,0.047,0.047,,on,-26,,"table fan speed 3, connected through adapter plug, 15 min recording",2026-06-03 16:25:03
2026-06-03 10:55:08.485550+00:00,69.084,fan,alaina_plug4_tablefan_speed3_2026-06-03_S006,S006,speed_3,5.0,Alaina,plug_4,NW_P4_Alaina,P110,237.2,0.294,0.047,0.047,,on,-28,,"table fan speed 3, connected through adapter plug, 15 min recording",2026-06-03 16:25:08
2026-06-03 10:55:13.749610+00:00,68.731,fan,alaina_plug4_tablefan_speed3_2026-06-03_S006,S006,speed_3,5.0,Alaina,plug_4,NW_P4_Alaina,P110,236.583,0.293,0.047,0.047,,on,-27,,"table fan speed 3, connected through adapter plug, 15 min recording",2026-06-03 16:25:13
2026-06-03 10:55:19.065575+00:00,68.888,fan,alaina_plug4_tablefan_speed3_2026-06-03_S006,S006,speed_3,5.0,Alaina,plug_4,NW_P4_Alaina,P110,237.02,0.293,0.047,0.047,,on,-26,,"table fan speed 3, connected through adapter plug, 15 min recording",2026-06-03 16:25:19
2026-06-03 10:55:24.754976+00:00,69.114,fan,alaina_plug4_tablefan_speed3_2026-06-03_S006,S006,speed_3,5.0,Alaina,plug_4,NW_P4_Alaina,P110,237.639,0.294,0.047,0.047,,on,-24,,"table fan speed 3, connected through adapter plug, 15 min recording",2026-06-03 16:25:24
2026-06-03 10:55:30.030535+00:00,69.148,fan,alaina_plug4_tablefan_speed3_2026-06-03_S006,S006,speed_3,5.0,Alaina,plug_4,NW_P4_Alaina,P110,238.236,0.294,0.047,0.047,,on,-27,,"table fan speed 3, connected through adapter plug, 15 min recording",2026-06-03 16:25:30
2026-06-03 10:55:35.307566+00:00,69.482,fan,alaina_plug4_tablefan_speed3_2026-06-03_S006,S006,speed_3,5.0,Alaina,plug_4,NW_P4_Alaina,P110,238.313,0.295,0.047,0.047,,on,-25,,"table fan speed 3, connected through adapter plug, 15 min recording",2026-06-03 16:25:35
2026-06-03 10:55:40.568415+00:00,69.493,fan,alaina_plug4_tablefan_speed3_2026-06-03_S006,S006,speed_3,5.0,Alaina,plug_4,NW_P4_Alaina,P110,238.518,0.294,0.047,0.047,,on,-25,,"table fan speed 3, connected through adapter plug, 15 min recording",2026-06-03 16:25:40
2026-06-03 10:55:45.827693+00:00,69.111,fan,alaina_plug4_tablefan_speed3_2026-06-03_S006,S006,speed_3,5.0,Alaina,plug_4,NW_P4_Alaina,P110,237.834,0.294,0.048,0.048,,on,-26,,"table fan speed 3, connected through adapter plug, 15 min recording",2026-06-03 16:25:45
2026-06-03 10:55:51.088140+00:00,69.376,fan,alaina_plug4_tablefan_speed3_2026-06-03_S006,S006,speed_3,5.0,Alaina,plug_4,NW_P4_Alaina,P110,237.892,0.294,0.048,0.048,,on,-26,,"table fan speed 3, connected through adapter plug, 15 min recording",2026-06-03 16:25:51
2026-06-03 10:55:56.437358+00:00,68.539,fan,alaina_plug4_tablefan_speed3_2026-06-03_S006,S006,speed_3,5.0,Alaina,plug_4,NW_P4_Alaina,P110,237.699,0.292,0.048,0.048,,on,-25,,"table fan speed 3, connected through adapter plug, 15 min recording",2026-06-03 16:25:56
2026-06-03 10:56:01.708063+00:00,69.462,fan,alaina_plug4_tablefan_speed3_2026-06-03_S006,S006,speed_3,5.0,Alaina,plug_4,NW_P4_Alaina,P110,238.159,0.294,0.048,0.048,,on,-25,,"table fan speed 3, connected through adapter plug, 15 min recording",2026-06-03 16:26:01
2026-06-03 10:56:06.996612+00:00,69.466,fan,alaina_plug4_tablefan_speed3_2026-06-03_S006,S006,speed_3,5.0,Alaina,plug_4,NW_P4_Alaina,P110,238.554,0.295,0.048,0.048,,on,-26,,"table fan speed 3, connected through adapter plug, 15 min recording",2026-06-03 16:26:06
2026-06-03 10:56:12.317981+00:00,69.382,fan,alaina_plug4_tablefan_speed3_2026-06-03_S006,S006,speed_3,5.0,Alaina,plug_4,NW_P4_Alaina,P110,238.033,0.294,0.048,0.048,,on,-26,,"table fan speed 3, connected through adapter plug, 15 min recording",2026-06-03 16:26:12
2026-06-03 10:56:17.598925+00:00,69.558,fan,alaina_plug4_tablefan_speed3_2026-06-03_S006,S006,speed_3,5.0,Alaina,plug_4,NW_P4_Alaina,P110,237.826,0.294,0.048,0.048,,on,-27,,"table fan speed 3, connected through adapter plug, 15 min recording",2026-06-03 16:26:17
2026-06-03 10:56:23.047717+00:00,69.671,fan,alaina_plug4_tablefan_speed3_2026-06-03_S006,S006,speed_3,5.0,Alaina,plug_4,NW_P4_Alaina,P110,238.648,0.295,0.048,0.048,,on,-26,,"table fan speed 3, connected through adapter plug, 15 min recording",2026-06-03 16:26:23
2026-06-03 10:56:28.318781+00:00,70.001,fan,alaina_plug4_tablefan_speed3_2026-06-03_S006,S006,speed_3,5.0,Alaina,plug_4,NW_P4_Alaina,P110,238.874,0.295,0.048,0.048,,on,-26,,"table fan speed 3, connected through adapter plug, 15 min recording",2026-06-03 16:26:28
2026-06-03 10:56:33.719669+00:00,69.633,fan,alaina_plug4_tablefan_speed3_2026-06-03_S006,S006,speed_3,5.0,Alaina,plug_4,NW_P4_Alaina,P110,238.502,0.295,0.049,0.049,,on,-25,,"table fan speed 3, connected through adapter plug, 15 min recording",2026-06-03 16:26:33
2026-06-03 10:56:39.066788+00:00,69.863,fan,alaina_plug4_tablefan_speed3_2026-06-03_S006,S006,speed_3,5.0,Alaina,plug_4,NW_P4_Alaina,P110,239.084,0.295,0.049,0.049,,on,-26,,"table fan speed 3, connected through adapter plug, 15 min recording",2026-06-03 16:26:39
2026-06-03 10:56:44.348715+00:00,71.119,fan,alaina_plug4_tablefan_speed3_2026-06-03_S006,S006,speed_3,5.0,Alaina,plug_4,NW_P4_Alaina,P110,240.432,0.298,0.049,0.049,,on,-26,,"table fan speed 3, connected through adapter plug, 15 min recording",2026-06-03 16:26:44
2026-06-03 10:56:49.634254+00:00,71.395,fan,alaina_plug4_tablefan_speed3_2026-06-03_S006,S006,speed_3,5.0,Alaina,plug_4,NW_P4_Alaina,P110,241.598,0.299,0.049,0.049,,on,-26,,"table fan speed 3, connected through adapter plug, 15 min recording",2026-06-03 16:26:49
2026-06-03 10:56:55.028294+00:00,71.005,fan,alaina_plug4_tablefan_speed3_2026-06-03_S006,S006,speed_3,5.0,Alaina,plug_4,NW_P4_Alaina,P110,241.008,0.298,0.049,0.049,,on,-26,,"table fan speed 3, connected through adapter plug, 15 min recording",2026-06-03 16:26:55
2026-06-03 10:57:00.284499+00:00,71.415,fan,alaina_plug4_tablefan_speed3_2026-06-03_S006,S006,speed_3,5.0,Alaina,plug_4,NW_P4_Alaina,P110,241.648,0.298,0.049,0.049,,on,-25,,"table fan speed 3, connected through adapter plug, 15 min recording",2026-06-03 16:27:00
2026-06-03 10:57:05.579041+00:00,71.631,fan,alaina_plug4_tablefan_speed3_2026-06-03_S006,S006,speed_3,5.0,Alaina,plug_4,NW_P4_Alaina,P110,241.835,0.299,0.049,0.049,,on,-26,,"table fan speed 3, connected through adapter plug, 15 min recording",2026-06-03 16:27:05
2026-06-03 10:57:11.825119+00:00,71.808,fan,alaina_plug4_tablefan_speed3_2026-06-03_S006,S006,speed_3,5.0,Alaina,plug_4,NW_P4_Alaina,P110,241.995,0.3,0.049,0.049,,on,-26,,"table fan speed 3, connected through adapter plug, 15 min recording",2026-06-03 16:27:11
2026-06-03 10:57:17.133601+00:00,71.507,fan,alaina_plug4_tablefan_speed3_2026-06-03_S006,S006,speed_3,5.0,Alaina,plug_4,NW_P4_Alaina,P110,241.801,0.299,0.049,0.049,,on,-24,,"table fan speed 3, connected through adapter plug, 15 min recording",2026-06-03 16:27:17
2026-06-03 10:57:22.409629+00:00,71.79,fan,alaina_plug4_tablefan_speed3_2026-06-03_S006,S006,speed_3,5.0,Alaina,plug_4,NW_P4_Alaina,P110,242.39,0.298,0.049,0.049,,on,-26,,"table fan speed 3, connected through adapter plug, 15 min recording",2026-06-03 16:27:22
2026-06-03 10:57:27.695093+00:00,71.711,fan,alaina_plug4_tablefan_speed3_2026-06-03_S006,S006,speed_3,5.0,Alaina,plug_4,NW_P4_Alaina,P110,242.298,0.299,0.05,0.05,,on,-25,,"table fan speed 3, connected through adapter plug, 15 min recording",2026-06-03 16:27:27
2026-06-03 10:57:32.982730+00:00,71.299,fan,alaina_plug4_tablefan_speed3_2026-06-03_S006,S006,speed_3,5.0,Alaina,plug_4,NW_P4_Alaina,P110,242.31,0.298,0.05,0.05,,on,-26,,"table fan speed 3, connected through adapter plug, 15 min recording",2026-06-03 16:27:32
2026-06-03 10:57:38.271184+00:00,71.287,fan,alaina_plug4_tablefan_speed3_2026-06-03_S006,S006,speed_3,5.0,Alaina,plug_4,NW_P4_Alaina,P110,241.76,0.298,0.05,0.05,,on,-24,,"table fan speed 3, connected through adapter plug, 15 min recording",2026-06-03 16:27:38
2026-06-03 10:57:43.555350+00:00,71.702,fan,alaina_plug4_tablefan_speed3_2026-06-03_S006,S006,speed_3,5.0,Alaina,plug_4,NW_P4_Alaina,P110,242.333,0.299,0.05,0.05,,on,-26,,"table fan speed 3, connected through adapter plug, 15 min recording",2026-06-03 16:27:43
2026-06-03 10:57:48.829236+00:00,71.633,fan,alaina_plug4_tablefan_speed3_2026-06-03_S006,S006,speed_3,5.0,Alaina,plug_4,NW_P4_Alaina,P110,242.284,0.299,0.05,0.05,,on,-25,,"table fan speed 3, connected through adapter plug, 15 min recording",2026-06-03 16:27:48
2026-06-03 10:57:54.108089+00:00,71.218,fan,alaina_plug4_tablefan_speed3_2026-06-03_S006,S006,speed_3,5.0,Alaina,plug_4,NW_P4_Alaina,P110,242.097,0.298,0.05,0.05,,on,-24,,"table fan speed 3, connected through adapter plug, 15 min recording",2026-06-03 16:27:54
2026-06-03 10:57:59.384163+00:00,71.25,fan,alaina_plug4_tablefan_speed3_2026-06-03_S006,S006,speed_3,5.0,Alaina,plug_4,NW_P4_Alaina,P110,241.499,0.298,0.05,0.05,,on,-25,,"table fan speed 3, connected through adapter plug, 15 min recording",2026-06-03 16:27:59
2026-06-03 10:58:04.659865+00:00,71.37,fan,alaina_plug4_tablefan_speed3_2026-06-03_S006,S006,speed_3,5.0,Alaina,plug_4,NW_P4_Alaina,P110,241.727,0.299,0.05,0.05,,on,-25,,"table fan speed 3, connected through adapter plug, 15 min recording",2026-06-03 16:28:04
2026-06-03 10:58:09.974638+00:00,71.051,fan,alaina_plug4_tablefan_speed3_2026-06-03_S006,S006,speed_3,5.0,Alaina,plug_4,NW_P4_Alaina,P110,241.407,0.298,0.05,0.05,,on,-26,,"table fan speed 3, connected through adapter plug, 15 min recording",2026-06-03 16:28:09
2026-06-03 10:58:15.352539+00:00,70.855,fan,alaina_plug4_tablefan_speed3_2026-06-03_S006,S006,speed_3,5.0,Alaina,plug_4,NW_P4_Alaina,P110,240.809,0.297,0.051,0.051,,on,-26,,"table fan speed 3, connected through adapter plug, 15 min recording",2026-06-03 16:28:15
2026-06-03 10:58:20.628377+00:00,71.213,fan,alaina_plug4_tablefan_speed3_2026-06-03_S006,S006,speed_3,5.0,Alaina,plug_4,NW_P4_Alaina,P110,240.823,0.298,0.051,0.051,,on,-25,,"table fan speed 3, connected through adapter plug, 15 min recording",2026-06-03 16:28:20
2026-06-03 10:58:25.918343+00:00,70.751,fan,alaina_plug4_tablefan_speed3_2026-06-03_S006,S006,speed_3,5.0,Alaina,plug_4,NW_P4_Alaina,P110,241.045,0.297,0.051,0.051,,on,-26,,"table fan speed 3, connected through adapter plug, 15 min recording",2026-06-03 16:28:25
2026-06-03 10:58:31.179212+00:00,71.038,fan,alaina_plug4_tablefan_speed3_2026-06-03_S006,S006,speed_3,5.0,Alaina,plug_4,NW_P4_Alaina,P110,240.906,0.297,0.051,0.051,,on,-26,,"table fan speed 3, connected through adapter plug, 15 min recording",2026-06-03 16:28:31
2026-06-03 10:58:36.474895+00:00,71.138,fan,alaina_plug4_tablefan_speed3_2026-06-03_S006,S006,speed_3,5.0,Alaina,plug_4,NW_P4_Alaina,P110,241.129,0.298,0.051,0.051,,on,-25,,"table fan speed 3, connected through adapter plug, 15 min recording",2026-06-03 16:28:36
2026-06-03 10:58:41.758319+00:00,71.138,fan,alaina_plug4_tablefan_speed3_2026-06-03_S006,S006,speed_3,5.0,Alaina,plug_4,NW_P4_Alaina,P110,241.206,0.299,0.051,0.051,,on,-25,,"table fan speed 3, connected through adapter plug, 15 min recording",2026-06-03 16:28:41
2026-06-03 10:58:47.162494+00:00,71.334,fan,alaina_plug4_tablefan_speed3_2026-06-03_S006,S006,speed_3,5.0,Alaina,plug_4,NW_P4_Alaina,P110,241.676,0.298,0.051,0.051,,on,-25,,"table fan speed 3, connected through adapter plug, 15 min recording",2026-06-03 16:28:47
2026-06-03 10:58:52.447726+00:00,71.118,fan,alaina_plug4_tablefan_speed3_2026-06-03_S006,S006,speed_3,5.0,Alaina,plug_4,NW_P4_Alaina,P110,241.656,0.298,0.051,0.051,,on,-26,,"table fan speed 3, connected through adapter plug, 15 min recording",2026-06-03 16:28:52
2026-06-03 10:58:57.723730+00:00,71.133,fan,alaina_plug4_tablefan_speed3_2026-06-03_S006,S006,speed_3,5.0,Alaina,plug_4,NW_P4_Alaina,P110,241.665,0.298,0.051,0.051,,on,-25,,"table fan speed 3, connected through adapter plug, 15 min recording",2026-06-03 16:28:57
2026-06-03 10:59:03.248296+00:00,71.568,fan,alaina_plug4_tablefan_speed3_2026-06-03_S006,S006,speed_3,5.0,Alaina,plug_4,NW_P4_Alaina,P110,241.946,0.299,0.051,0.051,,on,-25,,"table fan speed 3, connected through adapter plug, 15 min recording",2026-06-03 16:29:03
2026-06-03 10:59:08.530529+00:00,71.766,fan,alaina_plug4_tablefan_speed3_2026-06-03_S006,S006,speed_3,5.0,Alaina,plug_4,NW_P4_Alaina,P110,242.164,0.299,0.052,0.052,,on,-26,,"table fan speed 3, connected through adapter plug, 15 min recording",2026-06-03 16:29:08
2026-06-03 10:59:13.826170+00:00,71.402,fan,alaina_plug4_tablefan_speed3_2026-06-03_S006,S006,speed_3,5.0,Alaina,plug_4,NW_P4_Alaina,P110,241.628,0.299,0.052,0.052,,on,-26,,"table fan speed 3, connected through adapter plug, 15 min recording",2026-06-03 16:29:13
2026-06-03 10:59:19.099691+00:00,71.543,fan,alaina_plug4_tablefan_speed3_2026-06-03_S006,S006,speed_3,5.0,Alaina,plug_4,NW_P4_Alaina,P110,241.921,0.299,0.052,0.052,,on,-27,,"table fan speed 3, connected through adapter plug, 15 min recording",2026-06-03 16:29:19
2026-06-03 10:59:24.365530+00:00,71.692,fan,alaina_plug4_tablefan_speed3_2026-06-03_S006,S006,speed_3,5.0,Alaina,plug_4,NW_P4_Alaina,P110,242.541,0.299,0.052,0.052,,on,-26,,"table fan speed 3, connected through adapter plug, 15 min recording",2026-06-03 16:29:24
2026-06-03 10:59:29.631083+00:00,71.459,fan,alaina_plug4_tablefan_speed3_2026-06-03_S006,S006,speed_3,5.0,Alaina,plug_4,NW_P4_Alaina,P110,241.624,0.298,0.052,0.052,,on,-26,,"table fan speed 3, connected through adapter plug, 15 min recording",2026-06-03 16:29:29
2026-06-03 10:59:34.888893+00:00,71.004,fan,alaina_plug4_tablefan_speed3_2026-06-03_S006,S006,speed_3,5.0,Alaina,plug_4,NW_P4_Alaina,P110,240.87,0.297,0.052,0.052,,on,-27,,"table fan speed 3, connected through adapter plug, 15 min recording",2026-06-03 16:29:34
2026-06-03 10:59:40.218649+00:00,71.275,fan,alaina_plug4_tablefan_speed3_2026-06-03_S006,S006,speed_3,5.0,Alaina,plug_4,NW_P4_Alaina,P110,241.644,0.298,0.052,0.052,,on,-25,,"table fan speed 3, connected through adapter plug, 15 min recording",2026-06-03 16:29:40
2026-06-03 10:59:45.485016+00:00,70.327,fan,alaina_plug4_tablefan_speed3_2026-06-03_S006,S006,speed_3,5.0,Alaina,plug_4,NW_P4_Alaina,P110,238.826,0.296,0.052,0.052,,on,-28,,"table fan speed 3, connected through adapter plug, 15 min recording",2026-06-03 16:29:45
2026-06-03 10:59:50.765528+00:00,70.315,fan,alaina_plug4_tablefan_speed3_2026-06-03_S006,S006,speed_3,5.0,Alaina,plug_4,NW_P4_Alaina,P110,239.841,0.296,0.052,0.052,,on,-26,,"table fan speed 3, connected through adapter plug, 15 min recording",2026-06-03 16:29:50
2026-06-03 10:59:56.041776+00:00,69.404,fan,alaina_plug4_tablefan_speed3_2026-06-03_S006,S006,speed_3,5.0,Alaina,plug_4,NW_P4_Alaina,P110,238.425,0.294,0.053,0.053,,on,-23,,"table fan speed 3, connected through adapter plug, 15 min recording",2026-06-03 16:29:56
2026-06-03 11:00:01.346673+00:00,69.388,fan,alaina_plug4_tablefan_speed3_2026-06-03_S006,S006,speed_3,5.0,Alaina,plug_4,NW_P4_Alaina,P110,238.313,0.294,0.053,0.053,,on,-24,,"table fan speed 3, connected through adapter plug, 15 min recording",2026-06-03 16:30:01
2026-06-03 11:00:06.685401+00:00,70.049,fan,alaina_plug4_tablefan_speed3_2026-06-03_S006,S006,speed_3,5.0,Alaina,plug_4,NW_P4_Alaina,P110,239.393,0.295,0.053,0.053,,on,-24,,"table fan speed 3, connected through adapter plug, 15 min recording",2026-06-03 16:30:06
2026-06-03 11:00:11.947708+00:00,69.919,fan,alaina_plug4_tablefan_speed3_2026-06-03_S006,S006,speed_3,5.0,Alaina,plug_4,NW_P4_Alaina,P110,239.299,0.295,0.053,0.053,,on,-24,,"table fan speed 3, connected through adapter plug, 15 min recording",2026-06-03 16:30:11
2026-06-03 11:00:17.335005+00:00,69.804,fan,alaina_plug4_tablefan_speed3_2026-06-03_S006,S006,speed_3,5.0,Alaina,plug_4,NW_P4_Alaina,P110,238.666,0.295,0.053,0.053,,on,-26,,"table fan speed 3, connected through adapter plug, 15 min recording",2026-06-03 16:30:17
2026-06-03 11:00:22.611965+00:00,70.07,fan,alaina_plug4_tablefan_speed3_2026-06-03_S006,S006,speed_3,5.0,Alaina,plug_4,NW_P4_Alaina,P110,239.347,0.296,0.053,0.053,,on,-23,,"table fan speed 3, connected through adapter plug, 15 min recording",2026-06-03 16:30:22
2026-06-03 11:00:27.888851+00:00,70.035,fan,alaina_plug4_tablefan_speed3_2026-06-03_S006,S006,speed_3,5.0,Alaina,plug_4,NW_P4_Alaina,P110,239.43,0.295,0.053,0.053,,on,-23,,"table fan speed 3, connected through adapter plug, 15 min recording",2026-06-03 16:30:27
2026-06-03 11:00:33.168138+00:00,69.734,fan,alaina_plug4_tablefan_speed3_2026-06-03_S006,S006,speed_3,5.0,Alaina,plug_4,NW_P4_Alaina,P110,239.416,0.294,0.053,0.053,,on,-25,,"table fan speed 3, connected through adapter plug, 15 min recording",2026-06-03 16:30:33
2026-06-03 11:00:38.455219+00:00,69.625,fan,alaina_plug4_tablefan_speed3_2026-06-03_S006,S006,speed_3,5.0,Alaina,plug_4,NW_P4_Alaina,P110,238.619,0.295,0.053,0.053,,on,-27,,"table fan speed 3, connected through adapter plug, 15 min recording",2026-06-03 16:30:38
2026-06-03 11:00:43.772087+00:00,69.513,fan,alaina_plug4_tablefan_speed3_2026-06-03_S006,S006,speed_3,5.0,Alaina,plug_4,NW_P4_Alaina,P110,238.21,0.295,0.053,0.053,,on,-27,,"table fan speed 3, connected through adapter plug, 15 min recording",2026-06-03 16:30:43
2026-06-03 11:00:49.036263+00:00,69.434,fan,alaina_plug4_tablefan_speed3_2026-06-03_S006,S006,speed_3,5.0,Alaina,plug_4,NW_P4_Alaina,P110,238.274,0.295,0.054,0.054,,on,-26,,"table fan speed 3, connected through adapter plug, 15 min recording",2026-06-03 16:30:49
2026-06-03 11:00:54.313281+00:00,69.312,fan,alaina_plug4_tablefan_speed3_2026-06-03_S006,S006,speed_3,5.0,Alaina,plug_4,NW_P4_Alaina,P110,238.021,0.294,0.054,0.054,,on,-28,,"table fan speed 3, connected through adapter plug, 15 min recording",2026-06-03 16:30:54
2026-06-03 11:00:59.628665+00:00,69.477,fan,alaina_plug4_tablefan_speed3_2026-06-03_S006,S006,speed_3,5.0,Alaina,plug_4,NW_P4_Alaina,P110,237.777,0.295,0.054,0.054,,on,-28,,"table fan speed 3, connected through adapter plug, 15 min recording",2026-06-03 16:30:59
2026-06-03 11:01:04.904691+00:00,69.323,fan,alaina_plug4_tablefan_speed3_2026-06-03_S006,S006,speed_3,5.0,Alaina,plug_4,NW_P4_Alaina,P110,238.041,0.295,0.054,0.054,,on,-25,,"table fan speed 3, connected through adapter plug, 15 min recording",2026-06-03 16:31:04
2026-06-03 11:01:10.219978+00:00,69.287,fan,alaina_plug4_tablefan_speed3_2026-06-03_S006,S006,speed_3,5.0,Alaina,plug_4,NW_P4_Alaina,P110,237.729,0.294,0.054,0.054,,on,-26,,"table fan speed 3, connected through adapter plug, 15 min recording",2026-06-03 16:31:10
2026-06-03 11:01:15.493792+00:00,69.186,fan,alaina_plug4_tablefan_speed3_2026-06-03_S006,S006,speed_3,5.0,Alaina,plug_4,NW_P4_Alaina,P110,237.477,0.294,0.054,0.054,,on,-26,,"table fan speed 3, connected through adapter plug, 15 min recording",2026-06-03 16:31:15
2026-06-03 11:01:20.757129+00:00,69.257,fan,alaina_plug4_tablefan_speed3_2026-06-03_S006,S006,speed_3,5.0,Alaina,plug_4,NW_P4_Alaina,P110,237.677,0.294,0.054,0.054,,on,-27,,"table fan speed 3, connected through adapter plug, 15 min recording",2026-06-03 16:31:20
2026-06-03 11:01:26.086858+00:00,69.429,fan,alaina_plug4_tablefan_speed3_2026-06-03_S006,S006,speed_3,5.0,Alaina,plug_4,NW_P4_Alaina,P110,238.046,0.295,0.054,0.054,,on,-27,,"table fan speed 3, connected through adapter plug, 15 min recording",2026-06-03 16:31:26
2026-06-03 11:01:31.358265+00:00,69.552,fan,alaina_plug4_tablefan_speed3_2026-06-03_S006,S006,speed_3,5.0,Alaina,plug_4,NW_P4_Alaina,P110,238.089,0.295,0.054,0.054,,on,-27,,"table fan speed 3, connected through adapter plug, 15 min recording",2026-06-03 16:31:31
2026-06-03 11:01:36.702993+00:00,69.352,fan,alaina_plug4_tablefan_speed3_2026-06-03_S006,S006,speed_3,5.0,Alaina,plug_4,NW_P4_Alaina,P110,237.771,0.294,0.054,0.054,,on,-26,,"table fan speed 3, connected through adapter plug, 15 min recording",2026-06-03 16:31:36
2026-06-03 11:01:41.989044+00:00,69.885,fan,alaina_plug4_tablefan_speed3_2026-06-03_S006,S006,speed_3,5.0,Alaina,plug_4,NW_P4_Alaina,P110,238.603,0.296,0.055,0.055,,on,-27,,"table fan speed 3, connected through adapter plug, 15 min recording",2026-06-03 16:31:41
2026-06-03 11:01:47.306815+00:00,69.688,fan,alaina_plug4_tablefan_speed3_2026-06-03_S006,S006,speed_3,5.0,Alaina,plug_4,NW_P4_Alaina,P110,238.487,0.295,0.055,0.055,,on,-26,,"table fan speed 3, connected through adapter plug, 15 min recording",2026-06-03 16:31:47
2026-06-03 11:01:52.584241+00:00,69.634,fan,alaina_plug4_tablefan_speed3_2026-06-03_S006,S006,speed_3,5.0,Alaina,plug_4,NW_P4_Alaina,P110,238.203,0.295,0.055,0.055,,on,-26,,"table fan speed 3, connected through adapter plug, 15 min recording",2026-06-03 16:31:52
2026-06-03 11:01:57.860000+00:00,69.436,fan,alaina_plug4_tablefan_speed3_2026-06-03_S006,S006,speed_3,5.0,Alaina,plug_4,NW_P4_Alaina,P110,238.549,0.294,0.055,0.055,,on,-25,,"table fan speed 3, connected through adapter plug, 15 min recording",2026-06-03 16:31:57
2026-06-03 11:02:03.150132+00:00,70.915,fan,alaina_plug4_tablefan_speed3_2026-06-03_S006,S006,speed_3,5.0,Alaina,plug_4,NW_P4_Alaina,P110,240.069,0.298,0.055,0.055,,on,-27,,"table fan speed 3, connected through adapter plug, 15 min recording",2026-06-03 16:32:03
2026-06-03 11:02:08.429742+00:00,70.837,fan,alaina_plug4_tablefan_speed3_2026-06-03_S006,S006,speed_3,5.0,Alaina,plug_4,NW_P4_Alaina,P110,240.596,0.297,0.055,0.055,,on,-27,,"table fan speed 3, connected through adapter plug, 15 min recording",2026-06-03 16:32:08
2026-06-03 11:02:13.714923+00:00,70.453,fan,alaina_plug4_tablefan_speed3_2026-06-03_S006,S006,speed_3,5.0,Alaina,plug_4,NW_P4_Alaina,P110,239.904,0.297,0.055,0.055,,on,-26,,"table fan speed 3, connected through adapter plug, 15 min recording",2026-06-03 16:32:13
2026-06-03 11:02:18.994854+00:00,70.399,fan,alaina_plug4_tablefan_speed3_2026-06-03_S006,S006,speed_3,5.0,Alaina,plug_4,NW_P4_Alaina,P110,240.055,0.296,0.055,0.055,,on,-25,,"table fan speed 3, connected through adapter plug, 15 min recording",2026-06-03 16:32:18
2026-06-03 11:02:24.250270+00:00,70.613,fan,alaina_plug4_tablefan_speed3_2026-06-03_S006,S006,speed_3,5.0,Alaina,plug_4,NW_P4_Alaina,P110,240.384,0.0,0.055,0.055,,on,-25,,"table fan speed 3, connected through adapter plug, 15 min recording",2026-06-03 16:32:24
2026-06-03 11:02:29.535410+00:00,0.0,fan,alaina_plug4_tablefan_speed3_2026-06-03_S006,S006,speed_3,5.0,Alaina,plug_4,NW_P4_Alaina,P110,241.174,0.0,0.055,0.055,,on,-22,,"table fan speed 3, connected through adapter plug, 15 min recording",2026-06-03 16:32:29
2026-06-03 11:02:34.810456+00:00,0.0,fan,alaina_plug4_tablefan_speed3_2026-06-03_S006,S006,speed_3,5.0,Alaina,plug_4,NW_P4_Alaina,P110,241.174,0.0,0.055,0.055,,on,-23,,"table fan speed 3, connected through adapter plug, 15 min recording",2026-06-03 16:32:34
2026-06-03 11:02:40.077510+00:00,0.0,fan,alaina_plug4_tablefan_speed3_2026-06-03_S006,S006,speed_3,5.0,Alaina,plug_4,NW_P4_Alaina,P110,240.83,0.0,0.055,0.055,,on,-23,,"table fan speed 3, connected through adapter plug, 15 min recording",2026-06-03 16:32:40
2026-06-03 11:02:45.362292+00:00,0.0,fan,alaina_plug4_tablefan_speed3_2026-06-03_S006,S006,speed_3,5.0,Alaina,plug_4,NW_P4_Alaina,P110,240.83,0.0,0.055,0.055,,on,-26,,"table fan speed 3, connected through adapter plug, 15 min recording",2026-06-03 16:32:45
2026-06-03 11:02:50.663612+00:00,0.0,fan,alaina_plug4_tablefan_speed3_2026-06-03_S006,S006,speed_3,5.0,Alaina,plug_4,NW_P4_Alaina,P110,240.83,0.0,0.055,0.055,,on,-24,,"table fan speed 3, connected through adapter plug, 15 min recording",2026-06-03 16:32:50
2026-06-03 11:02:55.931787+00:00,0.0,fan,alaina_plug4_tablefan_speed3_2026-06-03_S006,S006,speed_3,5.0,Alaina,plug_4,NW_P4_Alaina,P110,240.777,0.0,0.055,0.055,,on,-23,,"table fan speed 3, connected through adapter plug, 15 min recording",2026-06-03 16:32:55
2026-06-03 11:03:01.278324+00:00,0.0,fan,alaina_plug4_tablefan_speed3_2026-06-03_S006,S006,speed_3,5.0,Alaina,plug_4,NW_P4_Alaina,P110,240.777,0.0,0.055,0.055,,on,-23,,"table fan speed 3, connected through adapter plug, 15 min recording",2026-06-03 16:33:01
